,Category,Attribute,2000_Bayview Hunters Point,2010_Bayview Hunters Point,2011_Bayview Hunters Point,2012_Bayview Hunters Point,2013_Bayview Hunters Point,2014_Bayview Hunters Point,2015_Bayview Hunters Point,2016_Bayview Hunters Point,2017_Bayview Hunters Point,2018_Bayview Hunters Point,2019_Bayview Hunters Point,2020_Bayview Hunters Point,2021_Bayview Hunters Point,2022_Bayview Hunters Point,2023_Bayview Hunters Point,2024_Bayview Hunters Point
227,Affordability,# Units at or below 100 AMI Monthly Affordable Rent,4287.0,5009.0,5309.0,5385.0,5316.0,5365.0,4975.0,4831.0,4852.0,6351.0,4929.0,8577.0,4599.0,4777.0,4326.0,4544
218,Affordability,# Units at or below 30 AMI Monthly Affordable Rent,3294.0,2660.0,2744.0,2891.0,3415.0,3363.0,3314.0,3111.0,3070.0,3987.0,3562.0,6528.0,3272.0,3112.0,3186.0,3368
221,Affordability,# Units at or below 50 AMI Monthly Affordable Rent,4052.0,3698.0,3778.0,4472.0,4442.0,4321.0,4239.0,4030.0,3949.0,5459.0,4375.0,8577.0,4281.0,4582.0,4326.0,4544
224,Affordability,# Units at or below 80 AMI Monthly Affordable Rent,4287.0,4851.0,5309.0,5385.0,5316.0,5365.0,4818.0,4831.0,4852.0,6351.0,4929.0,8577.0,4599.0,4777.0,4326.0,4544
225,Affordability,100 AMI Annual Income,38357.954545454544,44150.67178502879,47487.59305210918,48278.58880778589,51633.72859025033,51378.84872824632,52444.75138121547,55543.328748280604,57530.769230769234,63035.11705685619,64141.58043273754,112795.27559055116,68862.10762331838,78095.94251901945,84115.08704061895,84015.98401598402
226,Affordability,100 AMI Monthly Affordable Rent,3196.496212121212,3679.222648752399,3957.2994210090983,4023.2157339821574,4302.810715854194,4281.57072735386,4370.395948434622,4628.610729023384,4794.2307692307695,5252.9264214046825,5345.131702728128,9399.606299212597,5738.508968609865,6507.995209918287,7009.5905867182455,7001.332001332002
216,Affordability,30 AMI Annual Income,11507.386363636362,13245.201535508637,14246.277915632754,14483.576642335767,15490.118577075098,15413.654618473895,15733.425414364641,16662.998624484182,17259.23076923077,18910.535117056854,19242.47412982126,33838.582677165345,20658.632286995515,23428.782755705834,25234.526112185686,25204.795204795206
217,Affordability,30 AMI Monthly Affordable Rent,958.9488636363635,1103.7667946257197,1187.1898263027294,1206.9647201946473,1290.8432147562582,1284.4712182061578,1311.1187845303868,1388.5832187070152,1438.2692307692307,1575.8779264214045,1603.5395108184384,2819.881889763779,1721.5526905829595,1952.3985629754861,2102.8771760154737,2100.3996003996003
219,Affordability,50 AMI Annual Income,19178.977272727272,22075.335892514395,23743.79652605459,24139.294403892945,25816.864295125164,25689.42436412316,26222.375690607736,27771.664374140302,28765.384615384617,31517.558528428093,32070.79021636877,56397.63779527558,34431.05381165919,39047.97125950972,42057.543520309475,42007.99200799201
220,Affordability,50 AMI Monthly Affordable Rent,1598.248106060606,1839.6113243761995,1978.6497105045491,2011.6078669910787,2151.405357927097,2140.78536367693,2185.197974217311,2314.305364511692,2397.1153846153848,2626.4632107023413,2672.565851364064,4699.803149606299,2869.2544843049327,3253.9976049591437,3504.7952933591228,3500.666000666001
222,Affordability,80 AMI Annual Income,30686.363636363636,35320.53742802303,37990.07444168734,38622.87104622871,41306.982872200264,41103.07898259706,41955.80110497238,44434.66299862449,46024.61538461539,50428.09364548495,51313.26434619003,90236.22047244094,55089.68609865471,62476.754015215556,67292.06963249516,67212.78721278723
223,Affordability,80 AMI Monthly Affordable Rent,2557.1969696969695,2943.3781190019195,3165.8395368072784,3218.572587185726,3442.248572683355,3425.256581883088,3496.3167587476983,3702.8885832187075,3835.3846153846157,4202.341137123746,4276.105362182502,7519.685039370078,4590.807174887893,5206.396167934629,5607.672469374596,5601.065601065602
0,Age,0-2 Years,0.4891341842014488,0.5055608516047029,0.5138605194047272,0.499333866240341,0.4839527027027027,0.4842463809253477,0.4395839706332212,0.4405743965780629,0.4535078885532058,0.4684385382059801,0.5160328113348247,0.5467998520162782,0.5275849470222872,0.5064080360235539,0.5210084033613446,0.5014204545454546
1,Age,0-4 Years,0.0679306264969843,0.077689419694327,0.0815722131171109,0.0899543893237231,0.0818030958404744,0.0825426944971537,0.0720510852883139,0.0705314271763014,0.0640244727794472,0.0513938021791424,0.0577162330286147,0.0518359119633907,0.06078395240477,0.0605773174733388,0.0486074756569992,0.0481097747284797
2,Age,18-34 Years,0.2373820448446022,0.2515446241168297,0.2586043301992581,0.255926572442142,0.2510133572730488,0.2519110870154513,0.2450668713001534,0.2502780565879066,0.2478139635615474,0.2860902787604358,0.2326229242170173,0.2975321420788843,0.2272619580382762,0.2286966776045939,0.2077792901266883,0.1997444515430127
3,Age,3-5 Years,0.5108658157985512,0.4944391483952971,0.4861394805952728,0.500666133759659,0.5160472972972973,0.5157536190746523,0.5604160293667788,0.559425603421937,0.5464921114467942,0.53156146179402,0.4839671886651752,0.4532001479837217,0.4724150529777128,0.4935919639764461,0.4789915966386555,0.4985795454545454
4,Age,35-59 Years,0.3154705220327244,0.3327519437136015,0.3359786077805572,0.3334365673742891,0.3384205228651487,0.3245052859853619,0.3377000657750493,0.3262621056343759,0.323100246352094,0.3302108391113627,0.334316005841943,0.3279309217694486,0.3321399426119462,0.3334187858900738,0.3436551146476809,0.3570456376211772
5,Age,5-17 Years,0.2299368020084841,0.1848523368906494,0.1792748497656631,0.1744749141280477,0.174841535406295,0.174329086473299,0.1888292041219031,0.1820524645308303,0.1789978071956468,0.1341729163718692,0.1655487639963217,0.0946284593593375,0.1596598836444046,0.160890073831009,0.1760286880954873,0.1741896058442821
6,Age,60 and older,0.1492800046172048,0.1531616755845921,0.1445699991374105,0.1462075567317979,0.153921488615033,0.166711846028734,0.1563527735145801,0.1708759460705856,0.1860635101112645,0.1981321635771897,0.2097960729161032,0.2280725648289387,0.2201542633006028,0.2164171452009844,0.2239294314731441,0.2209105302630482
7,Age,Under 18 Years,10322.0,8881.0,9068.0,9385.0,9426.0,9467.0,9508.0,9297.0,8964.0,8532.0,8240.0,7940.0,8364.0,8633.0,8578.0,8001.0
8,Age,Under 6 Years,2899.0,3147.0,3427.0,3753.0,3552.0,3523.0,3269.0,3273.0,2979.0,2709.0,2682.0,2703.0,2737.0,2887.0,2380.0,2112.0
228,Educational Attainment,College Degree or higher,0.1160244972754014,0.1713463262705865,0.18276020174232,0.2000808589012173,0.2128683610571645,0.2228143213988343,0.2349264552689695,0.2457011382901429,0.2583386025924755,0.3524989287522885,0.2621351825040006,0.636584434960619,0.2650629328964027,0.2563479396401625,0.2665191740412979,0.2647523501066435
229,Educational Attainment,High School or Less,0.6015817138448184,0.5346137511207588,0.5381934892251261,0.5212703831813486,0.5078949590475387,0.4991257285595337,0.5000208342014251,0.4876887059013481,0.4847850142269997,0.4052043161544155,0.475805837079936,0.1906942854168835,0.4644000893721606,0.4717426001160766,0.4783923303834808,0.4683229323011296
230,Educational Attainment,Some College/Associate Degree,0.2823937888797801,0.2940399226086546,0.2790463090325539,0.2786487579174341,0.2792366798952968,0.278059950041632,0.2650527105296054,0.2666101558085089,0.2568763831805248,0.2422967550932959,0.2620589804160634,0.1727212796224974,0.2705369777314366,0.2719094602437609,0.2550884955752212,0.2669247175922268
9,Employment,"6-17, Living with One Parent",2964.0,2796.0,2932.0,2971.0,3122.0,3257.0,3072.0,3000.0,3145.0,2886.0,2739.0,2420.0,2498.0,2342.0,2654.0,2286.0
10,Employment,"6-17, Living with One Parent, Parent Not in Labor Force",0.3694331983805668,0.2843347639484979,0.2735334242837653,0.2972063278357455,0.2671364509929532,0.2425544980042984,0.283203125,0.231,0.2130365659777424,0.1891891891891892,0.1712303760496531,0.1479338842975206,0.1413130504403522,0.2147736976942784,0.2358703843255463,0.2152230971128609
11,Employment,"6-17, Living with One Parent, Parent in Labor Force",0.6305668016194332,0.7156652360515021,0.7264665757162346,0.7027936721642545,0.7328635490070468,0.7574455019957016,0.716796875,0.769,0.7869634340222575,0.8108108108108109,0.8287696239503468,0.8520661157024794,0.8586869495596477,0.7852263023057217,0.7641296156744537,0.7847769028871391
12,Employment,"6-17, Living with Two Parents",3361.0,2529.0,2350.0,2328.0,2401.0,2290.0,2707.0,2666.0,2534.0,2581.0,2447.0,2393.0,2453.0,2843.0,3046.0,3007.0
13,Employment,"6-17, Living with Two Parents, One Parent in Labor Force",0.3311514430229098,0.2957690786872281,0.3131914893617021,0.3049828178694158,0.2628071636817992,0.2318777292576419,0.2327299593646102,0.2588147036759189,0.265982636148382,0.2661759008136381,0.303228442991418,0.2661930631007104,0.2890338361190379,0.318325712275765,0.3525935653315824,0.2507482540738277
14,Employment,"6-17, Living with Two Parents, Parents Not in Labor Force",0.2136268967569176,0.0086990905496243,0.0042553191489361,0.0017182130584192,0.0037484381507705,0.0034934497816593,0.0066494274104174,0.0033758439609902,0.0039463299131807,0.0019372336303758,0.0024519820187985,0.002507312996239,0.0020383204239706,0.004220893422441,0.0065659881812212,0.0186232125041569
15,Employment,"6-17, Living with Two Parents, Parents in Labor Force",0.4552216602201726,0.6955318307631475,0.6825531914893617,0.6932989690721649,0.7334443981674302,0.7646288209606987,0.7606206132249723,0.7378094523630908,0.7300710339384373,0.731886865555986,0.6943195749897834,0.7312996239030506,0.7089278434569914,0.6774533943017939,0.6408404464871963,0.7306285334220153
231,Employment,Employed Residents,12167.0,14160.0,14640.0,14705.0,15808.0,16048.0,16526.0,17057.0,17224.0,17940.0,17977.0,22100.0,17285.0,17966.0,17352.0,16337.0
232,Employment,Managerial Professional,0.2367058436755157,0.2236581920903954,0.2511612021857923,0.257599455967358,0.2665106275303643,0.2628364905284147,0.2643712937189882,0.277070997244533,0.2792034370645611,0.3729654403567447,0.3008288368470824,0.586289592760181,0.3358403239803297,0.3316820661249026,0.3521784232365145,0.3591234620799412
233,Employment,Natural Resources,0.0766006410783266,0.1213983050847457,0.0961748633879781,0.0958177490649438,0.1010247975708502,0.0840603190428713,0.0901004477792569,0.0976138828633405,0.0920227589410125,0.0559643255295429,0.0795460866662958,0.0250226244343891,0.0669366502748047,0.0630079038183235,0.0583218072844628,0.0686172491889575
234,Employment,Production Transport Materials,0.1779403304019068,0.1365819209039548,0.1418032786885246,0.149336960217613,0.1360070850202429,0.1473703888334995,0.1311267094275686,0.1217681890133083,0.1236646539712029,0.1198439241917502,0.1405685041998108,0.0541628959276018,0.11293028637547,0.1132138483802738,0.1153181189488243,0.1004468384648344
235,Employment,Sales and Office,0.276978712911975,0.2406779661016949,0.2371584699453552,0.2330499829989799,0.2246963562753036,0.2356056829511465,0.2576546048650611,0.2451193058568329,0.2433232698560148,0.2029542920847268,0.2092673972297936,0.1860633484162896,0.2015620480185131,0.2048313481019704,0.2002650991240203,0.20615780130991
236,Employment,Services,0.2304594394674118,0.277683615819209,0.2737021857923497,0.264195851751105,0.2717611336032389,0.2701271186440678,0.256746944209125,0.2584276250219851,0.2617858801672085,0.2482720178372352,0.2697891750570173,0.1484615384615384,0.2827306913508822,0.2872648335745296,0.273916551406178,0.2656546489563567
16,Employment,"Under 6 Years, Living with One Parent",1237.0,1354.0,1565.0,1908.0,2003.0,1985.0,1744.0,1891.0,1637.0,1487.0,1366.0,1494.0,1364.0,1428.0,1120.0,935.0
17,Employment,"Under 6 Years, Living with One Parent, Parent Not in Labor Force",0.3152789005658852,0.3382570162481536,0.2984025559105431,0.240041928721174,0.1587618572141787,0.1360201511335012,0.1410550458715596,0.1094658910629296,0.1490531459987782,0.1936785474108944,0.267203513909224,0.4377510040160642,0.4054252199413489,0.392156862745098,0.3919642857142857,0.4374331550802139
18,Employment,"Under 6 Years, Living with One Parent, Parent in Labor Force",0.6847210994341147,0.6617429837518464,0.7015974440894569,0.759958071278826,0.8412381427858213,0.8639798488664987,0.8589449541284404,0.8905341089370703,0.8509468540012217,0.8063214525891056,0.732796486090776,0.5622489959839357,0.594574780058651,0.6078431372549019,0.6080357142857142,0.5625668449197861
19,Employment,"Under 6 Years, Living with Two Parents",1261.0,1567.0,1581.0,1534.0,1389.0,1377.0,1325.0,1167.0,1141.0,964.0,1021.0,957.0,966.0,1168.0,1147.0,1050.0
20,Employment,"Under 6 Years, Living with Two Parents, One Parent in Labor Force",0.3560666137985726,0.6368857689853222,0.5313092979127134,0.5730117340286832,0.4197264218862491,0.4676833696441539,0.4196226415094339,0.4121679520137103,0.4198071866783523,0.4221991701244813,0.3192948090107737,0.3207941483803553,0.3799171842650103,0.2996575342465753,0.2737576285963383,0.2619047619047619
21,Employment,"Under 6 Years, Living with Two Parents, Parents Not in Labor Force",0.1792228390166534,0.0,0.0,0.0,0.0,0.0021786492374727,0.0030188679245283,0.0059982862039417,0.0052585451358457,0.0062240663900414,0.0,0.0,0.0662525879917184,0.0676369863013698,0.0985178727114211,0.0952380952380952
22,Employment,"Under 6 Years, Living with Two Parents, Parents in Labor Force",0.464710547184774,0.3631142310146777,0.4686907020872865,0.4269882659713168,0.5802735781137509,0.5301379811183733,0.5773584905660377,0.5818337617823479,0.574934268185802,0.5715767634854771,0.6807051909892262,0.6792058516196448,0.5538302277432712,0.6327054794520548,0.6277244986922407,0.6428571428571429
237,Employment,Unemployment Rate,0.095121225643314,0.1322997732704209,0.1399870763085237,0.1649156681242546,0.1585670942673125,0.1393328327791483,0.1233356320619595,0.1172695751177353,0.1023129818712231,0.0853807727597104,0.0724040195825818,0.039163696427019,0.0920679886685552,0.0894259512590566,0.1014635155401561,0.1136474543187117
23,Employment,Worked in place of residence,0.7507082152974505,0.7385442758214233,0.7644571838050878,0.7537838413984225,0.7545811518324608,0.7435502502887947,0.7597179759156424,0.7551373954599762,0.7618793695935537,0.7542959427207637,0.7594915060996466,0.7716422203048605,0.777035490605428,0.7843776824034335,0.7837502950200613,0.787949674400961
24,Employment,Worked outside place of residence,0.2492917847025495,0.2614557241785767,0.2355428161949122,0.2462161586015775,0.2454188481675392,0.2564497497112052,0.2402820240843576,0.2448626045400239,0.2381206304064462,0.2457040572792362,0.2405084939003534,0.2283577796951394,0.222964509394572,0.2156223175965665,0.2162497049799386,0.212050325599039
25,Households,Average Family Household Size,4.208216619981326,4.167188990325657,4.113123359580053,4.151697915300905,4.185688638112336,4.186179689488419,4.092091836734694,4.0559889280322095,4.072651198174211,3.802823179791976,3.94846394984326,3.05338625016003,4.121138934790899,4.097868217054264,3.966555582004285,3.8166687214893353
26,Households,Average Household Size,3.563828684019496,3.397990959316926,3.413483367880762,3.39767150966997,3.429442672171139,3.4321542204753883,3.338641384388807,3.338283527696793,3.3341505493507677,2.8838759292489105,3.199442848437364,2.335942512511228,3.328692280578076,3.327750579747488,3.287655817174515,3.1236043265875786
27,Households,Family Households,0.7774551488126101,0.7372174786539427,0.7521468759253775,0.7338593283941114,0.7316569712891724,0.735354669661239,0.7216494845360825,0.7241253644314869,0.7161536366112776,0.5750662223361531,0.6942630800034822,0.501154882586937,0.6932499118787452,0.709095593919093,0.7273199445983379,0.7075191905094208
28,Households,Households,9643.0,9955.0,10131.0,10393.0,10658.0,10686.0,10864.0,10976.0,11013.0,11703.0,11487.0,15586.0,11348.0,11643.0,11552.0,11464.0
29,Households,"Households with 60 years and older, % of Total (DEC, 65 years and older)",0.4049569636005392,0.3670517327975891,0.3469548909288323,0.3561050707206774,0.3614186526552824,0.389294403892944,0.3630338733431517,0.3941326530612244,0.4182329973667484,0.4215158506365889,0.4507704361452076,0.3826510971384576,0.4870461755375396,0.4805462509662458,0.4995671745152354,0.4843859036985345
30,Households,"Households with Children, % of Total",0.4081717307891735,0.4435961828227021,0.4376665679597276,0.4252862503608198,0.4144304747607431,0.4080104810031817,0.400220913107511,0.3904883381924198,0.375283755561609,0.2825771169785525,0.3570993296770262,0.2149364814577184,0.3529256256609094,0.3615906553293824,0.3850415512465374,0.378314724354501
31,Households,Living in Group Quarters,287.0,0.0,0.0,1359.0,1349.0,1346.0,1615.0,1463.0,1441.0,2474.0,222.0,304.0,213.0,263.0,225.0,192.0
32,Households,Non-Family Households,0.2225448511873898,0.2627825213460573,0.2478531240746224,0.2661406716058885,0.2683430287108275,0.264645330338761,0.2783505154639175,0.2758746355685131,0.2838463633887224,0.4249337776638469,0.3057369199965178,0.498845117413063,0.3067500881212548,0.290904406080907,0.272680055401662,0.2924808094905792
33,Households,"Single Person Households, % of Total",0.1709011718344913,0.2272225012556504,0.2086664692527884,0.2211103627441547,0.2139238130981422,0.209526483249111,0.2158505154639175,0.2051749271137026,0.2135657858894034,0.2998376484662052,0.227387481500827,0.3224047221865777,0.2264716249559393,0.2246843597011079,0.2068040166204986,0.2292393579902303
34,Housing,Median Year Moved In Owner,1986.7621145374449,1993.857504215852,1995.2661934338955,1995.8238884045336,1996.6096169519155,2000.4683840749412,1999.8739193083568,1999.7565406976744,2009.2308673469388,2000.42578125,2006.8567708333333,1996.56368221942,2005.6621983914208,2004.8476343223736,2006.7865612648225,2007.9718417047184
35,Housing,Median Year Moved In Renter,1995.166018158236,2004.0210711150128,2001.1277511961723,2003.77467878408,2004.4622507122508,2010.19738317757,2006.8044019933557,2007.987721691678,2010.8077309236949,2010.083069620253,2013.7513487003432,2012.0721446473328,2012.8875236294896,2012.2954038375728,2012.8101140307388,2013.2753623188405
36,Housing,Median Year Structure Built,1954.8269774011296,1952.3816355810616,1956.8056312443236,1954.0529141104291,1954.41400304414,1960.3795454545452,1957.6769911504423,1957.6574394463669,1959.2014162077105,1949.7463768115945,1960.9160305343512,1939.0,1965.1680244399183,1965.5016357688116,1963.0427046263344,1967.72602739726
37,Housing,"Overcrowding, Renter Occupied Housing",0.2305309734513274,0.1190760653126244,0.1111320399321906,0.1297357235261504,0.1191275167785234,0.137345394129592,0.0942232192933258,0.0841157309829469,0.0784350784350784,0.098062243100411,0.0826627651792245,0.0590655304143402,0.1254387585442453,0.1510881198715661,0.1447201593914146,0.1223529411764706
38,Housing,Owner Occupied,0.5334434351775392,0.4955298844801607,0.4759648603296811,0.479361108438372,0.4967160818164758,0.493075051469212,0.507639911634757,0.5245080174927114,0.5195677835285571,0.417927027257968,0.5239836336728476,0.3449890927755678,0.5229996475149806,0.5185089753499957,0.5220740997229917,0.5180565247732031
39,Housing,Post 1979 All and Pre 1979 Single Family Renter Occupied by Year Structure Built by Units in Structure,2367.0,4393.0,4380.0,4338.0,4123.0,4071.0,3390.0,3381.0,3556.0,2947.0,3715.0,2315.0,3812.0,3753.0,3852.0,3906.0
40,Housing,Pre 1980 MultiFamily Renter Occupied by Year Structure Built by Units in Structure,2139.0,405.0,464.0,506.0,511.0,362.0,1945.0,1822.0,1721.0,3865.0,1753.0,7894.0,1565.0,1779.0,1598.0,1537.0
41,Housing,Renter Occupied,0.4665565648224608,0.5044701155198392,0.5240351396703188,0.520638891561628,0.5032839181835241,0.506924948530788,0.492360088365243,0.4754919825072886,0.4804322164714428,0.582072972742032,0.4760163663271524,0.6550109072244322,0.4770003524850194,0.4814910246500043,0.4779259002770083,0.4819434752267969
42,Housing,Total Number of Units,9963.0,11014.0,11192.0,11361.0,11482.0,11601.0,11690.0,11683.0,11793.0,12974.0,12118.0,16805.0,12285.0,12445.0,12431.0,12234.0
43,Housing,Total Vacant Units,275.0,1059.0,1061.0,968.0,824.0,915.0,826.0,707.0,780.0,1271.0,631.0,1219.0,937.0,802.0,879.0,770.0
44,Housing,Vacancy Rate,0.0276021278731305,0.0961503540947884,0.0947998570407433,0.0852037672740075,0.0717645009580212,0.0788725109904318,0.0706586826347305,0.060515278609946,0.0661409310607987,0.0979651610914136,0.0520712988942069,0.0725379351383516,0.0762718762718762,0.0644435516271595,0.0707103209717641,0.0629393493542586
45,Housing Prices,Contract Rent 100 to 149,301.0,298.0,273.0,232.0,144.0,118.0,128.0,60.0,102.0,66.0,184.0,9.0,223.0,145.0,177.0,215.0
46,Housing Prices,Contract Rent 1000 to 1249,280.0,678.0,580.0,675.0,557.0,550.0,541.0,567.0,540.0,692.0,656.0,673.0,584.0,771.0,552.0,548.0
47,Housing Prices,Contract Rent 1250 to 1499,132.0,369.0,393.0,313.0,319.0,291.0,257.0,293.0,291.0,554.0,461.0,1050.0,424.0,291.0,185.0,164.0
48,Housing Prices,Contract Rent 150 to 199,466.0,154.0,136.0,219.0,266.0,246.0,262.0,197.0,207.0,191.0,187.0,58.0,207.0,192.0,190.0,183.0
49,Housing Prices,Contract Rent 1500 to 1999,127.0,450.0,624.0,541.0,582.0,536.0,583.0,572.0,563.0,701.0,609.0,1576.0,659.0,791.0,602.0,772.0
50,Housing Prices,Contract Rent 200 to 249,223.0,297.0,284.0,281.0,236.0,224.0,246.0,308.0,294.0,341.0,322.0,89.0,257.0,292.0,192.0,178.0
51,Housing Prices,"Contract Rent 2000 to 2499 (Contract Rent 2000 or more, DEC2000 and ACS2009-2014)",17.0,522.0,568.0,644.0,620.0,756.0,314.0,278.0,198.0,626.0,122.0,1802.0,265.0,523.0,637.0,573.0
52,Housing Prices,Contract Rent 250 to 299,115.0,183.0,170.0,217.0,131.0,156.0,200.0,162.0,149.0,330.0,236.0,311.0,166.0,50.0,96.0,107.0
53,Housing Prices,Contract Rent 2500 to 2999 (ACS2015-),,158.0,135.0,107.0,116.0,181.0,186.0,237.0,254.0,600.0,270.0,729.0,166.0,164.0,165.0,198.0
54,Housing Prices,Contract Rent 300 to 349,242.0,169.0,247.0,180.0,171.0,232.0,206.0,190.0,187.0,171.0,124.0,58.0,145.0,274.0,210.0,139.0
55,Housing Prices,Contract Rent 3000 to 3499 (ACS2015-),,0.0,0.0,0.0,0.0,0.0,113.0,183.0,331.0,345.0,332.0,818.0,265.0,126.0,213.0,196.0
56,Housing Prices,Contract Rent 350 to 399,381.0,111.0,142.0,99.0,132.0,140.0,140.0,150.0,161.0,236.0,153.0,76.0,117.0,70.0,92.0,238.0
57,Housing Prices,Contract Rent 3500 or more (ACS2015-),,0.0,0.0,0.0,0.0,0.0,90.0,89.0,116.0,148.0,277.0,1191.0,457.0,545.0,673.0,519.0
58,Housing Prices,Contract Rent 400 to 449,125.0,111.0,132.0,145.0,223.0,230.0,253.0,268.0,291.0,233.0,130.0,135.0,41.0,58.0,222.0,200.0
59,Housing Prices,Contract Rent 500 to 549,88.0,229.0,146.0,184.0,146.0,122.0,28.0,27.0,63.0,119.0,84.0,51.0,109.0,64.0,61.0,59.0
60,Housing Prices,Contract Rent 550 to 599,271.0,303.0,348.0,379.0,336.0,226.0,244.0,204.0,207.0,192.0,229.0,37.0,70.0,42.0,90.0,93.0
61,Housing Prices,Contract Rent 600 to 649,159.0,67.0,33.0,21.0,97.0,89.0,72.0,97.0,81.0,52.0,171.0,162.0,129.0,78.0,37.0,13.0
62,Housing Prices,Contract Rent 650 to 699,290.0,129.0,102.0,141.0,118.0,96.0,88.0,84.0,100.0,97.0,30.0,46.0,134.0,139.0,0.0,14.0
63,Housing Prices,Contract Rent 700 to 749,217.0,21.0,118.0,93.0,120.0,103.0,78.0,91.0,74.0,75.0,40.0,72.0,164.0,135.0,106.0,80.0
64,Housing Prices,Contract Rent 750 to 749,187.0,82.0,75.0,141.0,87.0,105.0,86.0,64.0,31.0,129.0,100.0,171.0,57.0,113.0,87.0,53.0
65,Housing Prices,Contract Rent 750 to 799,108.0,160.0,65.0,69.0,77.0,107.0,106.0,109.0,101.0,98.0,52.0,41.0,51.0,88.0,214.0,153.0
66,Housing Prices,Contract Rent 800 to 899,185.0,212.0,417.0,275.0,316.0,384.0,375.0,274.0,336.0,277.0,288.0,258.0,196.0,40.0,73.0,91.0
67,Housing Prices,Contract Rent 900 to 999,152.0,157.0,194.0,227.0,282.0,248.0,235.0,234.0,166.0,206.0,88.0,442.0,192.0,202.0,98.0,234.0
68,Housing Prices,Contract Rent Less than 100,362.0,162.0,127.0,228.0,288.0,277.0,302.0,262.0,200.0,129.0,169.0,34.0,129.0,171.0,217.0,190.0
69,Housing Prices,Contract Rent Total,4497.0,5022.0,5309.0,5411.0,5364.0,5417.0,5349.0,5219.0,5291.0,6812.0,5468.0,10209.0,5413.0,5606.0,5521.0,5525.0
70,Housing Prices,Contract Rent Total No cash Rent (ACS2015-),69.0,0.0,0.0,0.0,0.0,0.0,216.0,219.0,248.0,204.0,154.0,320.0,206.0,242.0,332.0,315.0
71,Housing Prices,"Contract Rent Total No cash Rent (No cash rent, DEC2000 and ACS2009-2014)",69.0,158.0,135.0,107.0,116.0,181.0,186.0,237.0,254.0,600.0,270.0,729.0,166.0,164.0,165.0,198.0
72,Housing Prices,Contract Rent Total With cash Rent,4428.0,4864.0,5174.0,5304.0,5248.0,5236.0,5133.0,5000.0,5043.0,6608.0,5314.0,9889.0,5207.0,5364.0,5189.0,5210.0
73,Housing Prices,Extremely Rent Burdened,0.2152546141872359,0.3395061728395062,0.2962893200226031,0.2890408427277767,0.2492542878448918,0.265091378992062,0.2671527388296878,0.2816631538608929,0.274995274995275,0.2579271873165003,0.2494513533284564,0.1276324811440885,0.2493995935710327,0.2627541919372101,0.2655316065930085,0.2939366515837104
74,Housing Prices,Home Value 10000 to 14999 ,9.0,0.0,0.0,0.0,0.0,0.0,0.0,0.0,0.0,0.0,0.0,0.0,63.0,79.0,78.0,82.0
75,Housing Prices,Home Value 100000 to 124999,52.0,122.0,126.0,124.0,110.0,83.0,34.0,45.0,47.0,45.0,58.0,32.0,26.0,44.0,54.0,28.0
76,Housing Prices,"Home Value 1000000 to 1499999 (1000000 or more, DEC2000 and ACS2009-2014)",117.0,165.0,155.0,172.0,62.0,126.0,108.0,139.0,224.0,936.0,813.0,1672.0,1454.0,2622.0,2942.0,2953.0
77,Housing Prices,Home Value 125000 to 149999,118.0,29.0,21.0,17.0,12.0,19.0,10.0,9.0,0.0,0.0,0.0,13.0,8.0,4.0,75.0,85.0
78,Housing Prices,Home Value 15000 to 19999 ,24.0,0.0,0.0,0.0,0.0,0.0,0.0,0.0,0.0,0.0,0.0,0.0,0.0,0.0,0.0,0.0
79,Housing Prices,Home Value 150000 to 174999,334.0,78.0,48.0,51.0,56.0,26.0,10.0,12.0,12.0,0.0,0.0,21.0,9.0,10.0,9.0,20.0
80,Housing Prices,Home Value 1500000 to 1999999 (ACS2015-),,0.0,0.0,0.0,0.0,0.0,10.0,5.0,13.0,388.0,181.0,1250.0,293.0,378.0,312.0,226.0
81,Housing Prices,Home Value 175000 to 199999,389.0,31.0,21.0,32.0,31.0,33.0,31.0,29.0,12.0,14.0,17.0,0.0,0.0,0.0,13.0,13.0
82,Housing Prices,Home Value 20000 to 24999 ,101.0,16.0,9.0,0.0,0.0,0.0,0.0,0.0,0.0,0.0,0.0,0.0,0.0,0.0,0.0,0.0
83,Housing Prices,Home Value 200000 to 249999,1064.0,126.0,145.0,141.0,128.0,104.0,82.0,55.0,37.0,15.0,44.0,26.0,10.0,23.0,63.0,70.0
84,Housing Prices,Home Value 2000000 or more (ACS2015-),,0.0,0.0,0.0,0.0,0.0,71.0,78.0,70.0,196.0,135.0,1016.0,136.0,149.0,173.0,143.0
85,Housing Prices,Home Value 25000 to 29999 ,114.0,10.0,15.0,0.0,0.0,0.0,0.0,0.0,0.0,0.0,0.0,0.0,0.0,0.0,0.0,0.0
86,Housing Prices,Home Value 250000 to 299999,1127.0,142.0,183.0,275.0,322.0,333.0,301.0,215.0,148.0,94.0,66.0,33.0,54.0,20.0,38.0,45.0
87,Housing Prices,Home Value 30000 to 34999 ,68.0,0.0,10.0,8.0,8.0,13.0,13.0,7.0,8.0,9.0,0.0,0.0,0.0,0.0,0.0,0.0
88,Housing Prices,Home Value 300000 to 399999,1109.0,337.0,585.0,762.0,880.0,864.0,751.0,577.0,297.0,192.0,165.0,59.0,200.0,237.0,114.0,168.0
89,Housing Prices,Home Value 35000 to 39999 ,34.0,10.0,10.0,20.0,19.0,16.0,14.0,22.0,17.0,14.0,9.0,0.0,0.0,0.0,0.0,0.0
90,Housing Prices,Home Value 40000 to 49999 ,41.0,0.0,9.0,23.0,31.0,34.0,25.0,25.0,9.0,13.0,14.0,0.0,20.0,7.0,0.0,0.0
91,Housing Prices,Home Value 400000 to 499999,268.0,653.0,776.0,1020.0,1267.0,1292.0,1265.0,1035.0,769.0,312.0,336.0,29.0,155.0,109.0,65.0,98.0
92,Housing Prices,Home Value 50000 to 59999 ,13.0,25.0,29.0,15.0,16.0,11.0,2.0,5.0,5.0,6.0,17.0,0.0,11.0,12.0,8.0,0.0
93,Housing Prices,Home Value 500000 to 749999,65.0,2521.0,2114.0,1819.0,1850.0,1852.0,2221.0,2629.0,2754.0,1418.0,2194.0,484.0,1218.0,622.0,655.0,579.0
94,Housing Prices,Home Value 60000 to 69999 ,8.0,37.0,37.0,33.0,28.0,10.0,10.0,16.0,9.0,10.0,11.0,0.0,0.0,0.0,0.0,0.0
95,Housing Prices,Home Value 70000 to 79999 ,12.0,18.0,17.0,0.0,0.0,19.0,23.0,29.0,25.0,17.0,8.0,0.0,0.0,0.0,0.0,0.0
96,Housing Prices,Home Value 750000 to 999999,8.0,505.0,459.0,402.0,403.0,369.0,463.0,767.0,1222.0,1189.0,1929.0,720.0,2253.0,1691.0,1396.0,1345.0
97,Housing Prices,Home Value 80000 to 89999 ,45.0,55.0,6.0,6.0,17.0,13.0,8.0,9.0,0.0,0.0,0.0,0.0,0.0,0.0,9.0,13.0
98,Housing Prices,Home Value 90000 to 99999 ,37.0,0.0,7.0,8.0,7.0,6.0,6.0,0.0,0.0,0.0,0.0,0.0,0.0,0.0,0.0,0.0
99,Housing Prices,Home Value Less than 10000,11.0,53.0,40.0,54.0,47.0,46.0,57.0,49.0,44.0,23.0,22.0,22.0,25.0,30.0,27.0,71.0
100,Housing Prices,Home Value Total,5168.0,4933.0,4822.0,4982.0,5294.0,5269.0,5515.0,5757.0,5722.0,4891.0,6019.0,5377.0,5935.0,6037.0,6031.0,5939.0
101,Housing Prices,Housing Units with a Mortgage,3396.0,3614.0,3514.0,3625.0,3862.0,3810.0,4131.0,4264.0,4186.0,3372.0,4113.0,2954.0,3935.0,3667.0,3779.0,3739.0
102,Housing Prices,Housing Units with a Mortgage 0 to 30%,1975.0,1354.0,1304.0,1396.0,1482.0,1674.0,1877.0,2073.0,2121.0,1701.0,2130.0,1821.0,2274.0,2283.0,2487.0,2463.0
103,Housing Prices,Housing Units with a Mortgage 30-50%,808.0,980.0,1083.0,1162.0,1281.0,1274.0,1330.0,1194.0,1060.0,832.0,897.0,630.0,680.0,568.0,583.0,547.0
104,Housing Prices,Housing Units with a Mortgage 50%+,591.0,1263.0,1107.0,1067.0,1099.0,846.0,903.0,949.0,956.0,788.0,1037.0,472.0,937.0,776.0,668.0,714.0
105,Housing Prices,Housing Units with a Mortgage Not Computed,22.0,17.0,20.0,0.0,0.0,16.0,21.0,48.0,49.0,51.0,49.0,31.0,44.0,40.0,41.0,15.0
106,Housing Prices,Housing Units without a Mortgage,1284.0,1319.0,1308.0,1357.0,1432.0,1459.0,1384.0,1493.0,1536.0,1519.0,1906.0,2423.0,2000.0,2370.0,2252.0,2200.0
107,Housing Prices,Housing Units without a Mortgage 0 to 30%,993.0,1236.0,1216.0,1203.0,1259.0,1229.0,1188.0,1242.0,1288.0,1223.0,1613.0,1918.0,1719.0,2066.0,2025.0,1951.0
108,Housing Prices,Housing Units without a Mortgage 30-50%,121.0,41.0,66.0,91.0,86.0,138.0,104.0,105.0,131.0,156.0,132.0,249.0,141.0,120.0,84.0,75.0
109,Housing Prices,Housing Units without a Mortgage 50%+,130.0,35.0,26.0,63.0,76.0,79.0,80.0,122.0,91.0,133.0,131.0,237.0,77.0,110.0,119.0,153.0
110,Housing Prices,Housing Units without a Mortgage Not Computed,40.0,7.0,0.0,0.0,11.0,13.0,12.0,24.0,26.0,7.0,30.0,19.0,63.0,74.0,24.0,21.0
111,Housing Prices,Median Contract Rent,449.6,786.25,822.6618705035971,804.1818181818181,808.2278481012659,830.625,817.0,841.4233576642335,840.6994047619048,1130.7803468208092,1026.6768292682927,1871.6687817258885,1092.679794520548,1171.5304798962386,1195.8786231884058,1166.514598540146
112,Housing Prices,Median Gross Rent by Bedrooms - 1 Bedroom- COUNTY ONLY,,,,,,,1503.5541215653625,1561.98988380041,1630.934265010352,1360.260706401766,1784.2987214927437,1858.052263443568,1675.7443675714032,1048.3448113945844,1545.4669571532318,1360.5827003741072
113,Housing Prices,Median Gross Rent by Bedrooms - 2 Bedrooms- COUNTY ONLY,,,,,,,1555.2677917320775,1681.467125563731,1855.901377251276,1873.5856188605107,1853.2017229002156,2280.0037490907057,1830.2922821576765,2246.7150921467705,2701.020637898687,2773.2694015000766
114,Housing Prices,Median Gross Rent by Bedrooms - 3-4 Bedrooms- COUNTY ONLY,,,,,,,3595.3701082431307,3951.865037593985,3983.521291797656,5258.877516164451,1454.0,5377.2517397355605,2096.0,2340.9447154471545,3275.549039780521,3720.3655913978496
115,Housing Prices,Median Gross Rent by Bedrooms - 5 Bedrooms or more- COUNTY ONLY,,,,,,,,,,945.0,,,,757.0,,
116,Housing Prices,Median Gross Rent by Bedrooms - No Bedroom- COUNTY ONLY,,,,,,,,300.0,,1222.7385438972162,1376.6092157731505,1693.7558850632488,483.986864264062,552.8611194253217,419.0,349.0
117,Housing Prices,Median Home Value,254880.2129547471,571846.4894882983,537488.174077578,490392.1568627451,473796.3693764799,422252.8769349845,513000.9004952724,570321.414986687,629084.9673202614,805403.70058873,756285.6402280974,1373654.3062200956,879660.4527296937,1024885.5835240276,1069935.418082937,1059685.0660345412
118,Housing Prices,Median Rent,559.4117647058823,844.7265625,947.1380471380472,847.5471698113207,905.7636887608068,971.1473684210526,915.4205607476636,974.0890688259108,1001.890756302521,1226.4079147640791,1097.9782270606531,1945.2653799758743,1249.2055084745762,1310.1374570446735,1400.747508305648,1372.3897911832946
119,Housing Prices,Median Rent as % of Household Income,27.92456896551724,34.82286184210526,33.47541743970315,33.637463126843656,31.402459016393443,33.23834586466165,33.339942528735634,33.43582342954159,33.85371991247265,30.19079283887468,31.207718120805367,24.45241635687732,32.660784313725486,32.541916666666665,32.06560574948665,32.85021141649049
120,Housing Prices,Rent 100 to 149,284.0,75.0,103.0,117.0,110.0,94.0,92.0,84.0,96.0,36.0,122.0,0.0,79.0,25.0,31.0,70.0
121,Housing Prices,Rent 1000 to 1249,313.0,652.0,635.0,650.0,512.0,525.0,538.0,614.0,595.0,657.0,643.0,779.0,472.0,574.0,444.0,515.0
122,Housing Prices,Rent 1250 to 1499,195.0,386.0,399.0,373.0,407.0,393.0,344.0,289.0,297.0,659.0,527.0,936.0,667.0,582.0,301.0,431.0
123,Housing Prices,Rent 150 to 199,274.0,98.0,106.0,143.0,122.0,126.0,142.0,66.0,51.0,37.0,97.0,19.0,176.0,214.0,308.0,173.0
124,Housing Prices,Rent 1500 to 1999,183.0,455.0,694.0,558.0,620.0,565.0,581.0,630.0,582.0,690.0,544.0,1658.0,518.0,551.0,500.0,582.0
125,Housing Prices,Rent 200 to 249,293.0,256.0,157.0,162.0,189.0,151.0,166.0,123.0,150.0,290.0,151.0,59.0,99.0,36.0,48.0,75.0
126,Housing Prices,"Rent 2000 to 2499  (Rent 2000 or more, DEC2000 and ACS2009-2014)",52.0,698.0,702.0,806.0,758.0,863.0,320.0,314.0,288.0,782.0,269.0,1402.0,491.0,785.0,560.0,661.0
127,Housing Prices,Rent 250 to 299,166.0,239.0,306.0,439.0,382.0,348.0,440.0,445.0,355.0,349.0,283.0,298.0,287.0,123.0,124.0,64.0
128,Housing Prices,Rent 2500 to 2999 (ACS2015-),,158.0,135.0,107.0,116.0,181.0,259.0,230.0,238.0,446.0,257.0,1264.0,137.0,134.0,407.0,327.0
129,Housing Prices,Rent 300 to 349,214.0,258.0,225.0,190.0,165.0,268.0,223.0,193.0,223.0,292.0,337.0,106.0,219.0,344.0,142.0,283.0
130,Housing Prices,Rent 3000 to 3499 (ACS2015-),,0.0,0.0,0.0,0.0,0.0,157.0,257.0,377.0,446.0,297.0,785.0,181.0,195.0,173.0,188.0
131,Housing Prices,Rent 350 to 399,267.0,149.0,226.0,131.0,109.0,120.0,139.0,81.0,94.0,180.0,84.0,16.0,135.0,159.0,205.0,172.0
132,Housing Prices,Rent 3500 or more (ACS2015-),,0.0,0.0,0.0,0.0,0.0,96.0,102.0,149.0,219.0,372.0,1312.0,608.0,575.0,835.0,627.0
133,Housing Prices,Rent 400 to 449,224.0,196.0,202.0,172.0,121.0,130.0,136.0,155.0,200.0,285.0,170.0,33.0,44.0,109.0,101.0,178.0
134,Housing Prices,Rent 450 to 499,197.0,127.0,125.0,131.0,119.0,132.0,121.0,128.0,94.0,105.0,133.0,152.0,155.0,31.0,56.0,98.0
135,Housing Prices,Rent 500 to 549,106.0,247.0,173.0,220.0,177.0,203.0,194.0,203.0,215.0,146.0,68.0,44.0,43.0,178.0,175.0,80.0
136,Housing Prices,Rent 550 to 599,255.0,203.0,233.0,261.0,285.0,192.0,105.0,66.0,107.0,48.0,54.0,210.0,32.0,34.0,97.0,102.0
137,Housing Prices,Rent 600 to 649,209.0,49.0,78.0,84.0,156.0,100.0,105.0,81.0,119.0,149.0,177.0,36.0,110.0,14.0,0.0,47.0
138,Housing Prices,Rent 650 to 699,230.0,32.0,109.0,97.0,116.0,106.0,112.0,164.0,150.0,112.0,113.0,68.0,137.0,92.0,130.0,36.0
139,Housing Prices,Rent 700 to 749,181.0,182.0,85.0,107.0,92.0,133.0,133.0,104.0,72.0,155.0,122.0,200.0,174.0,85.0,83.0,141.0
140,Housing Prices,Rent 750 to 799,130.0,79.0,107.0,120.0,183.0,133.0,105.0,149.0,146.0,85.0,131.0,92.0,156.0,168.0,27.0,23.0
141,Housing Prices,Rent 800 to 899,264.0,256.0,212.0,265.0,230.0,222.0,242.0,208.0,188.0,182.0,207.0,76.0,138.0,302.0,289.0,199.0
142,Housing Prices,Rent 900 to 999,250.0,214.0,297.0,252.0,347.0,380.0,321.0,247.0,215.0,220.0,143.0,344.0,149.0,42.0,125.0,99.0
143,Housing Prices,Rent Burdened,0.4233933733600178,0.5782556750298686,0.5404030890939914,0.5579375346516355,0.505965697240865,0.5220601809119438,0.5221536735838475,0.5347767771603755,0.5174825174825175,0.4600704638872578,0.4875640087783467,0.3013027720638652,0.50822094956586,0.5133785230110596,0.4919398659663104,0.5019004524886878
144,Housing Prices,Rent Less than 100,141.0,13.0,0.0,26.0,48.0,52.0,62.0,67.0,42.0,38.0,13.0,0.0,0.0,12.0,28.0,39.0
145,Housing Prices,Rent Total,4497.0,5022.0,5309.0,5411.0,5364.0,5417.0,5349.0,5219.0,5291.0,6812.0,5468.0,10209.0,5413.0,5606.0,5521.0,5525.0
146,Housing Prices,"Rent Total No cash rent  (No cash rent, DEC2000 and ACS2009-2014)",69.0,158.0,135.0,107.0,116.0,181.0,259.0,230.0,238.0,446.0,257.0,1264.0,137.0,134.0,407.0,327.0
147,Housing Prices,Rent Total No cash rent (ACS2015-),69.0,0.0,0.0,0.0,0.0,0.0,216.0,219.0,248.0,204.0,154.0,320.0,206.0,242.0,332.0,315.0
148,Housing Prices,Rent Total With cash rent,4428.0,4864.0,5174.0,5304.0,5248.0,5236.0,5133.0,5000.0,5043.0,6608.0,5314.0,9889.0,5207.0,5364.0,5189.0,5210.0
149,Housing Type,10-19 Units,0.0303121549734015,0.0345923370256037,0.0384203002144388,0.038464923862336,0.0395401497996864,0.0369795707266615,0.0370402053036783,0.0314987588804245,0.0302721953701348,0.0397718513950978,0.0203829014688892,0.0894971734602796,0.0223036223036223,0.0254720771394134,0.0325798407207787,0.0355566454144188
150,Housing Type,2-4 Units,0.1594901134196527,0.1449064826584347,0.1569871336669049,0.1357274887773963,0.1485803866922139,0.1382639427635548,0.1366124893071001,0.1447402208336899,0.1506826083269736,0.19346385077848,0.1525004126093414,0.3698899137161559,0.1759055759055759,0.1910004017677782,0.155659238999276,0.1697727644270067
151,Housing Type,20 Units or More,0.0420556057412426,0.0789903758852369,0.089349535382416,0.1041281577325939,0.0969343319979097,0.1118007068356176,0.1076133447390932,0.1041684498844474,0.1122699906724328,0.20163403730538,0.1310447268526159,0.1262719428741446,0.1483109483109483,0.1504218561671354,0.165714745394578,0.1681379761320909
152,Housing Type,5-9 Units,0.0865201244605038,0.0599237334301797,0.0675482487491065,0.0800985828712261,0.0758578644835394,0.0798207051116283,0.090333618477331,0.0742103911666524,0.0704655303993894,0.0805457067982118,0.0666776695824393,0.1499553704254686,0.0592592592592592,0.0527119325030132,0.0534148499718445,0.0388262220042504
153,Housing Type,Other Type,0.0059219110709625,0.0035409478845106,0.0056290207290922,0.0032567555672916,0.0040062706845497,0.0097405396086544,0.0085543199315654,0.0068475562783531,0.0050877639277537,0.0073223369816556,0.001732959234197,0.0008925914906277,0.0074074074074074,0.0093210124548011,0.0082857372697289,0.0089913356220369
154,Housing Type,Single Family Housing,0.6757000903342367,0.6780461231160342,0.6420657612580415,0.6383240911891559,0.6350809963421007,0.6233945349538833,0.6198460222412319,0.6385346229564324,0.6312219113033155,0.4772622167411746,0.6276613302525169,0.2634930080333234,0.5868131868131868,0.5710727199678586,0.5843455876437937,0.5787150564001962
155,Income,Household Income 10000 to 14999,606.0,849.0,728.0,853.0,861.0,960.0,977.0,891.0,905.0,1112.0,880.0,705.0,646.0,589.0,469.0,643.0
156,Income,Household Income 100000 to 124999,549.0,747.0,939.0,804.0,917.0,980.0,972.0,936.0,1023.0,850.0,800.0,1397.0,717.0,931.0,733.0,741.0
157,Income,Household Income 125000 to 149999,280.0,543.0,550.0,504.0,528.0,392.0,423.0,492.0,549.0,659.0,912.0,1041.0,970.0,708.0,666.0,612.0
158,Income,Household Income 15000 to 19999,567.0,570.0,612.0,463.0,418.0,547.0,568.0,606.0,642.0,447.0,402.0,445.0,299.0,494.0,623.0,661.0
159,Income,Household Income 150000 to 199999,287.0,433.0,482.0,630.0,551.0,628.0,648.0,781.0,913.0,1053.0,929.0,2304.0,1205.0,1246.0,1397.0,1116.0
160,Income,Household Income 20000 to 24999,612.0,580.0,619.0,477.0,547.0,526.0,585.0,486.0,521.0,499.0,620.0,326.0,449.0,302.0,334.0,310.0
161,Income,Household Income 25000 to 29999,505.0,694.0,611.0,509.0,489.0,489.0,389.0,541.0,447.0,456.0,488.0,391.0,532.0,525.0,396.0,290.0
162,Income,Household Income 30000 to 34999,570.0,617.0,591.0,588.0,569.0,387.0,330.0,333.0,375.0,435.0,424.0,389.0,217.0,289.0,350.0,393.0
163,Income,Household Income 35000 to 39999,440.0,505.0,587.0,526.0,485.0,574.0,513.0,383.0,380.0,470.0,233.0,229.0,393.0,186.0,125.0,179.0
164,Income,Household Income 40000 to 44999,502.0,521.0,450.0,588.0,604.0,438.0,530.0,461.0,330.0,292.0,354.0,360.0,319.0,426.0,395.0,218.0
165,Income,Household Income 45000 to 49999,283.0,396.0,403.0,411.0,426.0,403.0,371.0,389.0,361.0,310.0,376.0,494.0,425.0,237.0,328.0,579.0
166,Income,Household Income 50000 to 59999,668.0,718.0,638.0,668.0,759.0,747.0,724.0,727.0,650.0,569.0,597.0,597.0,708.0,935.0,637.0,464.0
167,Income,Household Income 60000 to 74999,992.0,772.0,814.0,848.0,893.0,815.0,912.0,1021.0,1079.0,897.0,1063.0,1177.0,892.0,671.0,870.0,820.0
168,Income,Household Income 75000 to 99999,1007.0,1026.0,1135.0,1247.0,1328.0,1323.0,1276.0,1176.0,873.0,866.0,1050.0,1487.0,805.0,1183.0,1034.0,1001.0
169,Income,Household Income Greater than 200000,109.0,254.0,305.0,354.0,477.0,561.0,654.0,758.0,909.0,1708.0,1283.0,3766.0,1612.0,1900.0,2323.0,2623.0
170,Income,Household Income Less than 10000,1666.0,730.0,667.0,923.0,806.0,916.0,992.0,995.0,1056.0,1080.0,1076.0,478.0,1159.0,1021.0,872.0,814.0
171,Income,Households Total for Income,9643.0,9955.0,10131.0,10393.0,10658.0,10686.0,10864.0,10976.0,11013.0,11703.0,11487.0,15586.0,11348.0,11643.0,11552.0,11464.0
172,Income,Median Family Income,39728.83597883598,50135.78274760384,50672.41379310345,52269.68174204356,53399.3399339934,53726.81281618887,54278.16901408451,58049.64539007093,60065.87202007528,74743.34600760456,69280.77889447236,139323.5294117647,72628.125,86733.27137546468,89411.15702479339,93519.02173913045
173,Income,Median Household Income,38357.954545454544,44150.67178502879,47487.59305210918,48278.58880778589,51633.72859025033,51378.84872824632,52444.75138121547,55543.328748280604,57530.769230769234,63035.11705685619,64141.58043273754,112795.27559055116,68862.10762331838,78095.94251901945,84115.08704061895,84015.98401598402
174,Income,Percent in Poverty,0.2118758039995322,0.2060782681099084,0.200896860986547,0.2140646736507395,0.2124215124215124,0.2235754675946063,0.2156565795632899,0.1933064208171949,0.2011954897432414,0.2061658681268537,0.1784316922073687,0.1033052212123693,0.1713734200645195,0.1574276527331189,0.161054095908029,0.1786908077994429
175,Journey to Work,Journey to Work by Bike,,0.0018417562988065,0.0017198136868505,0.00454771548355,0.0040575916230366,0.0071236041586445,0.0136644412553815,0.0118279569892473,0.0122052375873918,0.0430649410147749,0.0132824079352411,0.0362886597938144,0.0125857441097524,0.0083547925608011,0.0109157422704743,0.0164380097363596
176,Journey to Work,Journey to Work by Car,,0.6302490054515987,0.6216409888928699,0.6539472749236126,0.649869109947644,0.6567192914901809,0.653147813065452,0.6391875746714456,0.6160682545325276,0.5165502233421143,0.5994185383650666,0.3716380297823596,0.5818669847897405,0.5913590844062947,0.6066792541892849,0.6376683315420117
177,Journey to Work,Journey to Work by Carpooled,,0.1110947399440106,0.125259763525618,0.1306047040432033,0.1194371727748691,0.1221280965216275,0.1231671554252199,0.1216248506571087,0.1157720109017656,0.1013056923605543,0.1231900581461634,0.0580068728522336,0.1267521622427676,0.129728183118741,0.1249704979938635,0.1323892014920655
178,Journey to Work,Journey to Work by Drove Alone,,0.519154265507588,0.4963812253672519,0.5233425708804093,0.5304319371727748,0.5345911949685535,0.5299806576402321,0.5175627240143369,0.500296243630762,0.4152445309815599,0.4762284802189032,0.313631156930126,0.4551148225469729,0.4616309012875536,0.4817087561954213,0.5052791300499463
179,Journey to Work,Journey to Work by Other Journey Type,,0.0193016060114925,0.0183446793264063,0.0134299722873587,0.0181937172774869,0.0177769220895905,0.0164722031571722,0.021505376344086,0.0288541296362128,0.025197571870347,0.0302132025994755,0.0339977090492554,0.0290486131822248,0.0247210300429184,0.0261977814491385,0.0171966871088069
180,Journey to Work,Journey to Work by Transit,,0.2876086636216295,0.2945897527767825,0.2727208129041427,0.2731675392670157,0.2694776023616994,0.2589380420540338,0.2692353643966547,0.2753880791562981,0.308154850532585,0.2987686694789647,0.3528064146620848,0.2637637936176558,0.2421745350500715,0.2111753599244748,0.1495226654865018
181,Journey to Work,Journey to Work by Walk,,0.0365404449683217,0.0354711572912934,0.0270731187380089,0.0256544502617801,0.0209215761776408,0.0240219629375428,0.0237156511350059,0.0333570328237942,0.0644828771045699,0.0300991905141945,0.0761512027491408,0.0314345362362063,0.0264949928469241,0.0227165447250413,0.0228867674021622
182,Journey to Work,Journey to Work by Worked at Home,,0.0244585236481508,0.0282336080257972,0.0282811056633269,0.0290575916230366,0.0279810037222436,0.0337555375304174,0.0345280764635603,0.0341272662637753,0.0425495361356087,0.0282179911070573,0.1291179839633447,0.0813003280644199,0.1068955650929899,0.122315317441586,0.1562875387241575
238,Journey to Work,Total Workers 16 Years and Older,,13574.0,13955.0,14073.0,15280.0,15582.0,16027.0,16740.0,16878.0,17462.0,17542.0,21825.0,16765.0,17475.0,16948.0,15817.0
239,Language Spoken at Home,Asian/Pacific Islander,0.2573454286510418,0.2795602423154588,0.2847348318827875,0.2914333446771648,0.2926345105475231,0.3367114788004136,0.3442806934640716,0.351691328838689,0.3466477700005784,0.2869715683642113,0.3595005740528129,0.2621735757993622,0.3504400470878412,0.3393914585891663,0.3284177511211379,0.3272637077241822
240,Language Spoken at Home,English Only,0.555837642032261,0.4880605147600884,0.4900131488322585,0.4848869226247563,0.4807418819625503,0.4556655340522972,0.4460557015859889,0.4403292181069959,0.4346329611847053,0.5037739789373191,0.4262342135476464,0.5877502944640753,0.454986266046303,0.4506481102469641,0.4621839491567392,0.4700166331086404
241,Language Spoken at Home,Other European Languages,0.0207127155639493,0.013686336100516,0.0161855863753052,0.0161804287968319,0.0142510073477127,0.0150982419855222,0.0183998346082282,0.0182120654933893,0.0187134841210157,0.0309376771383394,0.0152985074626865,0.075727541727714,0.0118560457424743,0.0088961659162232,0.0188461221008611,0.0185590475356736
242,Language Spoken at Home,Other Languages,0.0170903123935725,0.0090708035513958,0.005353453133805,0.0077344305912198,0.0076143635932685,0.0077707194563451,0.0056705750317493,0.0070921985815602,0.0035865100942905,0.0067424445836689,0.0028415614236509,0.0104857939038754,0.002438477493133,0.003847728203029,0.005392467053677,0.0037935160057194
243,Language Spoken at Home,Spanish Only,0.1490139013591752,0.2096221032725408,0.2037129797758437,0.1997648733100269,0.2047582365489452,0.1847540257054217,0.1855931953099619,0.1826751889793655,0.1964192745994099,0.1715743309764611,0.1961251435132032,0.0638627941049728,0.1802791636302483,0.1972165370446172,0.1851597105675846,0.1803670956257842
183,Nativity,Foreign Born,0.3208091651516463,0.3565495018771987,0.3388539060927571,0.3394898361394222,0.3584428303272668,0.3847384114936297,0.3800427537820653,0.3964680031467867,0.4029887111183302,0.3827649639167964,0.4166711743387245,0.3110971889300501,0.3965830415668518,0.3910736259228876,0.3815307297665166,0.3733507402572151
184,Population,Total Population,34653.0,33827.0,34779.0,35518.0,36759.0,36890.0,36488.0,36863.0,36939.0,35335.0,36974.0,36712.0,37987.0,39008.0,38204.0,36001.0
185,Race/Ethnicity,Asian,9239.0,9842.0,10407.0,10527.0,10973.0,12819.0,13144.0,13562.0,13702.0,12077.0,14587.0,13881.0,15173.0,15010.0,14885.0,14429.0
186,Race/Ethnicity,"Asian Alone, Not Hispanic or Latino",9197.0,9813.0,10386.0,10517.0,10963.0,12802.0,13099.0,13521.0,13651.0,12045.0,14427.0,13719.0,15026.0,14834.0,14745.0,14363.0
187,Race/Ethnicity,Black/African American,15634.0,11888.0,11975.0,12279.0,12289.0,11510.0,10047.0,10159.0,10010.0,6879.0,9701.0,1052.0,10256.0,9531.0,9335.0,8015.0
188,Race/Ethnicity,"Black/African American Alone, Not Hispanic or Latino",15506.0,11838.0,11910.0,12201.0,12121.0,11360.0,9781.0,9819.0,9595.0,6687.0,9338.0,981.0,9746.0,9152.0,8980.0,7621.0
189,Race/Ethnicity,Latino Population (of Any Race),5521.0,8770.0,8851.0,8651.0,8937.0,8097.0,8070.0,8021.0,8597.0,7648.0,8694.0,3756.0,8548.0,9876.0,9519.0,8759.0
190,Race/Ethnicity,Native American Indian,157.0,339.0,278.0,351.0,329.0,301.0,164.0,111.0,29.0,78.0,56.0,639.0,12.0,226.0,168.0,195.0
191,Race/Ethnicity,"Native American Indian Alone, Not Hispanic or Latino",107.0,95.0,64.0,90.0,95.0,74.0,84.0,23.0,10.0,43.0,24.0,46.0,0.0,9.0,6.0,20.0
192,Race/Ethnicity,Native Hawaiian/Pacific Islander,1247.0,569.0,590.0,628.0,858.0,756.0,947.0,886.0,897.0,534.0,795.0,108.0,499.0,926.0,609.0,537.0
193,Race/Ethnicity,"Native Hawaiian/Pacific Islander Alone, Not Hispanic or Latino",1223.0,569.0,590.0,628.0,858.0,756.0,908.0,853.0,803.0,445.0,729.0,108.0,435.0,779.0,483.0,451.0
194,Race/Ethnicity,Other/Two or More Races,5179.0,2832.0,3465.0,4595.0,5216.0,5481.0,6227.0,7166.0,7376.0,6448.0,7634.0,4363.0,7407.0,8735.0,9014.0,9440.0
195,Race/Ethnicity,"Population, Not Hispanic or Latino",29132.0,25057.0,25928.0,26867.0,27822.0,28793.0,28418.0,28842.0,28342.0,27687.0,28280.0,32956.0,29439.0,29132.0,28685.0,27242.0
196,Race/Ethnicity,Some Other Race Alone,3535.0,2213.0,2486.0,3297.0,3794.0,3805.0,3961.0,4882.0,5458.0,4816.0,6268.0,1499.0,5665.0,5971.0,5941.0,5947.0
197,Race/Ethnicity,"Some Other Race Alone, Not Hispanic or Latino",9.0,30.0,24.0,30.0,28.0,37.0,97.0,116.0,149.0,131.0,42.0,259.0,4.0,25.0,24.0,66.0
198,Race/Ethnicity,Two Or More Races,1644.0,619.0,979.0,1298.0,1422.0,1676.0,2266.0,2284.0,1918.0,1632.0,1366.0,2864.0,1742.0,2764.0,3073.0,3493.0
199,Race/Ethnicity,"Two Or More Races, Not Hispanic or Latino",1179.0,562.0,803.0,1053.0,1039.0,1136.0,1557.0,1656.0,1367.0,1231.0,929.0,2460.0,1041.0,1355.0,1666.0,1913.0
200,Race/Ethnicity,"White Alone, Not Hispanic or Latino",1911.0,2150.0,2151.0,2348.0,2718.0,2628.0,2892.0,2854.0,2767.0,7105.0,2791.0,15383.0,3187.0,2978.0,2781.0,2808.0
201,Race/Ethnicity,"White, Including Hispanic or Latino",3197.0,8357.0,8064.0,7138.0,7094.0,6023.0,5959.0,4979.0,4925.0,9319.0,4201.0,16669.0,4640.0,4580.0,4193.0,3385.0
202,Sex,Female,0.5240238940351485,0.5056611582463713,0.5141033382213405,0.5082211836252041,0.5021627356565739,0.5065329357549472,0.513100197325148,0.5112714646122127,0.5163648176723787,0.4952879581151832,0.519797695678044,0.5150359555458706,0.4995393160818174,0.5004870795734209,0.5127735315673752,0.5161245520957751
203,Sex,Male,0.4759761059648515,0.4943388417536287,0.4858966617786595,0.4917788163747958,0.4978372643434261,0.4934670642450529,0.486899802674852,0.4887285353877872,0.4836351823276212,0.5047120418848168,0.480202304321956,0.4849640444541294,0.5004606839181825,0.4995129204265792,0.4872264684326248,0.4838754479042249
204,Unit Size,1 Bedroom,1729.0,1196.0,1098.0,1257.0,1199.0,1420.0,1372.0,1386.0,1415.0,1879.0,1447.0,4079.0,1466.0,1733.0,1669.0,1662.0
205,Unit Size,2 Bedrooms,3595.0,3861.0,4044.0,4030.0,4172.0,4019.0,4119.0,3962.0,4073.0,3430.0,4316.0,5752.0,4505.0,4241.0,4410.0,4611.0
206,Unit Size,3-4 Bedrooms,3804.0,5273.0,5302.0,5137.0,5370.0,5413.0,5574.0,5769.0,5754.0,5458.0,5552.0,4825.0,5501.0,5549.0,5374.0,5130.0
207,Unit Size,5 or More Bedrooms,241.0,319.0,370.0,488.0,433.0,407.0,387.0,362.0,382.0,490.0,498.0,463.0,421.0,514.0,560.0,483.0
208,Unit Size,No Bedroom,594.0,365.0,378.0,449.0,308.0,342.0,238.0,204.0,169.0,1717.0,305.0,1686.0,392.0,408.0,418.0,348.0
209,Vehicles Available,Households with no Vehicle,0.2323492981007432,0.2173782019085886,0.2227815615437765,0.2248628884826325,0.2050103208857196,0.2054089462848587,0.1990979381443298,0.190688775510204,0.2072096613093616,0.2992395112364351,0.1811613127883694,0.2748620556910047,0.1646105040535777,0.1463540324658593,0.1463815789473684,0.1589323098394975
210,Vehicles Available,Percent of No Vehicle Homeowning Households,0.1071981424148606,0.0906142306912629,0.0889672335130651,0.1011641910879165,0.0831129580657348,0.0810400455494401,0.0690843155031731,0.0684384227896473,0.0692065711289758,0.0736045798405234,0.0694467519521515,0.1452482797098754,0.0658803706823925,0.0634421070067914,0.0606864533244901,0.0729078969523488
211,Vehicles Available,Percent of No Vehicle Renting Households,0.3754424778761062,0.3418956590999601,0.3443209644000753,0.3387543892071706,0.3253169276659209,0.3263799150821488,0.3331463825014021,0.3255412914351408,0.3564543564543564,0.4612448620082208,0.3041331382589612,0.3431286120090117,0.272861629410678,0.2356403853014627,0.2399927549357,0.2514027149321267
212,Vehicles Available,Vehicles Available,12771.0,13914.0,14136.0,14585.0,15609.0,15745.0,16084.0,16573.0,16562.0,14338.0,17540.0,16957.0,17288.0,17784.0,17300.0,16881.0
213,Vehicles Available,Vehicles Homeowners,0.690705504658993,0.6485554118154377,0.6414827391058291,0.631744943435036,0.6421936062528029,0.6400762146713243,0.6632678438199453,0.6811681650877934,0.6932737592078252,0.6773744041070774,0.680672748004561,0.4517898213127322,0.6612100879222582,0.6498538011695907,0.6589595375722543,0.6564184586221196
214,Vehicles Available,Vehicles Per Capita,0.3685395203878452,0.4113282289295533,0.4064521694125765,0.4106368601835689,0.4246307026850567,0.4268094334507997,0.4408024556018417,0.4495835933049399,0.448360811066894,0.4316204581715283,0.4743874073673392,0.4618925691871867,0.4551030615736963,0.4559064807219032,0.4528321641712909,0.468903641565512
215,Vehicles Available,Vehicles Renters,0.3092944953410069,0.3514445881845623,0.3585172608941709,0.368255056564964,0.3578063937471971,0.3599237853286757,0.3367321561800547,0.3188318349122066,0.3067262407921748,0.3558376342586135,0.319327251995439,0.5482101786872678,0.3387899120777418,0.3501461988304093,0.3410404624277456,0.3435815413778804
