,Category,Attribute,2024_Glen Park,2024_San Francisco,2023_Glen Park,2023_San Francisco,2022_Glen Park,2022_San Francisco,2021_Glen Park,2021_San Francisco,2020_Glen Park,2020_San Francisco,2019_Glen Park,2019_San Francisco,2018_Glen Park,2018_San Francisco,2017_Glen Park,2017_San Francisco,2016_Glen Park,2016_San Francisco,2015_Glen Park,2015_San Francisco,2014_Glen Park,2014_San Francisco,2013_Glen Park,2013_San Francisco,2012_Glen Park,2012_San Francisco,2011_Glen Park,2011_San Francisco,2010_Glen Park,2010_San Francisco,2000_Glen Park,2000_San Francisco
0,Affordability,# Units at or below 100 AMI Monthly Affordable Rent,868,156904,817.0,158878.0,845.0,164391.0,996.0,177267.0,1574.0,179637.0,1011.0,194605.0,1248.0,196852.0,1149.0,201554.0,1183.0,206125.0,1236.0,208027.0,1513.0,219759.0,1494.0,217742.0,1446.0,213982.0,1397.0,212110.0,1301.0,209068.0,1306.0,209020.0
1,Affordability,# Units at or below 30 AMI Monthly Affordable Rent,868,156904,817.0,158878.0,845.0,142404.0,996.0,155085.0,1245.0,133315.0,1011.0,146746.0,964.0,152803.0,1043.0,131265.0,1122.0,139452.0,1026.0,146046.0,1492.0,103611.0,1016.0,106717.0,942.0,108966.0,905.0,114525.0,932.0,119019.0,981.0,147066.0
2,Affordability,# Units at or below 50 AMI Monthly Affordable Rent,868,156904,817.0,158878.0,845.0,164391.0,996.0,177267.0,1574.0,179637.0,1011.0,194605.0,1248.0,196852.0,1149.0,201554.0,1183.0,206125.0,1236.0,195487.0,1513.0,219759.0,1494.0,217742.0,1446.0,213982.0,1397.0,212110.0,1301.0,203005.0,1306.0,193235.0
3,Affordability,# Units at or below 80 AMI Monthly Affordable Rent,868,156904,817.0,158878.0,845.0,164391.0,996.0,177267.0,1574.0,179637.0,1011.0,194605.0,1248.0,196852.0,1149.0,201554.0,1183.0,206125.0,1236.0,208027.0,1513.0,219759.0,1494.0,217742.0,1446.0,213982.0,1397.0,212110.0,1301.0,209068.0,1306.0,209020.0
4,Affordability,100 AMI Annual Income,192664.67065868265,140630.3486172417,190277.77777777775,140840.72978303747,190810.50228310504,136440.23367285798,174779.1519434629,126479.8932723461,104502.36966824644,117453.07472291742,169599.62756052142,113537.43350844154,105000.0,104995.55809378768,129681.81818181818,96817.47583985272,121534.65346534654,88612.28084661327,115550.84745762713,81982.65550239234,111711.35646687695,78773.52733781732,98554.42176870749,75789.09138932911,97368.42105263156,73882.86576506091,96399.2974238876,73015.850789739,91265.82278481012,71436.31988152536,76295.58541266795,55915.28958767848
5,Affordability,100 AMI Monthly Affordable Rent,16055.389221556887,11719.195718103474,15856.48148148148,11736.72748191979,15900.875190258754,11370.019472738166,14564.929328621909,10539.991106028841,8708.530805687204,9787.756226909785,14133.302296710119,9461.452792370128,8750.0,8749.629841148973,10806.818181818182,8068.122986654394,10127.887788778879,7384.356737217772,9629.237288135593,6831.887958532695,9309.279705573079,6564.460611484777,8212.868480725623,6315.7576157774265,8114.035087719297,6156.905480421742,8033.274785323967,6084.6542324782495,7605.48523206751,5953.02665679378,6357.965451055662,4659.607465639873
6,Affordability,30 AMI Annual Income,57799.40119760479,42189.10458517251,57083.33333333332,42252.21893491124,57243.15068493151,40932.0701018574,52433.74558303887,37943.96798170383,31350.71090047393,35235.922416875226,50879.88826815642,34061.23005253246,31500.0,31498.6674281363,38904.54545454545,29045.242751955815,36460.39603960396,26583.68425398398,34665.254237288136,24594.7966507177,33513.40694006308,23632.058201345193,29566.326530612245,22736.727416798734,29210.526315789466,22164.859729518274,28919.789227166282,21904.755236921697,27379.746835443035,21430.895964457606,22888.675623800384,16774.586876303543
7,Affordability,30 AMI Monthly Affordable Rent,4816.616766467066,3515.758715431042,4756.944444444443,3521.0182445759365,4770.262557077626,3411.00584182145,4369.478798586572,3161.9973318086522,2612.5592417061607,2936.3268680729357,4239.990689013035,2838.4358377110384,2625.0,2624.888952344692,3242.045454545454,2420.436895996318,3038.3663366336636,2215.3070211653317,2888.771186440678,2049.5663875598084,2792.7839116719238,1969.3381834454328,2463.860544217687,1894.7272847332279,2434.2105263157887,1847.0716441265229,2409.98243559719,1825.3962697434747,2281.645569620253,1785.9079970381338,1907.3896353166986,1397.882239691962
8,Affordability,50 AMI Annual Income,96332.33532934132,70315.17430862084,95138.88888888888,70420.36489151874,95405.25114155252,68220.11683642899,87389.57597173145,63239.94663617305,52251.18483412322,58726.53736145871,84799.81378026071,56768.71675422077,52500.0,52497.77904689384,64840.90909090909,48408.73791992636,60767.32673267327,44306.140423306635,57775.42372881356,40991.32775119617,55855.67823343848,39386.76366890866,49277.21088435374,37894.54569466456,48684.21052631578,36941.432882530455,48199.6487119438,36507.9253948695,45632.91139240506,35718.15994076268,38147.792706333974,27957.64479383924
9,Affordability,50 AMI Monthly Affordable Rent,8027.694610778443,5859.597859051737,7928.24074074074,5868.363740959895,7950.437595129377,5685.009736369083,7282.4646643109545,5269.995553014421,4354.265402843602,4893.878113454893,7066.651148355059,4730.726396185064,4375.0,4374.814920574487,5403.409090909091,4034.061493327197,5063.943894389439,3692.178368608886,4814.618644067797,3415.9439792663475,4654.639852786539,3282.2303057423883,4106.434240362812,3157.8788078887133,4057.0175438596484,3078.452740210871,4016.6373926619835,3042.3271162391247,3802.742616033755,2976.51332839689,3178.982725527831,2329.8037328199366
10,Affordability,80 AMI Annual Income,154131.73652694613,112504.27889379335,152222.22222222222,112672.58382642998,152648.40182648404,109152.1869382864,139823.32155477031,101183.91461787689,83601.89573459716,93962.45977833394,135679.70204841715,90829.94680675323,84000.0,83996.44647503016,103745.45454545454,77453.98067188218,97227.72277227724,70889.82467729061,92440.6779661017,65586.12440191388,89369.08517350157,63018.82187025386,78843.53741496599,60631.27311146329,77894.73684210525,59106.29261204873,77119.43793911008,58412.6806317912,73012.65822784811,57149.05590522029,61036.46833013436,44732.23167014279
11,Affordability,80 AMI Monthly Affordable Rent,12844.31137724551,9375.35657448278,12685.185185185184,9389.381985535832,12720.700152207004,9096.015578190532,11651.943462897527,8431.992884823074,6966.824644549763,7830.204981527829,11306.641837368095,7569.162233896102,7000.0,6999.70387291918,8645.454545454546,6454.498389323515,8102.310231023103,5907.485389774218,7703.389830508476,5465.510366826157,7447.423764458465,5251.568489187822,6570.294784580499,5052.606092621941,6491.228070175438,4925.524384337395,6426.619828259173,4867.7233859826,6084.388185654009,4762.421325435024,5086.37236084453,3727.6859725118993
12,Age,0-2 Years,0.5346534653465347,0.5478517844964764,0.5693693693693693,0.5406992325496406,0.5649546827794562,0.5435105855696382,0.5044117647058823,0.5452634434122194,0.5077138849929874,0.5463237718430597,0.5361077111383109,0.5439706576294453,0.5277777777777778,0.5485122061580229,0.5512422360248447,0.5440728159567982,0.5681818181818182,0.5398601090002427,0.5412979351032449,0.5406174484518621,0.5431309904153354,0.5405688483381436,0.5951035781544256,0.5284299122869234,0.6327769347496206,0.5306792579454485,0.6261538461538462,0.537271756021756,0.6490683229813664,0.5470185194379623,0.5590361445783133,0.5067081678651927
13,Age,0-4 Years,0.0623842592592592,0.0410560088487774,0.053795223457082,0.0420818720739854,0.0641980969849822,0.0429241305894045,0.0625429553264604,0.044113206543054,0.0581950009540164,0.0449551586788678,0.0817246561091203,0.0451682212163969,0.0613485280151946,0.0454203559955169,0.0670276774969915,0.045376638858545,0.064221301486717,0.0455484248199895,0.072545880034487,0.0453526040368801,0.0618011302152218,0.0451965654091783,0.0543381887270424,0.0448415927988704,0.0708681346494558,0.0443776522702378,0.0688179929104021,0.0442509760598566,0.0680990531682447,0.0440338149220979,0.0430895318514839,0.0400176122296851
14,Age,18-34 Years,0.1644675925925925,0.2720516049880636,0.186450697564436,0.2751838010561819,0.1744812564484695,0.2839780215639264,0.1936998854524627,0.2937872454640216,0.235069643197863,0.305727332987868,0.1699225523060917,0.3058618588627659,0.246343779677113,0.3066219589313914,0.191696750902527,0.3056840821116546,0.1770655617840604,0.3052043890961046,0.1742825471117132,0.3044161499051527,0.1983888421305759,0.3034690431088777,0.1766941101963267,0.3032975760903671,0.1845102505694761,0.303876826740466,0.1871409363158538,0.3034485355963694,0.1932507890264627,0.3029564563668388,0.2519557928722215,0.3214952885998148
15,Age,3-5 Years,0.4653465346534653,0.4521482155035235,0.4306306306306306,0.4593007674503593,0.4350453172205438,0.4564894144303618,0.4955882352941176,0.4547365565877805,0.4922861150070126,0.4536762281569403,0.4638922888616891,0.4560293423705546,0.4722222222222222,0.4514877938419771,0.4487577639751552,0.4559271840432018,0.4318181818181818,0.4601398909997573,0.4587020648967551,0.4593825515481379,0.4568690095846645,0.4594311516618564,0.4048964218455744,0.4715700877130765,0.3672230652503793,0.4693207420545515,0.3738461538461538,0.4627282439782439,0.3509316770186335,0.4529814805620376,0.4409638554216867,0.4932918321348073
16,Age,35-59 Years,0.4037037037037037,0.3571679565096113,0.3970205722393001,0.3582532487301127,0.4058236845122091,0.3555327627544171,0.3994272623138603,0.3533718894867573,0.3642434649875978,0.3441166739989114,0.3926713674719685,0.3477087189166407,0.3643874643874644,0.3498157591311249,0.377496991576414,0.3530123918927381,0.4023884962222764,0.3570726313357319,0.4169232664121197,0.3598353198993224,0.4012264037513526,0.3612654748190046,0.4306523115896137,0.3645669909005334,0.4306504682358896,0.3666356963787091,0.4521452145214521,0.3702449251164367,0.4430687059966011,0.3732403935169017,0.445796597541289,0.3578295244311752
17,Age,5-17 Years,0.1340277777777777,0.0956109919010985,0.1390399621659966,0.0950096245352536,0.1372234323053995,0.0925993527995892,0.1329896907216494,0.0923392494160466,0.1063728296126693,0.0893695890108821,0.135128886833892,0.0891075388026607,0.1123456790123456,0.0888260994267166,0.1179302045728038,0.0887436248895444,0.1136972946624421,0.089276704499908,0.1040768567557581,0.0887033409362156,0.1062883251172297,0.088993279990716,0.099683343888537,0.0893044497176027,0.0756770437863832,0.0898952923094862,0.0633174428553966,0.0902896167317373,0.0683418305413935,0.0908309342788169,0.097603377623246,0.1041181461325835
18,Age,60 and older,0.2354166666666666,0.2341134377524491,0.2236935445731851,0.2294714536044663,0.2182735297489396,0.2249657322926627,0.211340206185567,0.2163884090901202,0.2361190612478534,0.2158312453234706,0.2205525372789273,0.2121536622015356,0.2155745489078822,0.2093158265152501,0.2458483754512635,0.2071832622475178,0.242627345844504,0.2028978502482659,0.2321714496859219,0.201692585222429,0.2322952987856198,0.2010756366722233,0.23863204559848,0.1979893904926263,0.2382941027587952,0.1952145323011006,0.2285784133968952,0.1917659464955999,0.2272396212672978,0.1889384009153445,0.1615547001117596,0.1765394286067413
19,Age,Under 18 Years,1697.0,112981.0,1631.0,114067.0,1757.0,114689.0,1707.0,117386.0,1697.0,116553.0,1876.0,116625.0,1731.0,116002.0,1537.0,115114.0,1460.0,113760.0,1434.0,111913.0,1398.0,110271.0,1216.0,108795.0,1158.0,107603.0,1081.0,106642.0,1124.0,105626.0,1133.0,111955.0
20,Age,Under 6 Years,606.0,39591.0,555.0,41045.0,662.0,42369.0,680.0,44241.0,713.0,45495.0,817.0,46622.0,792.0,46411.0,644.0,45924.0,616.0,45321.0,678.0,44279.0,626.0,42964.0,531.0,42297.0,659.0,41722.0,650.0,41184.0,644.0,40282.0,415.0,37268.0
21,Educational Attainment,College Degree or higher,0.750677915034649,0.6037814737779744,0.7772453238522182,0.6015770791834534,0.7662477007970571,0.5981580544247345,0.7739630262544663,0.5954773065649281,0.459396467124632,0.5817083849870736,0.7609075043630017,0.5809853065788942,0.5193320488118176,0.5718184592579675,0.692200341138161,0.5583391409602758,0.6763803680981595,0.5483582916944467,0.7050326188257223,0.5386867457615273,0.6807610993657506,0.5295800684635643,0.6673431158289104,0.5241250965981674,0.6891110763943133,0.5198689199853714,0.677491103202847,0.5138067991451463,0.669481302774427,0.5124188366490302,0.5781587890021624,0.4497981722207769
22,Educational Attainment,High School or Less,0.0831575775836095,0.2226179457153548,0.0692533621889009,0.2249546945438751,0.0810852237890864,0.2277040043832001,0.0814043809227901,0.2256737658772623,0.2971050049067713,0.2350681531009399,0.0821830874186895,0.2355443598360608,0.2556197816313423,0.2375143509031986,0.1068382694991471,0.2434933793052855,0.1069018404907975,0.2497404280502513,0.1099720410065237,0.2564566535550907,0.1191482935668982,0.2634329941120096,0.1451763971276927,0.2697919788036021,0.1357600374941415,0.2777815204768412,0.1635527876631079,0.2867029253043871,0.1678226779252111,0.2866962090560432,0.1739264751312944,0.3267562373595388
23,Educational Attainment,Some College/Associate Degree,0.1661645073817415,0.1736005805066708,0.1535013139588808,0.1734682262726714,0.1526670754138565,0.1741379411920654,0.1446325928227435,0.1788489275578095,0.2434985279685966,0.1832234619119865,0.1569094082183087,0.1834703335850449,0.22504816955684,0.1906671898388339,0.2009613893626919,0.1981674797344386,0.2167177914110429,0.2019012802553019,0.1849953401677539,0.204856600683382,0.2000906070673512,0.2069869374244261,0.1874804870433968,0.2060829245982304,0.175128886111545,0.2023495595377873,0.158956109134045,0.1994902755504666,0.1626960193003618,0.2008849542949266,0.247914735866543,0.2234455904196843
24,Employment,"6-17, Living with One Parent",260.0,20099.0,369.0,20175.0,423.0,19426.0,414.0,20458.0,399.0,20445.0,333.0,19973.0,183.0,20256.0,273.0,20087.0,283.0,19772.0,240.0,19777.0,238.0,19907.0,251.0,19719.0,82.0,20009.0,73.0,20335.0,125.0,20089.0,163.0,19204.0
25,Employment,"6-17, Living with One Parent, Parent Not in Labor Force",0.1269230769230769,0.1659286531668242,0.2899728997289973,0.1765551425030979,0.2364066193853428,0.1788839699371975,0.1956521739130435,0.1864796167758334,0.2481203007518796,0.1962827097089753,0.3543543543543543,0.1985680668903019,0.0218579234972677,0.1812302527646129,0.0146520146520146,0.165181460646189,0.0106007067137809,0.1608335019219097,0.0,0.1700965768316731,0.0294117647058823,0.1591400010046717,0.0398406374501992,0.1724732491505654,0.1585365853658536,0.1948123344494977,0.2054794520547945,0.1800835997049422,0.12,0.1810443526307929,0.1042944785276073,0.2812955634242866
26,Employment,"6-17, Living with One Parent, Parent in Labor Force",0.8730769230769231,0.8340713468331757,0.7100271002710027,0.8234448574969021,0.7635933806146572,0.8211160300628024,0.8043478260869565,0.8135203832241665,0.7518796992481203,0.8037172902910247,0.6456456456456456,0.8014319331096981,0.9781420765027322,0.8187697472353871,0.9853479853479854,0.8348185393538109,0.9893992932862192,0.8391664980780902,1.0,0.8299034231683269,0.9705882352941176,0.8408599989953283,0.9601593625498008,0.8275267508494345,0.8414634146341463,0.8051876655505023,0.7945205479452054,0.8199164002950577,0.88,0.818955647369207,0.8957055214723927,0.7187044365757134
27,Employment,"6-17, Living with Two Parents",768.0,49075.0,670.0,48594.0,633.0,48739.0,572.0,48247.0,585.0,46389.0,702.0,46832.0,745.0,46257.0,614.0,45768.0,553.0,45467.0,504.0,44455.0,523.0,43591.0,427.0,43379.0,405.0,42049.0,324.0,41463.0,319.0,41539.0,491.0,48312.0
28,Employment,"6-17, Living with Two Parents, One Parent in Labor Force",0.3580729166666667,0.2628018339276617,0.2597014925373134,0.251903527184426,0.2148499210110584,0.2531237817764008,0.2534965034965035,0.2552697577051422,0.1589743589743589,0.261117937442066,0.2094017094017094,0.2751323881106935,0.1919463087248322,0.2824869749443327,0.3061889250814332,0.2922128998426848,0.3634719710669077,0.2958849275298568,0.4067460317460317,0.3079743560904285,0.3518164435946462,0.299786653208231,0.414519906323185,0.2915927061481362,0.2518518518518518,0.2885918809008537,0.2006172839506173,0.3013047777536599,0.128526645768025,0.303762729001661,0.2708757637474542,0.3014571948998178
29,Employment,"6-17, Living with Two Parents, Parents Not in Labor Force",0.0390625,0.0145287824758023,0.0,0.0186854344157714,0.0,0.0172346580766942,0.0,0.0200841503098638,0.0,0.0181508547284916,0.0,0.0196873932353946,0.0,0.0202347752772553,0.011400651465798,0.0196206956825729,0.0343580470162748,0.018540919787978,0.0297619047619047,0.0182881565628163,0.0363288718929254,0.0207841068110389,0.0421545667447306,0.0210009451577952,0.0320987654320987,0.0214036005612499,0.0,0.0210066806550418,0.0,0.0248681961530128,0.0570264765784114,0.1003477396920019
30,Employment,"6-17, Living with Two Parents, Parents in Labor Force",0.6028645833333334,0.7226693835965359,0.7402985074626866,0.7294110383998025,0.7851500789889415,0.729641560146905,0.7465034965034965,0.7246460919849939,0.841025641025641,0.7207312078294423,0.7905982905982906,0.7051802186539119,0.8080536912751678,0.6972782497784119,0.6824104234527687,0.6881664044747422,0.6021699819168174,0.685574152682165,0.5634920634920635,0.6737374873467551,0.6118546845124283,0.67942923998073,0.5433255269320844,0.6874063486940686,0.7160493827160493,0.6900045185378962,0.7993827160493827,0.6776885415912983,0.8714733542319749,0.671369074845326,0.6720977596741344,0.5981950654081801
31,Employment,Employed Residents,4682.0,475344.0,4786.0,483955.0,4965.0,496966.0,5007.0,511122.0,6021.0,500641.0,4840.0,522693.0,6108.0,514605.0,4775.0,504143.0,4705.0,487737.0,4617.0,477522.0,4723.0,465885.0,4375.0,456055.0,4575.0,449117.0,4883.0,446684.0,4899.0,443834.0,4846.0,427823.0
32,Employment,Managerial Professional,0.7909013242204186,0.636263421858696,0.7969076473046385,0.6344990753272515,0.7794561933534743,0.6206521170462366,0.762532454563611,0.6037599633746933,0.4228533466201628,0.584368839148212,0.7770661157024793,0.5758313197230497,0.5780943025540275,0.5636459031684495,0.698848167539267,0.5504787332165675,0.7094580233793837,0.5458249015350486,0.7145332466969894,0.5345366286788881,0.675629896252382,0.5232213958380287,0.6786285714285715,0.5170692131431516,0.6767213114754098,0.5124611181496136,0.6446856440712677,0.5045401223236113,0.6401306389058992,0.5047833198898687,0.6231943871234007,0.4833868211853968
33,Employment,Natural Resources,0.0074754378470739,0.0307777104581103,0.0035520267446719,0.029322974243473,0.0090634441087613,0.0278288655561949,0.0187737167964849,0.0286017819620364,0.0717488789237668,0.029214546950809,0.0157024793388429,0.0309416808719458,0.0201375245579567,0.0325375773651635,0.0144502617801047,0.0350297435449862,0.0178533475026567,0.0354781367827333,0.0136452241715399,0.0365072185155867,0.0163031971204742,0.0367000440022752,0.0406857142857142,0.0406288715176897,0.0487431693989071,0.0417508132624683,0.0434159328281794,0.0447967690806028,0.0389875484792814,0.0460577603338185,0.0293025175402393,0.042050100158243
34,Employment,Production Transport Materials,0.0386586928662964,0.0523683900501531,0.0365649811951525,0.0536682129536837,0.0489425981873111,0.0556396212215725,0.0481326143399241,0.0568063984723803,0.0797209765819631,0.0570708351892873,0.0210743801652892,0.058803159789781,0.0859528487229862,0.0599275172219469,0.0186387434554973,0.0545757850451161,0.0214665249734325,0.0526451755761814,0.0225254494260342,0.0536205661728674,0.0328181240736819,0.0548161026862852,0.0299428571428571,0.0521801098551709,0.0336612021857923,0.0528949026645617,0.0522219946754044,0.056415721180969,0.0598081241069606,0.058440768395391,0.051176227816756,0.0745331597412948
35,Employment,Sales and Office,0.0651431012387868,0.1501544144871924,0.0603844546594233,0.1525885671188437,0.0719033232628398,0.1615362016717441,0.0854803275414419,0.1689498788938844,0.2198970270719149,0.1773106876983707,0.1049586776859504,0.1802453830451144,0.1651931892599869,0.1825788711730356,0.1585340314136125,0.1954723163864221,0.1583421891604675,0.1998392576326995,0.1682910981156595,0.2054271845066824,0.1905568494600889,0.2118033420264657,0.1885714285714285,0.2171952944272072,0.1718032786885246,0.2180166860751207,0.1959860741347532,0.220927993839045,0.1869769340681771,0.2243113416277256,0.2183243912505159,0.2555168843189824
36,Employment,Services,0.0978214438274241,0.130436063145848,0.1025908900961136,0.129921170356748,0.0906344410876132,0.1343431945042518,0.085080886758538,0.1418819772970054,0.2057797708021923,0.1520350910133209,0.081198347107438,0.154178456570109,0.1506221349050425,0.1613101310714043,0.1095287958115183,0.1644434218069079,0.0928799149840595,0.166212528473337,0.0810049815897769,0.1699084021259753,0.0846919330933728,0.173459115446945,0.0621714285714285,0.1729265110567804,0.0690710382513661,0.1748764798482355,0.0636903542903952,0.1733193935757717,0.0740967544396815,0.166406809753196,0.0780024762690879,0.1434331487554432
37,Employment,"Under 6 Years, Living with One Parent",49.0,6580.0,119.0,6745.0,132.0,7242.0,120.0,7622.0,112.0,8015.0,107.0,8712.0,63.0,8972.0,103.0,9280.0,87.0,9061.0,76.0,9277.0,107.0,9251.0,82.0,9029.0,135.0,9269.0,120.0,9025.0,131.0,8317.0,71.0,8668.0
38,Employment,"Under 6 Years, Living with One Parent, Parent Not in Labor Force",0.0,0.2427051671732522,0.5210084033613446,0.2317272053372868,0.4090909090909091,0.2346037006351836,0.625,0.2332721070585148,0.8303571428571429,0.2331877729257642,0.9065420560747663,0.1887052341597796,0.6031746031746031,0.1754346856888096,0.3300970873786408,0.1479525862068965,0.0,0.1351947908619357,0.0,0.1384068125471596,0.0,0.1318776348502864,0.0,0.1348986598737401,0.0,0.1807098931923616,0.0,0.1905817174515235,0.0,0.2776241433209089,0.2112676056338028,0.3289109367789571
39,Employment,"Under 6 Years, Living with One Parent, Parent in Labor Force",1.0,0.7572948328267477,0.4789915966386555,0.7682727946627131,0.5909090909090909,0.7653962993648163,0.375,0.7667278929414851,0.1696428571428571,0.7668122270742358,0.0934579439252336,0.8112947658402204,0.3968253968253968,0.8245653143111904,0.6699029126213593,0.8520474137931034,1.0,0.8648052091380642,1.0,0.8615931874528403,1.0,0.8681223651497135,1.0,0.8651013401262598,1.0,0.8192901068076384,1.0,0.8094182825484765,1.0,0.722375856679091,0.7887323943661971,0.6710890632210429
40,Employment,"Under 6 Years, Living with Two Parents",557.0,31178.0,436.0,32695.0,530.0,33144.0,560.0,34687.0,601.0,35920.0,710.0,36371.0,729.0,36135.0,541.0,35287.0,529.0,34710.0,602.0,33503.0,485.0,32018.0,421.0,31593.0,492.0,30861.0,506.0,30505.0,481.0,30522.0,312.0,25388.0
41,Employment,"Under 6 Years, Living with Two Parents, One Parent in Labor Force",0.3321364452423698,0.2492783372891141,0.2637614678899082,0.249365346383239,0.1547169811320754,0.2557325609461742,0.1482142857142857,0.2829878628881137,0.1264559068219634,0.2931514476614699,0.1239436619718309,0.2815154931126447,0.1083676268861454,0.2911304829113048,0.1608133086876155,0.3134015359764219,0.1890359168241966,0.3202823393834629,0.23421926910299,0.3241799241858938,0.3917525773195876,0.3401836466987319,0.5296912114014252,0.3268445541733928,0.5284552845528455,0.3272739055766177,0.4624505928853755,0.3348631371906245,0.5176715176715176,0.3595111722691829,0.4262820512820512,0.370174885772806
42,Employment,"Under 6 Years, Living with Two Parents, Parents Not in Labor Force",0.0,0.0162614664186285,0.0,0.0166386297599021,0.0,0.0095341539946898,0.0,0.009484821402831,0.0,0.0053452115812917,0.0,0.0075884633361744,0.0,0.0085789400857894,0.0,0.0100036840762887,0.0,0.01120714491501,0.0,0.0139688983076142,0.0,0.0153663564245112,0.0,0.0175671826037413,0.0,0.0194420141926703,0.0,0.024356662842157,0.0,0.0238844112443483,0.0,0.0863793918386639
43,Employment,"Under 6 Years, Living with Two Parents, Parents in Labor Force",0.6678635547576302,0.7344601962922573,0.7362385321100917,0.7339960238568588,0.8452830188679246,0.7347332850591359,0.8517857142857143,0.7075273157090552,0.8735440931780366,0.7015033407572383,0.8760563380281691,0.7108960435511809,0.8916323731138546,0.7002905770029058,0.8391866913123844,0.6765947799472893,0.8109640831758034,0.668510515701527,0.7657807308970099,0.6618511775064919,0.6082474226804123,0.6444499968767569,0.4703087885985748,0.6555882632228658,0.4715447154471545,0.6532840802307119,0.5375494071146245,0.6407801999672185,0.4823284823284823,0.6166044164864688,0.5737179487179487,0.5434457223885301
44,Employment,Unemployment Rate,0.0278239202657807,0.0608135844766881,0.0282233502538071,0.0562046654080624,0.0351183546759798,0.0535574280864409,0.0448925242533764,0.0528643499003607,0.0578577013291634,0.0473714538922793,0.0395178818415332,0.0421464851369989,0.0466677071952551,0.0467561898167262,0.0445109780439121,0.0542882955154614,0.0517936316001612,0.0616593070488925,0.0523399014778325,0.0674995414830973,0.0664162878039138,0.0756142580428994,0.0762246621621621,0.0824785173449569,0.0621156211562115,0.0804399877212729,0.0643801494539183,0.0751930879380297,0.0657894736842105,0.0714463457119018,0.0284683239775461,0.0459336392752786
45,Employment,Worked in place of residence,0.7934734997809899,0.8253169561041847,0.7796066695168875,0.823000162549794,0.7471002485501242,0.8150015822719782,0.7316026165167621,0.8033030688796547,0.7084259446352799,0.787710045863901,0.6366883799117462,0.7662421676810082,0.6689175363208513,0.763732761445209,0.6776037256562235,0.758829095879553,0.6654427645788337,0.75375162546046,0.6830130329136294,0.7547692840780026,0.7071274298056156,0.7585445293737045,0.6912941176470588,0.7619994669640917,0.7115254998876657,0.7654151647580465,0.7227508650519031,0.7678917094340922,0.6990103270223752,0.7633115045678713,0.7060054404687173,0.7693386500634328
46,Employment,Worked outside place of residence,0.20652650021901,0.1746830438958153,0.2203933304831124,0.1769998374502059,0.2528997514498757,0.1849984177280218,0.2683973834832379,0.1966969311203452,0.2915740553647201,0.2122899541360989,0.3633116200882538,0.2337578323189918,0.3310824636791488,0.236267238554791,0.3223962743437764,0.2411709041204469,0.3345572354211663,0.24624837453954,0.3169869670863706,0.2452307159219974,0.2928725701943844,0.2414554706262954,0.3087058823529411,0.2380005330359082,0.2884745001123343,0.2345848352419535,0.2772491349480969,0.2321082905659077,0.3009896729776248,0.2366884954321287,0.2939945595312827,0.2306613499365671
47,Households,Average Family Household Size,2.948313622426632,3.1319983337300643,2.928374655647383,3.144151117308533,3.084553613604157,3.2018118894912773,3.1132259638848216,3.2615402697381954,3.4881154499151106,3.28706601556316,3.110173697270472,3.2517095916023706,3.519474637681159,3.268945126068028,2.8762183235867447,3.289369891655579,2.8654033041788143,3.2672108135580915,2.9104243059193293,3.2838383338079966,2.902271526677232,3.298934193677973,2.8664788732394366,3.2995935115235646,2.8710959681998864,3.334838052183911,2.862343572241183,3.339890688687735,2.899103139013453,3.344840920606982,2.910422535211268,3.3800225564931448
48,Households,Average Household Size,2.3964941569282137,2.209471781902731,2.354965034965035,2.237901330812144,2.425775789767962,2.2943849561823813,2.41511530980828,2.3444979393966285,2.874931129476584,2.3684053111240844,2.364534724128465,2.359117045903988,2.7330729166666665,2.362153216954271,2.2346745881717527,2.352446654005139,2.2048030221262818,2.326626108742424,2.1786580436540017,2.3229749890800586,2.203511572226656,2.320853188109825,2.1103355704697986,2.3119669277632724,2.102618920363442,2.314770502501632,2.1490371933526773,2.3034212201512974,2.1599370739381225,2.304953708122554,2.1930016402405688,2.2949552827042594
49,Households,Family Households,0.6352253756260434,0.4629277618913811,0.6092307692307692,0.4678741837925105,0.5918367346938775,0.4703304028998791,0.5693248124479022,0.4719280924304026,0.6490358126721764,0.4723127316858534,0.5531155640955256,0.479277241058859,0.575,0.478662290843646,0.5541452876046449,0.4702044464305664,0.5553157042633567,0.4642084744715392,0.5144165992993802,0.4581213162925523,0.5035913806863528,0.4576034099950309,0.4765100671140939,0.4539077458659704,0.4706039551042223,0.4499820682113482,0.4637298865734635,0.4474618425143229,0.4677503932878867,0.4473728166459864,0.4852378348824494,0.4462210095497954
50,Households,Households,3594.0,362994.0,3575.0,361734.0,3577.0,360015.0,3599.0,360574.0,3630.0,347723.0,3643.0,361559.0,3840.0,358942.0,3703.0,358040.0,3706.0,356034.0,3711.0,352566.0,3759.0,348153.0,3725.0,344700.0,3742.0,340178.0,3791.0,337745.0,3814.0,335264.0,3658.0,329850.0
51,Households,"Households with 60 years and older, % of Total (DEC, 65 years and older)",0.3951029493600445,0.3636754326517794,0.3751048951048951,0.3620035716852715,0.3838412077159631,0.3581128564087607,0.3684356765768269,0.3537359876197396,0.4278236914600551,0.3558723466667433,0.3675542135602525,0.3504075406780083,0.4096354166666666,0.3465239509447209,0.3934647583040778,0.3435649648084013,0.3936859147328656,0.3372374548498177,0.391269199676637,0.3331659887794058,0.395583931896781,0.3313887859647913,0.3787919463087248,0.3244067304902814,0.3850881881346873,0.3196943952871732,0.3761540490635716,0.3131090023538468,0.3772941793392763,0.3084285816550539,0.259704756697649,0.3122601182355616
52,Households,"Households with Children, % of Total",0.2529215358931552,0.1813693890257139,0.2441958041958042,0.1835188287526193,0.2471344702264467,0.1840395539074761,0.2389552653514865,0.1862308430447009,0.2517906336088154,0.1853199241925325,0.2750480373318693,0.1872280872554687,0.2541666666666666,0.1872252341603936,0.2360248447204969,0.1849988828063903,0.234214786832164,0.1852800575225961,0.2209646995419024,0.1858971086264699,0.2242617717478052,0.1885119473334999,0.2110067114093959,0.1874963736582535,0.2169962586851951,0.1873430968492965,0.2099709839092587,0.1865963966898103,0.2257472469847928,0.1864709601985301,0.1916347731000546,0.1723874488403819
53,Households,Living in Group Quarters,27.0,26112.0,39.0,24801.0,46.0,23183.0,38.0,19002.0,46.0,19758.0,37.0,20176.0,825.0,99313.0,811.0,100859.0,882.0,101563.0,908.0,101403.0,902.0,99865.0,873.0,98556.0,940.0,97294.0,0.0,0.0,0.0,0.0,31.0,19742.0
54,Households,Non-Family Households,0.3647746243739566,0.5370722381086189,0.3907692307692307,0.5321258162074894,0.4081632653061224,0.5296695971001208,0.4306751875520978,0.5280719075695973,0.3509641873278237,0.5276872683141466,0.4468844359044743,0.520722758941141,0.425,0.5213377091563539,0.4458547123953551,0.5297955535694335,0.4446842957366432,0.5357915255284608,0.4855834007006198,0.5418786837074476,0.4964086193136472,0.5423965900049691,0.5234899328859061,0.5460922541340296,0.5293960448957776,0.5500179317886518,0.5362701134265365,0.552538157485677,0.5322496067121133,0.5526271833540135,0.5147621651175506,0.5537789904502046
55,Households,"Single Person Households, % of Total",0.2490261547022816,0.3880752849909364,0.2579020979020979,0.3795468493423344,0.272295219457646,0.370431787564407,0.2889691580994721,0.3656974712541669,0.2314049586776859,0.3628462885687745,0.315673895141367,0.3559889257354954,0.26953125,0.3597628586233987,0.3146097758574129,0.3665847391352921,0.3178629249865083,0.3708775004634388,0.3381837779574239,0.3779462568710539,0.3328012769353551,0.3823635011043995,0.3710067114093959,0.3869567740063823,0.3765366114377338,0.3940848614548853,0.3698232656291216,0.4006306533035278,0.3717881489250131,0.4016058986351055,0.3253143794423182,0.3861755343337881
56,Housing,Median Year Moved In Owner,2010.3674540682412,2007.6477461846248,2009.0238095238096,2006.3591026631293,2004.5973154362416,2005.251952191235,2006.168,2005.4737919483905,1996.945392491468,2003.1260388697096,2006.997218358832,2007.0089461238213,2002.1634615384612,2001.7370067504528,2009.2414814814813,2009.146091310434,1999.445945945946,2000.187938712356,1997.7735368956744,1999.6412538848176,1999.7727272727277,2000.6779985725557,1992.0205479452052,1997.5284754672896,1993.046875,1997.1416645945085,1995.9454545454544,1993.848383462497,1993.1818181818185,1995.6842698438252,1986.487414187643,1987.6388952189964
57,Housing,Median Year Moved In Renter,2014.7397260273967,2015.9938834595152,2014.6839826839828,2016.5115832671431,2013.1716814159288,2014.5253318985476,2012.955421686747,2011.535989556136,2012.1938775510205,2013.023803462322,2013.7706611570247,2012.8029277571784,2011.306729264476,2011.2591798383655,2010.919540229885,2014.2607703428332,2009.177897574124,2010.163989518698,2007.9029126213595,2008.6635687491075,2010.538324420677,2010.36722362394,2004.3975903614455,2005.421611492817,2003.5820895522388,2004.352184865961,2001.710106382979,2005.622983870968,2002.3502994011976,2004.8217412659092,1996.5515370705243,1996.148247771288
58,Housing,Median Year Structure Built,1956.809523809524,1945.566896353718,1953.888888888889,1945.1754582655976,1954.815618221258,1944.5780497258984,1954.3773946360157,1944.236438679245,1941.9837189374464,1945.37322767794,1952.141393442623,1943.4359038418831,1946.3025210084036,1942.3594918609767,1953.1404958677683,1942.047870171528,1950.641791044776,1941.6269704596637,1950.1510574018127,1941.7023507482008,1959.217391304348,1949.2994290710835,1954.13082437276,1941.2592200959407,1955.4873294346976,1941.074692243788,1952.4545454545453,1948.3707559981888,1957.547974413646,1939.0,1948.006993006993,1940.100117657312
59,Housing,"Overcrowding, Renter Occupied Housing",0.0356589147286821,0.0734325271237664,0.0295809367296631,0.0787509157344527,0.0466772151898734,0.0820756891618869,0.048970901348474,0.082845229599508,0.1425106124924196,0.0810068776808164,0.0199833472106577,0.0811220554467032,0.0947802197802197,0.0790011969201636,0.0182648401826484,0.0744354303381849,0.0202247191011235,0.0737345626872705,0.0092724679029957,0.0743386762815936,0.0112359550561797,0.0740940461031634,0.0,0.0721038566434206,0.0,0.0716439754459395,0.0,0.0702590000517717,0.0,0.06915216052771,0.0784167289021657,0.1382092963593535
60,Housing,Owner Occupied,0.6410684474123539,0.3819677460233502,0.6595804195804196,0.38490990617415,0.6466312552418227,0.3854506062247406,0.6085023617671576,0.3820935508383855,0.5457300275482093,0.3778035965409248,0.6703266538567115,0.3760741677015369,0.6208333333333333,0.3762000546049222,0.6451525789900081,0.3730784269913976,0.6397733405288721,0.3682007898122089,0.6222042576125034,0.3643856753061838,0.5974993349295026,0.366143620764434,0.5989261744966443,0.3660226283724978,0.6135756280064136,0.3693095967405299,0.6314956475863888,0.3709129668832995,0.6588883062401678,0.3750924644459292,0.6337527352297593,0.3497573551713679
61,Housing,Post 1979 All and Pre 1979 Single Family Renter Occupied by Year Structure Built by Units in Structure,544.0,82164.0,636.0,77998.0,619.0,73992.0,634.0,73349.0,511.0,69953.0,533.0,70573.0,842.0,68451.0,634.0,67616.0,579.0,65448.0,654.0,65701.0,1074.0,114951.0,1090.0,114749.0,1059.0,113799.0,1065.0,113725.0,1001.0,111672.0,509.0,42099.0
62,Housing,Pre 1980 MultiFamily Renter Occupied by Year Structure Built by Units in Structure,746.0,141862.0,581.0,144178.0,645.0,146950.0,775.0,149184.0,1138.0,146145.0,668.0,154965.0,614.0,155386.0,680.0,156751.0,756.0,159388.0,748.0,158259.0,439.0,90725.0,404.0,89862.0,387.0,88408.0,332.0,87105.0,300.0,88150.0,830.0,172030.0
63,Housing,Renter Occupied,0.3589315525876461,0.6180322539766497,0.3404195804195804,0.6150900938258499,0.3533687447581772,0.6145493937752594,0.3914976382328424,0.6179064491616145,0.4542699724517906,0.6221964034590752,0.3296733461432885,0.623925832298463,0.3791666666666666,0.6237999453950778,0.3548474210099919,0.6269215730086024,0.3602266594711279,0.6317992101877911,0.3777957423874966,0.6356143246938162,0.4025006650704975,0.6338563792355659,0.4010738255033557,0.6339773716275022,0.3864243719935863,0.63069040325947,0.3685043524136112,0.6290870331167004,0.3411116937598322,0.6249075355540709,0.3662472647702407,0.6502426448286321
64,Housing,Total Number of Units,3875.0,413571.0,3874.0,410552.0,3870.0,407284.0,3827.0,403943.0,3797.0,382814.0,3773.0,396851.0,3940.0,393098.0,3824.0,389511.0,3839.0,385944.0,3866.0,382915.0,3869.0,379773.0,3909.0,377499.0,3953.0,375132.0,4010.0,374229.0,4016.0,371781.0,3756.0,346527.0
65,Housing,Total Vacant Units,281.0,50577.0,299.0,48818.0,293.0,47269.0,228.0,43369.0,167.0,35091.0,130.0,35292.0,100.0,34156.0,121.0,31471.0,133.0,29910.0,155.0,30349.0,110.0,31620.0,184.0,32799.0,211.0,34954.0,219.0,36484.0,202.0,36517.0,100.0,16827.0
66,Housing,Vacancy Rate,0.072516129032258,0.1222933909776072,0.0771812080536912,0.1189082016407178,0.0757105943152454,0.1160590644366093,0.0595766919257904,0.1073641578143451,0.043982091124572,0.0916659265335123,0.0344553405777895,0.0889301022298041,0.0253807106598984,0.0868892744302947,0.0316422594142259,0.0807961777716162,0.0346444386558999,0.077498289907344,0.0400931195033626,0.0792577987281772,0.0284311191522357,0.0832602633678539,0.0470708621130724,0.0868849983708566,0.0533771818871742,0.0931778680571105,0.0546134663341645,0.0974911083855072,0.0502988047808764,0.0982218026203598,0.0266240681576144,0.0485589867456215
67,Housing Prices,Contract Rent 100 to 149,0.0,735.0,0.0,669.0,0.0,561.0,0.0,710.0,0.0,848.0,0.0,795.0,0.0,762.0,17.0,965.0,20.0,1047.0,18.0,1198.0,21.0,1115.0,30.0,1235.0,7.0,1291.0,7.0,1188.0,7.0,1189.0,14.0,2218.0
68,Housing Prices,Contract Rent 1000 to 1249,33.0,12360.0,49.0,12735.0,75.0,13883.0,61.0,15685.0,175.0,16005.0,19.0,17491.0,25.0,18314.0,71.0,20972.0,68.0,22300.0,77.0,23989.0,86.0,24438.0,94.0,25594.0,108.0,25189.0,95.0,26334.0,123.0,27887.0,220.0,29768.0
69,Housing Prices,Contract Rent 1250 to 1499,35.0,11850.0,10.0,12425.0,16.0,13053.0,64.0,15334.0,243.0,14963.0,175.0,17640.0,100.0,19616.0,171.0,19477.0,171.0,21110.0,142.0,22981.0,126.0,23214.0,149.0,23799.0,126.0,25427.0,100.0,25043.0,84.0,24253.0,191.0,17994.0
70,Housing Prices,Contract Rent 150 to 199,0.0,1248.0,0.0,1131.0,0.0,1144.0,26.0,1263.0,0.0,1219.0,44.0,1059.0,0.0,880.0,0.0,811.0,0.0,898.0,0.0,1082.0,0.0,1157.0,0.0,1037.0,0.0,988.0,0.0,959.0,8.0,834.0,28.0,6640.0
71,Housing Prices,Contract Rent 1500 to 1999,249.0,27125.0,282.0,27134.0,305.0,28583.0,290.0,31884.0,310.0,31616.0,234.0,34159.0,372.0,35576.0,316.0,38851.0,346.0,42047.0,382.0,43104.0,397.0,44214.0,384.0,44733.0,295.0,43113.0,376.0,43130.0,321.0,40401.0,175.0,23743.0
72,Housing Prices,Contract Rent 200 to 249,0.0,1262.0,38.0,1483.0,28.0,2141.0,24.0,2304.0,20.0,3011.0,0.0,3326.0,0.0,3487.0,0.0,3469.0,0.0,3989.0,0.0,3926.0,0.0,3442.0,0.0,4052.0,0.0,4233.0,0.0,3905.0,0.0,4157.0,29.0,4167.0
73,Housing Prices,"Contract Rent 2000 to 2499 (Contract Rent 2000 or more, DEC2000 and ACS2009-2014)",147.0,30319.0,153.0,29598.0,160.0,30033.0,263.0,28406.0,489.0,27086.0,155.0,29234.0,274.0,29473.0,110.0,28761.0,110.0,28746.0,101.0,28844.0,526.0,60838.0,423.0,54800.0,457.0,49997.0,408.0,43369.0,324.0,38455.0,96.0,14053.0
74,Housing Prices,Contract Rent 250 to 299,26.0,2653.0,31.0,3199.0,26.0,4040.0,0.0,6816.0,0.0,6796.0,0.0,6530.0,34.0,6214.0,69.0,6238.0,90.0,5584.0,79.0,5431.0,55.0,5289.0,24.0,4617.0,0.0,4912.0,0.0,5107.0,8.0,4943.0,8.0,3338.0
75,Housing Prices,Contract Rent 2500 to 2999 (ACS2015-),196.0,22846.0,160.0,23891.0,113.0,23653.0,37.0,24685.0,167.0,24242.0,47.0,25265.0,150.0,24192.0,57.0,22868.0,101.0,20913.0,107.0,17655.0,21.0,5684.0,15.0,5764.0,23.0,5769.0,28.0,5919.0,32.0,6063.0,,
76,Housing Prices,Contract Rent 300 to 349,0.0,5250.0,0.0,5449.0,9.0,5715.0,0.0,3379.0,0.0,3005.0,0.0,2602.0,0.0,2405.0,9.0,2698.0,0.0,2768.0,0.0,2640.0,0.0,2310.0,0.0,2483.0,0.0,2392.0,0.0,2351.0,0.0,3015.0,8.0,5346.0
77,Housing Prices,Contract Rent 3000 to 3499 (ACS2015-),136.0,23443.0,28.0,21301.0,36.0,21499.0,72.0,22343.0,45.0,21710.0,106.0,21726.0,117.0,19059.0,106.0,16228.0,43.0,13638.0,77.0,11377.0,0.0,0.0,0.0,0.0,0.0,0.0,0.0,0.0,0.0,0.0,,
78,Housing Prices,Contract Rent 350 to 399,30.0,2168.0,19.0,2685.0,10.0,1786.0,16.0,1491.0,0.0,1795.0,29.0,2458.0,29.0,2398.0,22.0,2479.0,22.0,2277.0,10.0,2357.0,13.0,2308.0,10.0,2073.0,39.0,2135.0,23.0,2003.0,20.0,1992.0,16.0,5235.0
79,Housing Prices,Contract Rent 3500 or more (ACS2015-),379.0,54106.0,361.0,51935.0,361.0,46454.0,357.0,35189.0,65.0,27172.0,98.0,21699.0,101.0,17755.0,125.0,14008.0,131.0,10639.0,136.0,8074.0,0.0,0.0,0.0,0.0,0.0,0.0,0.0,0.0,0.0,0.0,,
80,Housing Prices,Contract Rent 400 to 449,0.0,1585.0,0.0,1400.0,10.0,1212.0,16.0,2155.0,0.0,2320.0,12.0,2476.0,0.0,3090.0,0.0,4110.0,0.0,4150.0,60.0,4019.0,43.0,4073.0,75.0,3501.0,68.0,3185.0,66.0,3064.0,39.0,3259.0,32.0,5503.0
81,Housing Prices,Contract Rent 500 to 549,0.0,1258.0,0.0,1460.0,15.0,1687.0,0.0,2081.0,5.0,2161.0,10.0,2627.0,22.0,2418.0,12.0,2233.0,23.0,2209.0,10.0,2307.0,12.0,2353.0,9.0,2688.0,5.0,3496.0,0.0,4026.0,35.0,4323.0,5.0,5711.0
82,Housing Prices,Contract Rent 550 to 599,0.0,2419.0,0.0,2363.0,0.0,1747.0,0.0,2690.0,10.0,3590.0,22.0,4301.0,0.0,4313.0,28.0,4226.0,6.0,4420.0,0.0,4412.0,0.0,4282.0,11.0,4787.0,13.0,5226.0,43.0,4891.0,10.0,4718.0,25.0,8537.0
83,Housing Prices,Contract Rent 600 to 649,0.0,1843.0,0.0,2304.0,0.0,2531.0,19.0,2173.0,0.0,1783.0,7.0,2201.0,7.0,2096.0,0.0,2260.0,0.0,2602.0,0.0,2951.0,0.0,2960.0,0.0,3458.0,0.0,3042.0,0.0,3149.0,0.0,3226.0,26.0,6972.0
84,Housing Prices,Contract Rent 650 to 699,0.0,1902.0,0.0,1485.0,0.0,1653.0,10.0,2130.0,5.0,2732.0,11.0,3097.0,11.0,3068.0,0.0,3347.0,0.0,3600.0,0.0,3924.0,0.0,3730.0,0.0,3853.0,0.0,4307.0,49.0,4354.0,48.0,4837.0,21.0,9456.0
85,Housing Prices,Contract Rent 700 to 749,0.0,1346.0,0.0,1294.0,0.0,1477.0,30.0,1778.0,0.0,1317.0,45.0,1934.0,8.0,2353.0,24.0,2499.0,24.0,2715.0,26.0,2941.0,30.0,3324.0,60.0,3669.0,117.0,3191.0,84.0,3798.0,88.0,3340.0,50.0,8024.0
86,Housing Prices,Contract Rent 750 to 749,0.0,1231.0,0.0,1843.0,35.0,2128.0,21.0,1856.0,0.0,2719.0,9.0,3140.0,0.0,2883.0,18.0,3171.0,20.0,3493.0,46.0,3794.0,51.0,3669.0,37.0,3703.0,45.0,4732.0,8.0,4357.0,6.0,5126.0,45.0,8938.0
87,Housing Prices,Contract Rent 750 to 799,0.0,1971.0,27.0,1628.0,11.0,1410.0,0.0,2216.0,22.0,1943.0,0.0,2186.0,12.0,2598.0,12.0,2683.0,36.0,3147.0,13.0,2939.0,23.0,3463.0,20.0,3307.0,8.0,2749.0,9.0,3763.0,9.0,4187.0,32.0,8550.0
88,Housing Prices,Contract Rent 800 to 899,0.0,3330.0,0.0,3236.0,10.0,3578.0,0.0,5227.0,35.0,6009.0,10.0,6448.0,67.0,6990.0,57.0,8196.0,33.0,8259.0,30.0,8930.0,19.0,9029.0,16.0,9095.0,26.0,8873.0,17.0,10206.0,79.0,10955.0,170.0,18041.0
89,Housing Prices,Contract Rent 900 to 999,33.0,4376.0,33.0,4635.0,0.0,5326.0,47.0,5184.0,48.0,6380.0,126.0,7088.0,41.0,7599.0,50.0,7175.0,70.0,7452.0,58.0,8051.0,90.0,8357.0,137.0,8953.0,109.0,9207.0,84.0,10760.0,60.0,11497.0,115.0,16283.0
90,Housing Prices,Contract Rent Less than 100,0.0,1142.0,0.0,951.0,0.0,653.0,0.0,705.0,0.0,907.0,0.0,903.0,0.0,1057.0,0.0,1232.0,0.0,1465.0,0.0,1505.0,0.0,1430.0,0.0,1331.0,0.0,1093.0,0.0,795.0,0.0,852.0,14.0,1385.0
91,Housing Prices,Contract Rent Total,1290.0,224342.0,1217.0,222499.0,1264.0,221247.0,1409.0,222801.0,1649.0,216352.0,1201.0,225586.0,1456.0,223908.0,1314.0,224463.0,1335.0,224942.0,1402.0,224096.0,1513.0,220679.0,1494.0,218532.0,1446.0,214547.0,1397.0,212471.0,1301.0,209509.0,1339.0,214198.0
92,Housing Prices,Contract Rent Total No cash Rent (ACS2015-),26.0,6574.0,26.0,6265.0,44.0,5300.0,56.0,5117.0,10.0,5023.0,42.0,5201.0,86.0,5312.0,40.0,5506.0,21.0,5474.0,30.0,5665.0,0.0,0.0,0.0,0.0,0.0,0.0,0.0,0.0,0.0,0.0,19.0,4296.0
93,Housing Prices,"Contract Rent Total No cash Rent (No cash rent, DEC2000 and ACS2009-2014)",196.0,22846.0,160.0,23891.0,113.0,23653.0,37.0,24685.0,167.0,24242.0,47.0,25265.0,150.0,24192.0,57.0,22868.0,101.0,20913.0,107.0,17655.0,21.0,5684.0,15.0,5764.0,23.0,5769.0,28.0,5919.0,32.0,6063.0,19.0,4296.0
94,Housing Prices,Contract Rent Total With cash Rent,1264.0,217768.0,1191.0,216234.0,1220.0,215947.0,1353.0,217684.0,1639.0,211329.0,1159.0,220385.0,1370.0,218596.0,1274.0,218957.0,1314.0,219468.0,1372.0,218431.0,1492.0,214995.0,1479.0,212768.0,1423.0,208778.0,1369.0,206552.0,1269.0,203446.0,1320.0,209902.0
95,Housing Prices,Extremely Rent Burdened,0.1992248062015504,0.188364193953874,0.2054231717337715,0.1762300055281147,0.175632911392405,0.1729740968239117,0.1334279630943932,0.1710943846751136,0.1752577319587628,0.1711285312823546,0.0691090757701915,0.1712694936742528,0.1236263736263736,0.1823114850742269,0.0837138508371385,0.189639272396787,0.1355805243445693,0.2033368601683989,0.1597717546362339,0.2083660574039697,0.1797752808988764,0.2156344736019285,0.180053547523427,0.2184851646440795,0.1984785615491009,0.221047136524864,0.164638511095204,0.2104240108061806,0.1414296694850115,0.2075137583588294,0.1179985063480209,0.1636709959943603
96,Housing Prices,Home Value 10000 to 14999 ,8.0,212.0,9.0,183.0,0.0,205.0,0.0,175.0,0.0,144.0,0.0,79.0,0.0,98.0,0.0,82.0,0.0,59.0,0.0,74.0,0.0,76.0,0.0,71.0,0.0,59.0,0.0,74.0,0.0,45.0,0.0,62.0
97,Housing Prices,Home Value 100000 to 124999,0.0,786.0,7.0,984.0,9.0,893.0,0.0,644.0,27.0,582.0,0.0,462.0,9.0,422.0,11.0,524.0,20.0,482.0,19.0,477.0,17.0,560.0,6.0,706.0,9.0,668.0,16.0,667.0,17.0,726.0,7.0,663.0
98,Housing Prices,"Home Value 1000000 to 1499999 (1000000 or more, DEC2000 and ACS2009-2014)",448.0,44558.0,512.0,46265.0,536.0,46445.0,608.0,43297.0,767.0,41084.0,660.0,37869.0,420.0,33886.0,796.0,29448.0,760.0,25127.0,687.0,20784.0,894.0,33662.0,766.0,30888.0,846.0,30973.0,997.0,32270.0,1066.0,33403.0,114.0,9895.0
99,Housing Prices,Home Value 125000 to 149999,0.0,376.0,0.0,182.0,0.0,99.0,22.0,153.0,0.0,98.0,0.0,59.0,0.0,74.0,0.0,102.0,0.0,122.0,0.0,166.0,0.0,211.0,0.0,247.0,0.0,189.0,0.0,159.0,0.0,149.0,6.0,708.0
100,Housing Prices,Home Value 15000 to 19999 ,0.0,71.0,0.0,103.0,0.0,88.0,0.0,54.0,0.0,89.0,0.0,49.0,0.0,54.0,0.0,51.0,0.0,46.0,0.0,29.0,0.0,187.0,0.0,159.0,0.0,198.0,0.0,191.0,0.0,158.0,0.0,117.0
101,Housing Prices,Home Value 150000 to 174999,46.0,434.0,22.0,319.0,22.0,333.0,7.0,265.0,0.0,197.0,9.0,307.0,0.0,463.0,9.0,490.0,0.0,440.0,0.0,438.0,0.0,484.0,0.0,485.0,0.0,405.0,0.0,503.0,9.0,536.0,62.0,1269.0
102,Housing Prices,Home Value 1500000 to 1999999 (ACS2015-),633.0,29091.0,597.0,28389.0,553.0,28361.0,592.0,24715.0,187.0,20876.0,588.0,19365.0,277.0,15807.0,380.0,12388.0,348.0,9489.0,281.0,7792.0,0.0,0.0,0.0,0.0,0.0,0.0,0.0,0.0,0.0,0.0,,
103,Housing Prices,Home Value 175000 to 199999,0.0,106.0,0.0,160.0,13.0,84.0,15.0,59.0,0.0,50.0,11.0,104.0,26.0,184.0,12.0,187.0,0.0,288.0,0.0,337.0,12.0,418.0,7.0,309.0,20.0,401.0,19.0,318.0,25.0,361.0,80.0,2042.0
104,Housing Prices,Home Value 20000 to 24999 ,0.0,103.0,0.0,76.0,0.0,8.0,0.0,28.0,0.0,47.0,0.0,25.0,0.0,18.0,0.0,39.0,0.0,37.0,0.0,23.0,0.0,26.0,0.0,29.0,0.0,139.0,14.0,143.0,12.0,142.0,0.0,411.0
105,Housing Prices,Home Value 200000 to 249999,32.0,573.0,32.0,506.0,29.0,556.0,6.0,627.0,0.0,537.0,26.0,756.0,11.0,731.0,26.0,877.0,24.0,1051.0,36.0,1321.0,39.0,1541.0,70.0,1595.0,75.0,1551.0,141.0,1776.0,124.0,1667.0,54.0,6734.0
106,Housing Prices,Home Value 2000000 or more (ACS2015-),863.0,33698.0,924.0,33776.0,785.0,30680.0,489.0,24626.0,62.0,20385.0,540.0,21444.0,206.0,18798.0,338.0,15408.0,298.0,12454.0,166.0,10149.0,0.0,0.0,0.0,0.0,0.0,0.0,0.0,0.0,0.0,0.0,,
107,Housing Prices,Home Value 25000 to 29999 ,0.0,11.0,0.0,27.0,0.0,71.0,0.0,82.0,0.0,75.0,0.0,59.0,0.0,49.0,0.0,68.0,0.0,7.0,0.0,12.0,0.0,9.0,0.0,26.0,0.0,19.0,0.0,51.0,0.0,74.0,0.0,777.0
108,Housing Prices,Home Value 250000 to 299999,8.0,419.0,16.0,480.0,12.0,426.0,21.0,749.0,23.0,833.0,51.0,799.0,11.0,1039.0,77.0,977.0,45.0,1075.0,58.0,1169.0,89.0,1519.0,94.0,1456.0,92.0,1495.0,105.0,1421.0,78.0,1463.0,144.0,10611.0
109,Housing Prices,Home Value 30000 to 34999 ,0.0,8.0,0.0,12.0,0.0,0.0,0.0,0.0,0.0,0.0,0.0,10.0,0.0,34.0,0.0,38.0,0.0,64.0,0.0,84.0,0.0,77.0,0.0,58.0,0.0,45.0,0.0,45.0,0.0,21.0,0.0,955.0
110,Housing Prices,Home Value 300000 to 399999,17.0,1602.0,25.0,1818.0,37.0,2252.0,37.0,2573.0,55.0,2432.0,29.0,2460.0,67.0,2805.0,28.0,3145.0,25.0,3943.0,39.0,4767.0,32.0,5129.0,73.0,5243.0,54.0,4933.0,75.0,4397.0,78.0,3406.0,409.0,25189.0
111,Housing Prices,Home Value 35000 to 39999 ,0.0,12.0,0.0,9.0,0.0,5.0,0.0,29.0,0.0,58.0,0.0,45.0,0.0,53.0,0.0,110.0,0.0,84.0,0.0,80.0,0.0,83.0,0.0,101.0,0.0,64.0,0.0,81.0,0.0,123.0,0.0,1056.0
112,Housing Prices,Home Value 40000 to 49999 ,0.0,75.0,0.0,68.0,0.0,65.0,0.0,49.0,0.0,41.0,0.0,74.0,5.0,75.0,0.0,85.0,0.0,208.0,0.0,211.0,0.0,228.0,0.0,279.0,0.0,305.0,0.0,240.0,0.0,225.0,17.0,831.0
113,Housing Prices,Home Value 400000 to 499999,41.0,2288.0,39.0,2258.0,38.0,2266.0,8.0,2185.0,26.0,2168.0,22.0,2820.0,113.0,3895.0,24.0,5230.0,45.0,6965.0,43.0,8565.0,67.0,9354.0,55.0,9796.0,69.0,9546.0,53.0,8321.0,41.0,7079.0,479.0,20035.0
114,Housing Prices,Home Value 50000 to 59999 ,0.0,117.0,0.0,88.0,0.0,91.0,0.0,91.0,0.0,101.0,0.0,91.0,0.0,129.0,0.0,153.0,0.0,195.0,0.0,202.0,0.0,296.0,0.0,398.0,0.0,380.0,0.0,400.0,0.0,402.0,7.0,411.0
115,Housing Prices,Home Value 500000 to 749999,75.0,6702.0,43.0,6738.0,58.0,6778.0,135.0,11672.0,300.0,14124.0,157.0,18502.0,662.0,22866.0,183.0,28879.0,227.0,33939.0,303.0,37576.0,338.0,39490.0,354.0,41232.0,371.0,40918.0,323.0,39818.0,361.0,39479.0,741.0,22252.0
116,Housing Prices,Home Value 60000 to 69999 ,0.0,31.0,0.0,20.0,0.0,14.0,0.0,13.0,0.0,34.0,0.0,67.0,0.0,57.0,0.0,115.0,0.0,191.0,0.0,227.0,0.0,233.0,0.0,299.0,0.0,332.0,0.0,386.0,0.0,505.0,0.0,303.0
117,Housing Prices,Home Value 70000 to 79999 ,0.0,127.0,0.0,191.0,0.0,46.0,0.0,158.0,7.0,201.0,0.0,186.0,0.0,194.0,0.0,223.0,0.0,271.0,0.0,314.0,0.0,258.0,0.0,242.0,0.0,258.0,12.0,437.0,14.0,458.0,0.0,281.0
118,Housing Prices,Home Value 750000 to 999999,107.0,15913.0,94.0,15324.0,177.0,17664.0,208.0,24204.0,520.0,26087.0,317.0,28869.0,577.0,31656.0,494.0,33015.0,568.0,32795.0,665.0,31905.0,747.0,32153.0,796.0,31352.0,760.0,32015.0,639.0,32698.0,688.0,34403.0,180.0,10032.0
119,Housing Prices,Home Value 80000 to 89999 ,0.0,71.0,0.0,89.0,0.0,43.0,0.0,60.0,0.0,100.0,0.0,148.0,0.0,188.0,0.0,222.0,0.0,247.0,0.0,296.0,0.0,253.0,0.0,263.0,0.0,222.0,0.0,352.0,0.0,425.0,7.0,262.0
120,Housing Prices,Home Value 90000 to 99999 ,0.0,105.0,0.0,16.0,0.0,80.0,9.0,104.0,7.0,92.0,8.0,162.0,0.0,140.0,0.0,110.0,0.0,139.0,0.0,218.0,0.0,202.0,0.0,252.0,0.0,227.0,0.0,295.0,0.0,309.0,10.0,303.0
121,Housing Prices,Home Value Less than 10000,26.0,1163.0,38.0,1154.0,44.0,1215.0,33.0,1161.0,0.0,936.0,24.0,1162.0,0.0,1319.0,11.0,1611.0,11.0,1374.0,12.0,1254.0,11.0,1025.0,10.0,682.0,0.0,289.0,0.0,231.0,0.0,196.0,0.0,116.0
122,Housing Prices,Home Value Total,2304.0,138652.0,2358.0,139235.0,2313.0,138768.0,2190.0,137773.0,1981.0,131371.0,2442.0,135973.0,2384.0,135034.0,2389.0,133577.0,2371.0,131092.0,2309.0,128470.0,2246.0,127474.0,2231.0,126168.0,2296.0,125631.0,2394.0,125274.0,2513.0,125755.0,2317.0,115315.0
123,Housing Prices,Housing Units with a Mortgage,1428.0,88796.0,1612.0,89491.0,1611.0,88696.0,1532.0,89064.0,1234.0,85383.0,1738.0,89744.0,1698.0,89454.0,1635.0,89845.0,1641.0,89772.0,1579.0,89459.0,1500.0,88893.0,1375.0,88729.0,1558.0,89798.0,1616.0,89583.0,1752.0,89788.0,1373.0,54435.0
124,Housing Prices,Housing Units with a Mortgage 0 to 30%,1023.0,56203.0,1167.0,56372.0,1168.0,56525.0,1075.0,56227.0,673.0,52776.0,1194.0,55849.0,967.0,55122.0,1136.0,54107.0,1153.0,52499.0,1094.0,49874.0,1040.0,47633.0,887.0,45780.0,958.0,45483.0,920.0,44283.0,1010.0,44917.0,869.0,33318.0
125,Housing Prices,Housing Units with a Mortgage 30-50%,217.0,17093.0,237.0,17431.0,228.0,16639.0,254.0,17385.0,219.0,17385.0,317.0,18446.0,370.0,18515.0,259.0,19655.0,263.0,20586.0,297.0,21780.0,251.0,22368.0,236.0,22998.0,306.0,23568.0,358.0,23760.0,344.0,23833.0,293.0,12389.0
126,Housing Prices,Housing Units with a Mortgage 50%+,176.0,15053.0,160.0,15121.0,172.0,15048.0,174.0,14934.0,342.0,14686.0,214.0,14985.0,333.0,15396.0,240.0,15684.0,225.0,16367.0,180.0,17528.0,203.0,18638.0,246.0,19680.0,285.0,20452.0,331.0,21220.0,398.0,20755.0,198.0,8506.0
127,Housing Prices,Housing Units with a Mortgage Not Computed,12.0,447.0,48.0,567.0,43.0,484.0,29.0,518.0,0.0,536.0,13.0,464.0,28.0,421.0,0.0,399.0,0.0,320.0,8.0,277.0,6.0,254.0,6.0,271.0,9.0,295.0,7.0,320.0,0.0,283.0,13.0,222.0
128,Housing Prices,Housing Units without a Mortgage,876.0,49856.0,746.0,49744.0,702.0,50072.0,658.0,48709.0,747.0,45988.0,704.0,46229.0,686.0,45580.0,754.0,43732.0,730.0,41320.0,730.0,39011.0,746.0,38581.0,856.0,37439.0,738.0,35833.0,778.0,35691.0,761.0,35967.0,410.0,25110.0
129,Housing Prices,Housing Units without a Mortgage 0 to 30%,808.0,40976.0,716.0,41425.0,646.0,41739.0,601.0,40617.0,661.0,38954.0,601.0,39447.0,592.0,38837.0,639.0,37150.0,633.0,35094.0,632.0,32810.0,673.0,32577.0,751.0,31893.0,636.0,30836.0,626.0,30586.0,616.0,30951.0,388.0,22071.0
130,Housing Prices,Housing Units without a Mortgage 30-50%,16.0,2743.0,16.0,2665.0,42.0,2816.0,41.0,2897.0,50.0,2760.0,55.0,3105.0,40.0,3226.0,39.0,3285.0,31.0,2912.0,52.0,2896.0,33.0,2709.0,38.0,2344.0,54.0,1947.0,84.0,2118.0,67.0,2067.0,9.0,1335.0
131,Housing Prices,Housing Units without a Mortgage 50%+,40.0,5474.0,14.0,4908.0,14.0,4660.0,16.0,4383.0,36.0,3539.0,37.0,3062.0,54.0,2949.0,65.0,2804.0,55.0,2727.0,46.0,2774.0,40.0,2743.0,39.0,2569.0,19.0,2440.0,37.0,2470.0,48.0,2459.0,13.0,1231.0
132,Housing Prices,Housing Units without a Mortgage Not Computed,12.0,663.0,0.0,746.0,0.0,857.0,0.0,812.0,0.0,735.0,11.0,615.0,0.0,568.0,11.0,493.0,11.0,587.0,0.0,531.0,0.0,552.0,28.0,633.0,29.0,610.0,31.0,517.0,30.0,490.0,0.0,473.0
133,Housing Prices,Median Contract Rent,2701.530612244898,2360.0052772189056,2348.0392156862745,2314.345563889452,2187.5,2227.5080744514366,2099.8098859315587,2031.349010772372,1913.7096774193549,1913.7382970647773,1629.2735042735044,1820.420679762288,1942.2043010752689,1735.5098943107714,1621.8354430379748,1644.6230470258165,1606.936416184971,1574.3097010488264,1653.1413612565443,1498.2431138766808,1776.969773299748,1277.125786163522,1587.890625,1428.0326904491783,1568.6440677966102,1389.1041019388838,1632.313829787234,1332.518068921455,1516.3551401869158,1264.2868923432152,1025.0,841.380743861205
134,Housing Prices,Median Gross Rent by Bedrooms - 1 Bedroom- COUNTY ONLY,2320.5430359937404,2527.9544131073585,2443.2341628959275,2527.763279799277,2393.846850317858,2431.3887613866423,2250.064655172414,2332.782505826766,2046.1075933712589,2236.9238444897705,2105.1185722928008,1987.3592815457653,1858.0,1879.697100817997,1481.0,1773.904183048578,1684.0,1702.3081390250975,,1615.6187887418328,,,,,,,,,,,,
135,Housing Prices,Median Gross Rent by Bedrooms - 2 Bedrooms- COUNTY ONLY,3333.1596244131456,3037.3912325463225,3224.635180995475,2974.0977105440743,2985.958582161433,2888.7137188599822,2691.137212643678,2686.888502338676,1978.951768488746,2478.535920269136,1704.971566848155,2357.3725121002717,2093.106090373281,2259.758818197654,1757.8420085731782,2163.1152869029315,1866.5840024706608,2064.7827937154125,,2040.4539020537125,,,,,,,,,,,,
136,Housing Prices,Median Gross Rent by Bedrooms - 3-4 Bedrooms- COUNTY ONLY,,6430.173012770701,,6439.977962507547,,6172.378898796101,5126.0,5879.461080366243,5319.499134306208,5407.014069372479,,5141.023766261463,4425.0,5049.50689427445,,4804.605713132323,,4725.432584904807,,4900.870439210516,,,,,,,,,,,,
137,Housing Prices,Median Gross Rent by Bedrooms - 5 Bedrooms or more- COUNTY ONLY,,2236.218649701972,,1969.8453809326795,,2070.645886936705,,2411.8356148287407,,2445.470040582478,,1831.595673876872,,1608.7699591836736,,1489.3307520612218,,1810.520923520924,,1406.267073943865,,,,,,,,,,,,
138,Housing Prices,Median Gross Rent by Bedrooms - No Bedroom- COUNTY ONLY,2052.0,2056.9530122877245,2282.1906108597286,2019.7694670479325,2106.0,2009.441433506406,2023.0,1869.028631857237,1255.396982438783,1853.5116718054253,1250.0,1656.6306397444298,2188.0,1578.3927933074528,1625.0,1444.259250117122,,1351.2930499794438,,1307.3434908332092,,,,,,,,,,,,
139,Housing Prices,Median Home Value,1771721.9589257503,1426646.1690381076,1786432.1608040202,1419458.553982492,1664104.882459313,1388653.245774572,1488486.8421052631,1274285.747280412,1016623.2073011734,1202749.2454483495,1429545.4545454546,1141164.276849138,874783.3622183709,1014371.7169332468,1200690.9547738694,927726.0336210814,1145065.7894736845,859155.3590486355,992293.2330827068,800109.7006738755,826640.2797858099,983842.0055049296,890232.4120603015,744882.6154443151,900657.8947368421,751347.0248321099,921752.7386541473,767822.1909596918,930777.6162790698,785814.4638548964,474217.11899791233,422742.7002745196
140,Housing Prices,Median Rent,2845.528455284553,2477.560434224673,2383.093525179856,2420.0504501979467,2255.681818181818,2316.617543624611,2247.1153846153848,2130.896266987786,2017.5736961451248,1990.7136894824707,1725.3649635036495,1896.5871467423435,2027.1186440677968,1806.484197708529,1692.090395480226,1710.554971943939,1647.4719101123596,1632.989666060664,1708.4468664850135,1558.9823431996829,1726.4105263157894,1965.3573282929492,1624.320652173913,1488.3549711725911,1610.641891891892,1447.190041902884,1665.909090909091,1387.895407670619,1524.7603833865817,1328.375972442621,1095.2380952380952,927.747476647232
141,Housing Prices,Median Rent as % of Household Income,23.329285714285717,25.094034253511204,23.35386904761905,25.122283722837228,20.57361111111111,24.78552434711643,19.499086757990867,24.74661730346344,26.742025862068964,24.884884489661,20.08364779874214,24.816020014044945,23.68047619047619,25.01581448239451,29.31574074074074,26.056794397037518,27.95,27.20303856565577,29.073809523809523,27.92436527127097,30.331325301204817,28.632000471809388,25.605,28.963136085198386,25.105357142857144,28.994228655185047,22.88370786516854,28.385966623770184,24.307,28.285377898351065,21.081151832460733,25.37444913267698
142,Housing Prices,Rent 100 to 149,0.0,399.0,0.0,333.0,0.0,251.0,0.0,321.0,0.0,458.0,0.0,694.0,0.0,750.0,17.0,972.0,20.0,1113.0,18.0,1137.0,21.0,1000.0,30.0,1037.0,7.0,1015.0,7.0,796.0,7.0,792.0,14.0,1888.0
143,Housing Prices,Rent 1000 to 1249,7.0,10990.0,64.0,11140.0,54.0,12152.0,61.0,14128.0,172.0,15829.0,27.0,16887.0,27.0,17905.0,79.0,19380.0,100.0,20684.0,96.0,23176.0,126.0,23850.0,133.0,24688.0,125.0,25259.0,129.0,26026.0,139.0,27324.0,210.0,31472.0
144,Housing Prices,Rent 1250 to 1499,52.0,11993.0,13.0,12954.0,23.0,13260.0,70.0,15788.0,213.0,15049.0,158.0,17442.0,71.0,18871.0,134.0,19847.0,167.0,22179.0,134.0,23455.0,123.0,23527.0,156.0,24109.0,101.0,24342.0,90.0,25891.0,113.0,25837.0,205.0,20419.0
145,Housing Prices,Rent 150 to 199,0.0,656.0,0.0,664.0,0.0,549.0,22.0,680.0,0.0,652.0,37.0,504.0,0.0,436.0,0.0,530.0,0.0,562.0,0.0,622.0,0.0,558.0,0.0,607.0,0.0,702.0,0.0,721.0,8.0,782.0,28.0,5637.0
146,Housing Prices,Rent 1500 to 1999,260.0,26179.0,282.0,25819.0,296.0,27908.0,240.0,30793.0,311.0,31148.0,274.0,33828.0,375.0,36134.0,354.0,39029.0,356.0,41804.0,367.0,42873.0,380.0,43912.0,368.0,44764.0,296.0,44086.0,330.0,42781.0,313.0,40777.0,224.0,25750.0
147,Housing Prices,Rent 200 to 249,0.0,1114.0,30.0,1291.0,23.0,1363.0,24.0,1752.0,0.0,2198.0,0.0,2088.0,0.0,2115.0,0.0,2279.0,0.0,2726.0,0.0,2892.0,0.0,2835.0,0.0,3427.0,0.0,3379.0,0.0,3218.0,0.0,3222.0,29.0,4434.0
148,Housing Prices,"Rent 2000 to 2499  (Rent 2000 or more, DEC2000 and ACS2009-2014)",150.0,28833.0,139.0,28543.0,176.0,29857.0,260.0,29065.0,441.0,27648.0,166.0,30072.0,295.0,30181.0,131.0,30039.0,113.0,29992.0,126.0,30192.0,574.0,66552.0,463.0,60497.0,481.0,55161.0,464.0,48885.0,337.0,43209.0,101.0,15785.0
149,Housing Prices,Rent 250 to 299,26.0,2073.0,31.0,2439.0,26.0,3153.0,0.0,5803.0,10.0,6828.0,0.0,6752.0,34.0,6408.0,69.0,6332.0,90.0,6101.0,79.0,6246.0,55.0,5723.0,24.0,5209.0,0.0,5168.0,0.0,5356.0,8.0,5328.0,8.0,3433.0
150,Housing Prices,Rent 2500 to 2999 (ACS2015-),123.0,24391.0,83.0,23658.0,127.0,23861.0,93.0,25262.0,189.0,24434.0,33.0,25889.0,142.0,24624.0,57.0,23011.0,101.0,21664.0,116.0,19249.0,21.0,5684.0,15.0,5764.0,23.0,5769.0,28.0,5919.0,32.0,6063.0,,
151,Housing Prices,Rent 300 to 349,0.0,4729.0,0.0,4995.0,9.0,6496.0,0.0,4202.0,0.0,3376.0,0.0,2910.0,0.0,2456.0,9.0,2707.0,0.0,2713.0,0.0,2489.0,0.0,2480.0,0.0,2326.0,0.0,2344.0,0.0,2147.0,0.0,2557.0,8.0,4508.0
152,Housing Prices,Rent 3000 to 3499 (ACS2015-),198.0,23089.0,106.0,23165.0,22.0,21987.0,95.0,22182.0,140.0,21888.0,82.0,21970.0,142.0,19425.0,106.0,17239.0,61.0,15017.0,94.0,12540.0,0.0,0.0,0.0,0.0,0.0,0.0,0.0,0.0,0.0,0.0,,
153,Housing Prices,Rent 350 to 399,30.0,2940.0,19.0,3246.0,10.0,2204.0,16.0,1664.0,7.0,1675.0,19.0,1848.0,19.0,2357.0,10.0,2210.0,10.0,1989.0,10.0,2084.0,13.0,1863.0,10.0,1785.0,12.0,1994.0,0.0,2073.0,0.0,2051.0,5.0,4710.0
154,Housing Prices,Rent 3500 or more (ACS2015-),396.0,60110.0,374.0,56730.0,375.0,51175.0,357.0,39942.0,65.0,31116.0,148.0,25265.0,122.0,21083.0,125.0,16596.0,131.0,12376.0,136.0,9419.0,0.0,0.0,0.0,0.0,0.0,0.0,0.0,0.0,0.0,0.0,,
155,Housing Prices,Rent 400 to 449,0.0,1973.0,0.0,1771.0,10.0,1557.0,16.0,2041.0,0.0,2130.0,12.0,2476.0,0.0,2654.0,0.0,3520.0,0.0,3748.0,60.0,3531.0,43.0,3364.0,75.0,3022.0,72.0,2909.0,60.0,2693.0,59.0,2957.0,20.0,4998.0
156,Housing Prices,Rent 450 to 499,0.0,1146.0,0.0,1365.0,15.0,1344.0,0.0,1820.0,0.0,2017.0,0.0,2634.0,0.0,2839.0,0.0,2806.0,10.0,2819.0,10.0,3015.0,12.0,3140.0,9.0,3012.0,28.0,3707.0,29.0,3919.0,35.0,3851.0,11.0,5235.0
157,Housing Prices,Rent 500 to 549,0.0,1595.0,0.0,2090.0,0.0,1941.0,0.0,2545.0,8.0,3108.0,12.0,3890.0,13.0,3635.0,28.0,3587.0,19.0,3490.0,0.0,3377.0,0.0,3189.0,0.0,3382.0,0.0,3717.0,31.0,3839.0,0.0,4185.0,17.0,6882.0
158,Housing Prices,Rent 550 to 599,0.0,2054.0,0.0,1848.0,0.0,1935.0,15.0,1999.0,0.0,2113.0,34.0,2503.0,16.0,2441.0,12.0,2450.0,0.0,2452.0,0.0,2731.0,0.0,2730.0,0.0,3361.0,0.0,3581.0,0.0,3762.0,0.0,3904.0,15.0,7125.0
159,Housing Prices,Rent 600 to 649,0.0,1502.0,0.0,1609.0,5.0,1676.0,8.0,1974.0,0.0,2322.0,0.0,2561.0,10.0,2668.0,12.0,3093.0,12.0,3223.0,0.0,3152.0,0.0,3149.0,0.0,3230.0,0.0,3283.0,0.0,3458.0,0.0,3487.0,13.0,8197.0
160,Housing Prices,Rent 650 to 699,0.0,1645.0,8.0,1681.0,0.0,1518.0,15.0,1884.0,10.0,2004.0,26.0,2473.0,11.0,2328.0,24.0,2515.0,24.0,2842.0,26.0,3314.0,30.0,3478.0,11.0,4046.0,13.0,3694.0,12.0,3713.0,10.0,3331.0,57.0,8174.0
161,Housing Prices,Rent 700 to 749,0.0,1246.0,0.0,1264.0,11.0,1597.0,0.0,1848.0,5.0,2276.0,20.0,2656.0,0.0,2923.0,0.0,2996.0,10.0,2989.0,36.0,3496.0,33.0,3495.0,21.0,3322.0,69.0,3793.0,49.0,3586.0,77.0,4533.0,45.0,8384.0
162,Housing Prices,Rent 750 to 799,0.0,1523.0,11.0,1563.0,0.0,1657.0,19.0,2450.0,0.0,2100.0,9.0,2412.0,8.0,2399.0,9.0,2728.0,35.0,3363.0,23.0,3196.0,19.0,3461.0,85.0,3629.0,101.0,3511.0,92.0,4044.0,74.0,4164.0,14.0,8123.0
163,Housing Prices,Rent 800 to 899,0.0,3410.0,9.0,3411.0,27.0,3519.0,8.0,4242.0,33.0,4916.0,20.0,5728.0,20.0,5821.0,21.0,6618.0,11.0,7523.0,11.0,8037.0,32.0,7956.0,19.0,8269.0,10.0,8259.0,18.0,9338.0,0.0,9785.0,141.0,17915.0
164,Housing Prices,Rent 900 to 999,22.0,3424.0,22.0,4029.0,11.0,4606.0,34.0,4824.0,35.0,5468.0,82.0,6388.0,65.0,7482.0,77.0,7666.0,44.0,7132.0,30.0,7223.0,31.0,7813.0,75.0,8256.0,108.0,8309.0,58.0,9945.0,89.0,10929.0,141.0,15951.0
165,Housing Prices,Rent Burdened,0.3875968992248062,0.3773702650417666,0.3697617091207888,0.3624825280113618,0.3037974683544304,0.3544816426889404,0.3030518097941803,0.3563897828106696,0.3899332929047908,0.3563544593994971,0.2697751873438801,0.3529297030844112,0.3241758241758242,0.3699197884845561,0.4528158295281583,0.3878991192312319,0.4524344569288389,0.4067626321451752,0.4614835948644793,0.4173791589318863,0.4877726371447455,0.4319849192718836,0.431726907630522,0.4383156700162905,0.4349930843706777,0.4389853971390884,0.3822476735862563,0.428152547877122,0.3735588009223674,0.4262060341083199,0.2389843166542195,0.3576130496083063
166,Housing Prices,Rent Less than 100,0.0,754.0,0.0,626.0,0.0,381.0,0.0,475.0,0.0,576.0,0.0,515.0,0.0,661.0,0.0,807.0,0.0,967.0,0.0,985.0,0.0,920.0,0.0,790.0,0.0,565.0,0.0,361.0,0.0,441.0,14.0,882.0
167,Housing Prices,Rent Total,1290.0,224342.0,1217.0,222499.0,1264.0,221247.0,1409.0,222801.0,1649.0,216352.0,1201.0,225586.0,1456.0,223908.0,1314.0,224463.0,1335.0,224942.0,1402.0,224096.0,1513.0,220679.0,1494.0,218532.0,1446.0,214547.0,1397.0,212471.0,1301.0,209509.0,1339.0,214198.0
168,Housing Prices,"Rent Total No cash rent  (No cash rent, DEC2000 and ACS2009-2014)",123.0,24391.0,83.0,23658.0,127.0,23861.0,93.0,25262.0,189.0,24434.0,33.0,25889.0,142.0,24624.0,57.0,23011.0,101.0,21664.0,116.0,19249.0,21.0,5684.0,15.0,5764.0,23.0,5769.0,28.0,5919.0,32.0,6063.0,19.0,4296.0
169,Housing Prices,Rent Total No cash rent (ACS2015-),26.0,6574.0,26.0,6265.0,44.0,5300.0,56.0,5117.0,10.0,5023.0,42.0,5201.0,86.0,5312.0,40.0,5506.0,21.0,5474.0,30.0,5665.0,0.0,0.0,0.0,0.0,0.0,0.0,0.0,0.0,0.0,0.0,19.0,4296.0
170,Housing Prices,Rent Total With cash rent,1264.0,217768.0,1191.0,216234.0,1220.0,215947.0,1353.0,217684.0,1639.0,211329.0,1159.0,220385.0,1370.0,218596.0,1274.0,218957.0,1314.0,219468.0,1372.0,218431.0,1492.0,214995.0,1479.0,212768.0,1423.0,208778.0,1369.0,206552.0,1269.0,203446.0,1320.0,209902.0
171,Housing Type,10-19 Units,0.0126451612903225,0.0925379197284142,0.0118740320082601,0.0923999883084237,0.0129198966408268,0.0900771942919437,0.0162006793833289,0.0930403547035101,0.0421385304187516,0.0962190515498388,0.0124569308242777,0.0935187261717874,0.0101522842639593,0.0946685050547191,0.0109832635983263,0.0985825817499377,0.0109403490492315,0.0992631055282631,0.0142265907915157,0.0998890093101602,0.0157663478935125,0.0989643813541247,0.0143259145561524,0.1030360345325418,0.017455097394384,0.1013723169444355,0.0167082294264339,0.10052668285996,0.0112051792828685,0.1009007991263674,0.0340788072417465,0.1011609484975196
172,Housing Type,2-4 Units,0.2603870967741935,0.2017718843922809,0.2382550335570469,0.2021278668719187,0.2410852713178294,0.2101162824957523,0.2545074470864907,0.2096360130018344,0.2504608901764551,0.2022287586138438,0.2340312748476014,0.2142365774560225,0.2416243654822335,0.2153279843703097,0.2528765690376569,0.2133649627353271,0.2537119041417036,0.2122846837883216,0.2565959648215209,0.2137759032683493,0.2757818557766864,0.2160211494761344,0.285750831414684,0.2171740852293648,0.2777637237541108,0.2192934753633387,0.2311720698254364,0.2190690726800969,0.2208665338645418,0.2143170307250774,0.2244408945686901,0.2333180387098263
173,Housing Type,20 Units or More,0.0833548387096774,0.3071685393801789,0.0820856995353639,0.3055252440616536,0.0976744186046511,0.3019416426866756,0.0901489417298144,0.2920684353980636,0.066631551224651,0.2945817028635316,0.0813676119798568,0.2800774094055451,0.0961928934010152,0.2735017730947499,0.0763598326359832,0.2661850371363068,0.0791872883563428,0.2659349542938872,0.070098292809105,0.2614392228040165,0.0832256397001809,0.2584728245557214,0.0897927858787413,0.2548589532687503,0.0898052112319757,0.2540519070620475,0.0987531172069825,0.2523401446707764,0.0963645418326693,0.2510832990389503,0.0657614483493077,0.2294308957166397
174,Housing Type,5-9 Units,0.0263225806451612,0.0921437915134281,0.0180691791430046,0.0930332820203043,0.0237726098191214,0.0927362724781724,0.021949307551607,0.0943524210098949,0.0829602317619173,0.0946569352218048,0.0283593957063344,0.0983492545060992,0.016497461928934,0.0986598761631959,0.0326882845188284,0.1020946776856109,0.033342016150039,0.1036549343946272,0.0302638385928608,0.1040544246112061,0.0281726544326699,0.1046335574145608,0.0235354310565362,0.1019472899265958,0.0270680495825954,0.0992397342802,0.0316708229426433,0.100793898922852,0.0293824701195219,0.0996500628057915,0.038604898828541,0.1129839810462099
175,Housing Type,Other Type,0.008516129032258,0.0023091561062066,0.0090345895715023,0.0018901381554589,0.0,0.0019715972147199,0.0,0.0020002822180357,0.0,0.0019957472819698,0.0,0.0018596400160261,0.0,0.0020529231896371,0.0,0.0020589919155043,0.0,0.0023319445308127,0.0,0.00235039107896,0.0,0.0021433856540617,0.0,0.0020211974071454,0.0,0.0017513835130034,0.0,0.0016540674293013,0.0,0.0015116426068034,0.0,0.0016160356913025
176,Housing Type,Single Family Housing,0.6087741935483871,0.304068708879491,0.6406814661848219,0.3050234805822405,0.624547803617571,0.3031570108327359,0.6171936242487588,0.3089024936686612,0.5578087964182249,0.3103178044690111,0.6437847866419295,0.3119583924445195,0.6355329949238578,0.315788938127388,0.627092050209205,0.317713748777313,0.622818442302683,0.3165303774640881,0.6288153129849974,0.3184910489273076,0.5970535021969501,0.3197647015453969,0.5865950370938859,0.3209624396356016,0.587907918036934,0.3242911828369747,0.6216957605985037,0.3256161334370132,0.6421812749003984,0.3325371656970098,0.6371139510117146,0.3214901003385018
177,Income,Household Income 10000 to 14999,42.0,15308.0,52.0,15529.0,55.0,16000.0,38.0,16766.0,104.0,17288.0,41.0,18085.0,158.0,18491.0,91.0,19887.0,138.0,20617.0,147.0,21438.0,194.0,21208.0,154.0,21150.0,197.0,21154.0,115.0,20189.0,152.0,20010.0,134.0,16394.0
178,Income,Household Income 100000 to 124999,247.0,26735.0,226.0,26209.0,255.0,25620.0,276.0,27559.0,422.0,27970.0,270.0,30267.0,345.0,31518.0,268.0,33643.0,303.0,33784.0,295.0,33451.0,317.0,33454.0,312.0,32521.0,328.0,32239.0,348.0,32711.0,347.0,33163.0,419.0,27331.0
179,Income,Household Income 125000 to 149999,164.0,22202.0,209.0,22308.0,165.0,23366.0,184.0,26235.0,293.0,25181.0,189.0,25995.0,231.0,26865.0,275.0,26092.0,300.0,24878.0,298.0,24220.0,362.0,24036.0,360.0,22511.0,320.0,22628.0,343.0,22421.0,342.0,20872.0,270.0,16203.0
180,Income,Household Income 15000 to 19999,10.0,9038.0,21.0,8663.0,27.0,8641.0,42.0,8796.0,143.0,9914.0,59.0,10648.0,68.0,11261.0,73.0,11817.0,51.0,12624.0,117.0,13153.0,106.0,13637.0,140.0,13054.0,135.0,13720.0,165.0,14251.0,74.0,14661.0,103.0,13984.0
181,Income,Household Income 150000 to 199999,334.0,40776.0,378.0,41831.0,438.0,41397.0,566.0,42044.0,448.0,41573.0,537.0,43041.0,402.0,40710.0,369.0,38845.0,380.0,37112.0,376.0,34042.0,409.0,32900.0,362.0,32129.0,381.0,30817.0,393.0,29802.0,391.0,29308.0,291.0,17613.0
182,Income,Household Income 20000 to 24999,36.0,7934.0,18.0,8692.0,49.0,8944.0,56.0,9052.0,98.0,8831.0,66.0,10249.0,86.0,11101.0,73.0,11901.0,134.0,12088.0,124.0,12936.0,125.0,13469.0,78.0,13963.0,161.0,13745.0,116.0,13822.0,153.0,13280.0,80.0,14158.0
183,Income,Household Income 25000 to 29999,33.0,7042.0,23.0,6819.0,7.0,8370.0,27.0,9408.0,61.0,8838.0,75.0,8990.0,55.0,9442.0,74.0,9524.0,57.0,10116.0,40.0,10420.0,77.0,11209.0,65.0,11514.0,93.0,11528.0,77.0,12108.0,81.0,12023.0,107.0,14381.0
184,Income,Household Income 30000 to 34999,22.0,7458.0,151.0,7237.0,168.0,6572.0,178.0,6759.0,132.0,7459.0,105.0,8892.0,77.0,9029.0,102.0,9868.0,61.0,10295.0,49.0,10782.0,68.0,10978.0,64.0,12185.0,48.0,12069.0,86.0,11743.0,189.0,11157.0,160.0,15215.0
185,Income,Household Income 35000 to 39999,183.0,5089.0,124.0,5673.0,97.0,5733.0,113.0,7482.0,79.0,6850.0,27.0,6979.0,89.0,7686.0,45.0,8432.0,57.0,9028.0,87.0,10040.0,97.0,10577.0,117.0,10063.0,78.0,9882.0,52.0,10401.0,64.0,10462.0,79.0,14898.0
186,Income,Household Income 40000 to 44999,102.0,6774.0,70.0,6485.0,58.0,6629.0,13.0,7242.0,68.0,7180.0,116.0,8401.0,147.0,8703.0,193.0,9090.0,138.0,9521.0,91.0,10048.0,80.0,10111.0,126.0,10533.0,128.0,11229.0,121.0,11813.0,164.0,12388.0,100.0,15386.0
187,Income,Household Income 45000 to 49999,75.0,7018.0,65.0,6578.0,10.0,6266.0,57.0,6862.0,140.0,6867.0,28.0,6892.0,54.0,7473.0,10.0,8105.0,80.0,8397.0,77.0,8882.0,82.0,9158.0,111.0,9786.0,98.0,9577.0,75.0,9415.0,23.0,10300.0,130.0,13500.0
188,Income,Household Income 50000 to 59999,86.0,11035.0,63.0,11474.0,136.0,13172.0,102.0,13729.0,163.0,13496.0,211.0,14334.0,234.0,14470.0,200.0,15341.0,160.0,17317.0,150.0,18365.0,161.0,19378.0,222.0,19492.0,193.0,19646.0,205.0,20395.0,241.0,20695.0,276.0,24932.0
189,Income,Household Income 60000 to 74999,158.0,17650.0,139.0,17737.0,128.0,17182.0,129.0,19022.0,201.0,20959.0,103.0,21137.0,264.0,23398.0,220.0,24553.0,231.0,25900.0,228.0,26979.0,220.0,26252.0,215.0,26291.0,232.0,26841.0,381.0,26781.0,393.0,27010.0,462.0,33365.0
190,Income,Household Income 75000 to 99999,300.0,29418.0,250.0,30304.0,216.0,30936.0,181.0,29804.0,463.0,30297.0,186.0,32723.0,474.0,33589.0,293.0,34768.0,359.0,36333.0,397.0,36784.0,387.0,36872.0,441.0,37860.0,437.0,37058.0,427.0,37903.0,395.0,38689.0,521.0,39969.0
191,Income,Household Income Greater than 200000,1748.0,132400.0,1714.0,130863.0,1708.0,125937.0,1514.0,113561.0,728.0,98664.0,1495.0,97866.0,1011.0,86676.0,1259.0,76014.0,1131.0,65693.0,1070.0,58060.0,940.0,52380.0,803.0,48524.0,796.0,45348.0,750.0,42493.0,689.0,39183.0,355.0,20260.0
192,Income,Household Income Less than 10000,54.0,17117.0,72.0,15332.0,60.0,15250.0,123.0,16253.0,87.0,16356.0,135.0,17060.0,145.0,18530.0,158.0,20160.0,126.0,22331.0,165.0,22966.0,134.0,22534.0,155.0,23124.0,117.0,22697.0,137.0,21497.0,116.0,22063.0,171.0,32261.0
193,Income,Households Total for Income,3594.0,362994.0,3575.0,361734.0,3577.0,360015.0,3599.0,360574.0,3630.0,347723.0,3643.0,361559.0,3840.0,358942.0,3703.0,358040.0,3706.0,356034.0,3711.0,352566.0,3759.0,348153.0,3725.0,344700.0,3742.0,340178.0,3791.0,337745.0,3814.0,335264.0,3658.0,329850.0
194,Income,Median Family Income,204810.1686460808,173217.40919847722,205222.24835526315,168157.06857647406,202997.45559502664,162072.2573065061,200507.26666666663,147571.96998698416,112686.56716417913,136237.13751169317,202386.6739130435,131782.45925697073,121575.34246575342,123389.0414629245,174364.40677966102,114544.38509474756,155992.5093632959,104226.22450924336,166764.70588235295,96832.0036998497,153010.9489051095,94375.29425612051,144284.18803418803,91412.3330491617,147656.25,89631.6362975967,144017.094017094,88215.45859723199,133298.755186722,86703.84419407802,94323.39449541284,63964.11709159584
195,Income,Median Household Income,192664.67065868265,140630.3486172417,190277.77777777775,140840.72978303747,190810.50228310504,136440.23367285798,174779.1519434629,126479.8932723461,104502.36966824644,117453.07472291742,169599.62756052142,113537.43350844154,105000.0,104995.55809378768,129681.81818181818,96817.47583985272,121534.65346534654,88612.28084661327,115550.84745762713,81982.65550239234,111711.35646687695,78773.52733781732,98554.42176870749,75789.09138932911,97368.42105263156,73882.86576506091,96399.2974238876,73015.850789739,91265.82278481012,71436.31988152536,76295.58541266795,55915.28958767848
196,Income,Percent in Poverty,0.029965156794425,0.1113604023552502,0.0469806620002372,0.1056659306523586,0.0477890373099954,0.1047756967547361,0.054436644032685,0.1030257299879177,0.0905534351145038,0.1025115875378968,0.0685469887874234,0.1031213469423362,0.1004857605486236,0.1082799641527579,0.069193742478941,0.1161249583248412,0.0742139897635876,0.1241638395338585,0.0836309890380588,0.1320454925572838,0.0830828423710472,0.13237241619923,0.0898036732108929,0.1342626531666365,0.0899772209567198,0.1315243500198909,0.0931426475980931,0.1229353033059334,0.088856518572469,0.1186272068431713,0.0613542835765058,0.1131303602506546
197,Journey to Work,Journey to Work by Bike,0.0462111257117827,0.0329879276302361,0.0339888841385207,0.0328941674178437,0.0254763877381938,0.0341092630722379,0.0235077677841373,0.0335150801847893,0.0241948940430502,0.0360319321482704,0.0298382013027947,0.0395593184563246,0.0209661187520966,0.0402347124177166,0.0537679932260795,0.0391703298703084,0.061987041036717,0.0413504597283024,0.0600839407996465,0.040321010944916,0.0501079913606911,0.0380119973241799,0.0301176470588235,0.0349765620975634,0.0184228263311615,0.0337878173375318,0.0127595155709342,0.0309165432438948,0.0094664371772805,0.0296686416502084,,
198,Journey to Work,Journey to Work by Car,0.3455978975032852,0.3452646188684758,0.3368961094484822,0.3458510748341253,0.3612261806130903,0.3510609441848422,0.3992232215862633,0.3588679653159753,0.534623727682296,0.37429372183569,0.4650136583315822,0.3901755455750085,0.5179469976517947,0.4020433086110863,0.4682472480948348,0.4114097840900359,0.4885529157667386,0.4221576916161781,0.4919372652971062,0.4308964478752917,0.4987041036717062,0.4365885488062991,0.5094117647058823,0.4452395190134804,0.5594248483486857,0.4531176660909666,0.548659169550173,0.4547285273080058,0.5682013769363167,0.4605014841250592,,
199,Journey to Work,Journey to Work by Carpooled,0.0707402540516863,0.0594444432508384,0.0615647712697734,0.0598689890880534,0.0590306545153272,0.0644066891061601,0.0551921504497138,0.0648023603071281,0.0966127148339729,0.0687035531460274,0.0369825593612103,0.0694032388569016,0.0778262328077826,0.0727092207031444,0.0520745131244707,0.0681800719025877,0.0548596112311015,0.0718422163963489,0.0695825049701789,0.0725140795212214,0.078401727861771,0.0751203570684417,0.076,0.075151344123951,0.0779600089867445,0.0802577434686911,0.0819636678200692,0.0780284503840457,0.0718588640275387,0.0793273506346511,,
200,Journey to Work,Journey to Work by Drove Alone,0.2748576434515988,0.2858201756176374,0.2753313381787088,0.2859820857460718,0.302195526097763,0.2866542550786821,0.3440310711365494,0.2940656050088471,0.438011012848323,0.3055901686896625,0.4280310989703719,0.3207723067181068,0.4401207648440121,0.3293340879079419,0.4161727349703641,0.3432297121874482,0.4336933045356371,0.3503154752198291,0.4223547603269273,0.3583823683540703,0.4203023758099352,0.3614681917378574,0.4334117647058823,0.3700881748895294,0.4814648393619411,0.3728599226222754,0.4666955017301038,0.37670007692396,0.4963425129087779,0.3811741334904081,,
201,Journey to Work,Journey to Work by Other Journey Type,0.0328515111695138,0.0305493905805866,0.0344164172723386,0.0324318504710777,0.0273405136702568,0.0361559421504925,0.0224856909239574,0.0391636442245334,0.0312030702486233,0.0399008861416274,0.0229039714225677,0.0388361848251384,0.0102314659510231,0.035435220762716,0.014817950889077,0.0315392734522543,0.0347732181425486,0.0280143667707797,0.0296001767174729,0.0243859660380344,0.0423326133909287,0.0231721626986302,0.0369411764705882,0.0223852685000414,0.0332509548416086,0.0208049470705376,0.0129757785467128,0.0207005820962353,0.0092512908777969,0.0203019068408348,,
202,Journey to Work,Journey to Work by Transit,0.133377135348226,0.1874601186396615,0.1613937580162462,0.2143989563036599,0.1938690969345484,0.2393217190460338,0.2432542927228127,0.2776723592662871,0.2885032537960954,0.3125722620103036,0.3496532885059886,0.3476826498743311,0.3688359610868836,0.3422055421519276,0.3640982218458933,0.340200744907574,0.3336933045356371,0.3361264075128678,0.3384139606803623,0.33148957377498,0.3323974082073434,0.3290030377137092,0.3517647058823529,0.3261373485718893,0.3131880476297461,0.3235692184302985,0.3261245674740484,0.3268556470223538,0.3128227194492254,0.3255488952796738,,
203,Journey to Work,Journey to Work by Walk,0.0210249671484888,0.0936462681789177,0.0252244548952543,0.0997802411225646,0.0242336371168185,0.1054430156049005,0.0134914145543744,0.1105132947421516,0.024528616719506,0.1202991391883776,0.0193317923933599,0.1177632890462844,0.0092250922509225,0.1145086825723051,0.023285351397121,0.1107756825286417,0.0161987041036717,0.1061221844516083,0.0108239452175833,0.1036997110302594,0.0131749460043196,0.1026067312226523,0.0105882352941176,0.1009229583940837,0.0022466861379465,0.0987910300169064,0.0084342560553633,0.0984351140656035,0.0204388984509466,0.0979984523520783,,
204,Journey to Work,Journey to Work by Worked at Home,0.4209373631187034,0.310091676102122,0.4080803762291577,0.2746437098507286,0.3678541839270919,0.2339091159414929,0.2980376124284546,0.1802676562662631,0.0969464375104288,0.116902058675731,0.1132590880437066,0.0659830122229127,0.0727943643072794,0.0655725334842482,0.075783234546994,0.0669041851511855,0.0647948164146868,0.0662288899202635,0.0691407112878285,0.0692072903365182,0.0632829373650108,0.070617522234529,0.0611764705882353,0.0703383434229416,0.0734666367108514,0.0699293210537588,0.0910467128027681,0.0683635862639066,0.0798192771084337,0.0659806197521453,,
205,Journey to Work,Total Workers 16 Years and Older,4566.0,465443.0,4678.0,473701.0,4828.0,486642.0,4892.0,499596.0,5993.0,489538.0,4759.0,511662.0,5962.0,503595.0,4724.0,494558.0,4630.0,478326.0,4527.0,467523.0,4630.0,455935.0,4250.0,446499.0,4451.0,438886.0,4624.0,435495.0,4648.0,432915.0,,
206,Language Spoken at Home,Asian/Pacific Islander,0.0822120725836316,0.2470039804215141,0.0774709483943521,0.2459647954995896,0.0799950998407448,0.247097183003279,0.0653714565004887,0.2481442975804763,0.3731766612641815,0.2558145309884826,0.0815709969788519,0.2516018990089936,0.2898624038850668,0.2531708347159793,0.0699084225461111,0.2568026549790575,0.0730563875504623,0.2561885070759319,0.0731739707835325,0.2592387211354363,0.074714853261566,0.260963254722774,0.0918832038574872,0.2613799537269324,0.0990193407790792,0.2653853842419396,0.0959569440798109,0.2665288360625807,0.0726846424384525,0.2677287629452116,0.1042045159615883,0.2609588949238919
207,Language Spoken at Home,English Only,0.7176891741760276,0.5640374393838846,0.7472197925777834,0.5661986246521591,0.7324513046674017,0.5709539892586235,0.737781036168133,0.5733330751346163,0.5083063209076175,0.5682819383259912,0.7272155085599195,0.5713939580039774,0.5642452448401457,0.5691634740112824,0.7310718431574874,0.5625054664191796,0.7168902200807397,0.5601954434407136,0.7367861885790172,0.5575280480692013,0.7667563757529156,0.5543380140103793,0.7689525850522368,0.550138780705953,0.7877962408063198,0.547604150711213,0.7891835127330008,0.546699749514331,0.7943206981893969,0.5455905248223936,0.7389047495458084,0.5425749346208006
208,Language Spoken at Home,Other European Languages,0.0875200592519442,0.0673309517123619,0.0774709483943521,0.0655517407058917,0.0741149087345338,0.0624193320168072,0.0683040078201368,0.059645113932201,0.0474068071312803,0.059691133305852,0.0795568982880161,0.0600565192671686,0.0426952650748684,0.0599342363268876,0.0760995743583129,0.0608971244205595,0.0746190910274775,0.062842279218325,0.0718459495351925,0.0620848055213137,0.0697167755991285,0.0625744610004773,0.0577283686043396,0.0644114427675554,0.0457640969763007,0.0638871509163081,0.0434497243370963,0.0637733623530679,0.0468933177022274,0.0625979691493488,0.0532052945756553,0.0667712733856367
209,Language Spoken at Home,Other Languages,0.0153067522528082,0.0104100425997025,0.0172435336748719,0.0108631458829653,0.0296459634938135,0.0116678663049295,0.0283479960899315,0.0104836747809647,0.0198541329011345,0.0109883833542754,0.0250503524672708,0.0097013546871888,0.0097126669364629,0.0099188512473981,0.0193473494131304,0.0098431988027327,0.0200546946216955,0.0101513500962148,0.0201859229747675,0.0100414772961448,0.0189670639497629,0.0091828376019031,0.002143048486472,0.0077827552621819,0.0024516480523018,0.0074262630877989,0.0080073510107639,0.0068748924566641,0.0061221831444574,0.0074376849790379,0.0103815208928107,0.0093180446590223
210,Language Spoken at Home,Spanish Only,0.0972719417355882,0.1112175858825366,0.0805947769586405,0.1114216932593942,0.083792723263506,0.1078616294163606,0.1001955034213098,0.1083938385717415,0.051256077795786,0.1052240140253986,0.0866062437059416,0.1072462690326713,0.093484419263456,0.1078126036984524,0.103572810524958,0.1099515553784705,0.1153796067196249,0.1106224201688145,0.09800796812749,0.1111069479779037,0.0698449314366269,0.1129414326644662,0.0792927939994642,0.1162870675373771,0.0649686733859983,0.1156970510427402,0.0634024678393279,0.1161231596133562,0.0799791585254656,0.116645058104008,0.093303919024137,0.1203768524106484
211,Nativity,Foreign Born,0.2293981481481481,0.3403494832376768,0.2110427997162449,0.342062934632266,0.2118537200504413,0.3385720139991239,0.2051546391752577,0.3411085800360263,0.3565159320740316,0.3453368702026664,0.2081840249682117,0.3428171556321123,0.3207027540360874,0.3443893212863572,0.1971119133574007,0.3476908126511878,0.1838898367048501,0.3491118540488798,0.1882005173050868,0.3513759706790252,0.17578453769388,0.3552538529141195,0.1962001266624445,0.3557249176341387,0.1951404707668944,0.3570791503803887,0.1966752230778633,0.3563440752225165,0.1835396941005098,0.3562922956380173,0.1839066186514342,0.3676179588095266
212,Population,Total Population,8640.0,828137.0,8458.0,834326.0,8723.0,849196.0,8730.0,864367.0,10482.0,843307.0,8651.0,873136.0,10530.0,868157.0,8310.0,862338.0,8206.0,848284.0,8119.0,838717.0,8317.0,827231.0,7895.0,815872.0,7902.0,806149.0,8181.0,796570.0,8238.0,787463.0,8053.0,776733.0
213,Race/Ethnicity,Asian,1432.0,291269.0,1260.0,291587.0,1209.0,295301.0,1195.0,297045.0,4571.0,295594.0,1463.0,300424.0,4015.0,297109.0,1460.0,294766.0,1212.0,287268.0,1123.0,283839.0,1035.0,277746.0,1151.0,272144.0,1289.0,270041.0,1318.0,266890.0,1136.0,264325.0,1237.0,239938.0
214,Race/Ethnicity,"Asian Alone, Not Hispanic or Latino",1423.0,289132.0,1260.0,289226.0,1209.0,293206.0,1195.0,294750.0,4547.0,292611.0,1463.0,297514.0,4005.0,294288.0,1445.0,292113.0,1195.0,284461.0,1113.0,281309.0,1023.0,275566.0,1136.0,270166.0,1289.0,268086.0,1318.0,265286.0,1136.0,262894.0,1217.0,238597.0
215,Race/Ethnicity,Black/African American,401.0,40938.0,528.0,42187.0,570.0,43734.0,600.0,44783.0,383.0,44310.0,614.0,45141.0,919.0,44954.0,567.0,45225.0,483.0,45129.0,520.0,46350.0,579.0,47181.0,539.0,47596.0,262.0,48063.0,262.0,49025.0,210.0,48716.0,466.0,59060.0
216,Race/Ethnicity,"Black/African American Alone, Not Hispanic or Latino",401.0,38533.0,528.0,39883.0,570.0,41610.0,590.0,42290.0,362.0,42212.0,598.0,43367.0,851.0,43171.0,528.0,43532.0,459.0,43280.0,473.0,44404.0,532.0,45223.0,492.0,45513.0,243.0,45937.0,241.0,47110.0,210.0,47512.0,457.0,57819.0
217,Race/Ethnicity,Latino Population (of Any Race),1022.0,134409.0,953.0,133028.0,1003.0,131258.0,1194.0,133033.0,1230.0,128095.0,1042.0,133007.0,1558.0,132320.0,1125.0,131645.0,1057.0,129630.0,1010.0,128337.0,813.0,126317.0,850.0,123998.0,949.0,121482.0,929.0,118832.0,1089.0,115660.0,1129.0,109565.0
218,Race/Ethnicity,Native American Indian,55.0,6014.0,71.0,5476.0,20.0,4682.0,15.0,4168.0,44.0,3742.0,26.0,3223.0,0.0,2746.0,18.0,3306.0,26.0,2922.0,20.0,2854.0,27.0,3124.0,36.0,3430.0,22.0,3690.0,15.0,3733.0,77.0,3994.0,19.0,3524.0
219,Race/Ethnicity,"Native American Indian Alone, Not Hispanic or Latino",28.0,1520.0,25.0,1691.0,5.0,1758.0,0.0,1675.0,44.0,1780.0,0.0,1634.0,0.0,1363.0,0.0,1435.0,8.0,1427.0,9.0,1520.0,10.0,1680.0,9.0,1942.0,8.0,2044.0,0.0,2064.0,56.0,2092.0,13.0,2054.0
220,Race/Ethnicity,Native Hawaiian/Pacific Islander,0.0,2928.0,0.0,3141.0,0.0,3312.0,0.0,3111.0,228.0,3159.0,0.0,3154.0,0.0,2876.0,0.0,3108.0,0.0,3046.0,0.0,3520.0,0.0,3454.0,0.0,3365.0,0.0,3437.0,0.0,3237.0,0.0,3266.0,0.0,3581.0
221,Race/Ethnicity,"Native Hawaiian/Pacific Islander Alone, Not Hispanic or Latino",0.0,2714.0,0.0,2825.0,0.0,3010.0,0.0,2847.0,228.0,3002.0,0.0,2900.0,0.0,2659.0,0.0,2807.0,0.0,2800.0,0.0,3241.0,0.0,3297.0,0.0,3266.0,0.0,3374.0,0.0,3194.0,0.0,3259.0,0.0,3379.0
222,Race/Ethnicity,Other/Two or More Races,1905.0,163040.0,1772.0,153653.0,1909.0,145963.0,1673.0,139467.0,1454.0,125071.0,977.0,115689.0,1189.0,114521.0,765.0,108266.0,778.0,101232.0,831.0,93165.0,818.0,86057.0,808.0,78343.0,968.0,72083.0,765.0,65327.0,729.0,61023.0,857.0,85305.0
223,Race/Ethnicity,"Population, Not Hispanic or Latino",7618.0,693728.0,7505.0,701298.0,7720.0,717938.0,7536.0,731334.0,9252.0,715212.0,7609.0,740129.0,8972.0,735837.0,7185.0,730693.0,7149.0,718654.0,7109.0,710380.0,7504.0,700914.0,7045.0,691874.0,6953.0,684667.0,7252.0,677738.0,7149.0,671803.0,6924.0,667168.0
224,Race/Ethnicity,Some Other Race Alone,528.0,64723.0,458.0,64679.0,500.0,65376.0,628.0,67048.0,481.0,65222.0,378.0,67055.0,571.0,67260.0,473.0,64657.0,460.0,59600.0,435.0,54310.0,352.0,49468.0,353.0,43764.0,406.0,38956.0,333.0,35292.0,272.0,33147.0,341.0,49990.0
225,Race/Ethnicity,"Some Other Race Alone, Not Hispanic or Latino",61.0,6455.0,59.0,6437.0,76.0,5958.0,60.0,5572.0,12.0,4507.0,46.0,3626.0,70.0,4163.0,33.0,4369.0,41.0,4217.0,2.0,3941.0,8.0,4109.0,12.0,3747.0,22.0,3178.0,18.0,2895.0,19.0,2817.0,0.0,2211.0
226,Race/Ethnicity,Two Or More Races,1377.0,98317.0,1314.0,88974.0,1409.0,80587.0,1045.0,72419.0,973.0,59849.0,599.0,48634.0,618.0,47261.0,292.0,43609.0,318.0,41632.0,396.0,38855.0,466.0,36589.0,455.0,34579.0,562.0,33127.0,432.0,30035.0,457.0,27876.0,516.0,35315.0
227,Race/Ethnicity,"Two Or More Races, Not Hispanic or Latino",995.0,50101.0,1003.0,48020.0,1065.0,46750.0,768.0,45411.0,585.0,41578.0,436.0,37097.0,415.0,36981.0,181.0,33881.0,217.0,32874.0,307.0,29746.0,365.0,28138.0,389.0,26593.0,463.0,25118.0,344.0,22816.0,319.0,21598.0,388.0,24222.0
228,Race/Ethnicity,"White Alone, Not Hispanic or Latino",4710.0,305273.0,4630.0,313216.0,4795.0,325646.0,4923.0,338789.0,3474.0,329522.0,5066.0,353991.0,3631.0,353212.0,4998.0,352556.0,5229.0,349595.0,5205.0,346219.0,5566.0,342901.0,5007.0,340647.0,4928.0,336930.0,5331.0,334373.0,5409.0,331631.0,4849.0,338886.0
229,Race/Ethnicity,"White, Including Hispanic or Latino",4847.0,323948.0,4827.0,338282.0,5015.0,356204.0,5247.0,375793.0,3802.0,371431.0,5571.0,405505.0,4407.0,405951.0,5500.0,407667.0,5707.0,408687.0,5625.0,408989.0,5858.0,409669.0,5361.0,410994.0,5361.0,408835.0,5821.0,408358.0,6086.0,406139.0,5474.0,385325.0
230,Sex,Female,0.5456018518518518,0.4867226074912725,0.5380704658311658,0.4860857746252663,0.5464863005846612,0.4853108116383026,0.5309278350515464,0.4877187583514872,0.4553520320549513,0.4904346815572502,0.4909259045197087,0.4899431474592732,0.491358024691358,0.4898284526877051,0.4796630565583634,0.4902520821302088,0.4628320740921277,0.4905255786977003,0.4801083877324794,0.4911024815283343,0.4820247685463508,0.4916014994602475,0.4810639645345155,0.4920342896925008,0.4793723108073905,0.4927835921151052,0.4938271604938271,0.4931933163438241,0.4995144452537023,0.4936320817613018,0.5047808270209859,0.4914455803989273
231,Sex,Male,0.4543981481481481,0.5132773925087274,0.4619295341688342,0.5139142253747336,0.4535136994153387,0.5146891883616974,0.4690721649484536,0.5122812416485127,0.5446479679450487,0.5095653184427498,0.5090740954802913,0.5100568525407267,0.508641975308642,0.5101715473122949,0.5203369434416366,0.5097479178697912,0.5371679259078723,0.5094744213022997,0.5198916122675207,0.5088975184716656,0.5179752314536491,0.5083985005397526,0.5189360354654845,0.5079657103074993,0.5206276891926095,0.5072164078848947,0.5061728395061729,0.5068066836561759,0.5004855547462976,0.5063679182386982,0.495219172979014,0.5085544196010727
232,Unit Size,1 Bedroom,574.0,105697.0,555.0,104704.0,607.0,103595.0,594.0,101827.0,758.0,95564.0,612.0,99415.0,516.0,101416.0,688.0,101729.0,726.0,104137.0,787.0,104433.0,825.0,104092.0,988.0,101808.0,973.0,101489.0,976.0,101201.0,933.0,101611.0,780.0,96929.0
233,Unit Size,2 Bedrooms,1320.0,122995.0,1317.0,121577.0,1321.0,120854.0,1397.0,120274.0,1530.0,115121.0,1326.0,118913.0,1681.0,117901.0,1307.0,118927.0,1307.0,118990.0,1334.0,117520.0,1347.0,118564.0,1302.0,118579.0,1312.0,115977.0,1203.0,115281.0,1196.0,114638.0,1304.0,103199.0
234,Unit Size,3-4 Bedrooms,1765.0,110262.0,1834.0,109923.0,1776.0,109063.0,1676.0,108530.0,1302.0,102574.0,1680.0,106979.0,1577.0,104785.0,1650.0,102199.0,1615.0,99363.0,1575.0,97922.0,1521.0,96723.0,1451.0,96440.0,1446.0,96404.0,1598.0,95490.0,1617.0,94350.0,1481.0,78124.0
235,Unit Size,5 or More Bedrooms,76.0,11223.0,51.0,11034.0,44.0,10909.0,34.0,11065.0,53.0,10155.0,55.0,10137.0,40.0,10298.0,109.0,10185.0,109.0,9548.0,88.0,9881.0,86.0,9979.0,71.0,9700.0,81.0,9647.0,100.0,9581.0,140.0,9450.0,46.0,5997.0
236,Unit Size,No Bedroom,140.0,63394.0,117.0,63314.0,122.0,62863.0,126.0,62247.0,154.0,59400.0,100.0,61407.0,126.0,58698.0,70.0,56471.0,82.0,53906.0,82.0,53159.0,90.0,50415.0,97.0,50972.0,141.0,51615.0,133.0,52676.0,130.0,51732.0,145.0,62278.0
237,Vehicles Available,Households with no Vehicle,0.0659432387312187,0.3018066414320898,0.0688111888111888,0.2997340587282368,0.0707296617277047,0.2992847520242212,0.099472075576549,0.3057846655610221,0.1,0.3133212355811954,0.118858083996706,0.3084199259318673,0.0942708333333333,0.3056426943628775,0.1288144747502025,0.304463188470562,0.1025364274150027,0.3036563923670211,0.123416868768526,0.3048450502884566,0.1098696461824953,0.3040444861885435,0.1229530201342282,0.3023730780388743,0.1237306253340459,0.3051961032165513,0.1300448430493273,0.301301277591082,0.1345044572627163,0.2969421112914002,0.0568927789934354,0.2856475583864118
238,Vehicles Available,Percent of No Vehicle Homeowning Households,0.0460069444444444,0.1134494994662897,0.0351993214588634,0.1080978202319819,0.0367488110678772,0.1070707944194627,0.0429223744292237,0.1070238726020337,0.0686521958606764,0.1080527665923225,0.0675675675675675,0.1051164569436579,0.0595637583892617,0.1053216227024304,0.0770196735035579,0.1083345186671358,0.0700126528890763,0.1061925975650688,0.0788220008661758,0.1004670351054721,0.0618878005342831,0.0974002541694777,0.0788883908561183,0.0958404666793481,0.0722996515679442,0.0943477326456049,0.0831244778613199,0.0921579896866069,0.0863509749303621,0.0918134467814401,0.0375485541648683,0.110965615921606
239,Vehicles Available,Percent of No Vehicle Renting Households,0.1015503875968992,0.4182186126538945,0.133935907970419,0.4196558186778367,0.1329113924050632,0.4198429809217752,0.1873669268985096,0.4286919717595522,0.1376591873862947,0.4379622097322881,0.2231473771856786,0.4309620277854122,0.1510989010989011,0.4264519356164138,0.2229832572298325,0.4211785461300971,0.1602996254681647,0.4187346071431747,0.1968616262482168,0.4220111023846922,0.1810971579643093,0.4234113803307066,0.1887550200803212,0.4216133106364285,0.2053941908713693,0.4286613189650752,0.2104509663564781,0.4246132413364647,0.2275172943889316,0.4200678729792038,0.0903659447348767,0.3796067821909182
240,Vehicles Available,Vehicles Available,5011.0,373023.0,4950.0,379835.0,5107.0,380150.0,4922.0,378485.0,5924.0,362471.0,5019.0,390320.0,5612.0,388399.0,4949.0,388467.0,5216.0,383323.0,4934.0,375627.0,5152.0,375369.0,4908.0,372514.0,5068.0,367044.0,5124.0,365371.0,5244.0,364274.0,5584.0,367151.0
241,Vehicles Available,Vehicles Homeowners,0.6962682099381361,0.5594742078283287,0.7157575757575757,0.5657608681083313,0.6886626199334247,0.5700790731788274,0.653799268590004,0.5711481528289051,0.6171505739365294,0.5648345409473915,0.7049212990635585,0.5565533206654033,0.6728439059158945,0.5553809836475627,0.6934734289755506,0.5525262094558169,0.692292944785276,0.5462797370659164,0.6917308471828131,0.5469251903942424,0.6675077639751553,0.5457791173118576,0.6778728606356969,0.5444027840510228,0.7103393843725335,0.5523627146343226,0.7084309133489461,0.552667437902535,0.7345537757437071,0.5531967258448095,0.6767550143266475,0.4896650152117249
242,Vehicles Available,Vehicles Per Capita,0.5799768518518519,0.4719904241198807,0.5852447387089147,0.4724768416875745,0.5854637166112576,0.4671478849008562,0.5638029782359679,0.4563546130417693,0.5651593207403167,0.4449784613193777,0.5801641428736563,0.4511556297361401,0.5329534662867996,0.4534357418958659,0.5955475330926594,0.4552685550880729,0.6356324640506946,0.4580212232841963,0.6077103091513734,0.4559055920884947,0.6194541300949862,0.4571076118234303,0.6216592780240658,0.463882067553634,0.6413566185775753,0.4631452499233441,0.6263292995966263,0.4659102356642171,0.6365622723962127,0.4783266956335622,0.693406184030796,0.4726862383856486
243,Vehicles Available,Vehicles Renters,0.3037317900618639,0.4467231243113695,0.2842424242424242,0.4443587347137573,0.3113373800665753,0.4397764040510324,0.3462007314099959,0.4387994240194459,0.3828494260634706,0.445563920975747,0.2950787009364415,0.4499615699938512,0.3271560940841055,0.4512009557182176,0.3065265710244493,0.456509819366896,0.3077070552147239,0.4621141961218085,0.3082691528171868,0.4610451325383958,0.3324922360248447,0.461623096206666,0.3221271393643032,0.4628926698056986,0.2896606156274665,0.4585417552119092,0.2915690866510538,0.4560679419001508,0.2654462242562929,0.450833713084107,0.3232449856733524,0.5103349847882751
