,Category,Attribute,2000_Golden Gate Park,2000_San Francisco,2010_Golden Gate Park,2010_San Francisco,2011_Golden Gate Park,2011_San Francisco,2012_Golden Gate Park,2012_San Francisco,2013_Golden Gate Park,2013_San Francisco,2014_Golden Gate Park,2014_San Francisco,2015_Golden Gate Park,2015_San Francisco,2016_Golden Gate Park,2016_San Francisco,2017_Golden Gate Park,2017_San Francisco,2018_Golden Gate Park,2018_San Francisco,2019_Golden Gate Park,2019_San Francisco,2020_Golden Gate Park,2020_San Francisco,2021_Golden Gate Park,2021_San Francisco,2022_Golden Gate Park,2022_San Francisco,2023_Golden Gate Park,2023_San Francisco,2024_Golden Gate Park,2024_San Francisco
0,Affordability,# Units at or below 100 AMI Monthly Affordable Rent,33.0,209020.0,0.0,209068.0,0.0,212110.0,0.0,213982.0,0.0,217742.0,0.0,219759.0,0.0,208027.0,0.0,206125.0,0.0,201554.0,0.0,196852.0,0.0,194605.0,0.0,185879.0,0.0,177267.0,0.0,164391.0,0.0,158878.0,0,156904
1,Affordability,# Units at or below 30 AMI Monthly Affordable Rent,0.0,147066.0,0.0,119019.0,0.0,114525.0,0.0,108966.0,0.0,106717.0,0.0,103611.0,0.0,146046.0,0.0,139452.0,0.0,131265.0,0.0,152803.0,0.0,146746.0,0.0,137172.0,0.0,155085.0,0.0,142404.0,0.0,158878.0,0,156904
2,Affordability,# Units at or below 50 AMI Monthly Affordable Rent,6.0,193235.0,0.0,203005.0,0.0,212110.0,0.0,213982.0,0.0,217742.0,0.0,219759.0,0.0,195487.0,0.0,206125.0,0.0,201554.0,0.0,196852.0,0.0,194605.0,0.0,185879.0,0.0,177267.0,0.0,164391.0,0.0,158878.0,0,156904
3,Affordability,# Units at or below 80 AMI Monthly Affordable Rent,33.0,209020.0,0.0,209068.0,0.0,212110.0,0.0,213982.0,0.0,217742.0,0.0,219759.0,0.0,208027.0,0.0,206125.0,0.0,201554.0,0.0,196852.0,0.0,194605.0,0.0,185879.0,0.0,177267.0,0.0,164391.0,0.0,158878.0,0,156904
4,Affordability,100 AMI Annual Income,21590.90909090909,55915.28958767848,0.0,71436.31988152536,0.0,73015.850789739,0.0,73882.86576506091,0.0,75789.09138932911,0.0,78773.52733781732,0.0,81982.65550239234,0.0,88612.28084661327,0.0,96817.47583985272,0.0,104995.55809378768,0.0,113537.43350844154,0.0,119273.74061057129,0.0,126479.8932723461,0.0,136440.23367285798,0.0,140840.72978303747,0.0,140630.3486172417
5,Affordability,100 AMI Monthly Affordable Rent,1799.242424242424,4659.607465639873,0.0,5953.02665679378,0.0,6084.6542324782495,0.0,6156.905480421742,0.0,6315.7576157774265,0.0,6564.460611484777,0.0,6831.887958532695,0.0,7384.356737217772,0.0,8068.122986654394,0.0,8749.629841148973,0.0,9461.452792370128,0.0,9939.478384214273,0.0,10539.991106028841,0.0,11370.019472738166,0.0,11736.72748191979,0.0,11719.195718103474
6,Affordability,30 AMI Annual Income,6477.272727272726,16774.586876303543,0.0,21430.895964457606,0.0,21904.755236921697,0.0,22164.859729518274,0.0,22736.727416798734,0.0,23632.058201345193,0.0,24594.7966507177,0.0,26583.68425398398,0.0,29045.242751955815,0.0,31498.6674281363,0.0,34061.23005253246,0.0,35782.122183171385,0.0,37943.96798170383,0.0,40932.0701018574,0.0,42252.21893491124,0.0,42189.10458517251
7,Affordability,30 AMI Monthly Affordable Rent,539.7727272727271,1397.882239691962,0.0,1785.9079970381338,0.0,1825.3962697434747,0.0,1847.0716441265229,0.0,1894.7272847332279,0.0,1969.3381834454328,0.0,2049.5663875598084,0.0,2215.3070211653317,0.0,2420.436895996318,0.0,2624.888952344692,0.0,2838.4358377110384,0.0,2981.843515264282,0.0,3161.9973318086522,0.0,3411.00584182145,0.0,3521.0182445759365,0.0,3515.758715431042
8,Affordability,50 AMI Annual Income,10795.454545454544,27957.64479383924,0.0,35718.15994076268,0.0,36507.9253948695,0.0,36941.432882530455,0.0,37894.54569466456,0.0,39386.76366890866,0.0,40991.32775119617,0.0,44306.140423306635,0.0,48408.73791992636,0.0,52497.77904689384,0.0,56768.71675422077,0.0,59636.87030528564,0.0,63239.94663617305,0.0,68220.11683642899,0.0,70420.36489151874,0.0,70315.17430862084
9,Affordability,50 AMI Monthly Affordable Rent,899.621212121212,2329.8037328199366,0.0,2976.51332839689,0.0,3042.3271162391247,0.0,3078.452740210871,0.0,3157.8788078887133,0.0,3282.2303057423883,0.0,3415.9439792663475,0.0,3692.178368608886,0.0,4034.061493327197,0.0,4374.814920574487,0.0,4730.726396185064,0.0,4969.739192107137,0.0,5269.995553014421,0.0,5685.009736369083,0.0,5868.363740959895,0.0,5859.597859051737
10,Affordability,80 AMI Annual Income,17272.727272727272,44732.23167014279,0.0,57149.05590522029,0.0,58412.6806317912,0.0,59106.29261204873,0.0,60631.27311146329,0.0,63018.82187025386,0.0,65586.12440191388,0.0,70889.82467729061,0.0,77453.98067188218,0.0,83996.44647503016,0.0,90829.94680675323,0.0,95418.99248845704,0.0,101183.91461787689,0.0,109152.1869382864,0.0,112672.58382642998,0.0,112504.27889379335
11,Affordability,80 AMI Monthly Affordable Rent,1439.3939393939393,3727.6859725118993,0.0,4762.421325435024,0.0,4867.7233859826,0.0,4925.524384337395,0.0,5052.606092621941,0.0,5251.568489187822,0.0,5465.510366826157,0.0,5907.485389774218,0.0,6454.498389323515,0.0,6999.70387291918,0.0,7569.162233896102,0.0,7951.58270737142,0.0,8431.992884823074,0.0,9096.015578190532,0.0,9389.381985535832,0.0,9375.35657448278
12,Employment,Employed Residents,60.0,427823.0,0.0,443834.0,0.0,446684.0,0.0,449117.0,0.0,456055.0,0.0,465885.0,0.0,477522.0,0.0,487737.0,0.0,504143.0,0.0,514605.0,0.0,522693.0,0.0,520816.0,0.0,511122.0,0.0,496966.0,0.0,483955.0,0.0,475344.0
13,Households,Households,37.0,329850.0,0.0,335264.0,0.0,337745.0,0.0,340178.0,0.0,344700.0,0.0,348153.0,0.0,352566.0,0.0,356034.0,0.0,358040.0,0.0,358942.0,0.0,361559.0,0.0,361557.0,0.0,360574.0,0.0,360015.0,0.0,361734.0,0.0,362994.0
14,Housing,Median Year Moved In Owner,0.0,1987.6388952189964,0.0,1995.6842698438252,0.0,1993.848383462497,0.0,1997.1416645945085,0.0,1997.5284754672896,0.0,2000.6779985725557,0.0,1999.6412538848176,0.0,2000.187938712356,0.0,2009.146091310434,0.0,2001.7370067504528,0.0,2007.0089461238213,0.0,2003.2480830087636,0.0,2005.4737919483905,0.0,2005.251952191235,0.0,2006.3591026631293,0.0,2007.6477461846248
15,Housing,Median Year Moved In Renter,1996.6666666666667,1996.148247771288,0.0,2004.8217412659092,0.0,2005.622983870968,0.0,2004.352184865961,0.0,2005.421611492817,0.0,2010.36722362394,0.0,2008.6635687491075,0.0,2010.163989518698,0.0,2014.2607703428332,0.0,2011.2591798383655,0.0,2012.8029277571784,0.0,2013.0451094787893,0.0,2011.535989556136,0.0,2014.5253318985476,0.0,2016.5115832671431,0.0,2015.9938834595152
16,Housing,Median Year Structure Built,1939.0,1940.100117657312,0.0,1939.0,0.0,1948.3707559981888,0.0,1941.074692243788,0.0,1941.2592200959407,0.0,1949.2994290710835,0.0,1941.7023507482008,0.0,1941.6269704596637,0.0,1942.047870171528,0.0,1942.3594918609767,0.0,1943.4359038418831,0.0,1945.8458577405856,0.0,1944.236438679245,0.0,1944.5780497258984,0.0,1945.1754582655976,0.0,1945.566896353718
17,Housing,Post 1979 All and Pre 1979 Single Family Renter Occupied by Year Structure Built by Units in Structure,0.0,42099.0,0.0,111672.0,0.0,113725.0,0.0,113799.0,0.0,114749.0,0.0,114951.0,0.0,65701.0,0.0,65448.0,0.0,67616.0,0.0,68451.0,0.0,70573.0,0.0,71364.0,0.0,73349.0,0.0,73992.0,0.0,77998.0,0.0,82164.0
18,Housing,Pre 1980 MultiFamily Renter Occupied by Year Structure Built by Units in Structure,33.0,172030.0,0.0,88150.0,0.0,87105.0,0.0,88408.0,0.0,89862.0,0.0,90725.0,0.0,158259.0,0.0,159388.0,0.0,156751.0,0.0,155386.0,0.0,154965.0,0.0,152470.0,0.0,149184.0,0.0,146950.0,0.0,144178.0,0.0,141862.0
19,Housing,Total Number of Units,33.0,346527.0,0.0,371781.0,0.0,374229.0,0.0,375132.0,0.0,377499.0,0.0,379773.0,0.0,382915.0,0.0,385944.0,0.0,389511.0,0.0,393098.0,0.0,396851.0,0.0,397899.0,0.0,403943.0,0.0,407284.0,0.0,410552.0,0.0,413571.0
20,Housing Prices,Contract Rent 100 to 149,0.0,2218.0,0.0,1189.0,0.0,1188.0,0.0,1291.0,0.0,1235.0,0.0,1115.0,0.0,1198.0,0.0,1047.0,0.0,965.0,0.0,762.0,0.0,795.0,0.0,848.0,0.0,710.0,0.0,561.0,0.0,669.0,0.0,735.0
21,Housing Prices,Contract Rent 1000 to 1249,27.0,29768.0,0.0,27887.0,0.0,26334.0,0.0,25189.0,0.0,25594.0,0.0,24438.0,0.0,23989.0,0.0,22300.0,0.0,20972.0,0.0,18314.0,0.0,17491.0,0.0,16617.0,0.0,15685.0,0.0,13883.0,0.0,12735.0,0.0,12360.0
22,Housing Prices,Contract Rent 1250 to 1499,0.0,17994.0,0.0,24253.0,0.0,25043.0,0.0,25427.0,0.0,23799.0,0.0,23214.0,0.0,22981.0,0.0,21110.0,0.0,19477.0,0.0,19616.0,0.0,17640.0,0.0,15463.0,0.0,15334.0,0.0,13053.0,0.0,12425.0,0.0,11850.0
23,Housing Prices,Contract Rent 150 to 199,0.0,6640.0,0.0,834.0,0.0,959.0,0.0,988.0,0.0,1037.0,0.0,1157.0,0.0,1082.0,0.0,898.0,0.0,811.0,0.0,880.0,0.0,1059.0,0.0,1219.0,0.0,1263.0,0.0,1144.0,0.0,1131.0,0.0,1248.0
24,Housing Prices,Contract Rent 1500 to 1999,0.0,23743.0,0.0,40401.0,0.0,43130.0,0.0,43113.0,0.0,44733.0,0.0,44214.0,0.0,43104.0,0.0,42047.0,0.0,38851.0,0.0,35576.0,0.0,34159.0,0.0,32687.0,0.0,31884.0,0.0,28583.0,0.0,27134.0,0.0,27125.0
25,Housing Prices,Contract Rent 200 to 249,0.0,4167.0,0.0,4157.0,0.0,3905.0,0.0,4233.0,0.0,4052.0,0.0,3442.0,0.0,3926.0,0.0,3989.0,0.0,3469.0,0.0,3487.0,0.0,3326.0,0.0,2965.0,0.0,2304.0,0.0,2141.0,0.0,1483.0,0.0,1262.0
26,Housing Prices,"Contract Rent 2000 to 2499 (Contract Rent 2000 or more, DEC2000 and ACS2009-2014)",0.0,14053.0,0.0,38455.0,0.0,43369.0,0.0,49997.0,0.0,54800.0,0.0,60838.0,0.0,28844.0,0.0,28746.0,0.0,28761.0,0.0,29473.0,0.0,29234.0,0.0,28624.0,0.0,28406.0,0.0,30033.0,0.0,29598.0,0.0,30319.0
27,Housing Prices,Contract Rent 250 to 299,0.0,3338.0,0.0,4943.0,0.0,5107.0,0.0,4912.0,0.0,4617.0,0.0,5289.0,0.0,5431.0,0.0,5584.0,0.0,6238.0,0.0,6214.0,0.0,6530.0,0.0,6783.0,0.0,6816.0,0.0,4040.0,0.0,3199.0,0.0,2653.0
28,Housing Prices,Contract Rent 300 to 349,0.0,5346.0,0.0,3015.0,0.0,2351.0,0.0,2392.0,0.0,2483.0,0.0,2310.0,0.0,2640.0,0.0,2768.0,0.0,2698.0,0.0,2405.0,0.0,2602.0,0.0,3009.0,0.0,3379.0,0.0,5715.0,0.0,5449.0,0.0,5250.0
29,Housing Prices,Contract Rent 350 to 399,0.0,5235.0,0.0,1992.0,0.0,2003.0,0.0,2135.0,0.0,2073.0,0.0,2308.0,0.0,2357.0,0.0,2277.0,0.0,2479.0,0.0,2398.0,0.0,2458.0,0.0,1829.0,0.0,1491.0,0.0,1786.0,0.0,2685.0,0.0,2168.0
30,Housing Prices,Contract Rent 400 to 449,0.0,5503.0,0.0,3259.0,0.0,3064.0,0.0,3185.0,0.0,3501.0,0.0,4073.0,0.0,4019.0,0.0,4150.0,0.0,4110.0,0.0,3090.0,0.0,2476.0,0.0,2311.0,0.0,2155.0,0.0,1212.0,0.0,1400.0,0.0,1585.0
31,Housing Prices,Contract Rent 500 to 549,0.0,5711.0,0.0,4323.0,0.0,4026.0,0.0,3496.0,0.0,2688.0,0.0,2353.0,0.0,2307.0,0.0,2209.0,0.0,2233.0,0.0,2418.0,0.0,2627.0,0.0,2188.0,0.0,2081.0,0.0,1687.0,0.0,1460.0,0.0,1258.0
32,Housing Prices,Contract Rent 550 to 599,0.0,8537.0,0.0,4718.0,0.0,4891.0,0.0,5226.0,0.0,4787.0,0.0,4282.0,0.0,4412.0,0.0,4420.0,0.0,4226.0,0.0,4313.0,0.0,4301.0,0.0,3590.0,0.0,2690.0,0.0,1747.0,0.0,2363.0,0.0,2419.0
33,Housing Prices,Contract Rent 600 to 649,0.0,6972.0,0.0,3226.0,0.0,3149.0,0.0,3042.0,0.0,3458.0,0.0,2960.0,0.0,2951.0,0.0,2602.0,0.0,2260.0,0.0,2096.0,0.0,2201.0,0.0,1862.0,0.0,2173.0,0.0,2531.0,0.0,2304.0,0.0,1843.0
34,Housing Prices,Contract Rent 650 to 699,0.0,9456.0,0.0,4837.0,0.0,4354.0,0.0,4307.0,0.0,3853.0,0.0,3730.0,0.0,3924.0,0.0,3600.0,0.0,3347.0,0.0,3068.0,0.0,3097.0,0.0,2774.0,0.0,2130.0,0.0,1653.0,0.0,1485.0,0.0,1902.0
35,Housing Prices,Contract Rent 700 to 749,0.0,8024.0,0.0,3340.0,0.0,3798.0,0.0,3191.0,0.0,3669.0,0.0,3324.0,0.0,2941.0,0.0,2715.0,0.0,2499.0,0.0,2353.0,0.0,1934.0,0.0,1402.0,0.0,1778.0,0.0,1477.0,0.0,1294.0,0.0,1346.0
36,Housing Prices,Contract Rent 750 to 749,6.0,8938.0,0.0,5126.0,0.0,4357.0,0.0,4732.0,0.0,3703.0,0.0,3669.0,0.0,3794.0,0.0,3493.0,0.0,3171.0,0.0,2883.0,0.0,3140.0,0.0,2838.0,0.0,1856.0,0.0,2128.0,0.0,1843.0,0.0,1231.0
37,Housing Prices,Contract Rent 750 to 799,0.0,8550.0,0.0,4187.0,0.0,3763.0,0.0,2749.0,0.0,3307.0,0.0,3463.0,0.0,2939.0,0.0,3147.0,0.0,2683.0,0.0,2598.0,0.0,2186.0,0.0,1940.0,0.0,2216.0,0.0,1410.0,0.0,1628.0,0.0,1971.0
38,Housing Prices,Contract Rent 800 to 899,0.0,18041.0,0.0,10955.0,0.0,10206.0,0.0,8873.0,0.0,9095.0,0.0,9029.0,0.0,8930.0,0.0,8259.0,0.0,8196.0,0.0,6990.0,0.0,6448.0,0.0,6147.0,0.0,5227.0,0.0,3578.0,0.0,3236.0,0.0,3330.0
39,Housing Prices,Contract Rent 900 to 999,0.0,16283.0,0.0,11497.0,0.0,10760.0,0.0,9207.0,0.0,8953.0,0.0,8357.0,0.0,8051.0,0.0,7452.0,0.0,7175.0,0.0,7599.0,0.0,7088.0,0.0,6516.0,0.0,5184.0,0.0,5326.0,0.0,4635.0,0.0,4376.0
40,Housing Prices,Contract Rent Less than 100,0.0,1385.0,0.0,852.0,0.0,795.0,0.0,1093.0,0.0,1331.0,0.0,1430.0,0.0,1505.0,0.0,1465.0,0.0,1232.0,0.0,1057.0,0.0,903.0,0.0,907.0,0.0,705.0,0.0,653.0,0.0,951.0,0.0,1142.0
41,Housing Prices,Contract Rent Total,33.0,214198.0,0.0,209509.0,0.0,212471.0,0.0,214547.0,0.0,218532.0,0.0,220679.0,0.0,224096.0,0.0,224942.0,0.0,224463.0,0.0,223908.0,0.0,225586.0,0.0,224088.0,0.0,222801.0,0.0,221247.0,0.0,222499.0,0.0,224342.0
42,Housing Prices,Contract Rent Total No cash Rent (ACS2015-),0.0,4296.0,0.0,0.0,0.0,0.0,0.0,0.0,0.0,0.0,0.0,0.0,0.0,5665.0,0.0,5474.0,0.0,5506.0,0.0,5312.0,0.0,5201.0,0.0,5195.0,0.0,5117.0,0.0,5300.0,0.0,6265.0,0.0,6574.0
43,Housing Prices,"Contract Rent Total No cash Rent (No cash rent, DEC2000 and ACS2009-2014)",0.0,4296.0,0.0,6063.0,0.0,5919.0,0.0,5769.0,0.0,5764.0,0.0,5684.0,0.0,17655.0,0.0,20913.0,0.0,22868.0,0.0,24192.0,0.0,25265.0,0.0,25424.0,0.0,24685.0,0.0,23653.0,0.0,23891.0,0.0,22846.0
44,Housing Prices,Contract Rent Total With cash Rent,33.0,209902.0,0.0,203446.0,0.0,206552.0,0.0,208778.0,0.0,212768.0,0.0,214995.0,0.0,218431.0,0.0,219468.0,0.0,218957.0,0.0,218596.0,0.0,220385.0,0.0,218893.0,0.0,217684.0,0.0,215947.0,0.0,216234.0,0.0,217768.0
45,Housing Prices,Home Value 10000 to 14999 ,0.0,62.0,0.0,45.0,0.0,74.0,0.0,59.0,0.0,71.0,0.0,76.0,0.0,74.0,0.0,59.0,0.0,82.0,0.0,98.0,0.0,79.0,0.0,144.0,0.0,175.0,0.0,205.0,0.0,183.0,0.0,212.0
46,Housing Prices,Home Value 100000 to 124999,0.0,663.0,0.0,726.0,0.0,667.0,0.0,668.0,0.0,706.0,0.0,560.0,0.0,477.0,0.0,482.0,0.0,524.0,0.0,422.0,0.0,462.0,0.0,582.0,0.0,644.0,0.0,893.0,0.0,984.0,0.0,786.0
47,Housing Prices,"Home Value 1000000 to 1499999 (1000000 or more, DEC2000 and ACS2009-2014)",0.0,9895.0,0.0,33403.0,0.0,32270.0,0.0,30973.0,0.0,30888.0,0.0,33662.0,0.0,20784.0,0.0,25127.0,0.0,29448.0,0.0,33886.0,0.0,37869.0,0.0,42205.0,0.0,43297.0,0.0,46445.0,0.0,46265.0,0.0,44558.0
48,Housing Prices,Home Value 125000 to 149999,0.0,708.0,0.0,149.0,0.0,159.0,0.0,189.0,0.0,247.0,0.0,211.0,0.0,166.0,0.0,122.0,0.0,102.0,0.0,74.0,0.0,59.0,0.0,112.0,0.0,153.0,0.0,99.0,0.0,182.0,0.0,376.0
49,Housing Prices,Home Value 15000 to 19999 ,0.0,117.0,0.0,158.0,0.0,191.0,0.0,198.0,0.0,159.0,0.0,187.0,0.0,29.0,0.0,46.0,0.0,51.0,0.0,54.0,0.0,49.0,0.0,89.0,0.0,54.0,0.0,88.0,0.0,103.0,0.0,71.0
50,Housing Prices,Home Value 150000 to 174999,0.0,1269.0,0.0,536.0,0.0,503.0,0.0,405.0,0.0,485.0,0.0,484.0,0.0,438.0,0.0,440.0,0.0,490.0,0.0,463.0,0.0,307.0,0.0,208.0,0.0,265.0,0.0,333.0,0.0,319.0,0.0,434.0
51,Housing Prices,Home Value 175000 to 199999,0.0,2042.0,0.0,361.0,0.0,318.0,0.0,401.0,0.0,309.0,0.0,418.0,0.0,337.0,0.0,288.0,0.0,187.0,0.0,184.0,0.0,104.0,0.0,50.0,0.0,59.0,0.0,84.0,0.0,160.0,0.0,106.0
52,Housing Prices,Home Value 20000 to 24999 ,0.0,411.0,0.0,142.0,0.0,143.0,0.0,139.0,0.0,29.0,0.0,26.0,0.0,23.0,0.0,37.0,0.0,39.0,0.0,18.0,0.0,25.0,0.0,47.0,0.0,28.0,0.0,8.0,0.0,76.0,0.0,103.0
53,Housing Prices,Home Value 200000 to 249999,0.0,6734.0,0.0,1667.0,0.0,1776.0,0.0,1551.0,0.0,1595.0,0.0,1541.0,0.0,1321.0,0.0,1051.0,0.0,877.0,0.0,731.0,0.0,756.0,0.0,597.0,0.0,627.0,0.0,556.0,0.0,506.0,0.0,573.0
54,Housing Prices,Home Value 25000 to 29999 ,0.0,777.0,0.0,74.0,0.0,51.0,0.0,19.0,0.0,26.0,0.0,9.0,0.0,12.0,0.0,7.0,0.0,68.0,0.0,49.0,0.0,59.0,0.0,75.0,0.0,82.0,0.0,71.0,0.0,27.0,0.0,11.0
55,Housing Prices,Home Value 250000 to 299999,0.0,10611.0,0.0,1463.0,0.0,1421.0,0.0,1495.0,0.0,1456.0,0.0,1519.0,0.0,1169.0,0.0,1075.0,0.0,977.0,0.0,1039.0,0.0,799.0,0.0,866.0,0.0,749.0,0.0,426.0,0.0,480.0,0.0,419.0
56,Housing Prices,Home Value 30000 to 34999 ,0.0,955.0,0.0,21.0,0.0,45.0,0.0,45.0,0.0,58.0,0.0,77.0,0.0,84.0,0.0,64.0,0.0,38.0,0.0,34.0,0.0,10.0,0.0,0.0,0.0,0.0,0.0,0.0,0.0,12.0,0.0,8.0
57,Housing Prices,Home Value 300000 to 399999,0.0,25189.0,0.0,3406.0,0.0,4397.0,0.0,4933.0,0.0,5243.0,0.0,5129.0,0.0,4767.0,0.0,3943.0,0.0,3145.0,0.0,2805.0,0.0,2460.0,0.0,2480.0,0.0,2573.0,0.0,2252.0,0.0,1818.0,0.0,1602.0
58,Housing Prices,Home Value 35000 to 39999 ,0.0,1056.0,0.0,123.0,0.0,81.0,0.0,64.0,0.0,101.0,0.0,83.0,0.0,80.0,0.0,84.0,0.0,110.0,0.0,53.0,0.0,45.0,0.0,58.0,0.0,29.0,0.0,5.0,0.0,9.0,0.0,12.0
59,Housing Prices,Home Value 40000 to 49999 ,0.0,831.0,0.0,225.0,0.0,240.0,0.0,305.0,0.0,279.0,0.0,228.0,0.0,211.0,0.0,208.0,0.0,85.0,0.0,75.0,0.0,74.0,0.0,41.0,0.0,49.0,0.0,65.0,0.0,68.0,0.0,75.0
60,Housing Prices,Home Value 400000 to 499999,0.0,20035.0,0.0,7079.0,0.0,8321.0,0.0,9546.0,0.0,9796.0,0.0,9354.0,0.0,8565.0,0.0,6965.0,0.0,5230.0,0.0,3895.0,0.0,2820.0,0.0,2335.0,0.0,2185.0,0.0,2266.0,0.0,2258.0,0.0,2288.0
61,Housing Prices,Home Value 50000 to 59999 ,0.0,411.0,0.0,402.0,0.0,400.0,0.0,380.0,0.0,398.0,0.0,296.0,0.0,202.0,0.0,195.0,0.0,153.0,0.0,129.0,0.0,91.0,0.0,101.0,0.0,91.0,0.0,91.0,0.0,88.0,0.0,117.0
62,Housing Prices,Home Value 500000 to 749999,0.0,22252.0,0.0,39479.0,0.0,39818.0,0.0,40918.0,0.0,41232.0,0.0,39490.0,0.0,37576.0,0.0,33939.0,0.0,28879.0,0.0,22866.0,0.0,18502.0,0.0,14515.0,0.0,11672.0,0.0,6778.0,0.0,6738.0,0.0,6702.0
63,Housing Prices,Home Value 60000 to 69999 ,0.0,303.0,0.0,505.0,0.0,386.0,0.0,332.0,0.0,299.0,0.0,233.0,0.0,227.0,0.0,191.0,0.0,115.0,0.0,57.0,0.0,67.0,0.0,34.0,0.0,13.0,0.0,14.0,0.0,20.0,0.0,31.0
64,Housing Prices,Home Value 70000 to 79999 ,0.0,281.0,0.0,458.0,0.0,437.0,0.0,258.0,0.0,242.0,0.0,258.0,0.0,314.0,0.0,271.0,0.0,223.0,0.0,194.0,0.0,186.0,0.0,201.0,0.0,158.0,0.0,46.0,0.0,191.0,0.0,127.0
65,Housing Prices,Home Value 750000 to 999999,0.0,10032.0,0.0,34403.0,0.0,32698.0,0.0,32015.0,0.0,31352.0,0.0,32153.0,0.0,31905.0,0.0,32795.0,0.0,33015.0,0.0,31656.0,0.0,28869.0,0.0,26650.0,0.0,24204.0,0.0,17664.0,0.0,15324.0,0.0,15913.0
66,Housing Prices,Home Value 80000 to 89999 ,0.0,262.0,0.0,425.0,0.0,352.0,0.0,222.0,0.0,263.0,0.0,253.0,0.0,296.0,0.0,247.0,0.0,222.0,0.0,188.0,0.0,148.0,0.0,100.0,0.0,60.0,0.0,43.0,0.0,89.0,0.0,71.0
67,Housing Prices,Home Value 90000 to 99999 ,0.0,303.0,0.0,309.0,0.0,295.0,0.0,227.0,0.0,252.0,0.0,202.0,0.0,218.0,0.0,139.0,0.0,110.0,0.0,140.0,0.0,162.0,0.0,92.0,0.0,104.0,0.0,80.0,0.0,16.0,0.0,105.0
68,Housing Prices,Home Value Less than 10000,0.0,116.0,0.0,196.0,0.0,231.0,0.0,289.0,0.0,682.0,0.0,1025.0,0.0,1254.0,0.0,1374.0,0.0,1611.0,0.0,1319.0,0.0,1162.0,0.0,936.0,0.0,1161.0,0.0,1215.0,0.0,1154.0,0.0,1163.0
69,Housing Prices,Home Value Total,0.0,115315.0,0.0,125755.0,0.0,125274.0,0.0,125631.0,0.0,126168.0,0.0,127474.0,0.0,128470.0,0.0,131092.0,0.0,133577.0,0.0,135034.0,0.0,135973.0,0.0,137469.0,0.0,137773.0,0.0,138768.0,0.0,139235.0,0.0,138652.0
70,Housing Prices,Housing Units with a Mortgage,0.0,54435.0,0.0,89788.0,0.0,89583.0,0.0,89798.0,0.0,88729.0,0.0,88893.0,0.0,89459.0,0.0,89772.0,0.0,89845.0,0.0,89454.0,0.0,89744.0,0.0,89639.0,0.0,89064.0,0.0,88696.0,0.0,89491.0,0.0,88796.0
71,Housing Prices,Housing Units with a Mortgage 0 to 30%,0.0,33318.0,0.0,44917.0,0.0,44283.0,0.0,45483.0,0.0,45780.0,0.0,47633.0,0.0,49874.0,0.0,52499.0,0.0,54107.0,0.0,55122.0,0.0,55849.0,0.0,55722.0,0.0,56227.0,0.0,56525.0,0.0,56372.0,0.0,56203.0
72,Housing Prices,Housing Units with a Mortgage 30-50%,0.0,12389.0,0.0,23833.0,0.0,23760.0,0.0,23568.0,0.0,22998.0,0.0,22368.0,0.0,21780.0,0.0,20586.0,0.0,19655.0,0.0,18515.0,0.0,18446.0,0.0,17947.0,0.0,17385.0,0.0,16639.0,0.0,17431.0,0.0,17093.0
73,Housing Prices,Housing Units with a Mortgage 50%+,0.0,8506.0,0.0,20755.0,0.0,21220.0,0.0,20452.0,0.0,19680.0,0.0,18638.0,0.0,17528.0,0.0,16367.0,0.0,15684.0,0.0,15396.0,0.0,14985.0,0.0,15402.0,0.0,14934.0,0.0,15048.0,0.0,15121.0,0.0,15053.0
74,Housing Prices,"Housing Units with a Mortgage 50%+ by Race, American Indian and Alaska Native Alone",0.0,52.0,0.0,0.0,0.0,0.0,0.0,0.0,0.0,0.0,0.0,0.0,0.0,0.0,0.0,0.0,0.0,0.0,0.0,0.0,0.0,0.0,0.0,0.0,0.0,0.0,0.0,0.0,0.0,137.0,0.0,144.0
75,Housing Prices,"Housing Units with a Mortgage 50%+ by Race, Asian Alone",0.0,3202.0,0.0,0.0,0.0,0.0,0.0,0.0,0.0,0.0,0.0,0.0,0.0,0.0,0.0,0.0,0.0,0.0,0.0,0.0,0.0,0.0,0.0,0.0,0.0,0.0,0.0,0.0,0.0,6458.0,0.0,6252.0
76,Housing Prices,"Housing Units with a Mortgage 50%+ by Race, Black or African American Alone",0.0,730.0,0.0,0.0,0.0,0.0,0.0,0.0,0.0,0.0,0.0,0.0,0.0,0.0,0.0,0.0,0.0,0.0,0.0,0.0,0.0,0.0,0.0,0.0,0.0,0.0,0.0,0.0,0.0,417.0,0.0,487.0
77,Housing Prices,"Housing Units with a Mortgage 50%+ by Race, Hispanic or Latino",0.0,867.0,0.0,0.0,0.0,0.0,0.0,0.0,0.0,0.0,0.0,0.0,0.0,0.0,0.0,0.0,0.0,0.0,0.0,0.0,0.0,0.0,0.0,0.0,0.0,0.0,0.0,0.0,0.0,1389.0,0.0,1240.0
78,Housing Prices,"Housing Units with a Mortgage 50%+ by Race, Native Hawaiian and Other Pacific Islander Alone",0.0,18.0,0.0,0.0,0.0,0.0,0.0,0.0,0.0,0.0,0.0,0.0,0.0,0.0,0.0,0.0,0.0,0.0,0.0,0.0,0.0,0.0,0.0,0.0,0.0,0.0,0.0,0.0,0.0,46.0,0.0,49.0
79,Housing Prices,"Housing Units with a Mortgage 50%+ by Race, Some Other Race Alone",0.0,247.0,0.0,0.0,0.0,0.0,0.0,0.0,0.0,0.0,0.0,0.0,0.0,0.0,0.0,0.0,0.0,0.0,0.0,0.0,0.0,0.0,0.0,0.0,0.0,0.0,0.0,0.0,0.0,516.0,0.0,472.0
80,Housing Prices,"Housing Units with a Mortgage 50%+ by Race, Two or More Races",0.0,196.0,0.0,0.0,0.0,0.0,0.0,0.0,0.0,0.0,0.0,0.0,0.0,0.0,0.0,0.0,0.0,0.0,0.0,0.0,0.0,0.0,0.0,0.0,0.0,0.0,0.0,0.0,0.0,921.0,0.0,880.0
81,Housing Prices,"Housing Units with a Mortgage 50%+ by Race, White Alone",0.0,4061.0,0.0,0.0,0.0,0.0,0.0,0.0,0.0,0.0,0.0,0.0,0.0,0.0,0.0,0.0,0.0,0.0,0.0,0.0,0.0,0.0,0.0,0.0,0.0,0.0,0.0,0.0,0.0,6344.0,0.0,6413.0
82,Housing Prices,"Housing Units with a Mortgage 50%+ by Race, White Alone, Not Hispanic or Latino",0.0,3557.0,0.0,0.0,0.0,0.0,0.0,0.0,0.0,0.0,0.0,0.0,0.0,0.0,0.0,0.0,0.0,0.0,0.0,0.0,0.0,0.0,0.0,0.0,0.0,0.0,0.0,0.0,0.0,5945.0,0.0,6085.0
83,Housing Prices,Housing Units with a Mortgage Not Computed,0.0,222.0,0.0,283.0,0.0,320.0,0.0,295.0,0.0,271.0,0.0,254.0,0.0,277.0,0.0,320.0,0.0,399.0,0.0,421.0,0.0,464.0,0.0,568.0,0.0,518.0,0.0,484.0,0.0,567.0,0.0,447.0
84,Housing Prices,"Housing Units with a Mortgage by Race, American Indian and Alaska Native Alone",0.0,0.0,0.0,0.0,0.0,0.0,0.0,0.0,0.0,0.0,0.0,0.0,0.0,0.0,0.0,0.0,0.0,0.0,0.0,0.0,0.0,0.0,0.0,0.0,0.0,0.0,0.0,0.0,0.0,278.0,0.0,289.0
85,Housing Prices,"Housing Units with a Mortgage by Race, Asian Alone",0.0,0.0,0.0,0.0,0.0,0.0,0.0,0.0,0.0,0.0,0.0,0.0,0.0,0.0,0.0,0.0,0.0,0.0,0.0,0.0,0.0,0.0,0.0,0.0,0.0,0.0,0.0,0.0,0.0,33228.0,0.0,32523.0
86,Housing Prices,"Housing Units with a Mortgage by Race, Black or African American Alone",0.0,0.0,0.0,0.0,0.0,0.0,0.0,0.0,0.0,0.0,0.0,0.0,0.0,0.0,0.0,0.0,0.0,0.0,0.0,0.0,0.0,0.0,0.0,0.0,0.0,0.0,0.0,0.0,0.0,2103.0,0.0,2120.0
87,Housing Prices,"Housing Units with a Mortgage by Race, Hispanic or Latino",0.0,0.0,0.0,0.0,0.0,0.0,0.0,0.0,0.0,0.0,0.0,0.0,0.0,0.0,0.0,0.0,0.0,0.0,0.0,0.0,0.0,0.0,0.0,0.0,0.0,0.0,0.0,0.0,0.0,7654.0,0.0,7729.0
88,Housing Prices,"Housing Units with a Mortgage by Race, Native Hawaiian and Other Pacific Islander Alone",0.0,0.0,0.0,0.0,0.0,0.0,0.0,0.0,0.0,0.0,0.0,0.0,0.0,0.0,0.0,0.0,0.0,0.0,0.0,0.0,0.0,0.0,0.0,0.0,0.0,0.0,0.0,0.0,0.0,236.0,0.0,208.0
89,Housing Prices,"Housing Units with a Mortgage by Race, Some Other Race Alone",0.0,0.0,0.0,0.0,0.0,0.0,0.0,0.0,0.0,0.0,0.0,0.0,0.0,0.0,0.0,0.0,0.0,0.0,0.0,0.0,0.0,0.0,0.0,0.0,0.0,0.0,0.0,0.0,0.0,3204.0,0.0,3000.0
90,Housing Prices,"Housing Units with a Mortgage by Race, Two or More Races",0.0,0.0,0.0,0.0,0.0,0.0,0.0,0.0,0.0,0.0,0.0,0.0,0.0,0.0,0.0,0.0,0.0,0.0,0.0,0.0,0.0,0.0,0.0,0.0,0.0,0.0,0.0,0.0,0.0,5543.0,0.0,6264.0
91,Housing Prices,"Housing Units with a Mortgage by Race, White Alone",0.0,0.0,0.0,0.0,0.0,0.0,0.0,0.0,0.0,0.0,0.0,0.0,0.0,0.0,0.0,0.0,0.0,0.0,0.0,0.0,0.0,0.0,0.0,0.0,0.0,0.0,0.0,0.0,0.0,44899.0,0.0,44392.0
92,Housing Prices,"Housing Units with a Mortgage by Race, White Alone, Not Hispanic or Latino",0.0,0.0,0.0,0.0,0.0,0.0,0.0,0.0,0.0,0.0,0.0,0.0,0.0,0.0,0.0,0.0,0.0,0.0,0.0,0.0,0.0,0.0,0.0,0.0,0.0,0.0,0.0,0.0,0.0,42924.0,0.0,42745.0
93,Housing Prices,Housing Units without a Mortgage,0.0,25110.0,0.0,35967.0,0.0,35691.0,0.0,35833.0,0.0,37439.0,0.0,38581.0,0.0,39011.0,0.0,41320.0,0.0,43732.0,0.0,45580.0,0.0,46229.0,0.0,47830.0,0.0,48709.0,0.0,50072.0,0.0,49744.0,0.0,49856.0
94,Housing Prices,Housing Units without a Mortgage 0 to 30%,0.0,22071.0,0.0,30951.0,0.0,30586.0,0.0,30836.0,0.0,31893.0,0.0,32577.0,0.0,32810.0,0.0,35094.0,0.0,37150.0,0.0,38837.0,0.0,39447.0,0.0,40529.0,0.0,40617.0,0.0,41739.0,0.0,41425.0,0.0,40976.0
95,Housing Prices,Housing Units without a Mortgage 30-50%,0.0,1335.0,0.0,2067.0,0.0,2118.0,0.0,1947.0,0.0,2344.0,0.0,2709.0,0.0,2896.0,0.0,2912.0,0.0,3285.0,0.0,3226.0,0.0,3105.0,0.0,2869.0,0.0,2897.0,0.0,2816.0,0.0,2665.0,0.0,2743.0
96,Housing Prices,Housing Units without a Mortgage 50%+,0.0,1231.0,0.0,2459.0,0.0,2470.0,0.0,2440.0,0.0,2569.0,0.0,2743.0,0.0,2774.0,0.0,2727.0,0.0,2804.0,0.0,2949.0,0.0,3062.0,0.0,3677.0,0.0,4383.0,0.0,4660.0,0.0,4908.0,0.0,5474.0
97,Housing Prices,"Housing Units without a Mortgage 50%+ by Race, American Indian and Alaska Native Alone",0.0,0.0,0.0,0.0,0.0,0.0,0.0,0.0,0.0,0.0,0.0,0.0,0.0,0.0,0.0,0.0,0.0,0.0,0.0,0.0,0.0,0.0,0.0,0.0,0.0,0.0,0.0,0.0,0.0,5.0,0.0,5.0
98,Housing Prices,"Housing Units without a Mortgage 50%+ by Race, Asian Alone",0.0,318.0,0.0,0.0,0.0,0.0,0.0,0.0,0.0,0.0,0.0,0.0,0.0,0.0,0.0,0.0,0.0,0.0,0.0,0.0,0.0,0.0,0.0,0.0,0.0,0.0,0.0,0.0,0.0,1664.0,0.0,2082.0
99,Housing Prices,"Housing Units without a Mortgage 50%+ by Race, Black or African American Alone",0.0,155.0,0.0,0.0,0.0,0.0,0.0,0.0,0.0,0.0,0.0,0.0,0.0,0.0,0.0,0.0,0.0,0.0,0.0,0.0,0.0,0.0,0.0,0.0,0.0,0.0,0.0,0.0,0.0,282.0,0.0,311.0
100,Housing Prices,"Housing Units without a Mortgage 50%+ by Race, Hispanic or Latino",0.0,46.0,0.0,0.0,0.0,0.0,0.0,0.0,0.0,0.0,0.0,0.0,0.0,0.0,0.0,0.0,0.0,0.0,0.0,0.0,0.0,0.0,0.0,0.0,0.0,0.0,0.0,0.0,0.0,589.0,0.0,497.0
101,Housing Prices,"Housing Units without a Mortgage 50%+ by Race, Native Hawaiian and Other Pacific Islander Alone",0.0,0.0,0.0,0.0,0.0,0.0,0.0,0.0,0.0,0.0,0.0,0.0,0.0,0.0,0.0,0.0,0.0,0.0,0.0,0.0,0.0,0.0,0.0,0.0,0.0,0.0,0.0,0.0,0.0,0.0,0.0,0.0
102,Housing Prices,"Housing Units without a Mortgage 50%+ by Race, Some Other Race Alone",0.0,21.0,0.0,0.0,0.0,0.0,0.0,0.0,0.0,0.0,0.0,0.0,0.0,0.0,0.0,0.0,0.0,0.0,0.0,0.0,0.0,0.0,0.0,0.0,0.0,0.0,0.0,0.0,0.0,164.0,0.0,72.0
103,Housing Prices,"Housing Units without a Mortgage 50%+ by Race, Two or More Races",0.0,27.0,0.0,0.0,0.0,0.0,0.0,0.0,0.0,0.0,0.0,0.0,0.0,0.0,0.0,0.0,0.0,0.0,0.0,0.0,0.0,0.0,0.0,0.0,0.0,0.0,0.0,0.0,0.0,504.0,0.0,529.0
104,Housing Prices,"Housing Units without a Mortgage 50%+ by Race, White Alone",0.0,710.0,0.0,0.0,0.0,0.0,0.0,0.0,0.0,0.0,0.0,0.0,0.0,0.0,0.0,0.0,0.0,0.0,0.0,0.0,0.0,0.0,0.0,0.0,0.0,0.0,0.0,0.0,0.0,2078.0,0.0,2277.0
105,Housing Prices,"Housing Units without a Mortgage 50%+ by Race, White Alone, Not Hispanic or Latino",0.0,682.0,0.0,0.0,0.0,0.0,0.0,0.0,0.0,0.0,0.0,0.0,0.0,0.0,0.0,0.0,0.0,0.0,0.0,0.0,0.0,0.0,0.0,0.0,0.0,0.0,0.0,0.0,0.0,1967.0,0.0,2163.0
106,Housing Prices,Housing Units without a Mortgage Not Computed,0.0,473.0,0.0,490.0,0.0,517.0,0.0,610.0,0.0,633.0,0.0,552.0,0.0,531.0,0.0,587.0,0.0,493.0,0.0,568.0,0.0,615.0,0.0,755.0,0.0,812.0,0.0,857.0,0.0,746.0,0.0,663.0
107,Housing Prices,"Housing Units without a Mortgage by Race, American Indian and Alaska Native Alone",0.0,0.0,0.0,0.0,0.0,0.0,0.0,0.0,0.0,0.0,0.0,0.0,0.0,0.0,0.0,0.0,0.0,0.0,0.0,0.0,0.0,0.0,0.0,0.0,0.0,0.0,0.0,0.0,0.0,97.0,0.0,78.0
108,Housing Prices,"Housing Units without a Mortgage by Race, Asian Alone",0.0,0.0,0.0,0.0,0.0,0.0,0.0,0.0,0.0,0.0,0.0,0.0,0.0,0.0,0.0,0.0,0.0,0.0,0.0,0.0,0.0,0.0,0.0,0.0,0.0,0.0,0.0,0.0,0.0,23398.0,0.0,23735.0
109,Housing Prices,"Housing Units without a Mortgage by Race, Black or African American Alone",0.0,0.0,0.0,0.0,0.0,0.0,0.0,0.0,0.0,0.0,0.0,0.0,0.0,0.0,0.0,0.0,0.0,0.0,0.0,0.0,0.0,0.0,0.0,0.0,0.0,0.0,0.0,0.0,0.0,1628.0,0.0,1415.0
110,Housing Prices,"Housing Units without a Mortgage by Race, Hispanic or Latino",0.0,0.0,0.0,0.0,0.0,0.0,0.0,0.0,0.0,0.0,0.0,0.0,0.0,0.0,0.0,0.0,0.0,0.0,0.0,0.0,0.0,0.0,0.0,0.0,0.0,0.0,0.0,0.0,0.0,4195.0,0.0,4209.0
111,Housing Prices,"Housing Units without a Mortgage by Race, Native Hawaiian and Other Pacific Islander Alone",0.0,0.0,0.0,0.0,0.0,0.0,0.0,0.0,0.0,0.0,0.0,0.0,0.0,0.0,0.0,0.0,0.0,0.0,0.0,0.0,0.0,0.0,0.0,0.0,0.0,0.0,0.0,0.0,0.0,12.0,0.0,16.0
112,Housing Prices,"Housing Units without a Mortgage by Race, Some Other Race Alone",0.0,0.0,0.0,0.0,0.0,0.0,0.0,0.0,0.0,0.0,0.0,0.0,0.0,0.0,0.0,0.0,0.0,0.0,0.0,0.0,0.0,0.0,0.0,0.0,0.0,0.0,0.0,0.0,0.0,1539.0,0.0,1547.0
113,Housing Prices,"Housing Units without a Mortgage by Race, Two or More Races",0.0,0.0,0.0,0.0,0.0,0.0,0.0,0.0,0.0,0.0,0.0,0.0,0.0,0.0,0.0,0.0,0.0,0.0,0.0,0.0,0.0,0.0,0.0,0.0,0.0,0.0,0.0,0.0,0.0,3289.0,0.0,3454.0
114,Housing Prices,"Housing Units without a Mortgage by Race, White Alone",0.0,0.0,0.0,0.0,0.0,0.0,0.0,0.0,0.0,0.0,0.0,0.0,0.0,0.0,0.0,0.0,0.0,0.0,0.0,0.0,0.0,0.0,0.0,0.0,0.0,0.0,0.0,0.0,0.0,19781.0,0.0,19611.0
115,Housing Prices,"Housing Units without a Mortgage by Race, White Alone, Not Hispanic or Latino",0.0,0.0,0.0,0.0,0.0,0.0,0.0,0.0,0.0,0.0,0.0,0.0,0.0,0.0,0.0,0.0,0.0,0.0,0.0,0.0,0.0,0.0,0.0,0.0,0.0,0.0,0.0,0.0,0.0,18836.0,0.0,18846.0
116,Housing Prices,Median Contract Rent,1097.2222222222222,841.380743861205,0.0,1264.2868923432152,0.0,1332.518068921455,0.0,1389.1041019388838,0.0,1428.0326904491783,0.0,1277.125786163522,0.0,1498.2431138766808,0.0,1574.3097010488264,0.0,1644.6230470258165,0.0,1735.5098943107714,0.0,1820.420679762288,0.0,1931.95307002784,0.0,2031.349010772372,0.0,2227.5080744514366,0.0,2314.345563889452,0.0,2360.0052772189056
117,Housing Prices,Median Home Value,0.0,422742.7002745196,0.0,785814.4638548964,0.0,767822.1909596918,0.0,751347.0248321099,0.0,744882.6154443151,0.0,983842.0055049296,0.0,800109.7006738755,0.0,859155.3590486355,0.0,927726.0336210814,0.0,1014371.7169332468,0.0,1141164.276849138,0.0,1218238.3603838407,0.0,1274285.747280412,0.0,1388653.245774572,0.0,1419458.553982492,0.0,1426646.1690381076
118,Housing Prices,Median Rent,1097.2222222222222,927.747476647232,0.0,1328.375972442621,0.0,1387.895407670619,0.0,1447.190041902884,0.0,1488.3549711725911,0.0,1965.3573282929492,0.0,1558.9823431996829,0.0,1632.989666060664,0.0,1710.554971943939,0.0,1806.484197708529,0.0,1896.5871467423435,0.0,2011.5883753839785,0.0,2130.896266987786,0.0,2316.617543624611,0.0,2420.0504501979467,0.0,2477.560434224673
119,Housing Prices,Median Rent as % of Household Income,44.54166666666666,25.37444913267698,0.0,28.285377898351065,0.0,28.385966623770184,0.0,28.994228655185047,0.0,28.963136085198386,0.0,28.632000471809388,0.0,27.92436527127097,0.0,27.20303856565577,0.0,26.056794397037518,0.0,25.01581448239451,0.0,24.816020014044945,0.0,24.68997966125469,0.0,24.74661730346344,0.0,24.78552434711643,0.0,25.122283722837228,0.0,25.094034253511204
120,Housing Prices,Rent 100 to 149,0.0,1888.0,0.0,792.0,0.0,796.0,0.0,1015.0,0.0,1037.0,0.0,1000.0,0.0,1137.0,0.0,1113.0,0.0,972.0,0.0,750.0,0.0,694.0,0.0,458.0,0.0,321.0,0.0,251.0,0.0,333.0,0.0,399.0
121,Housing Prices,Rent 1000 to 1249,27.0,31472.0,0.0,27324.0,0.0,26026.0,0.0,25259.0,0.0,24688.0,0.0,23850.0,0.0,23176.0,0.0,20684.0,0.0,19380.0,0.0,17905.0,0.0,16887.0,0.0,16158.0,0.0,14128.0,0.0,12152.0,0.0,11140.0,0.0,10990.0
122,Housing Prices,Rent 1250 to 1499,0.0,20419.0,0.0,25837.0,0.0,25891.0,0.0,24342.0,0.0,24109.0,0.0,23527.0,0.0,23455.0,0.0,22179.0,0.0,19847.0,0.0,18871.0,0.0,17442.0,0.0,15720.0,0.0,15788.0,0.0,13260.0,0.0,12954.0,0.0,11993.0
123,Housing Prices,Rent 150 to 199,0.0,5637.0,0.0,782.0,0.0,721.0,0.0,702.0,0.0,607.0,0.0,558.0,0.0,622.0,0.0,562.0,0.0,530.0,0.0,436.0,0.0,504.0,0.0,652.0,0.0,680.0,0.0,549.0,0.0,664.0,0.0,656.0
124,Housing Prices,Rent 1500 to 1999,0.0,25750.0,0.0,40777.0,0.0,42781.0,0.0,44086.0,0.0,44764.0,0.0,43912.0,0.0,42873.0,0.0,41804.0,0.0,39029.0,0.0,36134.0,0.0,33828.0,0.0,32113.0,0.0,30793.0,0.0,27908.0,0.0,25819.0,0.0,26179.0
125,Housing Prices,Rent 200 to 249,0.0,4434.0,0.0,3222.0,0.0,3218.0,0.0,3379.0,0.0,3427.0,0.0,2835.0,0.0,2892.0,0.0,2726.0,0.0,2279.0,0.0,2115.0,0.0,2088.0,0.0,2184.0,0.0,1752.0,0.0,1363.0,0.0,1291.0,0.0,1114.0
126,Housing Prices,"Rent 2000 to 2499  (Rent 2000 or more, DEC2000 and ACS2009-2014)",0.0,15785.0,0.0,43209.0,0.0,48885.0,0.0,55161.0,0.0,60497.0,0.0,66552.0,0.0,30192.0,0.0,29992.0,0.0,30039.0,0.0,30181.0,0.0,30072.0,0.0,28973.0,0.0,29065.0,0.0,29857.0,0.0,28543.0,0.0,28833.0
127,Housing Prices,Rent 250 to 299,0.0,3433.0,0.0,5328.0,0.0,5356.0,0.0,5168.0,0.0,5209.0,0.0,5723.0,0.0,6246.0,0.0,6101.0,0.0,6332.0,0.0,6408.0,0.0,6752.0,0.0,6759.0,0.0,5803.0,0.0,3153.0,0.0,2439.0,0.0,2073.0
128,Housing Prices,Rent 300 to 349,0.0,4508.0,0.0,2557.0,0.0,2147.0,0.0,2344.0,0.0,2326.0,0.0,2480.0,0.0,2489.0,0.0,2713.0,0.0,2707.0,0.0,2456.0,0.0,2910.0,0.0,3384.0,0.0,4202.0,0.0,6496.0,0.0,4995.0,0.0,4729.0
129,Housing Prices,Rent 350 to 399,0.0,4710.0,0.0,2051.0,0.0,2073.0,0.0,1994.0,0.0,1785.0,0.0,1863.0,0.0,2084.0,0.0,1989.0,0.0,2210.0,0.0,2357.0,0.0,1848.0,0.0,1708.0,0.0,1664.0,0.0,2204.0,0.0,3246.0,0.0,2940.0
130,Housing Prices,Rent 400 to 449,0.0,4998.0,0.0,2957.0,0.0,2693.0,0.0,2909.0,0.0,3022.0,0.0,3364.0,0.0,3531.0,0.0,3748.0,0.0,3520.0,0.0,2654.0,0.0,2476.0,0.0,2142.0,0.0,2041.0,0.0,1557.0,0.0,1771.0,0.0,1973.0
131,Housing Prices,Rent 450 to 499,0.0,5235.0,0.0,3851.0,0.0,3919.0,0.0,3707.0,0.0,3012.0,0.0,3140.0,0.0,3015.0,0.0,2819.0,0.0,2806.0,0.0,2839.0,0.0,2634.0,0.0,2016.0,0.0,1820.0,0.0,1344.0,0.0,1365.0,0.0,1146.0
132,Housing Prices,Rent 500 to 549,0.0,6882.0,0.0,4185.0,0.0,3839.0,0.0,3717.0,0.0,3382.0,0.0,3189.0,0.0,3377.0,0.0,3490.0,0.0,3587.0,0.0,3635.0,0.0,3890.0,0.0,3122.0,0.0,2545.0,0.0,1941.0,0.0,2090.0,0.0,1595.0
133,Housing Prices,Rent 550 to 599,0.0,7125.0,0.0,3904.0,0.0,3762.0,0.0,3581.0,0.0,3361.0,0.0,2730.0,0.0,2731.0,0.0,2452.0,0.0,2450.0,0.0,2441.0,0.0,2503.0,0.0,2141.0,0.0,1999.0,0.0,1935.0,0.0,1848.0,0.0,2054.0
134,Housing Prices,Rent 600 to 649,0.0,8197.0,0.0,3487.0,0.0,3458.0,0.0,3283.0,0.0,3230.0,0.0,3149.0,0.0,3152.0,0.0,3223.0,0.0,3093.0,0.0,2668.0,0.0,2561.0,0.0,2376.0,0.0,1974.0,0.0,1676.0,0.0,1609.0,0.0,1502.0
135,Housing Prices,Rent 650 to 699,0.0,8174.0,0.0,3331.0,0.0,3713.0,0.0,3694.0,0.0,4046.0,0.0,3478.0,0.0,3314.0,0.0,2842.0,0.0,2515.0,0.0,2328.0,0.0,2473.0,0.0,2038.0,0.0,1884.0,0.0,1518.0,0.0,1681.0,0.0,1645.0
136,Housing Prices,Rent 700 to 749,6.0,8384.0,0.0,4533.0,0.0,3586.0,0.0,3793.0,0.0,3322.0,0.0,3495.0,0.0,3496.0,0.0,2989.0,0.0,2996.0,0.0,2923.0,0.0,2656.0,0.0,2355.0,0.0,1848.0,0.0,1597.0,0.0,1264.0,0.0,1246.0
137,Housing Prices,Rent 750 to 799,0.0,8123.0,0.0,4164.0,0.0,4044.0,0.0,3511.0,0.0,3629.0,0.0,3461.0,0.0,3196.0,0.0,3363.0,0.0,2728.0,0.0,2399.0,0.0,2412.0,0.0,2131.0,0.0,2450.0,0.0,1657.0,0.0,1563.0,0.0,1523.0
138,Housing Prices,Rent 800 to 899,0.0,17915.0,0.0,9785.0,0.0,9338.0,0.0,8259.0,0.0,8269.0,0.0,7956.0,0.0,8037.0,0.0,7523.0,0.0,6618.0,0.0,5821.0,0.0,5728.0,0.0,5109.0,0.0,4242.0,0.0,3519.0,0.0,3411.0,0.0,3410.0
139,Housing Prices,Rent 900 to 999,0.0,15951.0,0.0,10929.0,0.0,9945.0,0.0,8309.0,0.0,8256.0,0.0,7813.0,0.0,7223.0,0.0,7132.0,0.0,7666.0,0.0,7482.0,0.0,6388.0,0.0,5633.0,0.0,4824.0,0.0,4606.0,0.0,4029.0,0.0,3424.0
140,Housing Prices,Rent Less than 100,0.0,882.0,0.0,441.0,0.0,361.0,0.0,565.0,0.0,790.0,0.0,920.0,0.0,985.0,0.0,967.0,0.0,807.0,0.0,661.0,0.0,515.0,0.0,576.0,0.0,475.0,0.0,381.0,0.0,626.0,0.0,754.0
141,Housing Prices,Rent Total,33.0,214198.0,0.0,209509.0,0.0,212471.0,0.0,214547.0,0.0,218532.0,0.0,220679.0,0.0,224096.0,0.0,224942.0,0.0,224463.0,0.0,223908.0,0.0,225586.0,0.0,224088.0,0.0,222801.0,0.0,221247.0,0.0,222499.0,0.0,224342.0
142,Housing Prices,"Rent Total No cash rent  (No cash rent, DEC2000 and ACS2009-2014)",0.0,4296.0,0.0,6063.0,0.0,5919.0,0.0,5769.0,0.0,5764.0,0.0,5684.0,0.0,19249.0,0.0,21664.0,0.0,23011.0,0.0,24624.0,0.0,25889.0,0.0,25938.0,0.0,25262.0,0.0,23861.0,0.0,23658.0,0.0,24391.0
143,Housing Prices,Rent Total No cash rent (ACS2015-),0.0,4296.0,0.0,0.0,0.0,0.0,0.0,0.0,0.0,0.0,0.0,0.0,0.0,5665.0,0.0,5474.0,0.0,5506.0,0.0,5312.0,0.0,5201.0,0.0,5195.0,0.0,5117.0,0.0,5300.0,0.0,6265.0,0.0,6574.0
144,Housing Prices,Rent Total With cash rent,33.0,209902.0,0.0,203446.0,0.0,206552.0,0.0,208778.0,0.0,212768.0,0.0,214995.0,0.0,218431.0,0.0,219468.0,0.0,218957.0,0.0,218596.0,0.0,220385.0,0.0,218893.0,0.0,217684.0,0.0,215947.0,0.0,216234.0,0.0,217768.0
145,Income,Household Income 10000 to 14999,0.0,16394.0,0.0,20010.0,0.0,20189.0,0.0,21154.0,0.0,21150.0,0.0,21208.0,0.0,21438.0,0.0,20617.0,0.0,19887.0,0.0,18491.0,0.0,18085.0,0.0,17464.0,0.0,16766.0,0.0,16000.0,0.0,15529.0,0.0,15308.0
146,Income,"Household Income 10000 to 14999 by Race, American Indian and Alaska Native Alone",0.0,107.0,0.0,109.0,0.0,127.0,0.0,137.0,0.0,188.0,0.0,248.0,0.0,243.0,0.0,134.0,0.0,102.0,0.0,38.0,0.0,42.0,0.0,36.0,0.0,52.0,0.0,47.0,0.0,115.0,0.0,61.0
147,Income,"Household Income 10000 to 14999 by Race, Asian Alone",0.0,4597.0,0.0,7106.0,0.0,7559.0,0.0,7379.0,0.0,7196.0,0.0,7024.0,0.0,7403.0,0.0,6979.0,0.0,6962.0,0.0,6638.0,0.0,6902.0,0.0,6555.0,0.0,6241.0,0.0,6244.0,0.0,6449.0,0.0,6450.0
148,Income,"Household Income 10000 to 14999 by Race, Black or African American Alone",0.0,2172.0,0.0,2631.0,0.0,2503.0,0.0,2708.0,0.0,2675.0,0.0,2597.0,0.0,2621.0,0.0,2678.0,0.0,2587.0,0.0,2669.0,0.0,2641.0,0.0,2366.0,0.0,2167.0,0.0,2293.0,0.0,2154.0,0.0,2060.0
149,Income,"Household Income 10000 to 14999 by Race, Hispanic or Latino",0.0,1650.0,0.0,2233.0,0.0,2269.0,0.0,2618.0,0.0,2657.0,0.0,2966.0,0.0,3057.0,0.0,2997.0,0.0,2832.0,0.0,2508.0,0.0,2364.0,0.0,2145.0,0.0,2139.0,0.0,1916.0,0.0,2017.0,0.0,1842.0
150,Income,"Household Income 10000 to 14999 by Race, Native Hawaiian and Other Pacific Islander Alone",0.0,83.0,0.0,61.0,0.0,83.0,0.0,92.0,0.0,108.0,0.0,95.0,0.0,159.0,0.0,165.0,0.0,147.0,0.0,80.0,0.0,83.0,0.0,49.0,0.0,64.0,0.0,15.0,0.0,30.0,0.0,12.0
151,Income,"Household Income 10000 to 14999 by Race, Some Other Race Alone",0.0,680.0,0.0,717.0,0.0,809.0,0.0,765.0,0.0,898.0,0.0,911.0,0.0,1207.0,0.0,1317.0,0.0,1478.0,0.0,1210.0,0.0,1461.0,0.0,1295.0,0.0,1235.0,0.0,1146.0,0.0,1204.0,0.0,1121.0
152,Income,"Household Income 10000 to 14999 by Race, Two or More Races",0.0,560.0,0.0,646.0,0.0,598.0,0.0,853.0,0.0,798.0,0.0,888.0,0.0,910.0,0.0,859.0,0.0,849.0,0.0,705.0,0.0,524.0,0.0,779.0,0.0,1138.0,0.0,1097.0,0.0,1286.0,0.0,1341.0
153,Income,"Household Income 10000 to 14999 by Race, White Alone",0.0,8195.0,0.0,8740.0,0.0,8510.0,0.0,9220.0,0.0,9287.0,0.0,9445.0,0.0,8895.0,0.0,8485.0,0.0,7762.0,0.0,7151.0,0.0,6432.0,0.0,6384.0,0.0,5869.0,0.0,5158.0,0.0,4291.0,0.0,4263.0
154,Income,"Household Income 10000 to 14999 by Race, White Alone, Not Hispanic or Latino",0.0,7365.0,0.0,7420.0,0.0,7294.0,0.0,7733.0,0.0,7782.0,0.0,7725.0,0.0,7415.0,0.0,6993.0,0.0,6490.0,0.0,5940.0,0.0,5501.0,0.0,5528.0,0.0,5219.0,0.0,4667.0,0.0,3902.0,0.0,3983.0
155,Income,Household Income 100000 to 124999,0.0,27331.0,0.0,33163.0,0.0,32711.0,0.0,32239.0,0.0,32521.0,0.0,33454.0,0.0,33451.0,0.0,33784.0,0.0,33643.0,0.0,31518.0,0.0,30267.0,0.0,29022.0,0.0,27559.0,0.0,25620.0,0.0,26209.0,0.0,26735.0
156,Income,"Household Income 100000 to 124999 by Race, American Indian and Alaska Native Alone",0.0,46.0,0.0,193.0,0.0,187.0,0.0,141.0,0.0,118.0,0.0,114.0,0.0,52.0,0.0,60.0,0.0,48.0,0.0,63.0,0.0,172.0,0.0,197.0,0.0,186.0,0.0,96.0,0.0,91.0,0.0,95.0
157,Income,"Household Income 100000 to 124999 by Race, Asian Alone",0.0,6118.0,0.0,8797.0,0.0,8699.0,0.0,8493.0,0.0,8213.0,0.0,8311.0,0.0,8891.0,0.0,9670.0,0.0,10214.0,0.0,9429.0,0.0,9469.0,0.0,9085.0,0.0,9056.0,0.0,8421.0,0.0,8788.0,0.0,9316.0
158,Income,"Household Income 100000 to 124999 by Race, Black or African American Alone",0.0,1047.0,0.0,1054.0,0.0,1070.0,0.0,865.0,0.0,979.0,0.0,904.0,0.0,1049.0,0.0,1021.0,0.0,1056.0,0.0,940.0,0.0,959.0,0.0,819.0,0.0,674.0,0.0,716.0,0.0,826.0,0.0,959.0
159,Income,"Household Income 100000 to 124999 by Race, Hispanic or Latino",0.0,2017.0,0.0,3066.0,0.0,3164.0,0.0,3296.0,0.0,3380.0,0.0,3470.0,0.0,3486.0,0.0,3816.0,0.0,3862.0,0.0,3910.0,0.0,3982.0,0.0,3504.0,0.0,3503.0,0.0,3485.0,0.0,3780.0,0.0,3925.0
160,Income,"Household Income 100000 to 124999 by Race, Native Hawaiian and Other Pacific Islander Alone",0.0,64.0,0.0,72.0,0.0,21.0,0.0,29.0,0.0,55.0,0.0,52.0,0.0,39.0,0.0,30.0,0.0,75.0,0.0,51.0,0.0,37.0,0.0,24.0,0.0,5.0,0.0,83.0,0.0,41.0,0.0,97.0
161,Income,"Household Income 100000 to 124999 by Race, Some Other Race Alone",0.0,923.0,0.0,713.0,0.0,830.0,0.0,889.0,0.0,1052.0,0.0,1372.0,0.0,1482.0,0.0,1705.0,0.0,1835.0,0.0,1794.0,0.0,2035.0,0.0,1684.0,0.0,1600.0,0.0,1716.0,0.0,1551.0,0.0,1771.0
162,Income,"Household Income 100000 to 124999 by Race, Two or More Races",0.0,823.0,0.0,1115.0,0.0,1173.0,0.0,1281.0,0.0,1314.0,0.0,1365.0,0.0,1208.0,0.0,1235.0,0.0,1112.0,0.0,1308.0,0.0,1197.0,0.0,1843.0,0.0,1569.0,0.0,1692.0,0.0,2399.0,0.0,2635.0
163,Income,"Household Income 100000 to 124999 by Race, White Alone",0.0,18310.0,0.0,21219.0,0.0,20731.0,0.0,20541.0,0.0,20790.0,0.0,21336.0,0.0,20730.0,0.0,20063.0,0.0,19303.0,0.0,17933.0,0.0,16398.0,0.0,15370.0,0.0,14469.0,0.0,12896.0,0.0,12513.0,0.0,11862.0
164,Income,"Household Income 100000 to 124999 by Race, White Alone, Not Hispanic or Latino",0.0,17468.0,0.0,19003.0,0.0,18587.0,0.0,18470.0,0.0,18776.0,0.0,19597.0,0.0,19062.0,0.0,18349.0,0.0,17598.0,0.0,16277.0,0.0,14686.0,0.0,13853.0,0.0,13081.0,0.0,11818.0,0.0,11583.0,0.0,11159.0
165,Income,Household Income 125000 to 149999,0.0,16203.0,0.0,20872.0,0.0,22421.0,0.0,22628.0,0.0,22511.0,0.0,24036.0,0.0,24220.0,0.0,24878.0,0.0,26092.0,0.0,26865.0,0.0,25995.0,0.0,25878.0,0.0,26235.0,0.0,23366.0,0.0,22308.0,0.0,22202.0
166,Income,"Household Income 125000 to 149999 by Race, American Indian and Alaska Native Alone",0.0,22.0,0.0,90.0,0.0,121.0,0.0,70.0,0.0,60.0,0.0,58.0,0.0,22.0,0.0,90.0,0.0,122.0,0.0,120.0,0.0,99.0,0.0,70.0,0.0,45.0,0.0,159.0,0.0,143.0,0.0,139.0
167,Income,"Household Income 125000 to 149999 by Race, Asian Alone",0.0,3207.0,0.0,4836.0,0.0,5680.0,0.0,5949.0,0.0,6298.0,0.0,6752.0,0.0,6950.0,0.0,7571.0,0.0,7735.0,0.0,8687.0,0.0,8610.0,0.0,9001.0,0.0,8387.0,0.0,7388.0,0.0,7211.0,0.0,7343.0
168,Income,"Household Income 125000 to 149999 by Race, Black or African American Alone",0.0,577.0,0.0,510.0,0.0,457.0,0.0,442.0,0.0,433.0,0.0,477.0,0.0,445.0,0.0,441.0,0.0,469.0,0.0,480.0,0.0,655.0,0.0,633.0,0.0,978.0,0.0,903.0,0.0,812.0,0.0,713.0
169,Income,"Household Income 125000 to 149999 by Race, Hispanic or Latino",0.0,1242.0,0.0,1986.0,0.0,1843.0,0.0,1962.0,0.0,1983.0,0.0,2073.0,0.0,1917.0,0.0,2321.0,0.0,2704.0,0.0,2878.0,0.0,2905.0,0.0,3074.0,0.0,3255.0,0.0,3113.0,0.0,2944.0,0.0,3214.0
170,Income,"Household Income 125000 to 149999 by Race, Native Hawaiian and Other Pacific Islander Alone",0.0,13.0,0.0,44.0,0.0,56.0,0.0,33.0,0.0,40.0,0.0,37.0,0.0,10.0,0.0,52.0,0.0,35.0,0.0,56.0,0.0,79.0,0.0,117.0,0.0,117.0,0.0,35.0,0.0,5.0,0.0,6.0
171,Income,"Household Income 125000 to 149999 by Race, Some Other Race Alone",0.0,450.0,0.0,615.0,0.0,585.0,0.0,681.0,0.0,630.0,0.0,485.0,0.0,584.0,0.0,804.0,0.0,1047.0,0.0,1197.0,0.0,1117.0,0.0,1233.0,0.0,1561.0,0.0,1541.0,0.0,1312.0,0.0,1561.0
172,Income,"Household Income 125000 to 149999 by Race, Two or More Races",0.0,435.0,0.0,492.0,0.0,599.0,0.0,714.0,0.0,857.0,0.0,894.0,0.0,1008.0,0.0,985.0,0.0,1130.0,0.0,1151.0,0.0,1360.0,0.0,1518.0,0.0,2119.0,0.0,2190.0,0.0,2397.0,0.0,2520.0
173,Income,"Household Income 125000 to 149999 by Race, White Alone",0.0,11499.0,0.0,14285.0,0.0,14923.0,0.0,14739.0,0.0,14193.0,0.0,15333.0,0.0,15201.0,0.0,14935.0,0.0,15554.0,0.0,15174.0,0.0,14075.0,0.0,13306.0,0.0,13028.0,0.0,11150.0,0.0,10428.0,0.0,9920.0
174,Income,"Household Income 125000 to 149999 by Race, White Alone, Not Hispanic or Latino",0.0,10821.0,0.0,13052.0,0.0,13697.0,0.0,13543.0,0.0,12955.0,0.0,13877.0,0.0,14022.0,0.0,13637.0,0.0,14240.0,0.0,13813.0,0.0,12856.0,0.0,12128.0,0.0,11912.0,0.0,10323.0,0.0,9711.0,0.0,9200.0
175,Income,Household Income 15000 to 19999,6.0,13984.0,0.0,14661.0,0.0,14251.0,0.0,13720.0,0.0,13054.0,0.0,13637.0,0.0,13153.0,0.0,12624.0,0.0,11817.0,0.0,11261.0,0.0,10648.0,0.0,10185.0,0.0,8796.0,0.0,8641.0,0.0,8663.0,0.0,9038.0
176,Income,"Household Income 15000 to 19999 by Race, American Indian and Alaska Native Alone",0.0,106.0,0.0,68.0,0.0,67.0,0.0,65.0,0.0,50.0,0.0,51.0,0.0,4.0,0.0,55.0,0.0,69.0,0.0,103.0,0.0,206.0,0.0,248.0,0.0,161.0,0.0,63.0,0.0,76.0,0.0,17.0
177,Income,"Household Income 15000 to 19999 by Race, Asian Alone",0.0,3409.0,0.0,4892.0,0.0,4698.0,0.0,4566.0,0.0,4363.0,0.0,4989.0,0.0,4830.0,0.0,4890.0,0.0,4697.0,0.0,4401.0,0.0,4249.0,0.0,3974.0,0.0,3079.0,0.0,2779.0,0.0,2908.0,0.0,2981.0
178,Income,"Household Income 15000 to 19999 by Race, Black or African American Alone",0.0,1798.0,0.0,1597.0,0.0,1702.0,0.0,1429.0,0.0,1334.0,0.0,1412.0,0.0,1296.0,0.0,952.0,0.0,1108.0,0.0,1085.0,0.0,1012.0,0.0,983.0,0.0,787.0,0.0,888.0,0.0,827.0,0.0,866.0
179,Income,"Household Income 15000 to 19999 by Race, Hispanic or Latino",0.0,1795.0,0.0,1788.0,0.0,1886.0,0.0,1832.0,0.0,1679.0,0.0,1553.0,0.0,1556.0,0.0,1497.0,0.0,1215.0,0.0,1246.0,0.0,1312.0,0.0,1353.0,0.0,1108.0,0.0,1345.0,0.0,1361.0,0.0,1485.0
180,Income,"Household Income 15000 to 19999 by Race, Native Hawaiian and Other Pacific Islander Alone",0.0,75.0,0.0,61.0,0.0,66.0,0.0,51.0,0.0,13.0,0.0,26.0,0.0,27.0,0.0,19.0,0.0,27.0,0.0,11.0,0.0,27.0,0.0,55.0,0.0,53.0,0.0,69.0,0.0,30.0,0.0,19.0
181,Income,"Household Income 15000 to 19999 by Race, Some Other Race Alone",0.0,739.0,0.0,528.0,0.0,554.0,0.0,697.0,0.0,650.0,0.0,673.0,0.0,675.0,0.0,598.0,0.0,492.0,0.0,485.0,0.0,533.0,0.0,490.0,0.0,441.0,0.0,545.0,0.0,596.0,0.0,713.0
182,Income,"Household Income 15000 to 19999 by Race, Two or More Races",0.0,544.0,0.0,317.0,0.0,342.0,0.0,296.0,0.0,372.0,0.0,408.0,0.0,377.0,0.0,434.0,0.0,401.0,0.0,441.0,0.0,404.0,0.0,367.0,0.0,511.0,0.0,848.0,0.0,683.0,0.0,883.0
183,Income,"Household Income 15000 to 19999 by Race, White Alone",6.0,7313.0,0.0,7198.0,0.0,6822.0,0.0,6616.0,0.0,6272.0,0.0,6078.0,0.0,5944.0,0.0,5676.0,0.0,5023.0,0.0,4735.0,0.0,4217.0,0.0,4068.0,0.0,3764.0,0.0,3449.0,0.0,3543.0,0.0,3559.0
184,Income,"Household Income 15000 to 19999 by Race, White Alone, Not Hispanic or Latino",6.0,6514.0,0.0,5990.0,0.0,5588.0,0.0,5621.0,0.0,5324.0,0.0,5289.0,0.0,5161.0,0.0,4909.0,0.0,4383.0,0.0,4129.0,0.0,3665.0,0.0,3539.0,0.0,3407.0,0.0,3115.0,0.0,3218.0,0.0,3271.0
185,Income,Household Income 150000 to 199999,0.0,17613.0,0.0,29308.0,0.0,29802.0,0.0,30817.0,0.0,32129.0,0.0,32900.0,0.0,34042.0,0.0,37112.0,0.0,38845.0,0.0,40710.0,0.0,43041.0,0.0,43393.0,0.0,42044.0,0.0,41397.0,0.0,41831.0,0.0,40776.0
186,Income,"Household Income 150000 to 199999 by Race, American Indian and Alaska Native Alone",0.0,55.0,0.0,90.0,0.0,35.0,0.0,41.0,0.0,48.0,0.0,45.0,0.0,55.0,0.0,54.0,0.0,67.0,0.0,85.0,0.0,135.0,0.0,131.0,0.0,80.0,0.0,63.0,0.0,87.0,0.0,132.0
187,Income,"Household Income 150000 to 199999 by Race, Asian Alone",0.0,3421.0,0.0,7361.0,0.0,7828.0,0.0,8451.0,0.0,8657.0,0.0,8870.0,0.0,9626.0,0.0,10019.0,0.0,11245.0,0.0,11706.0,0.0,12398.0,0.0,12224.0,0.0,12743.0,0.0,13688.0,0.0,14452.0,0.0,13613.0
188,Income,"Household Income 150000 to 199999 by Race, Black or African American Alone",0.0,397.0,0.0,733.0,0.0,787.0,0.0,786.0,0.0,788.0,0.0,971.0,0.0,839.0,0.0,792.0,0.0,853.0,0.0,772.0,0.0,847.0,0.0,977.0,0.0,1324.0,0.0,1079.0,0.0,1223.0,0.0,1170.0
189,Income,"Household Income 150000 to 199999 by Race, Hispanic or Latino",0.0,865.0,0.0,2176.0,0.0,2122.0,0.0,2109.0,0.0,2399.0,0.0,2727.0,0.0,2825.0,0.0,3143.0,0.0,3617.0,0.0,3844.0,0.0,3992.0,0.0,4696.0,0.0,4900.0,0.0,4803.0,0.0,4951.0,0.0,5262.0
190,Income,"Household Income 150000 to 199999 by Race, Native Hawaiian and Other Pacific Islander Alone",0.0,34.0,0.0,67.0,0.0,62.0,0.0,62.0,0.0,54.0,0.0,123.0,0.0,113.0,0.0,140.0,0.0,181.0,0.0,176.0,0.0,133.0,0.0,237.0,0.0,268.0,0.0,182.0,0.0,120.0,0.0,82.0
191,Income,"Household Income 150000 to 199999 by Race, Some Other Race Alone",0.0,338.0,0.0,365.0,0.0,455.0,0.0,476.0,0.0,666.0,0.0,878.0,0.0,856.0,0.0,1023.0,0.0,1098.0,0.0,1035.0,0.0,1143.0,0.0,1835.0,0.0,1887.0,0.0,2076.0,0.0,1899.0,0.0,1959.0
192,Income,"Household Income 150000 to 199999 by Race, Two or More Races",0.0,440.0,0.0,604.0,0.0,551.0,0.0,579.0,0.0,554.0,0.0,735.0,0.0,880.0,0.0,1273.0,0.0,1478.0,0.0,1596.0,0.0,1792.0,0.0,2279.0,0.0,2693.0,0.0,3111.0,0.0,3702.0,0.0,4119.0
193,Income,"Household Income 150000 to 199999 by Race, White Alone",0.0,12928.0,0.0,20088.0,0.0,20084.0,0.0,20422.0,0.0,21362.0,0.0,21278.0,0.0,21673.0,0.0,23811.0,0.0,23923.0,0.0,25340.0,0.0,26593.0,0.0,25710.0,0.0,23049.0,0.0,21198.0,0.0,20348.0,0.0,19701.0
194,Income,"Household Income 150000 to 199999 by Race, White Alone, Not Hispanic or Latino",0.0,12553.0,0.0,18367.0,0.0,18396.0,0.0,18845.0,0.0,19675.0,0.0,19537.0,0.0,19929.0,0.0,21962.0,0.0,21799.0,0.0,22959.0,0.0,24231.0,0.0,23382.0,0.0,20967.0,0.0,19568.0,0.0,19040.0,0.0,18517.0
195,Income,Household Income 20000 to 24999,11.0,14158.0,0.0,13280.0,0.0,13822.0,0.0,13745.0,0.0,13963.0,0.0,13469.0,0.0,12936.0,0.0,12088.0,0.0,11901.0,0.0,11101.0,0.0,10249.0,0.0,9194.0,0.0,9052.0,0.0,8944.0,0.0,8692.0,0.0,7934.0
196,Income,"Household Income 20000 to 24999 by Race, American Indian and Alaska Native Alone",0.0,57.0,0.0,80.0,0.0,104.0,0.0,126.0,0.0,149.0,0.0,118.0,0.0,88.0,0.0,99.0,0.0,155.0,0.0,112.0,0.0,82.0,0.0,61.0,0.0,229.0,0.0,206.0,0.0,276.0,0.0,255.0
197,Income,"Household Income 20000 to 24999 by Race, Asian Alone",0.0,3686.0,0.0,4070.0,0.0,4133.0,0.0,4585.0,0.0,4264.0,0.0,4003.0,0.0,3992.0,0.0,3775.0,0.0,3989.0,0.0,3787.0,0.0,3656.0,0.0,3189.0,0.0,3318.0,0.0,3684.0,0.0,3516.0,0.0,3351.0
198,Income,"Household Income 20000 to 24999 by Race, Black or African American Alone",0.0,1560.0,0.0,1585.0,0.0,1758.0,0.0,1350.0,0.0,1309.0,0.0,1486.0,0.0,1285.0,0.0,1253.0,0.0,1305.0,0.0,1258.0,0.0,1116.0,0.0,1088.0,0.0,959.0,0.0,685.0,0.0,750.0,0.0,666.0
199,Income,"Household Income 20000 to 24999 by Race, Hispanic or Latino",0.0,1773.0,0.0,1651.0,0.0,1887.0,0.0,1872.0,0.0,1995.0,0.0,2262.0,0.0,2442.0,0.0,2195.0,0.0,2074.0,0.0,2070.0,0.0,1708.0,0.0,1439.0,0.0,1313.0,0.0,1272.0,0.0,1287.0,0.0,1305.0
200,Income,"Household Income 20000 to 24999 by Race, Native Hawaiian and Other Pacific Islander Alone",0.0,60.0,0.0,41.0,0.0,69.0,0.0,52.0,0.0,62.0,0.0,63.0,0.0,49.0,0.0,16.0,0.0,26.0,0.0,46.0,0.0,49.0,0.0,89.0,0.0,97.0,0.0,36.0,0.0,41.0,0.0,15.0
201,Income,"Household Income 20000 to 24999 by Race, Some Other Race Alone",0.0,783.0,0.0,529.0,0.0,614.0,0.0,493.0,0.0,643.0,0.0,928.0,0.0,1130.0,0.0,1137.0,0.0,1136.0,0.0,1065.0,0.0,940.0,0.0,847.0,0.0,590.0,0.0,416.0,0.0,462.0,0.0,596.0
202,Income,"Household Income 20000 to 24999 by Race, Two or More Races",0.0,532.0,0.0,310.0,0.0,399.0,0.0,517.0,0.0,543.0,0.0,519.0,0.0,486.0,0.0,438.0,0.0,338.0,0.0,303.0,0.0,294.0,0.0,291.0,0.0,348.0,0.0,493.0,0.0,511.0,0.0,561.0
203,Income,"Household Income 20000 to 24999 by Race, White Alone",11.0,7480.0,0.0,6665.0,0.0,6745.0,0.0,6622.0,0.0,6993.0,0.0,6352.0,0.0,5906.0,0.0,5370.0,0.0,4952.0,0.0,4530.0,0.0,4112.0,0.0,3629.0,0.0,3511.0,0.0,3424.0,0.0,3136.0,0.0,2490.0
204,Income,"Household Income 20000 to 24999 by Race, White Alone, Not Hispanic or Latino",11.0,6638.0,0.0,5636.0,0.0,5598.0,0.0,5537.0,0.0,5888.0,0.0,5223.0,0.0,4780.0,0.0,4435.0,0.0,4138.0,0.0,3687.0,0.0,3497.0,0.0,3146.0,0.0,3133.0,0.0,2992.0,0.0,2759.0,0.0,2245.0
205,Income,Household Income 25000 to 29999,0.0,14381.0,0.0,12023.0,0.0,12108.0,0.0,11528.0,0.0,11514.0,0.0,11209.0,0.0,10420.0,0.0,10116.0,0.0,9524.0,0.0,9442.0,0.0,8990.0,0.0,9001.0,0.0,9408.0,0.0,8370.0,0.0,6819.0,0.0,7042.0
206,Income,"Household Income 25000 to 29999 by Race, American Indian and Alaska Native Alone",0.0,106.0,0.0,156.0,0.0,167.0,0.0,170.0,0.0,56.0,0.0,80.0,0.0,38.0,0.0,23.0,0.0,41.0,0.0,7.0,0.0,49.0,0.0,32.0,0.0,135.0,0.0,97.0,0.0,147.0,0.0,168.0
207,Income,"Household Income 25000 to 29999 by Race, Asian Alone",0.0,3475.0,0.0,3331.0,0.0,3309.0,0.0,3173.0,0.0,3451.0,0.0,3609.0,0.0,3211.0,0.0,3134.0,0.0,2894.0,0.0,3083.0,0.0,2970.0,0.0,3244.0,0.0,2994.0,0.0,2793.0,0.0,2109.0,0.0,2546.0
208,Income,"Household Income 25000 to 29999 by Race, Black or African American Alone",0.0,1603.0,0.0,1299.0,0.0,1300.0,0.0,1156.0,0.0,1135.0,0.0,953.0,0.0,836.0,0.0,931.0,0.0,950.0,0.0,1062.0,0.0,1161.0,0.0,887.0,0.0,916.0,0.0,821.0,0.0,550.0,0.0,630.0
209,Income,"Household Income 25000 to 29999 by Race, Hispanic or Latino",0.0,1805.0,0.0,1826.0,0.0,1707.0,0.0,1747.0,0.0,1852.0,0.0,1655.0,0.0,1870.0,0.0,1812.0,0.0,1663.0,0.0,1429.0,0.0,1509.0,0.0,1390.0,0.0,1957.0,0.0,1612.0,0.0,1282.0,0.0,1203.0
210,Income,"Household Income 25000 to 29999 by Race, Native Hawaiian and Other Pacific Islander Alone",0.0,30.0,0.0,36.0,0.0,21.0,0.0,50.0,0.0,31.0,0.0,60.0,0.0,62.0,0.0,98.0,0.0,70.0,0.0,43.0,0.0,17.0,0.0,12.0,0.0,12.0,0.0,49.0,0.0,60.0,0.0,10.0
211,Income,"Household Income 25000 to 29999 by Race, Some Other Race Alone",0.0,713.0,0.0,467.0,0.0,431.0,0.0,611.0,0.0,908.0,0.0,904.0,0.0,1048.0,0.0,1062.0,0.0,946.0,0.0,917.0,0.0,684.0,0.0,651.0,0.0,853.0,0.0,834.0,0.0,578.0,0.0,529.0
212,Income,"Household Income 25000 to 29999 by Race, Two or More Races",0.0,512.0,0.0,299.0,0.0,350.0,0.0,453.0,0.0,444.0,0.0,456.0,0.0,319.0,0.0,296.0,0.0,258.0,0.0,271.0,0.0,219.0,0.0,356.0,0.0,565.0,0.0,600.0,0.0,710.0,0.0,715.0
213,Income,"Household Income 25000 to 29999 by Race, White Alone",0.0,7942.0,0.0,6435.0,0.0,6530.0,0.0,5915.0,0.0,5489.0,0.0,5147.0,0.0,4906.0,0.0,4572.0,0.0,4365.0,0.0,4059.0,0.0,3890.0,0.0,3819.0,0.0,3933.0,0.0,3176.0,0.0,2665.0,0.0,2444.0
214,Income,"Household Income 25000 to 29999 by Race, White Alone, Not Hispanic or Latino",0.0,7073.0,0.0,5183.0,0.0,5480.0,0.0,4952.0,0.0,4669.0,0.0,4443.0,0.0,4167.0,0.0,3914.0,0.0,3732.0,0.0,3606.0,0.0,3236.0,0.0,3284.0,0.0,3318.0,0.0,2824.0,0.0,2495.0,0.0,2322.0
215,Income,Household Income 30000 to 34999,0.0,15215.0,0.0,11157.0,0.0,11743.0,0.0,12069.0,0.0,12185.0,0.0,10978.0,0.0,10782.0,0.0,10295.0,0.0,9868.0,0.0,9029.0,0.0,8892.0,0.0,7673.0,0.0,6759.0,0.0,6572.0,0.0,7237.0,0.0,7458.0
216,Income,"Household Income 30000 to 34999 by Race, American Indian and Alaska Native Alone",0.0,73.0,0.0,29.0,0.0,33.0,0.0,40.0,0.0,22.0,0.0,10.0,0.0,22.0,0.0,21.0,0.0,30.0,0.0,36.0,0.0,63.0,0.0,96.0,0.0,43.0,0.0,33.0,0.0,30.0,0.0,6.0
217,Income,"Household Income 30000 to 34999 by Race, Asian Alone",0.0,3737.0,0.0,2916.0,0.0,3275.0,0.0,3456.0,0.0,3520.0,0.0,3624.0,0.0,3734.0,0.0,3353.0,0.0,3037.0,0.0,2699.0,0.0,2761.0,0.0,2523.0,0.0,2493.0,0.0,2360.0,0.0,2483.0,0.0,2732.0
218,Income,"Household Income 30000 to 34999 by Race, Black or African American Alone",0.0,1352.0,0.0,1192.0,0.0,1111.0,0.0,1073.0,0.0,1061.0,0.0,731.0,0.0,653.0,0.0,702.0,0.0,807.0,0.0,810.0,0.0,923.0,0.0,765.0,0.0,480.0,0.0,580.0,0.0,714.0,0.0,643.0
219,Income,"Household Income 30000 to 34999 by Race, Hispanic or Latino",0.0,1877.0,0.0,2041.0,0.0,1984.0,0.0,1929.0,0.0,2049.0,0.0,1829.0,0.0,1988.0,0.0,2258.0,0.0,2265.0,0.0,1888.0,0.0,1910.0,0.0,1395.0,0.0,1090.0,0.0,1053.0,0.0,1327.0,0.0,1339.0
220,Income,"Household Income 30000 to 34999 by Race, Native Hawaiian and Other Pacific Islander Alone",0.0,88.0,0.0,19.0,0.0,32.0,0.0,40.0,0.0,32.0,0.0,14.0,0.0,41.0,0.0,31.0,0.0,22.0,0.0,28.0,0.0,24.0,0.0,28.0,0.0,15.0,0.0,7.0,0.0,79.0,0.0,76.0
221,Income,"Household Income 30000 to 34999 by Race, Some Other Race Alone",0.0,639.0,0.0,498.0,0.0,554.0,0.0,779.0,0.0,836.0,0.0,848.0,0.0,1002.0,0.0,1200.0,0.0,1241.0,0.0,1183.0,0.0,1241.0,0.0,810.0,0.0,588.0,0.0,517.0,0.0,532.0,0.0,630.0
222,Income,"Household Income 30000 to 34999 by Race, Two or More Races",0.0,680.0,0.0,359.0,0.0,317.0,0.0,302.0,0.0,308.0,0.0,305.0,0.0,335.0,0.0,270.0,0.0,281.0,0.0,252.0,0.0,198.0,0.0,181.0,0.0,244.0,0.0,305.0,0.0,496.0,0.0,626.0
223,Income,"Household Income 30000 to 34999 by Race, White Alone",0.0,8646.0,0.0,6144.0,0.0,6421.0,0.0,6379.0,0.0,6406.0,0.0,5446.0,0.0,4995.0,0.0,4718.0,0.0,4450.0,0.0,4021.0,0.0,3682.0,0.0,3270.0,0.0,2896.0,0.0,2770.0,0.0,2903.0,0.0,2745.0
224,Income,"Household Income 30000 to 34999 by Race, White Alone, Not Hispanic or Latino",0.0,7707.0,0.0,4707.0,0.0,5107.0,0.0,5305.0,0.0,5328.0,0.0,4612.0,0.0,4126.0,0.0,3698.0,0.0,3488.0,0.0,3321.0,0.0,3080.0,0.0,2805.0,0.0,2556.0,0.0,2497.0,0.0,2530.0,0.0,2539.0
225,Income,Household Income 35000 to 39999,4.0,14898.0,0.0,10462.0,0.0,10401.0,0.0,9882.0,0.0,10063.0,0.0,10577.0,0.0,10040.0,0.0,9028.0,0.0,8432.0,0.0,7686.0,0.0,6979.0,0.0,6994.0,0.0,7482.0,0.0,5733.0,0.0,5673.0,0.0,5089.0
226,Income,"Household Income 35000 to 39999 by Race, American Indian and Alaska Native Alone",0.0,68.0,0.0,77.0,0.0,16.0,0.0,25.0,0.0,18.0,0.0,21.0,0.0,24.0,0.0,22.0,0.0,13.0,0.0,34.0,0.0,38.0,0.0,48.0,0.0,100.0,0.0,55.0,0.0,71.0,0.0,59.0
227,Income,"Household Income 35000 to 39999 by Race, Asian Alone",0.0,3430.0,0.0,3244.0,0.0,2968.0,0.0,2895.0,0.0,2902.0,0.0,2884.0,0.0,2876.0,0.0,2708.0,0.0,2525.0,0.0,2427.0,0.0,2440.0,0.0,2418.0,0.0,2526.0,0.0,2093.0,0.0,2044.0,0.0,1996.0
228,Income,"Household Income 35000 to 39999 by Race, Black or African American Alone",0.0,1197.0,0.0,1165.0,0.0,1372.0,0.0,1177.0,0.0,943.0,0.0,963.0,0.0,776.0,0.0,491.0,0.0,585.0,0.0,574.0,0.0,491.0,0.0,582.0,0.0,759.0,0.0,339.0,0.0,250.0,0.0,196.0
229,Income,"Household Income 35000 to 39999 by Race, Hispanic or Latino",0.0,1595.0,0.0,1630.0,0.0,1691.0,0.0,1397.0,0.0,1366.0,0.0,1588.0,0.0,1708.0,0.0,1432.0,0.0,1288.0,0.0,1241.0,0.0,961.0,0.0,855.0,0.0,1293.0,0.0,827.0,0.0,952.0,0.0,697.0
230,Income,"Household Income 35000 to 39999 by Race, Native Hawaiian and Other Pacific Islander Alone",0.0,60.0,0.0,114.0,0.0,114.0,0.0,57.0,0.0,63.0,0.0,77.0,0.0,44.0,0.0,51.0,0.0,62.0,0.0,47.0,0.0,74.0,0.0,35.0,0.0,0.0,0.0,12.0,0.0,16.0,0.0,0.0
231,Income,"Household Income 35000 to 39999 by Race, Some Other Race Alone",0.0,626.0,0.0,452.0,0.0,476.0,0.0,389.0,0.0,495.0,0.0,832.0,0.0,830.0,0.0,729.0,0.0,736.0,0.0,825.0,0.0,604.0,0.0,525.0,0.0,743.0,0.0,413.0,0.0,438.0,0.0,398.0
232,Income,"Household Income 35000 to 39999 by Race, Two or More Races",0.0,699.0,0.0,359.0,0.0,387.0,0.0,395.0,0.0,372.0,0.0,398.0,0.0,365.0,0.0,348.0,0.0,349.0,0.0,161.0,0.0,137.0,0.0,248.0,0.0,353.0,0.0,494.0,0.0,569.0,0.0,522.0
233,Income,"Household Income 35000 to 39999 by Race, White Alone",4.0,8818.0,0.0,5051.0,0.0,5068.0,0.0,4944.0,0.0,5270.0,0.0,5402.0,0.0,5125.0,0.0,4679.0,0.0,4162.0,0.0,3618.0,0.0,3195.0,0.0,3138.0,0.0,3001.0,0.0,2327.0,0.0,2285.0,0.0,1918.0
234,Income,"Household Income 35000 to 39999 by Race, White Alone, Not Hispanic or Latino",4.0,8019.0,0.0,3999.0,0.0,4029.0,0.0,4128.0,0.0,4531.0,0.0,4677.0,0.0,4303.0,0.0,4038.0,0.0,3680.0,0.0,3165.0,0.0,2852.0,0.0,2908.0,0.0,2751.0,0.0,2108.0,0.0,2155.0,0.0,1904.0
235,Income,Household Income 40000 to 44999,0.0,15386.0,0.0,12388.0,0.0,11813.0,0.0,11229.0,0.0,10533.0,0.0,10111.0,0.0,10048.0,0.0,9521.0,0.0,9090.0,0.0,8703.0,0.0,8401.0,0.0,7382.0,0.0,7242.0,0.0,6629.0,0.0,6485.0,0.0,6774.0
236,Income,"Household Income 40000 to 44999 by Race, American Indian and Alaska Native Alone",0.0,29.0,0.0,90.0,0.0,79.0,0.0,50.0,0.0,27.0,0.0,33.0,0.0,31.0,0.0,49.0,0.0,41.0,0.0,46.0,0.0,20.0,0.0,96.0,0.0,11.0,0.0,20.0,0.0,49.0,0.0,75.0
237,Income,"Household Income 40000 to 44999 by Race, Asian Alone",0.0,3849.0,0.0,3861.0,0.0,3763.0,0.0,3507.0,0.0,3001.0,0.0,3074.0,0.0,3000.0,0.0,3081.0,0.0,3208.0,0.0,3299.0,0.0,2847.0,0.0,2234.0,0.0,2381.0,0.0,2575.0,0.0,2298.0,0.0,1922.0
238,Income,"Household Income 40000 to 44999 by Race, Black or African American Alone",0.0,1213.0,0.0,709.0,0.0,683.0,0.0,782.0,0.0,983.0,0.0,731.0,0.0,824.0,0.0,828.0,0.0,775.0,0.0,549.0,0.0,780.0,0.0,828.0,0.0,747.0,0.0,566.0,0.0,469.0,0.0,392.0
239,Income,"Household Income 40000 to 44999 by Race, Hispanic or Latino",0.0,1818.0,0.0,1555.0,0.0,1659.0,0.0,1727.0,0.0,1790.0,0.0,1641.0,0.0,1706.0,0.0,1560.0,0.0,1669.0,0.0,1491.0,0.0,1545.0,0.0,1224.0,0.0,1132.0,0.0,837.0,0.0,925.0,0.0,1164.0
240,Income,"Household Income 40000 to 44999 by Race, Native Hawaiian and Other Pacific Islander Alone",0.0,56.0,0.0,76.0,0.0,98.0,0.0,52.0,0.0,43.0,0.0,37.0,0.0,0.0,0.0,0.0,0.0,0.0,0.0,7.0,0.0,10.0,0.0,14.0,0.0,34.0,0.0,0.0,0.0,57.0,0.0,33.0
241,Income,"Household Income 40000 to 44999 by Race, Some Other Race Alone",0.0,631.0,0.0,641.0,0.0,680.0,0.0,681.0,0.0,773.0,0.0,623.0,0.0,741.0,0.0,755.0,0.0,714.0,0.0,715.0,0.0,834.0,0.0,585.0,0.0,588.0,0.0,403.0,0.0,486.0,0.0,604.0
242,Income,"Household Income 40000 to 44999 by Race, Two or More Races",0.0,641.0,0.0,220.0,0.0,205.0,0.0,252.0,0.0,209.0,0.0,275.0,0.0,279.0,0.0,322.0,0.0,294.0,0.0,337.0,0.0,262.0,0.0,324.0,0.0,505.0,0.0,334.0,0.0,483.0,0.0,540.0
243,Income,"Household Income 40000 to 44999 by Race, White Alone",0.0,8967.0,0.0,6791.0,0.0,6305.0,0.0,5905.0,0.0,5497.0,0.0,5338.0,0.0,5173.0,0.0,4486.0,0.0,4058.0,0.0,3750.0,0.0,3648.0,0.0,3301.0,0.0,2976.0,0.0,2731.0,0.0,2643.0,0.0,3208.0
244,Income,"Household Income 40000 to 44999 by Race, White Alone, Not Hispanic or Latino",0.0,8014.0,0.0,5924.0,0.0,5390.0,0.0,4924.0,0.0,4548.0,0.0,4422.0,0.0,4318.0,0.0,3761.0,0.0,3195.0,0.0,3030.0,0.0,2998.0,0.0,2791.0,0.0,2634.0,0.0,2526.0,0.0,2496.0,0.0,3078.0
245,Income,Household Income 45000 to 49999,0.0,13500.0,0.0,10300.0,0.0,9415.0,0.0,9577.0,0.0,9786.0,0.0,9158.0,0.0,8882.0,0.0,8397.0,0.0,8105.0,0.0,7473.0,0.0,6892.0,0.0,6999.0,0.0,6862.0,0.0,6266.0,0.0,6578.0,0.0,7018.0
246,Income,"Household Income 45000 to 49999 by Race, American Indian and Alaska Native Alone",0.0,62.0,0.0,19.0,0.0,44.0,0.0,37.0,0.0,82.0,0.0,55.0,0.0,42.0,0.0,32.0,0.0,5.0,0.0,4.0,0.0,22.0,0.0,25.0,0.0,66.0,0.0,102.0,0.0,41.0,0.0,14.0
247,Income,"Household Income 45000 to 49999 by Race, Asian Alone",0.0,3511.0,0.0,3215.0,0.0,2810.0,0.0,2633.0,0.0,2899.0,0.0,2996.0,0.0,2794.0,0.0,2563.0,0.0,2653.0,0.0,2550.0,0.0,2439.0,0.0,2552.0,0.0,2262.0,0.0,1753.0,0.0,1896.0,0.0,1973.0
248,Income,"Household Income 45000 to 49999 by Race, Black or African American Alone",0.0,835.0,0.0,676.0,0.0,701.0,0.0,567.0,0.0,525.0,0.0,510.0,0.0,473.0,0.0,488.0,0.0,426.0,0.0,474.0,0.0,510.0,0.0,553.0,0.0,466.0,0.0,779.0,0.0,841.0,0.0,775.0
249,Income,"Household Income 45000 to 49999 by Race, Hispanic or Latino",0.0,1519.0,0.0,1652.0,0.0,1247.0,0.0,1391.0,0.0,1574.0,0.0,1339.0,0.0,1379.0,0.0,1434.0,0.0,1365.0,0.0,1402.0,0.0,1290.0,0.0,1095.0,0.0,1246.0,0.0,1094.0,0.0,1258.0,0.0,1373.0
250,Income,"Household Income 45000 to 49999 by Race, Native Hawaiian and Other Pacific Islander Alone",0.0,21.0,0.0,32.0,0.0,30.0,0.0,125.0,0.0,112.0,0.0,15.0,0.0,33.0,0.0,40.0,0.0,30.0,0.0,56.0,0.0,51.0,0.0,0.0,0.0,20.0,0.0,12.0,0.0,0.0,0.0,0.0
251,Income,"Household Income 45000 to 49999 by Race, Some Other Race Alone",0.0,726.0,0.0,316.0,0.0,327.0,0.0,531.0,0.0,550.0,0.0,379.0,0.0,417.0,0.0,595.0,0.0,817.0,0.0,831.0,0.0,712.0,0.0,561.0,0.0,757.0,0.0,566.0,0.0,666.0,0.0,755.0
252,Income,"Household Income 45000 to 49999 by Race, Two or More Races",0.0,405.0,0.0,280.0,0.0,219.0,0.0,231.0,0.0,208.0,0.0,166.0,0.0,186.0,0.0,194.0,0.0,170.0,0.0,232.0,0.0,319.0,0.0,301.0,0.0,257.0,0.0,417.0,0.0,673.0,0.0,806.0
253,Income,"Household Income 45000 to 49999 by Race, White Alone",0.0,7940.0,0.0,5762.0,0.0,5284.0,0.0,5453.0,0.0,5410.0,0.0,5037.0,0.0,4937.0,0.0,4485.0,0.0,4004.0,0.0,3326.0,0.0,2839.0,0.0,3007.0,0.0,3034.0,0.0,2637.0,0.0,2461.0,0.0,2695.0
254,Income,"Household Income 45000 to 49999 by Race, White Alone, Not Hispanic or Latino",0.0,7298.0,0.0,4506.0,0.0,4397.0,0.0,4635.0,0.0,4466.0,0.0,4152.0,0.0,4040.0,0.0,3672.0,0.0,3426.0,0.0,2803.0,0.0,2422.0,0.0,2628.0,0.0,2671.0,0.0,2361.0,0.0,2181.0,0.0,2557.0
255,Income,Household Income 50000 to 59999,0.0,24932.0,0.0,20695.0,0.0,20395.0,0.0,19646.0,0.0,19492.0,0.0,19378.0,0.0,18365.0,0.0,17317.0,0.0,15341.0,0.0,14470.0,0.0,14334.0,0.0,14097.0,0.0,13729.0,0.0,13172.0,0.0,11474.0,0.0,11035.0
256,Income,"Household Income 50000 to 59999 by Race, American Indian and Alaska Native Alone",0.0,25.0,0.0,103.0,0.0,61.0,0.0,31.0,0.0,65.0,0.0,57.0,0.0,59.0,0.0,47.0,0.0,116.0,0.0,73.0,0.0,76.0,0.0,99.0,0.0,176.0,0.0,152.0,0.0,237.0,0.0,180.0
257,Income,"Household Income 50000 to 59999 by Race, Asian Alone",0.0,6112.0,0.0,5456.0,0.0,5196.0,0.0,5285.0,0.0,5229.0,0.0,5452.0,0.0,5525.0,0.0,5473.0,0.0,5026.0,0.0,4723.0,0.0,4938.0,0.0,4732.0,0.0,4761.0,0.0,4731.0,0.0,4012.0,0.0,3784.0
258,Income,"Household Income 50000 to 59999 by Race, Black or African American Alone",0.0,1414.0,0.0,1751.0,0.0,1491.0,0.0,1537.0,0.0,1483.0,0.0,1310.0,0.0,1101.0,0.0,971.0,0.0,908.0,0.0,781.0,0.0,645.0,0.0,819.0,0.0,888.0,0.0,1087.0,0.0,893.0,0.0,895.0
259,Income,"Household Income 50000 to 59999 by Race, Hispanic or Latino",0.0,3106.0,0.0,3034.0,0.0,3255.0,0.0,3289.0,0.0,3233.0,0.0,3244.0,0.0,3056.0,0.0,2747.0,0.0,2521.0,0.0,2388.0,0.0,2307.0,0.0,2376.0,0.0,2567.0,0.0,2254.0,0.0,1656.0,0.0,1584.0
260,Income,"Household Income 50000 to 59999 by Race, Native Hawaiian and Other Pacific Islander Alone",0.0,30.0,0.0,90.0,0.0,98.0,0.0,80.0,0.0,51.0,0.0,115.0,0.0,114.0,0.0,113.0,0.0,45.0,0.0,36.0,0.0,28.0,0.0,42.0,0.0,116.0,0.0,10.0,0.0,81.0,0.0,75.0
261,Income,"Household Income 50000 to 59999 by Race, Some Other Race Alone",0.0,1417.0,0.0,963.0,0.0,969.0,0.0,946.0,0.0,1150.0,0.0,1310.0,0.0,1291.0,0.0,1281.0,0.0,1075.0,0.0,1148.0,0.0,1397.0,0.0,1411.0,0.0,1503.0,0.0,1271.0,0.0,754.0,0.0,830.0
262,Income,"Household Income 50000 to 59999 by Race, Two or More Races",0.0,1005.0,0.0,522.0,0.0,601.0,0.0,576.0,0.0,705.0,0.0,747.0,0.0,714.0,0.0,722.0,0.0,637.0,0.0,488.0,0.0,608.0,0.0,742.0,0.0,738.0,0.0,916.0,0.0,712.0,0.0,871.0
263,Income,"Household Income 50000 to 59999 by Race, White Alone",0.0,14929.0,0.0,11810.0,0.0,11979.0,0.0,11191.0,0.0,10809.0,0.0,10387.0,0.0,9561.0,0.0,8710.0,0.0,7534.0,0.0,7221.0,0.0,6642.0,0.0,6252.0,0.0,5547.0,0.0,5005.0,0.0,4785.0,0.0,4400.0
264,Income,"Household Income 50000 to 59999 by Race, White Alone, Not Hispanic or Latino",0.0,13530.0,0.0,9993.0,0.0,9976.0,0.0,9122.0,0.0,8989.0,0.0,8649.0,0.0,7992.0,0.0,7391.0,0.0,6439.0,0.0,6258.0,0.0,5987.0,0.0,5826.0,0.0,5102.0,0.0,4492.0,0.0,4320.0,0.0,4205.0
265,Income,Household Income 60000 to 74999,0.0,33365.0,0.0,27010.0,0.0,26781.0,0.0,26841.0,0.0,26291.0,0.0,26252.0,0.0,26979.0,0.0,25900.0,0.0,24553.0,0.0,23398.0,0.0,21137.0,0.0,21309.0,0.0,19022.0,0.0,17182.0,0.0,17737.0,0.0,17650.0
266,Income,"Household Income 60000 to 74999 by Race, American Indian and Alaska Native Alone",0.0,129.0,0.0,86.0,0.0,134.0,0.0,123.0,0.0,155.0,0.0,139.0,0.0,129.0,0.0,102.0,0.0,91.0,0.0,49.0,0.0,43.0,0.0,76.0,0.0,46.0,0.0,108.0,0.0,189.0,0.0,252.0
267,Income,"Household Income 60000 to 74999 by Race, Asian Alone",0.0,8050.0,0.0,6884.0,0.0,7188.0,0.0,7658.0,0.0,7694.0,0.0,7621.0,0.0,8117.0,0.0,7991.0,0.0,7624.0,0.0,7563.0,0.0,6812.0,0.0,6919.0,0.0,6098.0,0.0,5499.0,0.0,6292.0,0.0,6320.0
268,Income,"Household Income 60000 to 74999 by Race, Black or African American Alone",0.0,1672.0,0.0,1324.0,0.0,1364.0,0.0,1253.0,0.0,1317.0,0.0,1256.0,0.0,1230.0,0.0,1437.0,0.0,1382.0,0.0,1203.0,0.0,1264.0,0.0,1202.0,0.0,1244.0,0.0,1056.0,0.0,1058.0,0.0,1227.0
269,Income,"Household Income 60000 to 74999 by Race, Hispanic or Latino",0.0,3456.0,0.0,3947.0,0.0,3869.0,0.0,3755.0,0.0,3701.0,0.0,4067.0,0.0,4142.0,0.0,4013.0,0.0,3711.0,0.0,3548.0,0.0,3429.0,0.0,3665.0,0.0,3604.0,0.0,2957.0,0.0,3173.0,0.0,3409.0
270,Income,"Household Income 60000 to 74999 by Race, Native Hawaiian and Other Pacific Islander Alone",0.0,62.0,0.0,102.0,0.0,83.0,0.0,88.0,0.0,45.0,0.0,117.0,0.0,127.0,0.0,124.0,0.0,132.0,0.0,98.0,0.0,63.0,0.0,28.0,0.0,38.0,0.0,158.0,0.0,109.0,0.0,132.0
271,Income,"Household Income 60000 to 74999 by Race, Some Other Race Alone",0.0,1353.0,0.0,1137.0,0.0,1166.0,0.0,1261.0,0.0,1594.0,0.0,1948.0,0.0,2131.0,0.0,1999.0,0.0,1829.0,0.0,1730.0,0.0,1867.0,0.0,1757.0,0.0,1727.0,0.0,1355.0,0.0,1555.0,0.0,1562.0
272,Income,"Household Income 60000 to 74999 by Race, Two or More Races",0.0,1419.0,0.0,966.0,0.0,970.0,0.0,987.0,0.0,748.0,0.0,762.0,0.0,873.0,0.0,805.0,0.0,821.0,0.0,1011.0,0.0,849.0,0.0,1352.0,0.0,1756.0,0.0,1395.0,0.0,1623.0,0.0,1681.0
273,Income,"Household Income 60000 to 74999 by Race, White Alone",0.0,20680.0,0.0,16511.0,0.0,15876.0,0.0,15471.0,0.0,14738.0,0.0,14409.0,0.0,14372.0,0.0,13442.0,0.0,12674.0,0.0,11744.0,0.0,10239.0,0.0,9975.0,0.0,8113.0,0.0,7611.0,0.0,6911.0,0.0,6476.0
274,Income,"Household Income 60000 to 74999 by Race, White Alone, Not Hispanic or Latino",0.0,18917.0,0.0,13920.0,0.0,13434.0,0.0,13227.0,0.0,12845.0,0.0,12549.0,0.0,12694.0,0.0,11831.0,0.0,11198.0,0.0,10354.0,0.0,8960.0,0.0,8794.0,0.0,7162.0,0.0,6918.0,0.0,6335.0,0.0,5919.0
275,Income,Household Income 75000 to 99999,7.0,39969.0,0.0,38689.0,0.0,37903.0,0.0,37058.0,0.0,37860.0,0.0,36872.0,0.0,36784.0,0.0,36333.0,0.0,34768.0,0.0,33589.0,0.0,32723.0,0.0,31416.0,0.0,29804.0,0.0,30936.0,0.0,30304.0,0.0,29418.0
276,Income,"Household Income 75000 to 99999 by Race, American Indian and Alaska Native Alone",7.0,121.0,0.0,171.0,0.0,126.0,0.0,167.0,0.0,151.0,0.0,150.0,0.0,120.0,0.0,120.0,0.0,176.0,0.0,76.0,0.0,87.0,0.0,29.0,0.0,18.0,0.0,16.0,0.0,129.0,0.0,150.0
277,Income,"Household Income 75000 to 99999 by Race, Asian Alone",0.0,9765.0,0.0,11105.0,0.0,11445.0,0.0,10562.0,0.0,11137.0,0.0,10718.0,0.0,10505.0,0.0,10446.0,0.0,10089.0,0.0,10945.0,0.0,10817.0,0.0,10716.0,0.0,10526.0,0.0,10934.0,0.0,10019.0,0.0,9761.0
278,Income,"Household Income 75000 to 99999 by Race, Black or African American Alone",0.0,1896.0,0.0,1428.0,0.0,1271.0,0.0,1494.0,0.0,1573.0,0.0,1432.0,0.0,1452.0,0.0,1228.0,0.0,1020.0,0.0,1016.0,0.0,1076.0,0.0,909.0,0.0,937.0,0.0,1298.0,0.0,1438.0,0.0,1334.0
279,Income,"Household Income 75000 to 99999 by Race, Hispanic or Latino",0.0,3479.0,0.0,4161.0,0.0,4040.0,0.0,4170.0,0.0,4253.0,0.0,4378.0,0.0,4608.0,0.0,4664.0,0.0,4640.0,0.0,4688.0,0.0,4765.0,0.0,4308.0,0.0,4130.0,0.0,4993.0,0.0,5124.0,0.0,4865.0
280,Income,"Household Income 75000 to 99999 by Race, Native Hawaiian and Other Pacific Islander Alone",0.0,60.0,0.0,217.0,0.0,162.0,0.0,190.0,0.0,179.0,0.0,157.0,0.0,79.0,0.0,84.0,0.0,133.0,0.0,167.0,0.0,182.0,0.0,188.0,0.0,123.0,0.0,151.0,0.0,130.0,0.0,44.0
281,Income,"Household Income 75000 to 99999 by Race, Some Other Race Alone",0.0,1358.0,0.0,1073.0,0.0,1096.0,0.0,1288.0,0.0,1561.0,0.0,1571.0,0.0,1829.0,0.0,1977.0,0.0,2008.0,0.0,2180.0,0.0,2101.0,0.0,1950.0,0.0,2083.0,0.0,2812.0,0.0,2909.0,0.0,2476.0
282,Income,"Household Income 75000 to 99999 by Race, Two or More Races",0.0,1362.0,0.0,1173.0,0.0,1100.0,0.0,1225.0,0.0,1248.0,0.0,1204.0,0.0,1227.0,0.0,1561.0,0.0,1313.0,0.0,1215.0,0.0,1343.0,0.0,1602.0,0.0,1786.0,0.0,2529.0,0.0,2672.0,0.0,3064.0
283,Income,"Household Income 75000 to 99999 by Race, White Alone",0.0,25407.0,0.0,23522.0,0.0,22703.0,0.0,22132.0,0.0,22011.0,0.0,21640.0,0.0,21572.0,0.0,20917.0,0.0,20029.0,0.0,17990.0,0.0,17117.0,0.0,16022.0,0.0,14331.0,0.0,13196.0,0.0,13007.0,0.0,12589.0
284,Income,"Household Income 75000 to 99999 by Race, White Alone, Not Hispanic or Latino",0.0,23640.0,0.0,20674.0,0.0,19992.0,0.0,19488.0,0.0,19489.0,0.0,19108.0,0.0,19094.0,0.0,18729.0,0.0,17907.0,0.0,15904.0,0.0,14971.0,0.0,14288.0,0.0,12955.0,0.0,11940.0,0.0,11983.0,0.0,11961.0
285,Income,Household Income Greater than 200000,0.0,20260.0,0.0,39183.0,0.0,42493.0,0.0,45348.0,0.0,48524.0,0.0,52380.0,0.0,58060.0,0.0,65693.0,0.0,76014.0,0.0,86676.0,0.0,97866.0,0.0,104860.0,0.0,113561.0,0.0,125937.0,0.0,130863.0,0.0,132400.0
286,Income,"Household Income Greater than 200000 by Race, American Indian and Alaska Native Alone",0.0,48.0,0.0,87.0,0.0,62.0,0.0,50.0,0.0,75.0,0.0,51.0,0.0,47.0,0.0,44.0,0.0,70.0,0.0,99.0,0.0,71.0,0.0,65.0,0.0,89.0,0.0,203.0,0.0,201.0,0.0,370.0
287,Income,"Household Income Greater than 200000 by Race, Asian Alone",0.0,2540.0,0.0,7047.0,0.0,7536.0,0.0,8164.0,0.0,9692.0,0.0,10532.0,0.0,12168.0,0.0,14352.0,0.0,17099.0,0.0,19646.0,0.0,23164.0,0.0,26379.0,0.0,28924.0,0.0,32878.0,0.0,36044.0,0.0,38292.0
288,Income,"Household Income Greater than 200000 by Race, Black or African American Alone",0.0,422.0,0.0,579.0,0.0,691.0,0.0,610.0,0.0,731.0,0.0,694.0,0.0,711.0,0.0,680.0,0.0,1049.0,0.0,1435.0,0.0,1916.0,0.0,2091.0,0.0,2194.0,0.0,2632.0,0.0,2260.0,0.0,2375.0
289,Income,"Household Income Greater than 200000 by Race, Hispanic or Latino",0.0,740.0,0.0,1974.0,0.0,2104.0,0.0,2247.0,0.0,2447.0,0.0,2916.0,0.0,3243.0,0.0,3807.0,0.0,4537.0,0.0,5387.0,0.0,6072.0,0.0,6409.0,0.0,7260.0,0.0,9516.0,0.0,10790.0,0.0,11364.0
290,Income,"Household Income Greater than 200000 by Race, Native Hawaiian and Other Pacific Islander Alone",0.0,0.0,0.0,21.0,0.0,21.0,0.0,6.0,0.0,16.0,0.0,21.0,0.0,9.0,0.0,12.0,0.0,62.0,0.0,92.0,0.0,94.0,0.0,124.0,0.0,180.0,0.0,276.0,0.0,401.0,0.0,344.0
291,Income,"Household Income Greater than 200000 by Race, Some Other Race Alone",0.0,167.0,0.0,394.0,0.0,328.0,0.0,331.0,0.0,378.0,0.0,557.0,0.0,613.0,0.0,809.0,0.0,1228.0,0.0,1518.0,0.0,1539.0,0.0,2000.0,0.0,2453.0,0.0,3185.0,0.0,3826.0,0.0,3915.0
292,Income,"Household Income Greater than 200000 by Race, Two or More Races",0.0,365.0,0.0,798.0,0.0,923.0,0.0,895.0,0.0,1151.0,0.0,1239.0,0.0,1662.0,0.0,1922.0,0.0,2726.0,0.0,3622.0,0.0,4190.0,0.0,5640.0,0.0,6636.0,0.0,8315.0,0.0,9628.0,0.0,11012.0
293,Income,"Household Income Greater than 200000 by Race, White Alone",0.0,16718.0,0.0,30257.0,0.0,32932.0,0.0,35292.0,0.0,36481.0,0.0,39286.0,0.0,42850.0,0.0,47874.0,0.0,53780.0,0.0,60264.0,0.0,66892.0,0.0,68561.0,0.0,73085.0,0.0,78448.0,0.0,78503.0,0.0,76092.0
294,Income,"Household Income Greater than 200000 by Race, White Alone, Not Hispanic or Latino",0.0,16273.0,0.0,28742.0,0.0,31325.0,0.0,33457.0,0.0,34603.0,0.0,37153.0,0.0,40512.0,0.0,45167.0,0.0,50858.0,0.0,56874.0,0.0,63023.0,0.0,65025.0,0.0,69710.0,0.0,74766.0,0.0,75159.0,0.0,73335.0
295,Income,Household Income Less than 10000,9.0,32261.0,0.0,22063.0,0.0,21497.0,0.0,22697.0,0.0,23124.0,0.0,22534.0,0.0,22966.0,0.0,22331.0,0.0,20160.0,0.0,18530.0,0.0,17060.0,0.0,16690.0,0.0,16253.0,0.0,15250.0,0.0,15332.0,0.0,17117.0
296,Income,"Household Income Less than 10000 by Race, American Indian and Alaska Native Alone",0.0,267.0,0.0,152.0,0.0,115.0,0.0,183.0,0.0,209.0,0.0,162.0,0.0,163.0,0.0,132.0,0.0,92.0,0.0,39.0,0.0,50.0,0.0,36.0,0.0,52.0,0.0,104.0,0.0,116.0,0.0,99.0
297,Income,"Household Income Less than 10000 by Race, Asian Alone",0.0,10015.0,0.0,7067.0,0.0,7048.0,0.0,7671.0,0.0,8368.0,0.0,8122.0,0.0,8171.0,0.0,8022.0,0.0,7242.0,0.0,6586.0,0.0,6042.0,0.0,6289.0,0.0,5884.0,0.0,5841.0,0.0,5564.0,0.0,6473.0
298,Income,"Household Income Less than 10000 by Race, Black or African American Alone",0.0,5118.0,0.0,3560.0,0.0,3406.0,0.0,3636.0,0.0,3737.0,0.0,3576.0,0.0,3508.0,0.0,3649.0,0.0,3274.0,0.0,2781.0,0.0,2492.0,0.0,2388.0,0.0,2277.0,0.0,1829.0,0.0,1627.0,0.0,1500.0
299,Income,"Household Income Less than 10000 by Race, Hispanic or Latino",0.0,3137.0,0.0,2076.0,0.0,2332.0,0.0,2613.0,0.0,2521.0,0.0,2461.0,0.0,2659.0,0.0,2598.0,0.0,2290.0,0.0,2394.0,0.0,2320.0,0.0,2049.0,0.0,1932.0,0.0,1899.0,0.0,2097.0,0.0,2594.0
300,Income,"Household Income Less than 10000 by Race, Native Hawaiian and Other Pacific Islander Alone",0.0,107.0,0.0,34.0,0.0,77.0,0.0,115.0,0.0,141.0,0.0,169.0,0.0,199.0,0.0,102.0,0.0,69.0,0.0,53.0,0.0,26.0,0.0,26.0,0.0,38.0,0.0,49.0,0.0,72.0,0.0,68.0
301,Income,"Household Income Less than 10000 by Race, Some Other Race Alone",0.0,1200.0,0.0,587.0,0.0,638.0,0.0,850.0,0.0,909.0,0.0,977.0,0.0,1018.0,0.0,1053.0,0.0,880.0,0.0,1150.0,0.0,1206.0,0.0,1002.0,0.0,1103.0,0.0,1078.0,0.0,1210.0,0.0,1353.0
302,Income,"Household Income Less than 10000 by Race, Two or More Races",0.0,1428.0,0.0,946.0,0.0,1064.0,0.0,997.0,0.0,1045.0,0.0,975.0,0.0,995.0,0.0,976.0,0.0,741.0,0.0,676.0,0.0,632.0,0.0,684.0,0.0,875.0,0.0,1075.0,0.0,1191.0,0.0,1602.0
303,Income,"Household Income Less than 10000 by Race, White Alone",9.0,14126.0,0.0,9717.0,0.0,9149.0,0.0,9245.0,0.0,8715.0,0.0,8553.0,0.0,8912.0,0.0,8397.0,0.0,7862.0,0.0,7245.0,0.0,6612.0,0.0,6265.0,0.0,6024.0,0.0,5274.0,0.0,5552.0,0.0,6022.0
304,Income,"Household Income Less than 10000 by Race, White Alone, Not Hispanic or Latino",9.0,12693.0,0.0,8478.0,0.0,7770.0,0.0,7735.0,0.0,7377.0,0.0,7327.0,0.0,7489.0,0.0,7114.0,0.0,6703.0,0.0,6095.0,0.0,5523.0,0.0,5297.0,0.0,5354.0,0.0,4767.0,0.0,5179.0,0.0,5610.0
305,Income,Households Total for Income,37.0,329850.0,0.0,335264.0,0.0,337745.0,0.0,340178.0,0.0,344700.0,0.0,348153.0,0.0,352566.0,0.0,356034.0,0.0,358040.0,0.0,358942.0,0.0,361559.0,0.0,361557.0,0.0,360574.0,0.0,360015.0,0.0,361734.0,0.0,362994.0
306,Income,"Households Total for Income by Race, American Indian and Alaska Native Alone",7.0,1321.0,0.0,1600.0,0.0,1478.0,0.0,1456.0,0.0,1473.0,0.0,1392.0,0.0,1139.0,0.0,1084.0,0.0,1238.0,0.0,984.0,0.0,1255.0,0.0,1345.0,0.0,1489.0,0.0,1524.0,0.0,1998.0,0.0,2072.0
307,Income,"Households Total for Income by Race, Asian Alone",0.0,78922.0,0.0,91188.0,0.0,93135.0,0.0,94427.0,0.0,96884.0,0.0,98581.0,0.0,101793.0,0.0,104027.0,0.0,106239.0,0.0,108169.0,0.0,110514.0,0.0,112034.0,0.0,111673.0,0.0,113661.0,0.0,116085.0,0.0,118853.0
308,Income,"Households Total for Income by Race, Black or African American Alone",0.0,24273.0,0.0,21793.0,0.0,21667.0,0.0,20865.0,0.0,21006.0,0.0,20003.0,0.0,19099.0,0.0,18542.0,0.0,18554.0,0.0,17889.0,0.0,18488.0,0.0,17890.0,0.0,17797.0,0.0,17551.0,0.0,16692.0,0.0,16401.0
309,Income,"Households Total for Income by Race, Hispanic or Latino",0.0,31874.0,0.0,36796.0,0.0,37059.0,0.0,37954.0,0.0,38879.0,0.0,40169.0,0.0,41642.0,0.0,42294.0,0.0,42253.0,0.0,42312.0,0.0,42371.0,0.0,40977.0,0.0,42429.0,0.0,42976.0,0.0,44924.0,0.0,46625.0
310,Income,"Households Total for Income by Race, Native Hawaiian and Other Pacific Islander Alone",0.0,843.0,0.0,1087.0,0.0,1093.0,0.0,1122.0,0.0,1045.0,0.0,1178.0,0.0,1105.0,0.0,1077.0,0.0,1116.0,0.0,1047.0,0.0,977.0,0.0,1068.0,0.0,1180.0,0.0,1144.0,0.0,1272.0,0.0,1013.0
311,Income,"Households Total for Income by Race, Some Other Race Alone",0.0,12743.0,0.0,9995.0,0.0,10512.0,0.0,11668.0,0.0,13693.0,0.0,15196.0,0.0,16854.0,0.0,18044.0,0.0,18560.0,0.0,18983.0,0.0,19414.0,0.0,18636.0,0.0,19712.0,0.0,19874.0,0.0,19978.0,0.0,20773.0
312,Income,"Households Total for Income by Race, Two or More Races",0.0,11850.0,0.0,9406.0,0.0,9798.0,0.0,10553.0,0.0,10876.0,0.0,11336.0,0.0,11824.0,0.0,12640.0,0.0,12898.0,0.0,13769.0,0.0,14328.0,0.0,18507.0,0.0,22093.0,0.0,25811.0,0.0,29735.0,0.0,33498.0
313,Income,"Households Total for Income by Race, White Alone",30.0,199898.0,0.0,200195.0,0.0,200062.0,0.0,200087.0,0.0,199723.0,0.0,200467.0,0.0,200752.0,0.0,200620.0,0.0,199435.0,0.0,198101.0,0.0,196583.0,0.0,192077.0,0.0,186630.0,0.0,180450.0,0.0,175974.0,0.0,170384.0
314,Income,"Households Total for Income by Race, White Alone, Not Hispanic or Latino",30.0,184523.0,0.0,175594.0,0.0,176060.0,0.0,176722.0,0.0,177245.0,0.0,178340.0,0.0,179104.0,0.0,179600.0,0.0,179274.0,0.0,178215.0,0.0,177488.0,0.0,175222.0,0.0,171932.0,0.0,167682.0,0.0,165046.0,0.0,161805.0
315,Income,Median Family Income,22500.0,63964.11709159584,0.0,86703.84419407802,0.0,88215.45859723199,0.0,89631.6362975967,0.0,91412.3330491617,0.0,94375.29425612051,0.0,96832.0036998497,0.0,104226.22450924336,0.0,114544.38509474756,0.0,123389.0414629245,0.0,131782.45925697073,0.0,138877.94529888628,0.0,147571.96998698416,0.0,162072.2573065061,0.0,168157.06857647406,0.0,173217.40919847722
316,Income,Median Household Income,21590.90909090909,55915.28958767848,0.0,71436.31988152536,0.0,73015.850789739,0.0,73882.86576506091,0.0,75789.09138932911,0.0,78773.52733781732,0.0,81982.65550239234,0.0,88612.28084661327,0.0,96817.47583985272,0.0,104995.55809378768,0.0,113537.43350844154,0.0,119273.74061057129,0.0,126479.8932723461,0.0,136440.23367285798,0.0,140840.72978303747,0.0,140630.3486172417
317,Income,"Median Household Income by Race, American Indian and Alaska Native Alone",87500.0,31198.6301369863,0.0,51941.74757281553,0.0,48522.72727272727,0.0,36400.0,0.0,46067.07317073171,0.0,40909.09090909091,0.0,37395.833333333336,0.0,46093.75,0.0,56120.68965517241,0.0,82346.9387755102,0.0,57302.63157894737,0.0,48900.0,0.0,38625.0,0.0,52302.63157894737,0.0,53291.13924050633,0.0,66071.42857142857
318,Income,"Median Household Income by Race, Asian Alone",0.0,49646.82426659072,0.0,60950.02905287624,0.0,63773.99833055092,0.0,64041.851658396445,0.0,66334.15648557317,0.0,66915.43104579451,0.0,69906.06135271653,0.0,75106.50009573043,0.0,83084.2997323818,0.0,89455.2306989493,0.0,96265.1382083757,0.0,101849.20198128784,0.0,109036.82641342757,0.0,116460.33725210784,0.0,124045.5735093309,0.0,124520.98540145984
319,Income,"Median Household Income by Race, Black or African American Alone",0.0,29642.857142857145,0.0,30941.694630872484,0.0,30740.32403240324,0.0,30715.28424976701,0.0,31475.02356267672,0.0,29881.951731374607,0.0,30026.799387442574,0.0,28968.850698174007,0.0,30328.376703841383,0.0,30552.46913580247,0.0,34452.87107258938,0.0,39020.61855670103,0.0,43704.81927710844,0.0,49971.11681643132,0.0,51836.50615901456,0.0,55279.32960893855
320,Income,"Median Household Income by Race, Hispanic or Latino",0.0,46603.02830809743,0.0,56413.97495056032,0.0,55737.32718894009,0.0,55627.85041045911,0.0,56051.654809774205,0.0,58602.03452527744,0.0,58036.64921465969,0.0,62306.25467231498,0.0,67859.74130962005,0.0,73101.74746335964,0.0,77783.31584470095,0.0,83719.24326833797,0.0,86098.66828087167,0.0,97140.9973963549,0.0,100019.84126984129,0.0,102882.16560509554
321,Income,"Median Household Income by Race, Native Hawaiian and Other Pacific Islander Alone",0.0,33778.40909090909,0.0,57722.22222222222,0.0,44311.22448979592,0.0,47080.0,0.0,46316.96428571428,0.0,52869.5652173913,0.0,36761.36363636364,0.0,51460.176991150445,0.0,66818.18181818182,0.0,77769.46107784432,0.0,80013.73626373627,0.0,95744.68085106384,0.0,95934.9593495935,0.0,101204.81927710844,0.0,86730.76923076923,0.0,105798.96907216495
322,Income,"Median Household Income by Race, Some Other Race Alone",0.0,47482.78236914601,0.0,52725.85669781931,0.0,51785.34571723426,0.0,50401.69133192389,0.0,51604.34782608696,0.0,53992.36641221374,0.0,52780.79008520527,0.0,54496.48711943794,0.0,57813.95348837209,0.0,59673.34494773519,0.0,60763.25656132834,0.0,69741.0358565737,0.0,72637.52171395483,0.0,87384.42389758179,0.0,87959.77999312479,0.0,88080.57350565428
323,Income,"Median Household Income by Race, Two or More Races",0.0,49061.72839506173,0.0,66909.93788819876,0.0,66448.45360824742,0.0,66147.41641337387,0.0,68703.20855614974,0.0,70452.75590551182,0.0,76487.36756316219,0.0,85506.0858424087,0.0,99942.87890327496,0.0,115147.17125382264,0.0,128272.0588235294,0.0,128022.06851119894,0.0,129736.9042000944,0.0,133110.7305936073,0.0,133964.33041301626,0.0,133948.4126984127
324,Income,"Median Household Income by Race, White Alone",22727.272727272728,64056.81818181818,0.0,84856.19845251254,0.0,87489.53882746774,0.0,89777.81041026568,0.0,92009.10908182272,0.0,96533.61829944549,0.0,100094.06657018814,0.0,107941.23510940536,0.0,116632.77728850438,0.0,127846.1513114538,0.0,141462.6998223801,0.0,146679.12971591763,0.0,156115.23276497895,0.0,172221.43598452685,0.0,176695.49832907412,0.0,176904.72564844423
325,Income,"Median Household Income by Race, White Alone, Not Hispanic or Latino",22727.272727272728,65876.06385790558,0.0,89560.55915642837,0.0,92465.7362945178,0.0,94809.6264367816,0.0,96647.46780235005,0.0,101268.05123233148,0.0,105210.628475501,0.0,112691.42732573982,0.0,121107.51221729742,0.0,133214.18229204373,0.0,147102.5202240199,0.0,151702.16405782226,0.0,161234.32059903658,0.0,176811.63123466884,0.0,180661.76470588235,0.0,179566.07441810227
326,Population,Total Population,73.0,776733.0,0.0,787463.0,0.0,796570.0,0.0,806149.0,0.0,815872.0,0.0,827231.0,0.0,838717.0,0.0,848284.0,0.0,862338.0,0.0,868157.0,0.0,873136.0,0.0,873425.0,0.0,864367.0,0.0,849196.0,0.0,834326.0,0.0,828137.0
327,Race/Ethnicity,Asian,0.0,239938.0,0.0,264325.0,0.0,266890.0,0.0,270041.0,0.0,272144.0,0.0,277746.0,0.0,283839.0,0.0,287268.0,0.0,294766.0,0.0,297109.0,0.0,300424.0,0.0,299843.0,0.0,297045.0,0.0,295301.0,0.0,291587.0,0.0,291269.0
328,Race/Ethnicity,Black/African American,5.0,59060.0,0.0,48716.0,0.0,49025.0,0.0,48063.0,0.0,47596.0,0.0,47181.0,0.0,46350.0,0.0,45129.0,0.0,45225.0,0.0,44954.0,0.0,45141.0,0.0,44644.0,0.0,44783.0,0.0,43734.0,0.0,42187.0,0.0,40938.0
329,Race/Ethnicity,Latino Population (of Any Race),0.0,109565.0,0.0,115660.0,0.0,118832.0,0.0,121482.0,0.0,123998.0,0.0,126317.0,0.0,128337.0,0.0,129630.0,0.0,131645.0,0.0,132320.0,0.0,133007.0,0.0,132648.0,0.0,133033.0,0.0,131258.0,0.0,133028.0,0.0,134409.0
330,Race/Ethnicity,Native American Indian,7.0,3524.0,0.0,3994.0,0.0,3733.0,0.0,3690.0,0.0,3430.0,0.0,3124.0,0.0,2854.0,0.0,2922.0,0.0,3306.0,0.0,2746.0,0.0,3223.0,0.0,3752.0,0.0,4168.0,0.0,4682.0,0.0,5476.0,0.0,6014.0
331,Race/Ethnicity,Native Hawaiian/Pacific Islander,0.0,3581.0,0.0,3266.0,0.0,3237.0,0.0,3437.0,0.0,3365.0,0.0,3454.0,0.0,3520.0,0.0,3046.0,0.0,3108.0,0.0,2876.0,0.0,3154.0,0.0,3179.0,0.0,3111.0,0.0,3312.0,0.0,3141.0,0.0,2928.0
332,Race/Ethnicity,Other/Two or More Races,25.0,85305.0,0.0,61023.0,0.0,65327.0,0.0,72083.0,0.0,78343.0,0.0,86057.0,0.0,93165.0,0.0,101232.0,0.0,108266.0,0.0,114521.0,0.0,115689.0,0.0,129854.0,0.0,139467.0,0.0,145963.0,0.0,153653.0,0.0,163040.0
333,Race/Ethnicity,"White Alone, Not Hispanic or Latino",36.0,338886.0,0.0,331631.0,0.0,334373.0,0.0,336930.0,0.0,340647.0,0.0,342901.0,0.0,346219.0,0.0,349595.0,0.0,352556.0,0.0,353212.0,0.0,353991.0,0.0,348161.0,0.0,338789.0,0.0,325646.0,0.0,313216.0,0.0,305273.0
334,Race/Ethnicity,"White, Including Hispanic or Latino",36.0,385325.0,0.0,406139.0,0.0,408358.0,0.0,408835.0,0.0,410994.0,0.0,409669.0,0.0,408989.0,0.0,408687.0,0.0,407667.0,0.0,405951.0,0.0,405505.0,0.0,392153.0,0.0,375793.0,0.0,356204.0,0.0,338282.0,0.0,323948.0
335,Unit Size,1 Bedroom,33.0,96929.0,0.0,101611.0,0.0,101201.0,0.0,101489.0,0.0,101808.0,0.0,104092.0,0.0,104433.0,0.0,104137.0,0.0,101729.0,0.0,101416.0,0.0,99415.0,0.0,99630.0,0.0,101827.0,0.0,103595.0,0.0,104704.0,0.0,105697.0
336,Unit Size,2 Bedrooms,0.0,103199.0,0.0,114638.0,0.0,115281.0,0.0,115977.0,0.0,118579.0,0.0,118564.0,0.0,117520.0,0.0,118990.0,0.0,118927.0,0.0,117901.0,0.0,118913.0,0.0,119743.0,0.0,120274.0,0.0,120854.0,0.0,121577.0,0.0,122995.0
337,Unit Size,3-4 Bedrooms,0.0,78124.0,0.0,94350.0,0.0,95490.0,0.0,96404.0,0.0,96440.0,0.0,96723.0,0.0,97922.0,0.0,99363.0,0.0,102199.0,0.0,104785.0,0.0,106979.0,0.0,107592.0,0.0,108530.0,0.0,109063.0,0.0,109923.0,0.0,110262.0
338,Unit Size,5 or More Bedrooms,0.0,5997.0,0.0,9450.0,0.0,9581.0,0.0,9647.0,0.0,9700.0,0.0,9979.0,0.0,9881.0,0.0,9548.0,0.0,10185.0,0.0,10298.0,0.0,10137.0,0.0,10479.0,0.0,11065.0,0.0,10909.0,0.0,11034.0,0.0,11223.0
339,Unit Size,No Bedroom,0.0,62278.0,0.0,51732.0,0.0,52676.0,0.0,51615.0,0.0,50972.0,0.0,50415.0,0.0,53159.0,0.0,53906.0,0.0,56471.0,0.0,58698.0,0.0,61407.0,0.0,60455.0,0.0,62247.0,0.0,62863.0,0.0,63314.0,0.0,63394.0
340,Vehicles Available,Vehicles Available,27.0,367151.0,0.0,364274.0,0.0,365371.0,0.0,367044.0,0.0,372514.0,0.0,375369.0,0.0,375627.0,0.0,383323.0,0.0,388467.0,0.0,388399.0,0.0,390320.0,0.0,378241.0,0.0,378485.0,0.0,380150.0,0.0,379835.0,0.0,373023.0
341,,"Housing Units with a Mortgage 30%+ by Race, American Indian and Alaska Native Alone",0.0,66.0,0.0,0.0,0.0,0.0,0.0,0.0,0.0,0.0,0.0,0.0,0.0,0.0,0.0,0.0,0.0,0.0,0.0,0.0,0.0,0.0,0.0,0.0,0.0,0.0,0.0,0.0,0.0,156.0,0.0,159.0
342,,"Housing Units with a Mortgage 30%+ by Race, Asian Alone",0.0,8122.0,0.0,0.0,0.0,0.0,0.0,0.0,0.0,0.0,0.0,0.0,0.0,0.0,0.0,0.0,0.0,0.0,0.0,0.0,0.0,0.0,0.0,0.0,0.0,0.0,0.0,0.0,0.0,13173.0,0.0,12748.0
343,,"Housing Units with a Mortgage 30%+ by Race, Black or African American Alone",0.0,1574.0,0.0,0.0,0.0,0.0,0.0,0.0,0.0,0.0,0.0,0.0,0.0,0.0,0.0,0.0,0.0,0.0,0.0,0.0,0.0,0.0,0.0,0.0,0.0,0.0,0.0,0.0,0.0,783.0,0.0,896.0
344,,"Housing Units with a Mortgage 30%+ by Race, Hispanic or Latino",0.0,2242.0,0.0,0.0,0.0,0.0,0.0,0.0,0.0,0.0,0.0,0.0,0.0,0.0,0.0,0.0,0.0,0.0,0.0,0.0,0.0,0.0,0.0,0.0,0.0,0.0,0.0,0.0,0.0,2734.0,0.0,2669.0
345,,"Housing Units with a Mortgage 30%+ by Race, Native Hawaiian and Other Pacific Islander Alone",0.0,25.0,0.0,0.0,0.0,0.0,0.0,0.0,0.0,0.0,0.0,0.0,0.0,0.0,0.0,0.0,0.0,0.0,0.0,0.0,0.0,0.0,0.0,0.0,0.0,0.0,0.0,0.0,0.0,114.0,0.0,123.0
346,,"Housing Units with a Mortgage 30%+ by Race, Some Other Race Alone",0.0,864.0,0.0,0.0,0.0,0.0,0.0,0.0,0.0,0.0,0.0,0.0,0.0,0.0,0.0,0.0,0.0,0.0,0.0,0.0,0.0,0.0,0.0,0.0,0.0,0.0,0.0,0.0,0.0,1081.0,0.0,1070.0
347,,"Housing Units with a Mortgage 30%+ by Race, Two or More Races",0.0,591.0,0.0,0.0,0.0,0.0,0.0,0.0,0.0,0.0,0.0,0.0,0.0,0.0,0.0,0.0,0.0,0.0,0.0,0.0,0.0,0.0,0.0,0.0,0.0,0.0,0.0,0.0,0.0,1918.0,0.0,2036.0
348,,"Housing Units with a Mortgage 30%+ by Race, White Alone",0.0,9653.0,0.0,0.0,0.0,0.0,0.0,0.0,0.0,0.0,0.0,0.0,0.0,0.0,0.0,0.0,0.0,0.0,0.0,0.0,0.0,0.0,0.0,0.0,0.0,0.0,0.0,0.0,0.0,13738.0,0.0,13627.0
349,,"Housing Units with a Mortgage 30%+ by Race, White Alone, Not Hispanic or Latino",0.0,8617.0,0.0,0.0,0.0,0.0,0.0,0.0,0.0,0.0,0.0,0.0,0.0,0.0,0.0,0.0,0.0,0.0,0.0,0.0,0.0,0.0,0.0,0.0,0.0,0.0,0.0,0.0,0.0,12927.0,0.0,13024.0
350,,"Housing Units with a Mortgage Not Calculated by Race, American Indian and Alaska Native Alone",0.0,0.0,0.0,0.0,0.0,0.0,0.0,0.0,0.0,0.0,0.0,0.0,0.0,0.0,0.0,0.0,0.0,0.0,0.0,0.0,0.0,0.0,0.0,0.0,0.0,0.0,0.0,0.0,0.0,10.0,0.0,2.0
351,,"Housing Units with a Mortgage Not Calculated by Race, Asian Alone",0.0,108.0,0.0,0.0,0.0,0.0,0.0,0.0,0.0,0.0,0.0,0.0,0.0,0.0,0.0,0.0,0.0,0.0,0.0,0.0,0.0,0.0,0.0,0.0,0.0,0.0,0.0,0.0,0.0,213.0,0.0,216.0
352,,"Housing Units with a Mortgage Not Calculated by Race, Black or African American Alone",0.0,33.0,0.0,0.0,0.0,0.0,0.0,0.0,0.0,0.0,0.0,0.0,0.0,0.0,0.0,0.0,0.0,0.0,0.0,0.0,0.0,0.0,0.0,0.0,0.0,0.0,0.0,0.0,0.0,4.0,0.0,4.0
353,,"Housing Units with a Mortgage Not Calculated by Race, Hispanic or Latino",0.0,23.0,0.0,0.0,0.0,0.0,0.0,0.0,0.0,0.0,0.0,0.0,0.0,0.0,0.0,0.0,0.0,0.0,0.0,0.0,0.0,0.0,0.0,0.0,0.0,0.0,0.0,0.0,0.0,70.0,0.0,96.0
354,,"Housing Units with a Mortgage Not Calculated by Race, Native Hawaiian and Other Pacific Islander Alone",0.0,0.0,0.0,0.0,0.0,0.0,0.0,0.0,0.0,0.0,0.0,0.0,0.0,0.0,0.0,0.0,0.0,0.0,0.0,0.0,0.0,0.0,0.0,0.0,0.0,0.0,0.0,0.0,0.0,21.0,0.0,18.0
355,,"Housing Units with a Mortgage Not Calculated by Race, Some Other Race Alone",0.0,34.0,0.0,0.0,0.0,0.0,0.0,0.0,0.0,0.0,0.0,0.0,0.0,0.0,0.0,0.0,0.0,0.0,0.0,0.0,0.0,0.0,0.0,0.0,0.0,0.0,0.0,0.0,0.0,9.0,0.0,8.0
356,,"Housing Units with a Mortgage Not Calculated by Race, Two or More Races",0.0,0.0,0.0,0.0,0.0,0.0,0.0,0.0,0.0,0.0,0.0,0.0,0.0,0.0,0.0,0.0,0.0,0.0,0.0,0.0,0.0,0.0,0.0,0.0,0.0,0.0,0.0,0.0,0.0,84.0,0.0,69.0
357,,"Housing Units with a Mortgage Not Calculated by Race, White Alone",0.0,47.0,0.0,0.0,0.0,0.0,0.0,0.0,0.0,0.0,0.0,0.0,0.0,0.0,0.0,0.0,0.0,0.0,0.0,0.0,0.0,0.0,0.0,0.0,0.0,0.0,0.0,0.0,0.0,226.0,0.0,130.0
358,,"Housing Units with a Mortgage Not Calculated by Race, White Alone, Not Hispanic or Latino",0.0,47.0,0.0,0.0,0.0,0.0,0.0,0.0,0.0,0.0,0.0,0.0,0.0,0.0,0.0,0.0,0.0,0.0,0.0,0.0,0.0,0.0,0.0,0.0,0.0,0.0,0.0,0.0,0.0,226.0,0.0,130.0
359,,"Housing Units without a Mortgage 30%+ by Race, American Indian and Alaska Native Alone",0.0,0.0,0.0,0.0,0.0,0.0,0.0,0.0,0.0,0.0,0.0,0.0,0.0,0.0,0.0,0.0,0.0,0.0,0.0,0.0,0.0,0.0,0.0,0.0,0.0,0.0,0.0,0.0,0.0,5.0,0.0,5.0
360,,"Housing Units without a Mortgage 30%+ by Race, Asian Alone",0.0,556.0,0.0,0.0,0.0,0.0,0.0,0.0,0.0,0.0,0.0,0.0,0.0,0.0,0.0,0.0,0.0,0.0,0.0,0.0,0.0,0.0,0.0,0.0,0.0,0.0,0.0,0.0,0.0,2936.0,0.0,3364.0
361,,"Housing Units without a Mortgage 30%+ by Race, Black or African American Alone",0.0,353.0,0.0,0.0,0.0,0.0,0.0,0.0,0.0,0.0,0.0,0.0,0.0,0.0,0.0,0.0,0.0,0.0,0.0,0.0,0.0,0.0,0.0,0.0,0.0,0.0,0.0,0.0,0.0,420.0,0.0,380.0
362,,"Housing Units without a Mortgage 30%+ by Race, Hispanic or Latino",0.0,128.0,0.0,0.0,0.0,0.0,0.0,0.0,0.0,0.0,0.0,0.0,0.0,0.0,0.0,0.0,0.0,0.0,0.0,0.0,0.0,0.0,0.0,0.0,0.0,0.0,0.0,0.0,0.0,723.0,0.0,728.0
363,,"Housing Units without a Mortgage 30%+ by Race, Native Hawaiian and Other Pacific Islander Alone",0.0,0.0,0.0,0.0,0.0,0.0,0.0,0.0,0.0,0.0,0.0,0.0,0.0,0.0,0.0,0.0,0.0,0.0,0.0,0.0,0.0,0.0,0.0,0.0,0.0,0.0,0.0,0.0,0.0,0.0,0.0,0.0
364,,"Housing Units without a Mortgage 30%+ by Race, Some Other Race Alone",0.0,38.0,0.0,0.0,0.0,0.0,0.0,0.0,0.0,0.0,0.0,0.0,0.0,0.0,0.0,0.0,0.0,0.0,0.0,0.0,0.0,0.0,0.0,0.0,0.0,0.0,0.0,0.0,0.0,224.0,0.0,168.0
365,,"Housing Units without a Mortgage 30%+ by Race, Two or More Races",0.0,67.0,0.0,0.0,0.0,0.0,0.0,0.0,0.0,0.0,0.0,0.0,0.0,0.0,0.0,0.0,0.0,0.0,0.0,0.0,0.0,0.0,0.0,0.0,0.0,0.0,0.0,0.0,0.0,667.0,0.0,754.0
366,,"Housing Units without a Mortgage 30%+ by Race, White Alone",0.0,1552.0,0.0,0.0,0.0,0.0,0.0,0.0,0.0,0.0,0.0,0.0,0.0,0.0,0.0,0.0,0.0,0.0,0.0,0.0,0.0,0.0,0.0,0.0,0.0,0.0,0.0,0.0,0.0,3086.0,0.0,3300.0
367,,"Housing Units without a Mortgage 30%+ by Race, White Alone, Not Hispanic or Latino",0.0,1458.0,0.0,0.0,0.0,0.0,0.0,0.0,0.0,0.0,0.0,0.0,0.0,0.0,0.0,0.0,0.0,0.0,0.0,0.0,0.0,0.0,0.0,0.0,0.0,0.0,0.0,0.0,0.0,2963.0,0.0,3174.0
368,,"Housing Units without a Mortgage Not Calculated by Race, American Indian and Alaska Native Alone",0.0,0.0,0.0,0.0,0.0,0.0,0.0,0.0,0.0,0.0,0.0,0.0,0.0,0.0,0.0,0.0,0.0,0.0,0.0,0.0,0.0,0.0,0.0,0.0,0.0,0.0,0.0,0.0,0.0,0.0,0.0,0.0
369,,"Housing Units without a Mortgage Not Calculated by Race, Asian Alone",0.0,131.0,0.0,0.0,0.0,0.0,0.0,0.0,0.0,0.0,0.0,0.0,0.0,0.0,0.0,0.0,0.0,0.0,0.0,0.0,0.0,0.0,0.0,0.0,0.0,0.0,0.0,0.0,0.0,312.0,0.0,291.0
370,,"Housing Units without a Mortgage Not Calculated by Race, Black or African American Alone",0.0,63.0,0.0,0.0,0.0,0.0,0.0,0.0,0.0,0.0,0.0,0.0,0.0,0.0,0.0,0.0,0.0,0.0,0.0,0.0,0.0,0.0,0.0,0.0,0.0,0.0,0.0,0.0,0.0,27.0,0.0,4.0
371,,"Housing Units without a Mortgage Not Calculated by Race, Hispanic or Latino",0.0,4.0,0.0,0.0,0.0,0.0,0.0,0.0,0.0,0.0,0.0,0.0,0.0,0.0,0.0,0.0,0.0,0.0,0.0,0.0,0.0,0.0,0.0,0.0,0.0,0.0,0.0,0.0,0.0,10.0,0.0,11.0
372,,"Housing Units without a Mortgage Not Calculated by Race, Native Hawaiian and Other Pacific Islander Alone",0.0,0.0,0.0,0.0,0.0,0.0,0.0,0.0,0.0,0.0,0.0,0.0,0.0,0.0,0.0,0.0,0.0,0.0,0.0,0.0,0.0,0.0,0.0,0.0,0.0,0.0,0.0,0.0,0.0,0.0,0.0,0.0
373,,"Housing Units without a Mortgage Not Calculated by Race, Some Other Race Alone",0.0,4.0,0.0,0.0,0.0,0.0,0.0,0.0,0.0,0.0,0.0,0.0,0.0,0.0,0.0,0.0,0.0,0.0,0.0,0.0,0.0,0.0,0.0,0.0,0.0,0.0,0.0,0.0,0.0,10.0,0.0,11.0
374,,"Housing Units without a Mortgage Not Calculated by Race, Two or More Races",0.0,8.0,0.0,0.0,0.0,0.0,0.0,0.0,0.0,0.0,0.0,0.0,0.0,0.0,0.0,0.0,0.0,0.0,0.0,0.0,0.0,0.0,0.0,0.0,0.0,0.0,0.0,0.0,0.0,77.0,0.0,97.0
375,,"Housing Units without a Mortgage Not Calculated by Race, White Alone",0.0,267.0,0.0,0.0,0.0,0.0,0.0,0.0,0.0,0.0,0.0,0.0,0.0,0.0,0.0,0.0,0.0,0.0,0.0,0.0,0.0,0.0,0.0,0.0,0.0,0.0,0.0,0.0,0.0,320.0,0.0,260.0
376,,"Housing Units without a Mortgage Not Calculated by Race, White Alone, Not Hispanic or Latino",0.0,267.0,0.0,0.0,0.0,0.0,0.0,0.0,0.0,0.0,0.0,0.0,0.0,0.0,0.0,0.0,0.0,0.0,0.0,0.0,0.0,0.0,0.0,0.0,0.0,0.0,0.0,0.0,0.0,320.0,0.0,260.0
