,Category,Attribute,2000_Haight Ashbury,2010_Haight Ashbury,2011_Haight Ashbury,2012_Haight Ashbury,2013_Haight Ashbury,2014_Haight Ashbury,2015_Haight Ashbury,2016_Haight Ashbury,2017_Haight Ashbury,2018_Haight Ashbury,2019_Haight Ashbury,2020_Haight Ashbury,2021_Haight Ashbury,2022_Haight Ashbury,2023_Haight Ashbury,2024_Haight Ashbury
11,Affordability,# Units at or below 100 AMI Monthly Affordable Rent,6195.0,5851.0,5811.0,5868.0,6153.0,6030.0,5487.0,5456.0,5262.0,4934.0,4860.0,4805.0,4278.0,4177.0,3695.0,3491
2,Affordability,# Units at or below 30 AMI Monthly Affordable Rent,4528.0,4211.0,3973.0,5803.0,6037.0,5917.0,4394.0,5126.0,5262.0,4934.0,4860.0,4805.0,4278.0,4177.0,3695.0,3491
5,Affordability,# Units at or below 50 AMI Monthly Affordable Rent,6195.0,5851.0,5811.0,5868.0,6153.0,6030.0,5487.0,5456.0,5262.0,4934.0,4860.0,4805.0,4278.0,4177.0,3695.0,3491
8,Affordability,# Units at or below 80 AMI Monthly Affordable Rent,6195.0,5851.0,5811.0,5868.0,6153.0,6030.0,5487.0,5456.0,5262.0,4934.0,4860.0,4805.0,4278.0,4177.0,3695.0,3491
9,Affordability,100 AMI Annual Income,71000.0,92345.50561797751,95247.52475247523,103881.27853881278,107374.022589053,114165.243381725,119121.05751391464,130600.84541062804,143615.59139784946,161459.1439688716,172486.6717440975,170788.72234118485,184422.4924012158,200048.7824390244,200799.06343825665,200583.68093385213
10,Affordability,100 AMI Monthly Affordable Rent,5916.666666666667,7695.458801498126,7937.2937293729365,8656.773211567732,8947.835215754416,9513.770281810417,9926.75479282622,10883.403784219003,11967.96594982079,13454.928664072633,14373.889312008125,14232.39352843207,15368.54103343465,16670.731869918698,16733.255286521387,16715.306744487676
0,Affordability,30 AMI Annual Income,21300.0,27703.65168539325,28574.25742574257,31164.383561643834,32212.2067767159,34249.5730145175,35736.31725417439,39180.25362318841,43084.67741935484,48437.74319066147,51746.00152322924,51236.61670235545,55326.747720364736,60014.634731707316,60239.71903147699,60175.10428015563
1,Affordability,30 AMI Monthly Affordable Rent,1775.0,2308.6376404494376,2381.188118811881,2597.0319634703196,2684.350564726325,2854.131084543125,2978.026437847866,3265.0211352657007,3590.389784946237,4036.4785992217894,4312.166793602437,4269.718058529621,4610.562310030395,5001.21956097561,5019.976585956416,5014.592023346303
3,Affordability,50 AMI Annual Income,35500.0,46172.75280898876,47623.76237623762,51940.63926940639,53687.0112945265,57082.6216908625,59560.52875695732,65300.42270531402,71807.79569892473,80729.5719844358,86243.33587204874,85394.36117059243,92211.2462006079,100024.3912195122,100399.53171912832,100291.84046692606
4,Affordability,50 AMI Monthly Affordable Rent,2958.3333333333335,3847.729400749063,3968.6468646864682,4328.386605783866,4473.917607877208,4756.885140905209,4963.37739641311,5441.701892109501,5983.982974910395,6727.464332036317,7186.944656004062,7116.196764216035,7684.270516717325,8335.365934959349,8366.627643260694,8357.653372243838
6,Affordability,80 AMI Annual Income,56800.0,73876.40449438202,76198.01980198019,83105.02283105023,85899.2180712424,91332.19470538001,95296.84601113171,104480.67632850244,114892.47311827958,129167.31517509728,137989.337395278,136630.9778729479,147537.99392097266,160039.02595121952,160639.25075060534,160466.94474708172
7,Affordability,80 AMI Monthly Affordable Rent,4733.333333333333,6156.367041198501,6349.834983498349,6925.418569254186,7158.2681726035335,7611.016225448334,7941.403834260976,8706.723027375203,9574.372759856631,10763.942931258107,11499.1114496065,11385.914822745659,12294.83282674772,13336.58549593496,13386.604229217111,13372.245395590144
0,Age,0-4 Years,0.0243988476688811,0.0471969609761712,0.0425189611583544,0.0409863945578231,0.0384419983065199,0.0387921411029247,0.0401509178961594,0.0404432132963988,0.0381733661471151,0.0389224789462319,0.0465888456549935,0.0491110995255721,0.050197109067017,0.0507226763384398,0.0498312710911136,0.0452051526717557
1,Age,18-34 Years,0.4976777000411547,0.4388166225394267,0.4444380602160422,0.4301020408163265,0.440587073101891,0.4235320384014289,0.3850095731501295,0.3825484764542936,0.3991249658189773,0.4112502699201036,0.4075745784695201,0.4275585214535217,0.4228646517739816,0.4041574189357441,0.3833520809898763,0.3986164122137404
2,Age,35-59 Years,0.3675113175377741,0.3659491193737769,0.362502872902781,0.3776077097505669,0.3683883714366356,0.3702835454342487,0.4025228066223674,0.3955124653739612,0.3781788351107465,0.3564025048585618,0.3530479896238651,0.3360095928262342,0.3349277266754271,0.3467763763330266,0.3448256467941507,0.3373091603053435
3,Age,5-17 Years,0.0445646422482215,0.0520893288822378,0.0436681222707423,0.0477324263038548,0.0514253457521874,0.0487273945077026,0.0521455118819686,0.0556232686980609,0.052283292316106,0.0624055279637227,0.0669260700389105,0.0681403472186017,0.0708015768725361,0.070806041249391,0.0785151856017997,0.0723998091603053
4,Age,60 and older,0.0658474925039684,0.0959479682283872,0.1068719834520799,0.1035714285714285,0.101157211402766,0.118664880553695,0.1201711904493749,0.1258725761772853,0.1322395406070549,0.1310192183113798,0.1258625162127107,0.11918043897607,0.1212089356110381,0.1275374871433984,0.1434758155230596,0.1464694656488549
5,Educational Attainment,College Degree or higher,0.6992045771699693,0.7182269503546099,0.7376579847775994,0.7532369664999657,0.7746973032471106,0.7912021490933513,0.7849289353714133,0.7857564430454456,0.7763401109057301,0.7936708860759494,0.7838373822508676,0.7967927996450529,0.8066563066563066,0.8144357482105826,0.8162041556268302,0.832692168106264
6,Educational Attainment,"College Degree or higher by Race, American Indian and Alaska Native Alone",0.609375,0.0,1.0,1.0,1.0,0.7647058823529411,0.7428571428571429,0.56,0.6595744680851063,0.5777777777777777,1.0,1.0,0.1666666666666666,0.5423728813559322,0.5,0.7047619047619048
7,Educational Attainment,"College Degree or higher by Race, Asian Alone",0.6487964989059081,0.6803691275167785,0.7182186234817813,0.7880149812734082,0.7512437810945274,0.7655677655677655,0.7964338781575037,0.83,0.7349397590361446,0.82125,0.8135120044667783,0.802611752887996,0.7793533749290982,0.8045602605863192,0.7504798464491362,0.7842842842842843
8,Educational Attainment,"College Degree or higher by Race, Black or African American Alone",0.3718309859154929,0.3716153127917834,0.3789752650176678,0.3636363636363636,0.4216589861751152,0.3511904761904761,0.3755364806866952,0.3245283018867924,0.3653516295025729,0.3944099378881988,0.5167464114832536,0.6216216216216216,0.7216890595009597,0.6673003802281369,0.6151685393258427,0.5783132530120482
9,Educational Attainment,"College Degree or higher by Race, Hispanic or Latino",0.529082774049217,0.5997088791848617,0.6475279106858054,0.6174142480211082,0.549625468164794,0.5990783410138248,0.5822784810126582,0.5167548500881834,0.4931623931623932,0.5434583714547118,0.5059121621621622,0.5593056894889104,0.6193619361936193,0.5760649087221096,0.5982436882546652,0.6761412575366064
11,Educational Attainment,"College Degree or higher by Race, Some Other Race Alone",0.4313725490196078,0.4175531914893617,0.4075342465753425,0.2636655948553054,0.264,0.2869955156950672,0.3081081081081081,0.4590909090909091,0.73,0.7393939393939394,0.5826330532212886,0.5746268656716418,0.5957446808510638,0.5315533980582524,0.4315245478036176,0.3684210526315789
12,Educational Attainment,"College Degree or higher by Race, Two or More Races",0.5108695652173914,0.6991341991341992,0.7857142857142857,0.6606425702811245,0.7134935304990758,0.7178423236514523,0.777972027972028,0.7394495412844037,0.7337057728119181,0.8506224066390041,0.8882882882882883,0.7941680960548885,0.8018575851393189,0.7584158415841584,0.798326359832636,0.7913533834586466
13,Educational Attainment,"College Degree or higher by Race, White Alone",0.750788920056101,0.7708047866995524,0.7866367713004484,0.8081816575366673,0.8075851000929133,0.8239849991847383,0.8063492063492064,0.808027079303675,0.8029076620825147,0.8092494549984428,0.7938305349472862,0.8123253903040263,0.8223543008089813,0.8391338651705094,0.8545560747663551,0.8711914267703299
14,Educational Attainment,"College Degree or higher by Race, White Alone, Not Hispanic or Latino",0.7555494656070156,0.7846980399960203,0.798249831714588,0.8151149641914813,0.8217005644655497,0.8360215053763441,0.8218785298462074,0.8292619316699992,0.8309084757232279,0.8297358113176098,0.813187729243081,0.8233270256322037,0.8268294765604987,0.8416568476389015,0.8546123992437058,0.8707943674083629
16,Educational Attainment,High School or Less,0.1135919620429807,0.0982269503546099,0.091194748970044,0.0764540659039528,0.0751238304898183,0.0693754197447951,0.0725395548404398,0.0722014558331693,0.0775065332398495,0.075,0.069533961328706,0.0684540787221905,0.0622895622895622,0.0695698708943742,0.0658206665736996,0.0565435145532409
17,Educational Attainment,"High School or Less by Race, American Indian and Alaska Native Alone",0.0,1.0,0.0,0.0,0.0,0.2352941176470588,0.2571428571428571,0.44,0.3404255319148936,0.4222222222222222,0.0,0.0,0.0,0.0,0.0,0.0380952380952381
18,Educational Attainment,"High School or Less by Race, Asian Alone",0.1958424507658643,0.0796979865771812,0.0995951417004048,0.0853932584269663,0.1535181236673774,0.1531135531135531,0.1731054977711738,0.1366666666666666,0.1762840837032339,0.111875,0.073143495254048,0.0447011551983927,0.0465116279069767,0.054071661237785,0.1103646833013435,0.1161161161161161
19,Educational Attainment,"High School or Less by Race, Black or African American Alone",0.3615023474178404,0.1988795518207282,0.2720848056537102,0.2430622009569378,0.2119815668202765,0.2698412698412698,0.2682403433476394,0.2415094339622641,0.1732418524871355,0.2034161490683229,0.1180223285486443,0.1144674085850556,0.128598848368522,0.2357414448669201,0.3089887640449438,0.1837349397590361
20,Educational Attainment,"High School or Less by Race, Hispanic or Latino",0.2606263982102908,0.1659388646288209,0.1204146730462519,0.0914687774846086,0.1956928838951311,0.2276497695852534,0.244122965641953,0.2742504409171076,0.3299145299145299,0.3010064043915828,0.2863175675675675,0.2246865959498553,0.1859185918591859,0.2221095334685598,0.1734357848518112,0.1266149870801033
22,Educational Attainment,"High School or Less by Race, Some Other Race Alone",0.3137254901960784,0.1968085106382978,0.2568493150684932,0.2315112540192926,0.32,0.2959641255605381,0.3027027027027027,0.1,0.1,0.1151515151515151,0.1092436974789916,0.2238805970149253,0.25,0.2742718446601941,0.3049095607235142,0.4035087719298245
23,Educational Attainment,"High School or Less by Race, Two or More Races",0.2119565217391304,0.1883116883116883,0.1674107142857142,0.28714859437751,0.1386321626617375,0.0933609958506224,0.0594405594405594,0.0403669724770642,0.0391061452513966,0.0394190871369294,0.0396396396396396,0.072041166380789,0.109907120743034,0.1603960396039604,0.1188284518828451,0.0933583959899749
24,Educational Attainment,"High School or Less by Race, White Alone",0.0738078541374474,0.0834018452544076,0.0650224215246636,0.0470931259939918,0.0531294872877776,0.0463883906734061,0.0508750508750508,0.0574629271437782,0.0612966601178781,0.063687324820928,0.0668488871534556,0.0646672144617912,0.0534918276374442,0.0489173314631366,0.0334890965732087,0.0253204454717377
25,Educational Attainment,"High School or Less by Race, White Alone, Not Hispanic or Latino",0.0685119210742669,0.0755148741418764,0.0624098471006827,0.049001130795326,0.0468596003942299,0.0358133888310787,0.0373620644712833,0.0380770233852038,0.0363728641515817,0.0452537711475956,0.0480160053351117,0.0570273524858076,0.051319272478866,0.0473126076316505,0.0331376256343914,0.0244007309470063
27,Educational Attainment,Some College/Associate Degree,0.1872034607870499,0.1835460992907801,0.1711472662523566,0.1703089675960813,0.150178866263071,0.1394224311618536,0.1425315097881469,0.142042101121385,0.1461533558544203,0.1313291139240506,0.1466286564204263,0.1347531216327565,0.131054131054131,0.1159943808950431,0.11797517779947,0.110764317340495
28,Educational Attainment,"Some College/Associate Degree by Race, American Indian and Alaska Native Alone",0.390625,0.0,0.0,0.0,0.0,0.0,0.0,0.0,0.0,0.0,0.0,0.0,0.8333333333333334,0.4576271186440678,0.5,0.2571428571428571
29,Educational Attainment,"Some College/Associate Degree by Race, Asian Alone",0.1553610503282275,0.2399328859060402,0.1821862348178137,0.1265917602996254,0.0952380952380952,0.0813186813186813,0.0304606240713224,0.0333333333333333,0.0887761572606214,0.066875,0.1133445002791736,0.1526870919136112,0.1741349971639251,0.1413680781758957,0.1391554702495201,0.0995995995995996
30,Educational Attainment,"Some College/Associate Degree by Race, Black or African American Alone",0.2666666666666666,0.4295051353874883,0.3489399293286219,0.3933014354066985,0.3663594470046083,0.3789682539682539,0.3562231759656652,0.4339622641509434,0.4614065180102916,0.4021739130434782,0.3652312599681021,0.2639109697933227,0.1497120921305182,0.0969581749049429,0.0758426966292134,0.2379518072289156
31,Educational Attainment,"Some College/Associate Degree by Race, Hispanic or Latino",0.2102908277404921,0.2343522561863173,0.2320574162679425,0.2911169744942832,0.2546816479400749,0.1732718894009216,0.1735985533453888,0.2089947089947089,0.1769230769230769,0.1555352241537054,0.2077702702702702,0.2160077145612343,0.1947194719471947,0.2018255578093306,0.2283205268935236,0.1972437553832902
33,Educational Attainment,"Some College/Associate Degree by Race, Some Other Race Alone",0.2549019607843137,0.3856382978723404,0.3356164383561644,0.5048231511254019,0.416,0.4170403587443946,0.3891891891891892,0.4409090909090909,0.17,0.1454545454545454,0.3081232492997199,0.2014925373134328,0.1542553191489361,0.1941747572815534,0.2635658914728682,0.2280701754385964
34,Educational Attainment,"Some College/Associate Degree by Race, Two or More Races",0.2771739130434782,0.1125541125541125,0.046875,0.0522088353413654,0.1478743068391867,0.1887966804979253,0.1625874125874125,0.2201834862385321,0.2271880819366853,0.1099585062240663,0.072072072072072,0.1337907375643224,0.088235294117647,0.0811881188118811,0.0828451882845188,0.1152882205513784
35,Educational Attainment,"Some College/Associate Degree by Race, White Alone",0.1754032258064516,0.14579336804604,0.1483408071748879,0.1447252164693408,0.139285412619309,0.1296266101418555,0.1427757427757428,0.1345099935525467,0.135795677799607,0.1270632201806291,0.1393205778992581,0.1230073952341824,0.1241538715535743,0.1119488033663539,0.1119548286604361,0.1034881277579323
36,Educational Attainment,"Some College/Associate Degree by Race, White Alone, Not Hispanic or Latino",0.1759386133187174,0.1397870858621032,0.1393403211847293,0.1358839050131926,0.1314398351402204,0.1281651057925771,0.1407594056825093,0.132661044944797,0.1327186601251903,0.1250104175347945,0.1387962654218072,0.1196456218819886,0.1218512509606353,0.111030544729448,0.1122499751219026,0.1048049016446307
38,Employment,Employed Residents,12928.0,12224.0,12380.0,12516.0,12961.0,13244.0,13031.0,13202.0,13642.0,13645.0,14100.0,13894.0,13806.0,13224.0,12426.0,11702.0
40,Employment,Managerial Professional,0.6313428217821783,0.6732657068062827,0.7133279483037157,0.7309843400447428,0.7052696551192038,0.7164753850800363,0.7179034609776687,0.7017876079381912,0.6773933440844451,0.6795163063393185,0.6842553191489362,0.6909457319706348,0.7004925394755903,0.7084089534180278,0.7520521487204249,0.7710647752520936
42,Employment,Natural Resources,0.020884900990099,0.0216786649214659,0.0244749596122778,0.027644614892937,0.030167425352982,0.0283147085472666,0.022254623589901,0.0196182396606574,0.0228705468406392,0.0181751557347013,0.0181560283687943,0.0206563984453721,0.0183253657829929,0.0221566848154869,0.0141638499919523,0.0166638181507434
44,Employment,Production Transport Materials,0.0317914603960396,0.0073625654450261,0.0100161550888529,0.0123042505592841,0.0260010801635676,0.0271066143159166,0.0294681912362827,0.0247689743978185,0.0287347896202902,0.0261634298277757,0.0268085106382978,0.0247588887289477,0.0261480515717803,0.028886872353297,0.0259938837920489,0.0196547598701076
46,Employment,Sales and Office,0.2177444306930693,0.191017670157068,0.1610662358642972,0.1510866091403004,0.1627960805493403,0.1528994261552401,0.1500268590284705,0.1699742463263142,0.17680691980648,0.1856357640161231,0.1829078014184397,0.1929609903555491,0.1829639287266405,0.1789927404718693,0.1553999678094318,0.1418560929755597
48,Employment,Services,0.0978496287128712,0.106675392670157,0.0911147011308562,0.0779801853627357,0.0757657588149062,0.0752038659015403,0.080346865167677,0.0838509316770186,0.0941943996481454,0.0905093440820813,0.0878723404255319,0.0706779904994961,0.0720701144429958,0.0615547489413188,0.0523901496861419,0.0507605537514954
51,Employment,"Unemployment Rate by Race, American Indian and Alaska Native Alone",0.0,0.0,0.0,0.0,0.0,0.0,0.0,0.0,0.0,0.0,0.0,0.0,0.0,0.0,0.0,0.0
52,Employment,"Unemployment Rate by Race, Asian Alone",0.0279898218829516,0.0515933232169954,0.0711143695014662,0.0866935483870967,0.0519653564290473,0.0720221606648199,0.0595980595980596,0.0094637223974763,0.0047086521483225,0.0057603686635944,0.0113989637305699,0.014371812702828,0.0097535934291581,0.0117370892018779,0.0092336103416435,0.0094339622641509
53,Employment,"Unemployment Rate by Race, Black or African American Alone",0.0667506297229219,0.1035072711719418,0.0649960845732184,0.0951541850220264,0.0473372781065088,0.0677685950413223,0.0666666666666666,0.0515097690941385,0.0660377358490566,0.0585714285714285,0.0340425531914893,0.0,0.0,0.0159235668789808,0.0175054704595186,0.0586734693877551
54,Employment,"Unemployment Rate by Race, Hispanic or Latino",0.0432569974554707,0.0145127850725639,0.0126206384558277,0.0336269015212169,0.0299921073401736,0.0240963855421686,0.0120754716981132,0.0381097560975609,0.0382308845577211,0.0899067005937235,0.121259842519685,0.0792733278282411,0.0686735653809971,0.0724381625441696,0.0169794459338695,0.0145817344589409
56,Employment,"Unemployment Rate by Race, Some Other Race Alone",0.0906148867313915,0.0508474576271186,0.0518292682926829,0.0417910447761194,0.0310344827586206,0.0338983050847457,0.0,0.0,0.0,0.029585798816568,0.0140056022408963,0.0115207373271889,0.0122850122850122,0.0203619909502262,0.0,0.0
57,Employment,"Unemployment Rate by Race, Two or More Races",0.0268041237113402,0.0283400809716599,0.0251450676982591,0.0679933665008291,0.0639880952380952,0.0505529225908372,0.0451030927835051,0.04,0.0391304347826087,0.0425531914893617,0.0046296296296296,0.0044709388971684,0.0154440154440154,0.0042265426880811,0.0289645184648805,0.0308468872686483
58,Employment,"Unemployment Rate by Race, White Alone",0.0269848554382744,0.0331869204489995,0.0314060235142535,0.0489560835133189,0.0504782146652497,0.0430443848674411,0.0418057663125948,0.0391829296074113,0.0249700956937799,0.0231851851851851,0.0259567878475038,0.0279415142004133,0.026954795357361,0.0234457110518231,0.0179549331178741,0.0196097753251872
59,Employment,"Unemployment Rate by Race, White Alone, Not Hispanic or Latino",0.0274966583922092,0.035887061307063,0.0335743801652892,0.0521650187521309,0.0535383624506883,0.0459313413858868,0.0448295500772923,0.0390983606557377,0.0230496453900709,0.0170892615849296,0.0162486196560971,0.0223585438695617,0.0228898426323319,0.0182583087925957,0.0176900991016022,0.0201131999191429
61,Households,Average Family Household Size,2.698087431693989,2.880990415335463,2.862068965517241,2.865046102263202,2.8490885968630777,2.853107344632768,2.7869427869427867,2.756438791732909,2.79637874740279,2.8941480206540446,2.946236559139785,2.9521091024421184,3.009480222294868,2.900726392251816,2.8380952380952382,2.7642961876832843
62,Households,Average Household Size,1.9624581539933048,2.07347972972973,2.0586173555716702,2.091458988628115,2.1008098634110963,2.112084483379335,2.104304835403352,2.121726653114911,2.1783724872850567,2.232324470040436,2.306214277027849,2.29480472076895,2.298036809815951,2.20703125,2.1434547244094486,2.020300196850393
63,Households,Family Households,0.2625538020086083,0.3021235521235521,0.2839013778100072,0.2886523106702153,0.2851444457875015,0.297371894875795,0.3435427468949716,0.3760612220495037,0.4079680310002422,0.4271535351059919,0.4297701568770521,0.3836233118384232,0.3753374233128834,0.3529052734375,0.3617125984251969,0.3356299212598425
64,Households,Households,8364.0,8288.0,8274.0,8266.0,8273.0,8333.0,8293.0,8363.0,8258.0,8161.0,8223.0,8219.0,8150.0,8192.0,8128.0,8128.0
65,Households,"Households with 60 years and older, % of Total (DEC, 65 years and older)",0.0890722142515542,0.1640926640926641,0.1715010877447425,0.1676748124848778,0.1682581892904629,0.1918876755070203,0.191245628843603,0.2068635657060863,0.2193024945507387,0.2183555936772454,0.2180469415055332,0.2063511376079815,0.1947239263803681,0.196044921875,0.2314222440944882,0.217888779527559
66,Households,"Households with Children, % of Total",0.0961262553802008,0.1295849420849421,0.1196519216823785,0.1279941930800871,0.1323582739030581,0.1165246609864394,0.1272157241046665,0.1354776993901709,0.1338096391378057,0.1461830658007597,0.1612550164173659,0.1552500304173257,0.1617177914110429,0.1568603515625,0.1609251968503937,0.1408710629921259
67,Households,Non-Family Households,0.7374461979913917,0.6978764478764479,0.7160986221899928,0.7113476893297846,0.7148555542124985,0.7026281051242049,0.6564572531050283,0.6239387779504962,0.5920319689997579,0.572846464894008,0.5702298431229478,0.6163766881615769,0.6246625766871166,0.6470947265625,0.6382874015748031,0.6643700787401575
68,Households,"Single Person Households, % of Total",0.3999282639885222,0.4079391891891892,0.4232535653855451,0.4101137188482942,0.3915145654538861,0.3856954278171127,0.3753768238273242,0.3521463589620949,0.3326471300557035,0.3357431687293223,0.3130244436337103,0.2962647524029687,0.3050306748466257,0.31884765625,0.3355068897637795,0.3631889763779528
69,Housing,Median Year Moved In Owner,1991.1666666666667,1998.3252427184464,1991.3358208955224,1999.141856392294,2000.9299895506792,2009.1417233560087,2002.6765799256505,2003.171355498721,2009.7433234421364,2004.7988505747128,2004.1822222222224,2006.7780172413795,2002.551219512195,2008.7694300518133,2010.9798994974876,2011.2544642857144
70,Housing,Median Year Moved In Renter,1996.5708692247456,2005.021244563399,2005.833135743924,2005.1021012133767,2006.6800840042,2010.6157941437448,2010.2276517678447,2010.6503860355824,2014.431464737794,2012.0061860068256,2012.5546038543896,2013.957643944408,2018.075799721836,2015.2520623281396,2017.4027777777776,2017.313154831199
71,Housing,Median Year Structure Built,1939.0,1939.0,1939.0,1939.0,1939.0,1940.0,1939.0,1939.0,1939.0,1939.0,1939.0,1939.0,1939.0,1939.0,1939.0,1939.0
72,Housing,"Overcrowding, Renter Occupied Housing",0.0333013128402177,0.0112801230558878,0.0077439339184305,0.0056237218813905,0.0047131480578579,0.0046434494195688,0.0086572738075029,0.0156595744680851,0.0130639261452708,0.022270505160239,0.0280474649406688,0.0146373918829008,0.0117825281939067,0.0159146841673502,0.0143375367075487,0.0112671173513607
73,Housing,Owner Occupied,0.2528708133971292,0.2940395752895753,0.2976794778825236,0.2901040406484393,0.2562552882871993,0.2763710548421937,0.289641866634511,0.2975008968073658,0.3047953499636716,0.3232447004043622,0.3236045238963881,0.2685241513566127,0.2710429447852761,0.2559814453125,0.2877706692913386,0.2902312992125984
75,Housing,"Owner Occupied by Race, Asian Alone",0.3731019522776572,0.3239202657807309,0.2857142857142857,0.3176838810641627,0.28486646884273,0.3589341692789968,0.3541364296081277,0.3032407407407407,0.2989195678271308,0.3154228855721393,0.3196881091617933,0.239,0.300251256281407,0.3338632750397456,0.5026041666666666,0.3814968814968815
76,Housing,"Owner Occupied by Race, Black or African American Alone",0.2673992673992674,0.3216783216783216,0.3848857644991212,0.334841628959276,0.268595041322314,0.3018181818181818,0.3701657458563536,0.3085714285714285,0.3561643835616438,0.3863636363636363,0.2978723404255319,0.1486988847583643,0.1576763485477178,0.1259259259259259,0.1834061135371179,0.1379310344827586
77,Housing,"Owner Occupied by Race, Hispanic or Latino",0.1895424836601307,0.2313725490196078,0.2837423312883436,0.1848049281314168,0.1516966067864271,0.1887125220458553,0.1666666666666666,0.1468189233278956,0.1661971830985915,0.2115732368896926,0.1725571725571725,0.1862955032119914,0.1920374707259953,0.2366863905325443,0.28,0.2394366197183098
79,Housing,"Owner Occupied by Race, Some Other Race Alone",0.0,0.0401606425702811,0.0684931506849315,0.0,0.0,0.0,0.0,0.0,0.2604166666666667,0.6956521739130435,0.1938775510204081,0.2126696832579185,0.1869158878504672,0.1528384279475982,0.059090909090909,0.0625
80,Housing,"Owner Occupied by Race, Two or More Races",0.1178451178451178,0.3892617449664429,0.4618834080717489,0.3886925795053003,0.1513157894736842,0.2198581560283688,0.2239263803680981,0.184652278177458,0.2046109510086455,0.3392226148409894,0.2409240924092409,0.180064308681672,0.2152230971128609,0.2,0.2587646076794658,0.2465753424657534
81,Housing,"Owner Occupied by Race, White Alone",0.2561827174861798,0.2965464313123561,0.2933828996282528,0.2905790579057906,0.2639837280255702,0.2744735344336938,0.2877923559612093,0.3075455079271873,0.3115356355620867,0.321187584345479,0.3325198291641245,0.2844451371571072,0.278290282902829,0.2634342186534898,0.2771946564885496,0.295489624421197
82,Housing,"Owner Occupied by Race, White Alone, Not Hispanic or Latino",0.2532526475037821,0.2940886699507389,0.2886043938675517,0.2926944226237234,0.267022086824067,0.2773998488284203,0.2942068547164088,0.3166902182446224,0.3239123531279771,0.3313504823151125,0.3413507486460656,0.286981771253428,0.2787092692186017,0.2625019971241412,0.2767755566390378,0.2977152899824253
83,Housing,Post 1979 All and Pre 1979 Single Family Renter Occupied by Year Structure Built by Units in Structure,358.0,1781.0,1776.0,1832.0,1864.0,1836.0,443.0,483.0,524.0,623.0,647.0,658.0,744.0,729.0,700.0,740.0
84,Housing,Pre 1980 MultiFamily Renter Occupied by Year Structure Built by Units in Structure,5888.0,3968.0,3923.0,4008.0,4241.0,4143.0,5448.0,5392.0,5217.0,4900.0,4915.0,5354.0,5197.0,5366.0,5089.0,5029.0
85,Housing,Renter Occupied,0.7471291866028709,0.7059604247104247,0.7023205221174764,0.7098959593515606,0.7437447117128007,0.7236289451578063,0.7103581333654889,0.7024991031926342,0.6952046500363284,0.6767552995956377,0.6763954761036118,0.7314758486433873,0.728957055214724,0.7440185546875,0.7122293307086615,0.7097687007874016
87,Housing,"Renter Occupied by Race, Asian Alone",0.6268980477223427,0.6760797342192691,0.7142857142857143,0.6823161189358372,0.7151335311572701,0.6410658307210031,0.6458635703918723,0.6967592592592593,0.7010804321728692,0.6845771144278607,0.6803118908382066,0.761,0.699748743718593,0.6661367249602543,0.4973958333333333,0.6185031185031185
88,Housing,"Renter Occupied by Race, Black or African American Alone",0.7326007326007326,0.6783216783216783,0.6151142355008787,0.665158371040724,0.731404958677686,0.6981818181818182,0.6298342541436464,0.6914285714285714,0.6438356164383562,0.6136363636363636,0.7021276595744681,0.8513011152416357,0.8423236514522822,0.8740740740740741,0.8165938864628821,0.8620689655172413
89,Housing,"Renter Occupied by Race, Hispanic or Latino",0.8104575163398693,0.7686274509803922,0.7162576687116564,0.8151950718685832,0.8483033932135728,0.8112874779541446,0.8333333333333334,0.8531810766721044,0.8338028169014085,0.7884267631103075,0.8274428274428275,0.8137044967880086,0.8079625292740047,0.7633136094674556,0.72,0.7605633802816901
91,Housing,"Renter Occupied by Race, Some Other Race Alone",1.0,0.9598393574297188,0.9315068493150684,1.0,1.0,1.0,1.0,1.0,0.7395833333333334,0.3043478260869565,0.8061224489795918,0.7873303167420814,0.8130841121495327,0.8471615720524017,0.9409090909090908,0.9375
92,Housing,"Renter Occupied by Race, Two or More Races",0.8821548821548821,0.610738255033557,0.5381165919282511,0.6113074204946997,0.8486842105263158,0.7801418439716312,0.7760736196319018,0.815347721822542,0.7953890489913544,0.6607773851590106,0.759075907590759,0.819935691318328,0.7847769028871391,0.8,0.7412353923205343,0.7534246575342466
93,Housing,"Renter Occupied by Race, White Alone",0.7438172825138202,0.7034535686876439,0.7066171003717472,0.7094209420942095,0.7360162719744298,0.7255264655663062,0.7122076440387907,0.6924544920728127,0.6884643644379133,0.6788124156545209,0.6674801708358755,0.7155548628428927,0.721709717097171,0.7365657813465102,0.7228053435114504,0.7045103755788029
94,Housing,"Renter Occupied by Race, White Alone, Not Hispanic or Latino",0.7467473524962178,0.7059113300492611,0.7113956061324482,0.7073055773762765,0.732977913175933,0.7226001511715797,0.7057931452835912,0.6833097817553776,0.6760876468720228,0.6686495176848875,0.6586492513539344,0.7130182287465721,0.7212907307813983,0.7374980028758588,0.7232244433609621,0.7022847100175746
95,Housing,Total Number of Units,8685.0,9109.0,9051.0,8989.0,8969.0,9045.0,9016.0,9028.0,9114.0,9097.0,9068.0,9025.0,9074.0,9119.0,9179.0,9287.0
96,Housing,Vacant Units,0.0374208405296488,0.0901306400263475,0.0858468677494199,0.0804316386694849,0.0776006243728397,0.0787175234936429,0.0801907719609583,0.0736597252990695,0.0939214395435593,0.1028910629877981,0.0931848257609175,0.0893074792243767,0.1018294026890015,0.1016558833205395,0.1145004902494825,0.1247981048777861
97,Housing Prices,Contract Rent 100 to 149,8.0,0.0,0.0,0.0,0.0,0.0,0.0,0.0,0.0,0.0,0.0,0.0,0.0,0.0,0.0,0.0
98,Housing Prices,Contract Rent 1000 to 1249,1096.0,941.0,759.0,691.0,717.0,613.0,545.0,620.0,592.0,314.0,341.0,419.0,358.0,273.0,289.0,200.0
99,Housing Prices,Contract Rent 1250 to 1499,744.0,993.0,880.0,868.0,715.0,617.0,537.0,488.0,392.0,499.0,421.0,369.0,268.0,265.0,271.0,163.0
100,Housing Prices,Contract Rent 150 to 199,19.0,0.0,14.0,0.0,0.0,0.0,0.0,0.0,0.0,0.0,0.0,0.0,0.0,0.0,0.0,0.0
101,Housing Prices,Contract Rent 1500 to 1999,1079.0,1590.0,1819.0,1590.0,1684.0,1796.0,1634.0,1404.0,1300.0,1042.0,946.0,976.0,930.0,771.0,471.0,499.0
102,Housing Prices,Contract Rent 200 to 249,8.0,0.0,0.0,15.0,18.0,16.0,28.0,10.0,10.0,47.0,51.0,36.0,44.0,21.0,0.0,0.0
103,Housing Prices,"Contract Rent 2000 to 2499 (Contract Rent 2000 or more, DEC2000 and ACS2009-2014)",486.0,1365.0,1565.0,1950.0,2213.0,2225.0,1248.0,1130.0,1166.0,1060.0,1024.0,874.0,855.0,1070.0,1035.0,1078.0
104,Housing Prices,Contract Rent 250 to 299,0.0,0.0,0.0,0.0,0.0,14.0,15.0,15.0,16.0,15.0,0.0,18.0,27.0,41.0,37.0,47.0
106,Housing Prices,Contract Rent 300 to 349,70.0,84.0,34.0,0.0,0.0,0.0,0.0,0.0,0.0,0.0,0.0,0.0,0.0,0.0,9.0,17.0
108,Housing Prices,Contract Rent 350 to 399,18.0,0.0,63.0,41.0,38.0,27.0,12.0,0.0,32.0,36.0,20.0,16.0,19.0,0.0,0.0,9.0
110,Housing Prices,Contract Rent 400 to 449,53.0,81.0,0.0,0.0,9.0,22.0,23.0,22.0,46.0,43.0,42.0,0.0,0.0,0.0,0.0,0.0
111,Housing Prices,Contract Rent 500 to 549,99.0,21.0,75.0,11.0,12.0,0.0,0.0,0.0,53.0,52.0,53.0,90.0,45.0,0.0,0.0,0.0
112,Housing Prices,Contract Rent 550 to 599,159.0,35.0,36.0,13.0,32.0,37.0,62.0,76.0,77.0,26.0,16.0,16.0,49.0,0.0,18.0,10.0
113,Housing Prices,Contract Rent 600 to 649,147.0,62.0,55.0,68.0,9.0,0.0,0.0,0.0,20.0,52.0,74.0,67.0,0.0,14.0,85.0,71.0
114,Housing Prices,Contract Rent 650 to 699,191.0,46.0,44.0,95.0,101.0,43.0,39.0,18.0,16.0,21.0,20.0,35.0,70.0,0.0,0.0,0.0
115,Housing Prices,Contract Rent 700 to 749,243.0,33.0,49.0,61.0,48.0,113.0,121.0,112.0,36.0,11.0,0.0,0.0,7.0,54.0,13.0,12.0
116,Housing Prices,Contract Rent 750 to 749,259.0,110.0,62.0,55.0,32.0,15.0,18.0,21.0,13.0,27.0,45.0,20.0,28.0,40.0,60.0,59.0
117,Housing Prices,Contract Rent 750 to 799,361.0,21.0,11.0,38.0,49.0,38.0,48.0,81.0,74.0,61.0,18.0,17.0,0.0,0.0,0.0,11.0
118,Housing Prices,Contract Rent 800 to 899,571.0,144.0,152.0,202.0,194.0,99.0,79.0,102.0,83.0,90.0,134.0,146.0,67.0,73.0,96.0,59.0
119,Housing Prices,Contract Rent 900 to 999,584.0,237.0,95.0,83.0,141.0,214.0,227.0,268.0,202.0,186.0,182.0,143.0,99.0,72.0,0.0,20.0
120,Housing Prices,Contract Rent Less than 100,0.0,22.0,23.0,22.0,25.0,28.0,0.0,0.0,0.0,0.0,0.0,8.0,7.0,7.0,7.0,7.0
121,Housing Prices,Contract Rent Total,6246.0,5851.0,5811.0,5868.0,6153.0,6030.0,5891.0,5875.0,5741.0,5523.0,5562.0,6012.0,5941.0,6095.0,5789.0,5769.0
122,Housing Prices,Contract Rent Total No cash Rent (ACS2015-),51.0,0.0,0.0,0.0,0.0,0.0,141.0,119.0,124.0,50.0,56.0,13.0,27.0,47.0,66.0,36.0
123,Housing Prices,"Contract Rent Total No cash Rent (No cash rent, DEC2000 and ACS2009-2014)",51.0,66.0,75.0,65.0,116.0,113.0,651.0,820.0,666.0,773.0,805.0,833.0,705.0,882.0,631.0,635.0
124,Housing Prices,Contract Rent Total With cash Rent,6195.0,5785.0,5736.0,5803.0,6037.0,5917.0,5750.0,5756.0,5617.0,5473.0,5506.0,5999.0,5914.0,6048.0,5723.0,5733.0
125,Housing Prices,Extremely Rent Burdened,0.1205571565802113,0.1731327978123397,0.1660643606952331,0.1479209270620313,0.1539086624410856,0.1441127694859038,0.1264640977762688,0.1324255319148936,0.1130465075770771,0.1013941698352344,0.0877382236605537,0.092814371257485,0.0691802726813667,0.0925348646431501,0.0986353428916911,0.1228982492633038
135,Housing Prices,Home Value 10000 to 14999 ,0.0,0.0,0.0,0.0,0.0,0.0,0.0,0.0,0.0,0.0,0.0,0.0,0.0,0.0,9.0,10.0
136,Housing Prices,Home Value 100000 to 124999,7.0,26.0,29.0,28.0,13.0,0.0,0.0,0.0,0.0,0.0,0.0,0.0,0.0,0.0,0.0,0.0
137,Housing Prices,"Home Value 1000000 to 1499999 (1000000 or more, DEC2000 and ACS2009-2014)",383.0,1146.0,1166.0,1087.0,1114.0,1267.0,546.0,635.0,642.0,653.0,524.0,413.0,409.0,444.0,451.0,510.0
138,Housing Prices,Home Value 125000 to 149999,0.0,0.0,0.0,0.0,0.0,0.0,0.0,0.0,0.0,0.0,0.0,0.0,0.0,0.0,8.0,12.0
139,Housing Prices,Home Value 15000 to 19999 ,0.0,31.0,43.0,39.0,18.0,18.0,0.0,0.0,0.0,0.0,0.0,0.0,0.0,0.0,0.0,0.0
140,Housing Prices,Home Value 150000 to 174999,16.0,0.0,0.0,0.0,0.0,0.0,0.0,0.0,0.0,0.0,0.0,0.0,0.0,0.0,0.0,0.0
142,Housing Prices,Home Value 175000 to 199999,13.0,16.0,26.0,37.0,22.0,24.0,32.0,16.0,0.0,0.0,0.0,0.0,0.0,0.0,0.0,0.0
143,Housing Prices,Home Value 20000 to 24999 ,0.0,48.0,60.0,51.0,0.0,0.0,0.0,0.0,0.0,0.0,0.0,0.0,0.0,0.0,0.0,0.0
144,Housing Prices,Home Value 200000 to 249999,49.0,32.0,12.0,10.0,9.0,14.0,16.0,12.0,19.0,21.0,8.0,6.0,16.0,16.0,18.0,20.0
146,Housing Prices,Home Value 25000 to 29999 ,0.0,0.0,0.0,0.0,0.0,0.0,0.0,0.0,0.0,0.0,16.0,28.0,28.0,26.0,19.0,0.0
147,Housing Prices,Home Value 250000 to 299999,79.0,15.0,18.0,13.0,0.0,0.0,0.0,0.0,0.0,0.0,0.0,0.0,0.0,0.0,0.0,0.0
148,Housing Prices,Home Value 30000 to 34999 ,0.0,0.0,0.0,0.0,0.0,0.0,0.0,0.0,0.0,0.0,0.0,0.0,0.0,0.0,0.0,0.0
149,Housing Prices,Home Value 300000 to 399999,195.0,9.0,5.0,8.0,4.0,9.0,22.0,34.0,36.0,46.0,53.0,39.0,35.0,25.0,7.0,8.0
150,Housing Prices,Home Value 35000 to 39999 ,5.0,0.0,0.0,0.0,0.0,0.0,0.0,0.0,0.0,0.0,0.0,0.0,0.0,0.0,0.0,0.0
151,Housing Prices,Home Value 40000 to 49999 ,13.0,0.0,0.0,0.0,0.0,0.0,0.0,0.0,0.0,0.0,0.0,0.0,0.0,0.0,0.0,0.0
152,Housing Prices,Home Value 400000 to 499999,232.0,127.0,155.0,110.0,111.0,131.0,87.0,89.0,69.0,65.0,30.0,30.0,14.0,25.0,14.0,0.0
153,Housing Prices,Home Value 50000 to 59999 ,0.0,0.0,0.0,0.0,0.0,0.0,0.0,0.0,0.0,0.0,0.0,0.0,0.0,0.0,0.0,0.0
154,Housing Prices,Home Value 500000 to 749999,587.0,450.0,382.0,415.0,410.0,387.0,400.0,381.0,285.0,234.0,251.0,244.0,224.0,85.0,130.0,137.0
155,Housing Prices,Home Value 60000 to 69999 ,0.0,23.0,24.0,19.0,0.0,0.0,0.0,0.0,0.0,0.0,0.0,0.0,0.0,0.0,0.0,0.0
156,Housing Prices,Home Value 70000 to 79999 ,12.0,0.0,0.0,0.0,0.0,0.0,0.0,0.0,0.0,0.0,14.0,13.0,11.0,0.0,0.0,0.0
157,Housing Prices,Home Value 750000 to 999999,506.0,514.0,543.0,581.0,419.0,453.0,397.0,343.0,302.0,255.0,216.0,197.0,218.0,211.0,177.0,161.0
158,Housing Prices,Home Value 80000 to 89999 ,8.0,0.0,0.0,0.0,0.0,0.0,0.0,0.0,0.0,0.0,0.0,0.0,0.0,8.0,7.0,0.0
159,Housing Prices,Home Value 90000 to 99999 ,0.0,0.0,0.0,0.0,0.0,0.0,0.0,4.0,6.0,10.0,13.0,13.0,0.0,0.0,0.0,0.0
160,Housing Prices,Home Value Less than 10000,9.0,0.0,0.0,0.0,0.0,0.0,0.0,7.0,20.0,23.0,20.0,27.0,16.0,0.0,0.0,0.0
161,Housing Prices,Home Value Total,2114.0,2437.0,2463.0,2398.0,2120.0,2303.0,2402.0,2488.0,2517.0,2638.0,2661.0,2207.0,2209.0,2097.0,2339.0,2359.0
162,Housing Prices,Housing Units with a Mortgage,514.0,2076.0,2026.0,2018.0,1852.0,1942.0,2008.0,2016.0,1989.0,1970.0,2052.0,1710.0,1734.0,1623.0,1880.0,1813.0
163,Housing Prices,Housing Units with a Mortgage 0 to 30%,341.0,1193.0,1109.0,1051.0,985.0,1090.0,1248.0,1346.0,1399.0,1449.0,1502.0,1255.0,1283.0,1171.0,1437.0,1363.0
164,Housing Prices,Housing Units with a Mortgage 30-50%,100.0,494.0,510.0,593.0,473.0,495.0,482.0,434.0,359.0,311.0,319.0,277.0,242.0,251.0,216.0,259.0
165,Housing Prices,Housing Units with a Mortgage 50%+,73.0,379.0,385.0,352.0,368.0,341.0,278.0,236.0,231.0,210.0,231.0,178.0,196.0,188.0,205.0,171.0
166,Housing Prices,"Housing Units with a Mortgage 50%+ by Race, American Indian and Alaska Native Alone",0.0,0.0,0.0,0.0,0.0,0.0,0.0,0.0,0.0,0.0,0.0,0.0,0.0,0.0,0.0,0.0
167,Housing Prices,"Housing Units with a Mortgage 50%+ by Race, Asian Alone",15.0,0.0,0.0,0.0,0.0,0.0,0.0,0.0,0.0,0.0,0.0,0.0,0.0,0.0,27.0,20.0
168,Housing Prices,"Housing Units with a Mortgage 50%+ by Race, Black or African American Alone",0.0,0.0,0.0,0.0,0.0,0.0,0.0,0.0,0.0,0.0,0.0,0.0,0.0,0.0,0.0,0.0
169,Housing Prices,"Housing Units with a Mortgage 50%+ by Race, Hispanic or Latino",0.0,0.0,0.0,0.0,0.0,0.0,0.0,0.0,0.0,0.0,0.0,0.0,0.0,0.0,13.0,7.0
170,Housing Prices,"Housing Units with a Mortgage 50%+ by Race, Native Hawaiian and Other Pacific Islander Alone",0.0,0.0,0.0,0.0,0.0,0.0,0.0,0.0,0.0,0.0,0.0,0.0,0.0,0.0,0.0,0.0
171,Housing Prices,"Housing Units with a Mortgage 50%+ by Race, Some Other Race Alone",0.0,0.0,0.0,0.0,0.0,0.0,0.0,0.0,0.0,0.0,0.0,0.0,0.0,0.0,13.0,7.0
172,Housing Prices,"Housing Units with a Mortgage 50%+ by Race, Two or More Races",0.0,0.0,0.0,0.0,0.0,0.0,0.0,0.0,0.0,0.0,0.0,0.0,0.0,0.0,7.0,16.0
173,Housing Prices,"Housing Units with a Mortgage 50%+ by Race, White Alone",58.0,0.0,0.0,0.0,0.0,0.0,0.0,0.0,0.0,0.0,0.0,0.0,0.0,0.0,158.0,128.0
174,Housing Prices,"Housing Units with a Mortgage 50%+ by Race, White Alone, Not Hispanic or Latino",58.0,0.0,0.0,0.0,0.0,0.0,0.0,0.0,0.0,0.0,0.0,0.0,0.0,0.0,158.0,128.0
175,Housing Prices,Housing Units with a Mortgage Not Computed,0.0,10.0,22.0,22.0,26.0,16.0,0.0,0.0,0.0,0.0,0.0,0.0,13.0,13.0,22.0,20.0
176,Housing Prices,"Housing Units with a Mortgage by Race, American Indian and Alaska Native Alone",0.0,0.0,0.0,0.0,0.0,0.0,0.0,0.0,0.0,0.0,0.0,0.0,0.0,0.0,0.0,0.0
177,Housing Prices,"Housing Units with a Mortgage by Race, Asian Alone",0.0,0.0,0.0,0.0,0.0,0.0,0.0,0.0,0.0,0.0,0.0,0.0,0.0,0.0,315.0,278.0
178,Housing Prices,"Housing Units with a Mortgage by Race, Black or African American Alone",0.0,0.0,0.0,0.0,0.0,0.0,0.0,0.0,0.0,0.0,0.0,0.0,0.0,0.0,8.0,0.0
179,Housing Prices,"Housing Units with a Mortgage by Race, Hispanic or Latino",0.0,0.0,0.0,0.0,0.0,0.0,0.0,0.0,0.0,0.0,0.0,0.0,0.0,0.0,122.0,151.0
180,Housing Prices,"Housing Units with a Mortgage by Race, Native Hawaiian and Other Pacific Islander Alone",0.0,0.0,0.0,0.0,0.0,0.0,0.0,0.0,0.0,0.0,0.0,0.0,0.0,0.0,0.0,0.0
181,Housing Prices,"Housing Units with a Mortgage by Race, Some Other Race Alone",0.0,0.0,0.0,0.0,0.0,0.0,0.0,0.0,0.0,0.0,0.0,0.0,0.0,0.0,13.0,7.0
182,Housing Prices,"Housing Units with a Mortgage by Race, Two or More Races",0.0,0.0,0.0,0.0,0.0,0.0,0.0,0.0,0.0,0.0,0.0,0.0,0.0,0.0,128.0,185.0
183,Housing Prices,"Housing Units with a Mortgage by Race, White Alone",0.0,0.0,0.0,0.0,0.0,0.0,0.0,0.0,0.0,0.0,0.0,0.0,0.0,0.0,1416.0,1343.0
184,Housing Prices,"Housing Units with a Mortgage by Race, White Alone, Not Hispanic or Latino",0.0,0.0,0.0,0.0,0.0,0.0,0.0,0.0,0.0,0.0,0.0,0.0,0.0,0.0,1387.0,1323.0
185,Housing Prices,Housing Units without a Mortgage,228.0,361.0,437.0,380.0,268.0,361.0,394.0,472.0,528.0,668.0,609.0,497.0,475.0,474.0,459.0,546.0
186,Housing Prices,Housing Units without a Mortgage 0 to 30%,207.0,231.0,319.0,314.0,238.0,309.0,327.0,383.0,443.0,549.0,505.0,437.0,415.0,394.0,403.0,452.0
187,Housing Prices,Housing Units without a Mortgage 30-50%,7.0,26.0,24.0,15.0,30.0,41.0,50.0,52.0,44.0,48.0,43.0,11.0,38.0,40.0,29.0,68.0
188,Housing Prices,Housing Units without a Mortgage 50%+,14.0,104.0,94.0,51.0,0.0,11.0,10.0,30.0,33.0,36.0,22.0,20.0,0.0,22.0,27.0,26.0
189,Housing Prices,"Housing Units without a Mortgage 50%+ by Race, American Indian and Alaska Native Alone",0.0,0.0,0.0,0.0,0.0,0.0,0.0,0.0,0.0,0.0,0.0,0.0,0.0,0.0,0.0,0.0
190,Housing Prices,"Housing Units without a Mortgage 50%+ by Race, Asian Alone",14.0,0.0,0.0,0.0,0.0,0.0,0.0,0.0,0.0,0.0,0.0,0.0,0.0,0.0,0.0,0.0
191,Housing Prices,"Housing Units without a Mortgage 50%+ by Race, Black or African American Alone",0.0,0.0,0.0,0.0,0.0,0.0,0.0,0.0,0.0,0.0,0.0,0.0,0.0,0.0,0.0,0.0
192,Housing Prices,"Housing Units without a Mortgage 50%+ by Race, Hispanic or Latino",0.0,0.0,0.0,0.0,0.0,0.0,0.0,0.0,0.0,0.0,0.0,0.0,0.0,0.0,11.0,9.0
193,Housing Prices,"Housing Units without a Mortgage 50%+ by Race, Native Hawaiian and Other Pacific Islander Alone",0.0,0.0,0.0,0.0,0.0,0.0,0.0,0.0,0.0,0.0,0.0,0.0,0.0,0.0,0.0,0.0
194,Housing Prices,"Housing Units without a Mortgage 50%+ by Race, Some Other Race Alone",0.0,0.0,0.0,0.0,0.0,0.0,0.0,0.0,0.0,0.0,0.0,0.0,0.0,0.0,0.0,0.0
195,Housing Prices,"Housing Units without a Mortgage 50%+ by Race, Two or More Races",0.0,0.0,0.0,0.0,0.0,0.0,0.0,0.0,0.0,0.0,0.0,0.0,0.0,0.0,0.0,0.0
196,Housing Prices,"Housing Units without a Mortgage 50%+ by Race, White Alone",0.0,0.0,0.0,0.0,0.0,0.0,0.0,0.0,0.0,0.0,0.0,0.0,0.0,0.0,27.0,26.0
197,Housing Prices,"Housing Units without a Mortgage 50%+ by Race, White Alone, Not Hispanic or Latino",0.0,0.0,0.0,0.0,0.0,0.0,0.0,0.0,0.0,0.0,0.0,0.0,0.0,0.0,16.0,17.0
198,Housing Prices,Housing Units without a Mortgage Not Computed,0.0,0.0,0.0,0.0,0.0,0.0,7.0,7.0,8.0,35.0,39.0,29.0,22.0,18.0,0.0,0.0
199,Housing Prices,"Housing Units without a Mortgage by Race, American Indian and Alaska Native Alone",0.0,0.0,0.0,0.0,0.0,0.0,0.0,0.0,0.0,0.0,0.0,0.0,0.0,0.0,0.0,0.0
200,Housing Prices,"Housing Units without a Mortgage by Race, Asian Alone",0.0,0.0,0.0,0.0,0.0,0.0,0.0,0.0,0.0,0.0,0.0,0.0,0.0,0.0,71.0,89.0
201,Housing Prices,"Housing Units without a Mortgage by Race, Black or African American Alone",0.0,0.0,0.0,0.0,0.0,0.0,0.0,0.0,0.0,0.0,0.0,0.0,0.0,0.0,34.0,28.0
202,Housing Prices,"Housing Units without a Mortgage by Race, Hispanic or Latino",0.0,0.0,0.0,0.0,0.0,0.0,0.0,0.0,0.0,0.0,0.0,0.0,0.0,0.0,11.0,19.0
203,Housing Prices,"Housing Units without a Mortgage by Race, Native Hawaiian and Other Pacific Islander Alone",0.0,0.0,0.0,0.0,0.0,0.0,0.0,0.0,0.0,0.0,0.0,0.0,0.0,0.0,0.0,0.0
204,Housing Prices,"Housing Units without a Mortgage by Race, Some Other Race Alone",0.0,0.0,0.0,0.0,0.0,0.0,0.0,0.0,0.0,0.0,0.0,0.0,0.0,0.0,0.0,0.0
205,Housing Prices,"Housing Units without a Mortgage by Race, Two or More Races",0.0,0.0,0.0,0.0,0.0,0.0,0.0,0.0,0.0,0.0,0.0,0.0,0.0,0.0,27.0,49.0
206,Housing Prices,"Housing Units without a Mortgage by Race, White Alone",0.0,0.0,0.0,0.0,0.0,0.0,0.0,0.0,0.0,0.0,0.0,0.0,0.0,0.0,327.0,380.0
207,Housing Prices,"Housing Units without a Mortgage by Race, White Alone, Not Hispanic or Latino",0.0,0.0,0.0,0.0,0.0,0.0,0.0,0.0,0.0,0.0,0.0,0.0,0.0,0.0,316.0,371.0
208,Housing Prices,Median Contract Rent,1070.1414233576645,1519.6540880503144,1641.8361737218252,1700.7861635220129,1760.83729216152,1704.386971046771,1843.0232558139533,1872.1509971509968,1940.9615384615383,2101.179245283018,2190.4296875,2356.6933638443934,2559.574468085106,2683.106575963719,2872.8209191759115,2975.984251968504
209,Housing Prices,Median Home Value,678449.7444633731,964737.354085603,969843.4622467773,951807.2289156626,1000000.0969479354,1000001.0,1226190.4761904762,1281889.7637795275,1406152.647975078,1512170.3853955376,1662719.298245614,1595603.27198364,1621363.6363636365,1739105.504587156,1845387.8406708597,1833506.22406639
210,Housing Prices,Median Rent,1123.7701252236136,1598.2632541133455,1695.5922865013774,1778.1771132834965,1826.015531660693,1645.5138580931264,1893.4178743961352,1910.089224433768,2011.5217391304348,2181.7961165048546,2274.294670846395,2486.7829021372327,2704.630788485607,2863.818424566088,3015.8410138248846,3058.3916083916083
211,Housing Prices,Median Rent as % of Household Income,22.232177161152613,24.64476510067114,24.725108225108222,24.16613663133098,24.784649555774926,23.770609137055835,23.51231671554252,22.12107438016529,20.781210592686,20.02368119266055,19.353144375553587,20.324363425925927,20.757009694258016,20.49347826086957,20.426994577846628,21.275260416666665
212,Housing Prices,Rent 100 to 149,0.0,11.0,11.0,12.0,12.0,13.0,0.0,0.0,0.0,0.0,0.0,0.0,0.0,0.0,0.0,0.0
213,Housing Prices,Rent 1000 to 1249,1118.0,840.0,660.0,623.0,637.0,512.0,542.0,554.0,477.0,412.0,409.0,451.0,317.0,212.0,247.0,153.0
214,Housing Prices,Rent 1250 to 1499,866.0,972.0,829.0,624.0,628.0,531.0,508.0,592.0,618.0,510.0,426.0,389.0,322.0,245.0,300.0,206.0
215,Housing Prices,Rent 150 to 199,17.0,11.0,12.0,10.0,13.0,0.0,0.0,0.0,0.0,0.0,0.0,0.0,0.0,0.0,0.0,0.0
216,Housing Prices,Rent 1500 to 1999,1010.0,1641.0,1815.0,1739.0,1674.0,1804.0,1656.0,1457.0,1155.0,950.0,892.0,816.0,841.0,617.0,478.0,451.0
217,Housing Prices,Rent 200 to 249,18.0,0.0,14.0,15.0,18.0,31.0,28.0,10.0,10.0,11.0,9.0,0.0,0.0,0.0,0.0,0.0
218,Housing Prices,"Rent 2000 to 2499  (Rent 2000 or more, DEC2000 and ACS2009-2014)",657.0,1574.0,1763.0,2130.0,2436.0,2435.0,1166.0,1056.0,1150.0,1030.0,957.0,889.0,769.0,1093.0,896.0,1084.0
219,Housing Prices,Rent 250 to 299,0.0,0.0,0.0,0.0,0.0,14.0,15.0,15.0,16.0,15.0,0.0,18.0,27.0,9.0,6.0,4.0
221,Housing Prices,Rent 300 to 349,34.0,31.0,34.0,0.0,0.0,0.0,0.0,0.0,0.0,0.0,0.0,0.0,18.0,32.0,17.0,47.0
223,Housing Prices,Rent 350 to 399,21.0,0.0,0.0,27.0,27.0,14.0,0.0,0.0,32.0,36.0,1.0,0.0,0.0,0.0,14.0,13.0
225,Housing Prices,Rent 400 to 449,59.0,19.0,15.0,14.0,20.0,35.0,35.0,22.0,24.0,19.0,19.0,16.0,19.0,0.0,9.0,9.0
226,Housing Prices,Rent 450 to 499,60.0,99.0,62.0,0.0,0.0,0.0,0.0,0.0,22.0,0.0,0.0,0.0,0.0,0.0,0.0,0.0
227,Housing Prices,Rent 500 to 549,147.0,37.0,75.0,24.0,44.0,37.0,38.0,24.0,78.0,122.0,153.0,109.0,62.0,0.0,18.0,0.0
228,Housing Prices,Rent 550 to 599,139.0,84.0,77.0,52.0,0.0,0.0,8.0,35.0,55.0,26.0,34.0,46.0,58.0,14.0,70.0,35.0
229,Housing Prices,Rent 600 to 649,80.0,18.0,0.0,16.0,0.0,0.0,16.0,17.0,25.0,34.0,32.0,62.0,10.0,21.0,15.0,38.0
230,Housing Prices,Rent 650 to 699,233.0,28.0,46.0,87.0,87.0,60.0,73.0,62.0,0.0,29.0,28.0,27.0,44.0,11.0,13.0,0.0
231,Housing Prices,Rent 700 to 749,242.0,51.0,0.0,34.0,65.0,53.0,41.0,26.0,44.0,9.0,19.0,20.0,51.0,38.0,0.0,12.0
232,Housing Prices,Rent 750 to 799,314.0,78.0,65.0,44.0,29.0,37.0,88.0,103.0,13.0,11.0,12.0,0.0,0.0,32.0,38.0,48.0
233,Housing Prices,Rent 800 to 899,623.0,142.0,138.0,97.0,88.0,71.0,35.0,69.0,83.0,89.0,102.0,57.0,0.0,57.0,81.0,32.0
234,Housing Prices,Rent 900 to 999,557.0,149.0,120.0,255.0,259.0,270.0,145.0,154.0,130.0,89.0,92.0,115.0,85.0,91.0,0.0,13.0
235,Housing Prices,Rent Burdened,0.3001921229586936,0.3283199453084943,0.335054207537429,0.3222563053851397,0.3443848529172761,0.3172470978441127,0.3113223561364793,0.2978723404255319,0.2515241247169483,0.2297664312873438,0.2028047464940668,0.2471723220226214,0.2307692307692307,0.2278917145200984,0.2446018310589048,0.2827179753856821
245,Housing Prices,Rent Less than 100,0.0,0.0,0.0,0.0,0.0,0.0,0.0,0.0,0.0,0.0,0.0,8.0,7.0,7.0,7.0,7.0
246,Housing Prices,Rent Total,6246.0,5851.0,5811.0,5868.0,6153.0,6030.0,5891.0,5875.0,5741.0,5523.0,5562.0,6012.0,5941.0,6095.0,5789.0,5769.0
247,Housing Prices,"Rent Total No cash rent  (No cash rent, DEC2000 and ACS2009-2014)",51.0,66.0,75.0,65.0,116.0,113.0,828.0,930.0,793.0,883.0,945.0,855.0,799.0,749.0,625.0,631.0
248,Housing Prices,Rent Total No cash rent (ACS2015-),51.0,0.0,0.0,0.0,0.0,0.0,141.0,119.0,124.0,50.0,56.0,13.0,27.0,47.0,66.0,36.0
249,Housing Prices,Rent Total With cash rent,6195.0,5785.0,5736.0,5803.0,6037.0,5917.0,5750.0,5756.0,5617.0,5473.0,5506.0,5999.0,5914.0,6048.0,5723.0,5733.0
250,Housing Type,10-19 Units,0.1393206678180771,0.1367877922933362,0.1370014363053806,0.1379463789075536,0.1252090534061768,0.1166390270867882,0.1093611357586512,0.1122064687638458,0.1172920781215712,0.1274046388919424,0.1477723864137626,0.1656509695290858,0.1614502975534494,0.1443140695251672,0.1310600283255256,0.1199526219446538
251,Housing Type,2-4 Units,0.4426021876799079,0.417060050499506,0.4055905424814937,0.4298587162086995,0.4132010257553796,0.415257048092869,0.4150399290150843,0.402414709791759,0.4030063638358569,0.4132131471913817,0.4139832377591531,0.3912465373961218,0.4053339210932334,0.4044303103410461,0.405708682863057,0.4070205663831162
252,Housing Type,20 Units or More,0.0392630972941853,0.0664178285212427,0.0687216882112473,0.0641895650239181,0.0817259449213959,0.0796019900497512,0.0734250221827861,0.0585954807266282,0.0498134737766074,0.0521050895899747,0.057123952359947,0.0699168975069252,0.076261847035486,0.0791753481741419,0.0731016450593746,0.0688058576504791
253,Housing Type,5-9 Units,0.2520437535981577,0.2164891865188275,0.2213015136449011,0.2209367004116142,0.2433939123648121,0.2527363184079602,0.2563220940550133,0.2676118741692512,0.2555409260478385,0.2178740244036495,0.2011468901632113,0.217174515235457,0.2147895084857835,0.2352231604342581,0.2553655082252968,0.2623021427802304
254,Housing Type,Other Type,0.0009211283822682,0.0,0.0,0.0,0.0,0.0,0.0,0.0,0.0058152293175334,0.0079146971529075,0.0078297309219232,0.0050969529085872,0.0051796341194621,0.0017545783528895,0.0,0.0
255,Housing Type,Single Family Housing,0.1258491652274035,0.1632451421670875,0.1673848193569771,0.1470686394482145,0.1364700635522354,0.1357656163626313,0.1458518189884649,0.1591714665485157,0.1685319289005925,0.181488402770144,0.1721438023820026,0.1509141274238227,0.1369847917125854,0.1351025331724969,0.1347641355267458,0.1419188112415204
256,Income,Household Income 10000 to 14999,258.0,172.0,145.0,162.0,156.0,156.0,109.0,114.0,96.0,91.0,65.0,49.0,67.0,43.0,52.0,132.0
257,Income,"Household Income 10000 to 14999 by Race, American Indian and Alaska Native Alone",0.0,0.0,0.0,0.0,0.0,0.0,0.0,0.0,0.0,0.0,0.0,0.0,0.0,0.0,0.0,0.0
258,Income,"Household Income 10000 to 14999 by Race, Asian Alone",24.0,32.0,13.0,13.0,17.0,0.0,0.0,0.0,16.0,20.0,19.0,32.0,32.0,18.0,17.0,47.0
259,Income,"Household Income 10000 to 14999 by Race, Black or African American Alone",67.0,0.0,0.0,0.0,0.0,0.0,0.0,0.0,0.0,0.0,0.0,0.0,0.0,0.0,0.0,0.0
260,Income,"Household Income 10000 to 14999 by Race, Hispanic or Latino",16.0,0.0,0.0,25.0,38.0,28.0,29.0,37.0,0.0,0.0,0.0,0.0,0.0,0.0,0.0,0.0
261,Income,"Household Income 10000 to 14999 by Race, Native Hawaiian and Other Pacific Islander Alone",0.0,0.0,0.0,0.0,0.0,0.0,0.0,0.0,0.0,0.0,0.0,0.0,0.0,0.0,0.0,0.0
262,Income,"Household Income 10000 to 14999 by Race, Some Other Race Alone",0.0,0.0,0.0,0.0,0.0,0.0,0.0,0.0,0.0,0.0,0.0,0.0,0.0,0.0,0.0,0.0
263,Income,"Household Income 10000 to 14999 by Race, Two or More Races",7.0,0.0,0.0,25.0,24.0,22.0,29.0,37.0,0.0,0.0,0.0,0.0,18.0,25.0,27.0,62.0
264,Income,"Household Income 10000 to 14999 by Race, White Alone",160.0,140.0,132.0,124.0,115.0,134.0,80.0,77.0,80.0,71.0,46.0,17.0,17.0,0.0,8.0,23.0
265,Income,"Household Income 10000 to 14999 by Race, White Alone, Not Hispanic or Latino",160.0,140.0,132.0,124.0,101.0,128.0,80.0,77.0,80.0,71.0,46.0,17.0,17.0,0.0,8.0,23.0
266,Income,Household Income 100000 to 124999,845.0,1053.0,955.0,1095.0,1151.0,1171.0,1078.0,925.0,805.0,626.0,542.0,666.0,781.0,747.0,648.0,743.0
267,Income,"Household Income 100000 to 124999 by Race, American Indian and Alaska Native Alone",0.0,0.0,0.0,0.0,0.0,0.0,0.0,0.0,0.0,0.0,0.0,0.0,0.0,0.0,0.0,0.0
268,Income,"Household Income 100000 to 124999 by Race, Asian Alone",26.0,48.0,29.0,31.0,37.0,58.0,44.0,38.0,52.0,77.0,53.0,116.0,113.0,51.0,30.0,131.0
269,Income,"Household Income 100000 to 124999 by Race, Black or African American Alone",51.0,21.0,40.0,55.0,47.0,19.0,10.0,0.0,0.0,0.0,0.0,0.0,0.0,9.0,15.0,15.0
270,Income,"Household Income 100000 to 124999 by Race, Hispanic or Latino",37.0,18.0,37.0,46.0,45.0,53.0,57.0,64.0,41.0,43.0,28.0,18.0,20.0,0.0,72.0,92.0
271,Income,"Household Income 100000 to 124999 by Race, Native Hawaiian and Other Pacific Islander Alone",0.0,0.0,0.0,0.0,0.0,0.0,0.0,0.0,0.0,0.0,0.0,0.0,0.0,0.0,0.0,0.0
272,Income,"Household Income 100000 to 124999 by Race, Some Other Race Alone",13.0,0.0,0.0,0.0,0.0,11.0,23.0,27.0,14.0,14.0,13.0,0.0,0.0,0.0,0.0,0.0
273,Income,"Household Income 100000 to 124999 by Race, Two or More Races",10.0,83.0,8.0,0.0,0.0,0.0,0.0,17.0,17.0,48.0,42.0,19.0,11.0,39.0,121.0,144.0
274,Income,"Household Income 100000 to 124999 by Race, White Alone",745.0,901.0,878.0,1009.0,1067.0,1083.0,1001.0,843.0,722.0,487.0,434.0,531.0,657.0,648.0,482.0,453.0
275,Income,"Household Income 100000 to 124999 by Race, White Alone, Not Hispanic or Latino",721.0,883.0,841.0,963.0,1022.0,1030.0,957.0,792.0,695.0,458.0,419.0,513.0,637.0,648.0,482.0,453.0
276,Income,Household Income 125000 to 149999,597.0,569.0,777.0,821.0,1001.0,912.0,808.0,828.0,744.0,784.0,790.0,613.0,491.0,361.0,655.0,578.0
277,Income,"Household Income 125000 to 149999 by Race, American Indian and Alaska Native Alone",0.0,0.0,0.0,0.0,0.0,0.0,0.0,0.0,0.0,0.0,0.0,0.0,0.0,12.0,0.0,19.0
278,Income,"Household Income 125000 to 149999 by Race, Asian Alone",59.0,42.0,82.0,133.0,146.0,109.0,107.0,135.0,61.0,164.0,192.0,153.0,108.0,9.0,20.0,15.0
279,Income,"Household Income 125000 to 149999 by Race, Black or African American Alone",0.0,13.0,14.0,0.0,0.0,26.0,28.0,27.0,25.0,23.0,0.0,0.0,0.0,0.0,13.0,19.0
280,Income,"Household Income 125000 to 149999 by Race, Hispanic or Latino",25.0,0.0,0.0,0.0,57.0,27.0,39.0,78.0,83.0,108.0,97.0,61.0,30.0,12.0,18.0,16.0
281,Income,"Household Income 125000 to 149999 by Race, Native Hawaiian and Other Pacific Islander Alone",0.0,0.0,0.0,0.0,0.0,0.0,0.0,0.0,0.0,0.0,0.0,0.0,0.0,0.0,0.0,0.0
282,Income,"Household Income 125000 to 149999 by Race, Some Other Race Alone",0.0,19.0,14.0,8.0,57.0,0.0,0.0,0.0,0.0,0.0,31.0,28.0,32.0,28.0,33.0,30.0
283,Income,"Household Income 125000 to 149999 by Race, Two or More Races",29.0,0.0,0.0,17.0,69.0,76.0,82.0,136.0,143.0,87.0,80.0,56.0,30.0,40.0,63.0,25.0
284,Income,"Household Income 125000 to 149999 by Race, White Alone",509.0,495.0,667.0,663.0,729.0,701.0,591.0,530.0,515.0,510.0,487.0,376.0,321.0,272.0,526.0,470.0
285,Income,"Household Income 125000 to 149999 by Race, White Alone, Not Hispanic or Latino",492.0,495.0,667.0,663.0,729.0,674.0,552.0,469.0,446.0,429.0,436.0,360.0,321.0,272.0,526.0,470.0
286,Income,Household Income 15000 to 19999,208.0,277.0,281.0,145.0,142.0,133.0,129.0,117.0,136.0,116.0,66.0,97.0,50.0,37.0,28.0,45.0
287,Income,"Household Income 15000 to 19999 by Race, American Indian and Alaska Native Alone",9.0,0.0,0.0,0.0,0.0,0.0,0.0,0.0,0.0,0.0,0.0,0.0,0.0,0.0,0.0,0.0
288,Income,"Household Income 15000 to 19999 by Race, Asian Alone",4.0,21.0,56.0,25.0,23.0,13.0,15.0,21.0,24.0,27.0,8.0,7.0,8.0,7.0,16.0,16.0
289,Income,"Household Income 15000 to 19999 by Race, Black or African American Alone",45.0,40.0,58.0,0.0,0.0,0.0,0.0,7.0,8.0,11.0,5.0,19.0,0.0,0.0,0.0,0.0
290,Income,"Household Income 15000 to 19999 by Race, Hispanic or Latino",28.0,0.0,0.0,0.0,0.0,0.0,0.0,0.0,0.0,0.0,0.0,0.0,0.0,0.0,0.0,0.0
291,Income,"Household Income 15000 to 19999 by Race, Native Hawaiian and Other Pacific Islander Alone",0.0,0.0,0.0,0.0,0.0,0.0,0.0,0.0,0.0,0.0,0.0,0.0,0.0,0.0,0.0,0.0
292,Income,"Household Income 15000 to 19999 by Race, Some Other Race Alone",18.0,10.0,10.0,0.0,0.0,0.0,0.0,0.0,0.0,0.0,0.0,0.0,15.0,18.0,0.0,0.0
293,Income,"Household Income 15000 to 19999 by Race, Two or More Races",10.0,0.0,0.0,0.0,10.0,13.0,8.0,8.0,6.0,0.0,0.0,15.0,12.0,12.0,12.0,29.0
294,Income,"Household Income 15000 to 19999 by Race, White Alone",122.0,206.0,157.0,120.0,109.0,107.0,106.0,81.0,98.0,78.0,53.0,56.0,15.0,0.0,0.0,0.0
295,Income,"Household Income 15000 to 19999 by Race, White Alone, Not Hispanic or Latino",122.0,206.0,157.0,120.0,109.0,107.0,106.0,81.0,98.0,78.0,53.0,56.0,15.0,0.0,0.0,0.0
296,Income,Household Income 150000 to 199999,648.0,966.0,803.0,959.0,807.0,1034.0,1140.0,1258.0,1207.0,1285.0,1313.0,1401.0,1316.0,1048.0,779.0,818.0
297,Income,"Household Income 150000 to 199999 by Race, American Indian and Alaska Native Alone",0.0,0.0,0.0,0.0,0.0,0.0,0.0,0.0,0.0,0.0,0.0,0.0,0.0,0.0,9.0,38.0
298,Income,"Household Income 150000 to 199999 by Race, Asian Alone",15.0,54.0,45.0,122.0,97.0,128.0,151.0,229.0,124.0,118.0,117.0,99.0,49.0,133.0,48.0,65.0
299,Income,"Household Income 150000 to 199999 by Race, Black or African American Alone",33.0,0.0,0.0,22.0,17.0,19.0,21.0,18.0,0.0,0.0,16.0,153.0,148.0,0.0,8.0,5.0
300,Income,"Household Income 150000 to 199999 by Race, Hispanic or Latino",15.0,74.0,34.0,29.0,49.0,50.0,52.0,60.0,71.0,61.0,125.0,129.0,128.0,130.0,81.0,45.0
301,Income,"Household Income 150000 to 199999 by Race, Native Hawaiian and Other Pacific Islander Alone",0.0,0.0,0.0,0.0,0.0,0.0,0.0,0.0,0.0,0.0,0.0,0.0,0.0,0.0,0.0,0.0
302,Income,"Household Income 150000 to 199999 by Race, Some Other Race Alone",0.0,29.0,0.0,0.0,0.0,37.0,36.0,45.0,57.0,0.0,72.0,82.0,65.0,74.0,78.0,0.0
303,Income,"Household Income 150000 to 199999 by Race, Two or More Races",0.0,41.0,31.0,22.0,15.0,13.0,0.0,10.0,13.0,13.0,36.0,32.0,54.0,72.0,32.0,44.0
304,Income,"Household Income 150000 to 199999 by Race, White Alone",600.0,842.0,727.0,793.0,678.0,837.0,932.0,956.0,1013.0,1154.0,1072.0,1035.0,1000.0,769.0,604.0,666.0
305,Income,"Household Income 150000 to 199999 by Race, White Alone, Not Hispanic or Latino",585.0,797.0,693.0,764.0,629.0,824.0,916.0,941.0,999.0,1093.0,1019.0,988.0,945.0,730.0,595.0,659.0
306,Income,Household Income 20000 to 24999,233.0,140.0,122.0,117.0,159.0,228.0,182.0,149.0,138.0,252.0,220.0,210.0,112.0,118.0,96.0,86.0
307,Income,"Household Income 20000 to 24999 by Race, American Indian and Alaska Native Alone",0.0,0.0,0.0,0.0,0.0,0.0,0.0,0.0,0.0,0.0,0.0,0.0,10.0,0.0,0.0,0.0
308,Income,"Household Income 20000 to 24999 by Race, Asian Alone",0.0,11.0,11.0,0.0,0.0,13.0,12.0,15.0,36.0,38.0,57.0,71.0,0.0,0.0,0.0,0.0
309,Income,"Household Income 20000 to 24999 by Race, Black or African American Alone",30.0,0.0,0.0,23.0,18.0,54.0,37.0,38.0,35.0,32.0,0.0,0.0,0.0,10.0,8.0,5.0
310,Income,"Household Income 20000 to 24999 by Race, Hispanic or Latino",8.0,30.0,13.0,0.0,0.0,3.0,7.0,5.0,47.0,53.0,55.0,73.0,0.0,0.0,0.0,0.0
311,Income,"Household Income 20000 to 24999 by Race, Native Hawaiian and Other Pacific Islander Alone",0.0,0.0,0.0,0.0,0.0,0.0,0.0,0.0,0.0,0.0,0.0,0.0,0.0,0.0,0.0,0.0
312,Income,"Household Income 20000 to 24999 by Race, Some Other Race Alone",6.0,0.0,0.0,0.0,0.0,0.0,0.0,0.0,0.0,0.0,0.0,16.0,0.0,0.0,18.0,16.0
313,Income,"Household Income 20000 to 24999 by Race, Two or More Races",9.0,14.0,13.0,0.0,0.0,0.0,0.0,0.0,0.0,0.0,0.0,5.0,4.0,3.0,0.0,0.0
314,Income,"Household Income 20000 to 24999 by Race, White Alone",188.0,115.0,98.0,94.0,141.0,161.0,133.0,96.0,67.0,182.0,163.0,118.0,98.0,105.0,70.0,65.0
315,Income,"Household Income 20000 to 24999 by Race, White Alone, Not Hispanic or Latino",180.0,85.0,85.0,94.0,141.0,158.0,126.0,91.0,42.0,153.0,150.0,118.0,98.0,105.0,70.0,65.0
316,Income,Household Income 25000 to 29999,369.0,182.0,191.0,139.0,166.0,121.0,100.0,139.0,156.0,127.0,135.0,123.0,204.0,113.0,99.0,202.0
317,Income,"Household Income 25000 to 29999 by Race, American Indian and Alaska Native Alone",0.0,0.0,0.0,0.0,0.0,0.0,0.0,0.0,0.0,0.0,0.0,0.0,0.0,9.0,6.0,4.0
318,Income,"Household Income 25000 to 29999 by Race, Asian Alone",13.0,14.0,12.0,10.0,15.0,19.0,0.0,0.0,0.0,0.0,0.0,0.0,54.0,0.0,45.0,30.0
319,Income,"Household Income 25000 to 29999 by Race, Black or African American Alone",41.0,48.0,46.0,0.0,0.0,0.0,0.0,0.0,0.0,0.0,0.0,0.0,0.0,0.0,0.0,0.0
320,Income,"Household Income 25000 to 29999 by Race, Hispanic or Latino",21.0,29.0,18.0,0.0,0.0,0.0,0.0,13.0,18.0,23.0,44.0,28.0,84.0,18.0,18.0,95.0
321,Income,"Household Income 25000 to 29999 by Race, Native Hawaiian and Other Pacific Islander Alone",0.0,0.0,0.0,0.0,0.0,0.0,0.0,0.0,0.0,0.0,0.0,0.0,0.0,0.0,0.0,0.0
322,Income,"Household Income 25000 to 29999 by Race, Some Other Race Alone",21.0,13.0,0.0,0.0,0.0,0.0,0.0,0.0,0.0,0.0,0.0,0.0,18.0,18.0,18.0,18.0
323,Income,"Household Income 25000 to 29999 by Race, Two or More Races",26.0,16.0,18.0,13.0,14.0,0.0,0.0,0.0,0.0,0.0,0.0,0.0,11.0,0.0,3.0,99.0
324,Income,"Household Income 25000 to 29999 by Race, White Alone",268.0,91.0,115.0,116.0,137.0,102.0,100.0,139.0,156.0,127.0,135.0,123.0,121.0,86.0,27.0,51.0
325,Income,"Household Income 25000 to 29999 by Race, White Alone, Not Hispanic or Latino",268.0,91.0,115.0,116.0,137.0,102.0,100.0,126.0,138.0,104.0,91.0,95.0,111.0,86.0,27.0,51.0
326,Income,Household Income 30000 to 34999,353.0,180.0,168.0,74.0,109.0,106.0,99.0,81.0,121.0,87.0,90.0,96.0,40.0,103.0,62.0,57.0
327,Income,"Household Income 30000 to 34999 by Race, American Indian and Alaska Native Alone",0.0,0.0,0.0,0.0,0.0,0.0,0.0,0.0,0.0,0.0,0.0,0.0,0.0,0.0,0.0,0.0
328,Income,"Household Income 30000 to 34999 by Race, Asian Alone",17.0,6.0,9.0,0.0,0.0,0.0,0.0,0.0,33.0,36.0,42.0,24.0,0.0,8.0,7.0,15.0
329,Income,"Household Income 30000 to 34999 by Race, Black or African American Alone",68.0,0.0,0.0,0.0,0.0,0.0,0.0,0.0,0.0,13.0,12.0,27.0,0.0,0.0,0.0,0.0
330,Income,"Household Income 30000 to 34999 by Race, Hispanic or Latino",43.0,58.0,17.0,17.0,17.0,14.0,0.0,0.0,0.0,0.0,0.0,0.0,0.0,9.0,10.0,9.0
331,Income,"Household Income 30000 to 34999 by Race, Native Hawaiian and Other Pacific Islander Alone",0.0,0.0,0.0,0.0,0.0,0.0,0.0,0.0,0.0,0.0,0.0,0.0,0.0,0.0,0.0,0.0
332,Income,"Household Income 30000 to 34999 by Race, Some Other Race Alone",18.0,58.0,17.0,17.0,17.0,14.0,0.0,0.0,0.0,0.0,0.0,0.0,0.0,0.0,0.0,0.0
333,Income,"Household Income 30000 to 34999 by Race, Two or More Races",0.0,0.0,0.0,0.0,0.0,0.0,0.0,0.0,0.0,0.0,0.0,0.0,0.0,14.0,14.0,9.0
334,Income,"Household Income 30000 to 34999 by Race, White Alone",250.0,116.0,142.0,57.0,92.0,92.0,99.0,81.0,88.0,38.0,36.0,45.0,40.0,81.0,41.0,33.0
335,Income,"Household Income 30000 to 34999 by Race, White Alone, Not Hispanic or Latino",225.0,116.0,142.0,57.0,92.0,92.0,99.0,81.0,88.0,38.0,36.0,45.0,40.0,81.0,41.0,33.0
336,Income,Household Income 35000 to 39999,378.0,105.0,96.0,132.0,149.0,198.0,199.0,145.0,139.0,146.0,111.0,86.0,110.0,28.0,40.0,19.0
337,Income,"Household Income 35000 to 39999 by Race, American Indian and Alaska Native Alone",0.0,0.0,0.0,0.0,0.0,0.0,0.0,0.0,0.0,0.0,0.0,0.0,0.0,0.0,0.0,0.0
338,Income,"Household Income 35000 to 39999 by Race, Asian Alone",0.0,25.0,0.0,0.0,0.0,0.0,0.0,0.0,0.0,0.0,0.0,0.0,21.0,0.0,0.0,0.0
339,Income,"Household Income 35000 to 39999 by Race, Black or African American Alone",33.0,0.0,0.0,0.0,0.0,0.0,0.0,0.0,0.0,0.0,0.0,0.0,23.0,22.0,0.0,0.0
340,Income,"Household Income 35000 to 39999 by Race, Hispanic or Latino",39.0,0.0,0.0,0.0,0.0,0.0,0.0,0.0,0.0,0.0,0.0,0.0,0.0,0.0,0.0,0.0
341,Income,"Household Income 35000 to 39999 by Race, Native Hawaiian and Other Pacific Islander Alone",0.0,0.0,0.0,0.0,0.0,0.0,0.0,0.0,0.0,0.0,0.0,0.0,0.0,0.0,0.0,0.0
342,Income,"Household Income 35000 to 39999 by Race, Some Other Race Alone",20.0,0.0,0.0,0.0,0.0,0.0,0.0,0.0,0.0,0.0,42.0,48.0,44.0,0.0,0.0,0.0
343,Income,"Household Income 35000 to 39999 by Race, Two or More Races",15.0,0.0,0.0,0.0,0.0,0.0,0.0,0.0,0.0,0.0,0.0,0.0,0.0,0.0,0.0,4.0
344,Income,"Household Income 35000 to 39999 by Race, White Alone",310.0,80.0,96.0,132.0,149.0,198.0,199.0,145.0,139.0,146.0,69.0,38.0,22.0,6.0,40.0,15.0
345,Income,"Household Income 35000 to 39999 by Race, White Alone, Not Hispanic or Latino",271.0,80.0,96.0,132.0,149.0,198.0,199.0,145.0,139.0,146.0,69.0,38.0,22.0,6.0,40.0,15.0
346,Income,Household Income 40000 to 44999,389.0,304.0,274.0,330.0,219.0,176.0,233.0,211.0,149.0,89.0,115.0,131.0,97.0,220.0,106.0,109.0
347,Income,"Household Income 40000 to 44999 by Race, American Indian and Alaska Native Alone",0.0,0.0,0.0,0.0,0.0,0.0,0.0,0.0,0.0,0.0,0.0,0.0,0.0,0.0,0.0,0.0
348,Income,"Household Income 40000 to 44999 by Race, Asian Alone",20.0,27.0,10.0,9.0,0.0,0.0,8.0,7.0,8.0,9.0,11.0,46.0,0.0,0.0,0.0,0.0
349,Income,"Household Income 40000 to 44999 by Race, Black or African American Alone",42.0,14.0,15.0,15.0,16.0,15.0,0.0,0.0,0.0,0.0,0.0,0.0,0.0,0.0,0.0,0.0
350,Income,"Household Income 40000 to 44999 by Race, Hispanic or Latino",17.0,75.0,73.0,82.0,11.0,12.0,10.0,9.0,10.0,0.0,0.0,0.0,0.0,0.0,0.0,0.0
351,Income,"Household Income 40000 to 44999 by Race, Native Hawaiian and Other Pacific Islander Alone",0.0,49.0,58.0,0.0,0.0,0.0,0.0,0.0,0.0,0.0,0.0,0.0,0.0,0.0,0.0,0.0
352,Income,"Household Income 40000 to 44999 by Race, Some Other Race Alone",6.0,75.0,73.0,82.0,0.0,0.0,0.0,0.0,0.0,0.0,0.0,0.0,0.0,56.0,0.0,0.0
353,Income,"Household Income 40000 to 44999 by Race, Two or More Races",0.0,0.0,0.0,0.0,0.0,0.0,29.0,29.0,26.0,23.0,11.0,0.0,0.0,0.0,0.0,0.0
354,Income,"Household Income 40000 to 44999 by Race, White Alone",321.0,139.0,118.0,224.0,203.0,161.0,196.0,175.0,115.0,57.0,93.0,85.0,97.0,164.0,106.0,109.0
355,Income,"Household Income 40000 to 44999 by Race, White Alone, Not Hispanic or Latino",310.0,139.0,118.0,224.0,192.0,149.0,186.0,166.0,105.0,57.0,93.0,85.0,97.0,164.0,106.0,109.0
356,Income,Household Income 45000 to 49999,256.0,175.0,63.0,161.0,244.0,197.0,163.0,188.0,142.0,54.0,60.0,36.0,44.0,118.0,177.0,172.0
357,Income,"Household Income 45000 to 49999 by Race, American Indian and Alaska Native Alone",0.0,3.0,0.0,0.0,0.0,0.0,0.0,0.0,0.0,0.0,0.0,0.0,0.0,0.0,0.0,0.0
358,Income,"Household Income 45000 to 49999 by Race, Asian Alone",12.0,0.0,12.0,10.0,23.0,0.0,0.0,4.0,6.0,10.0,13.0,13.0,37.0,49.0,0.0,0.0
359,Income,"Household Income 45000 to 49999 by Race, Black or African American Alone",6.0,15.0,0.0,0.0,0.0,0.0,8.0,18.0,0.0,0.0,0.0,0.0,0.0,0.0,0.0,0.0
360,Income,"Household Income 45000 to 49999 by Race, Hispanic or Latino",0.0,16.0,0.0,0.0,0.0,22.0,14.0,16.0,12.0,0.0,0.0,0.0,0.0,0.0,0.0,0.0
361,Income,"Household Income 45000 to 49999 by Race, Native Hawaiian and Other Pacific Islander Alone",0.0,0.0,0.0,85.0,57.0,0.0,0.0,0.0,0.0,0.0,0.0,0.0,0.0,0.0,0.0,0.0
362,Income,"Household Income 45000 to 49999 by Race, Some Other Race Alone",0.0,0.0,0.0,0.0,0.0,0.0,0.0,0.0,0.0,0.0,0.0,0.0,0.0,0.0,38.0,0.0
363,Income,"Household Income 45000 to 49999 by Race, Two or More Races",0.0,0.0,0.0,0.0,0.0,0.0,0.0,0.0,0.0,0.0,12.0,0.0,0.0,0.0,0.0,0.0
364,Income,"Household Income 45000 to 49999 by Race, White Alone",238.0,157.0,51.0,66.0,164.0,197.0,155.0,166.0,136.0,44.0,35.0,23.0,7.0,69.0,139.0,172.0
365,Income,"Household Income 45000 to 49999 by Race, White Alone, Not Hispanic or Latino",238.0,141.0,51.0,66.0,164.0,175.0,141.0,150.0,124.0,44.0,35.0,23.0,7.0,69.0,139.0,172.0
366,Income,Household Income 50000 to 59999,719.0,502.0,571.0,510.0,470.0,364.0,412.0,463.0,376.0,346.0,262.0,215.0,189.0,90.0,84.0,91.0
367,Income,"Household Income 50000 to 59999 by Race, American Indian and Alaska Native Alone",0.0,0.0,0.0,0.0,0.0,0.0,0.0,0.0,0.0,0.0,0.0,0.0,0.0,0.0,0.0,0.0
368,Income,"Household Income 50000 to 59999 by Race, Asian Alone",67.0,123.0,120.0,70.0,29.0,15.0,16.0,28.0,34.0,21.0,30.0,22.0,7.0,0.0,48.0,47.0
369,Income,"Household Income 50000 to 59999 by Race, Black or African American Alone",42.0,32.0,37.0,30.0,0.0,0.0,0.0,0.0,29.0,26.0,24.0,0.0,0.0,0.0,0.0,13.0
370,Income,"Household Income 50000 to 59999 by Race, Hispanic or Latino",13.0,35.0,45.0,39.0,26.0,43.0,60.0,60.0,73.0,84.0,0.0,0.0,0.0,0.0,0.0,0.0
371,Income,"Household Income 50000 to 59999 by Race, Native Hawaiian and Other Pacific Islander Alone",0.0,0.0,0.0,0.0,0.0,0.0,0.0,0.0,0.0,0.0,0.0,0.0,0.0,0.0,0.0,0.0
372,Income,"Household Income 50000 to 59999 by Race, Some Other Race Alone",0.0,21.0,17.0,14.0,0.0,0.0,0.0,0.0,0.0,0.0,0.0,0.0,0.0,0.0,0.0,0.0
373,Income,"Household Income 50000 to 59999 by Race, Two or More Races",51.0,0.0,0.0,0.0,12.0,13.0,20.0,19.0,20.0,0.0,0.0,0.0,0.0,33.0,12.0,0.0
374,Income,"Household Income 50000 to 59999 by Race, White Alone",559.0,326.0,397.0,396.0,429.0,336.0,376.0,416.0,293.0,299.0,208.0,193.0,182.0,57.0,24.0,31.0
375,Income,"Household Income 50000 to 59999 by Race, White Alone, Not Hispanic or Latino",554.0,326.0,383.0,383.0,429.0,306.0,330.0,368.0,233.0,215.0,208.0,193.0,182.0,57.0,24.0,31.0
376,Income,Household Income 60000 to 74999,975.0,880.0,923.0,874.0,782.0,678.0,632.0,608.0,546.0,346.0,410.0,447.0,263.0,339.0,367.0,302.0
377,Income,"Household Income 60000 to 74999 by Race, American Indian and Alaska Native Alone",10.0,0.0,0.0,0.0,0.0,0.0,0.0,0.0,0.0,0.0,0.0,0.0,0.0,0.0,0.0,0.0
378,Income,"Household Income 60000 to 74999 by Race, Asian Alone",83.0,11.0,47.0,62.0,104.0,108.0,126.0,143.0,97.0,42.0,24.0,9.0,0.0,0.0,19.0,10.0
379,Income,"Household Income 60000 to 74999 by Race, Black or African American Alone",55.0,145.0,142.0,157.0,103.0,99.0,44.0,32.0,24.0,0.0,38.0,33.0,36.0,34.0,7.0,11.0
380,Income,"Household Income 60000 to 74999 by Race, Hispanic or Latino",64.0,64.0,86.0,86.0,123.0,126.0,113.0,110.0,112.0,8.0,8.0,0.0,9.0,45.0,43.0,33.0
381,Income,"Household Income 60000 to 74999 by Race, Native Hawaiian and Other Pacific Islander Alone",0.0,0.0,0.0,0.0,0.0,0.0,0.0,0.0,0.0,0.0,0.0,0.0,0.0,0.0,0.0,0.0
382,Income,"Household Income 60000 to 74999 by Race, Some Other Race Alone",21.0,0.0,0.0,9.0,18.0,18.0,9.0,9.0,0.0,0.0,0.0,0.0,0.0,18.0,13.0,7.0
383,Income,"Household Income 60000 to 74999 by Race, Two or More Races",92.0,43.0,42.0,70.0,0.0,0.0,0.0,0.0,0.0,11.0,12.0,8.0,15.0,4.0,24.0,30.0
384,Income,"Household Income 60000 to 74999 by Race, White Alone",714.0,681.0,692.0,576.0,557.0,453.0,453.0,424.0,425.0,293.0,336.0,397.0,212.0,283.0,304.0,244.0
385,Income,"Household Income 60000 to 74999 by Race, White Alone, Not Hispanic or Latino",680.0,617.0,606.0,499.0,452.0,357.0,349.0,323.0,313.0,285.0,328.0,397.0,212.0,256.0,274.0,218.0
386,Income,Household Income 75000 to 99999,1156.0,1068.0,1010.0,872.0,827.0,813.0,761.0,507.0,476.0,491.0,420.0,570.0,566.0,544.0,612.0,461.0
387,Income,"Household Income 75000 to 99999 by Race, American Indian and Alaska Native Alone",0.0,0.0,0.0,0.0,0.0,18.0,17.0,14.0,15.0,10.0,0.0,0.0,0.0,0.0,0.0,0.0
388,Income,"Household Income 75000 to 99999 by Race, Asian Alone",60.0,100.0,35.0,69.0,72.0,67.0,48.0,29.0,35.0,35.0,43.0,69.0,84.0,120.0,125.0,72.0
389,Income,"Household Income 75000 to 99999 by Race, Black or African American Alone",24.0,88.0,59.0,36.0,10.0,10.0,8.0,15.0,16.0,17.0,24.0,26.0,20.0,28.0,34.0,18.0
390,Income,"Household Income 75000 to 99999 by Race, Hispanic or Latino",80.0,112.0,66.0,55.0,26.0,58.0,47.0,14.0,34.0,34.0,20.0,43.0,43.0,40.0,20.0,8.0
391,Income,"Household Income 75000 to 99999 by Race, Native Hawaiian and Other Pacific Islander Alone",14.0,0.0,0.0,0.0,0.0,0.0,0.0,0.0,0.0,0.0,0.0,0.0,0.0,0.0,0.0,0.0
392,Income,"Household Income 75000 to 99999 by Race, Some Other Race Alone",31.0,24.0,15.0,21.0,21.0,12.0,0.0,0.0,0.0,0.0,0.0,0.0,0.0,0.0,0.0,0.0
393,Income,"Household Income 75000 to 99999 by Race, Two or More Races",50.0,0.0,0.0,0.0,0.0,9.0,14.0,16.0,16.0,13.0,0.0,25.0,53.0,27.0,24.0,21.0
394,Income,"Household Income 75000 to 99999 by Race, White Alone",977.0,856.0,901.0,746.0,724.0,697.0,674.0,433.0,394.0,416.0,353.0,450.0,409.0,369.0,429.0,350.0
395,Income,"Household Income 75000 to 99999 by Race, White Alone, Not Hispanic or Latino",931.0,758.0,850.0,702.0,708.0,651.0,627.0,419.0,360.0,382.0,333.0,432.0,389.0,361.0,420.0,350.0
396,Income,Household Income Greater than 200000,676.0,1229.0,1410.0,1428.0,1517.0,1713.0,1945.0,2281.0,2732.0,3090.0,3389.0,3291.0,3665.0,4100.0,4130.0,4112.0
397,Income,"Household Income Greater than 200000 by Race, American Indian and Alaska Native Alone",7.0,0.0,0.0,0.0,0.0,0.0,0.0,0.0,16.0,16.0,1.0,2.0,4.0,7.0,9.0,10.0
398,Income,"Household Income Greater than 200000 by Race, Asian Alone",48.0,66.0,35.0,44.0,79.0,83.0,136.0,207.0,298.0,398.0,417.0,339.0,283.0,234.0,393.0,506.0
399,Income,"Household Income Greater than 200000 by Race, Black or African American Alone",24.0,55.0,50.0,40.0,20.0,17.0,12.0,9.0,9.0,10.0,22.0,11.0,14.0,167.0,144.0,117.0
400,Income,"Household Income Greater than 200000 by Race, Hispanic or Latino",16.0,133.0,146.0,53.0,69.0,89.0,73.0,92.0,153.0,117.0,64.0,90.0,81.0,184.0,190.0,387.0
401,Income,"Household Income Greater than 200000 by Race, Native Hawaiian and Other Pacific Islander Alone",0.0,0.0,0.0,0.0,0.0,0.0,0.0,0.0,0.0,0.0,0.0,0.0,0.0,0.0,0.0,0.0
402,Income,"Household Income Greater than 200000 by Race, Some Other Race Alone",0.0,0.0,0.0,0.0,0.0,0.0,0.0,0.0,25.0,32.0,38.0,47.0,40.0,17.0,22.0,41.0
403,Income,"Household Income Greater than 200000 by Race, Two or More Races",13.0,72.0,78.0,64.0,73.0,69.0,68.0,62.0,64.0,71.0,89.0,134.0,154.0,272.0,267.0,482.0
404,Income,"Household Income Greater than 200000 by Race, White Alone",584.0,1036.0,1247.0,1280.0,1345.0,1544.0,1729.0,2003.0,2320.0,2563.0,2822.0,2758.0,3170.0,3403.0,3295.0,2956.0
405,Income,"Household Income Greater than 200000 by Race, White Alone, Not Hispanic or Latino",575.0,931.0,1132.0,1227.0,1276.0,1455.0,1656.0,1911.0,2208.0,2485.0,2788.0,2693.0,3125.0,3329.0,3231.0,2873.0
406,Income,Household Income Less than 10000,304.0,486.0,485.0,447.0,374.0,333.0,303.0,349.0,295.0,231.0,235.0,188.0,155.0,183.0,193.0,201.0
407,Income,"Household Income Less than 10000 by Race, American Indian and Alaska Native Alone",0.0,0.0,0.0,0.0,0.0,0.0,0.0,0.0,0.0,0.0,0.0,0.0,0.0,0.0,0.0,0.0
408,Income,"Household Income Less than 10000 by Race, Asian Alone",29.0,22.0,37.0,41.0,32.0,25.0,26.0,8.0,9.0,10.0,0.0,0.0,0.0,0.0,0.0,8.0
409,Income,"Household Income Less than 10000 by Race, Black or African American Alone",34.0,101.0,108.0,64.0,11.0,16.0,13.0,11.0,0.0,0.0,0.0,0.0,0.0,0.0,0.0,0.0
410,Income,"Household Income Less than 10000 by Race, Hispanic or Latino",12.0,121.0,117.0,55.0,40.0,42.0,51.0,55.0,56.0,22.0,40.0,25.0,32.0,69.0,23.0,25.0
411,Income,"Household Income Less than 10000 by Race, Native Hawaiian and Other Pacific Islander Alone",0.0,0.0,0.0,0.0,0.0,0.0,0.0,0.0,0.0,0.0,0.0,0.0,0.0,0.0,0.0,0.0
412,Income,"Household Income Less than 10000 by Race, Some Other Race Alone",8.0,0.0,0.0,0.0,0.0,0.0,0.0,0.0,0.0,0.0,0.0,0.0,0.0,0.0,0.0,0.0
413,Income,"Household Income Less than 10000 by Race, Two or More Races",43.0,29.0,33.0,72.0,87.0,67.0,76.0,83.0,42.0,17.0,21.0,17.0,19.0,19.0,0.0,0.0
414,Income,"Household Income Less than 10000 by Race, White Alone",190.0,334.0,307.0,270.0,244.0,225.0,188.0,247.0,244.0,204.0,214.0,171.0,136.0,164.0,193.0,193.0
415,Income,"Household Income Less than 10000 by Race, White Alone, Not Hispanic or Latino",186.0,285.0,259.0,231.0,235.0,209.0,170.0,229.0,230.0,182.0,174.0,146.0,104.0,95.0,170.0,168.0
416,Income,Households Total for Income,8364.0,8288.0,8274.0,8266.0,8273.0,8333.0,8293.0,8363.0,8258.0,8161.0,8223.0,8219.0,8150.0,8192.0,8128.0,8128.0
417,Income,"Households Total for Income by Race, American Indian and Alaska Native Alone",26.0,3.0,0.0,0.0,0.0,18.0,17.0,14.0,31.0,26.0,1.0,2.0,14.0,28.0,24.0,71.0
418,Income,"Households Total for Income by Race, Asian Alone",477.0,602.0,553.0,639.0,674.0,638.0,689.0,864.0,833.0,1005.0,1026.0,1000.0,796.0,629.0,768.0,962.0
419,Income,"Households Total for Income by Race, Black or African American Alone",595.0,572.0,569.0,442.0,242.0,275.0,181.0,175.0,146.0,132.0,141.0,269.0,241.0,270.0,229.0,203.0
420,Income,"Households Total for Income by Race, Hispanic or Latino",434.0,765.0,652.0,487.0,501.0,567.0,552.0,613.0,710.0,553.0,481.0,467.0,427.0,507.0,475.0,710.0
421,Income,"Households Total for Income by Race, Native Hawaiian and Other Pacific Islander Alone",14.0,49.0,58.0,85.0,57.0,0.0,0.0,0.0,0.0,0.0,0.0,0.0,0.0,0.0,0.0,0.0
422,Income,"Households Total for Income by Race, Some Other Race Alone",162.0,249.0,146.0,151.0,113.0,92.0,68.0,81.0,96.0,46.0,196.0,221.0,214.0,229.0,220.0,112.0
423,Income,"Households Total for Income by Race, Two or More Races",355.0,298.0,223.0,283.0,304.0,282.0,326.0,417.0,347.0,283.0,303.0,311.0,381.0,560.0,599.0,949.0
424,Income,"Households Total for Income by Race, White Alone",6735.0,6515.0,6725.0,6666.0,6883.0,7028.0,7012.0,6812.0,6805.0,6669.0,6556.0,6416.0,6504.0,6476.0,6288.0,5831.0
425,Income,"Households Total for Income by Race, White Alone, Not Hispanic or Latino",6498.0,6090.0,6327.0,6365.0,6565.0,6615.0,6594.0,6369.0,6298.0,6220.0,6278.0,6199.0,6322.0,6259.0,6153.0,5690.0
426,Income,Median Family Income,94808.7431693989,129318.18181818182,128659.90990990993,131707.31707317074,138118.37455830388,157377.04918032786,159233.26133909286,173715.59633027524,186913.0434782609,200679.14431239388,200998.37603993344,204011.2456242707,207725.57158651188,212764.5497166409,214510.47899565427,214936.33007712083
427,Income,Median Household Income,71000.0,92345.50561797751,95247.52475247523,103881.27853881278,107374.022589053,114165.243381725,119121.05751391464,130600.84541062804,143615.59139784946,161459.1439688716,172486.6717440975,170788.72234118485,184422.4924012158,200048.7824390244,200799.06343825665,200583.68093385213
428,Income,"Median Household Income by Race, American Indian and Alaska Native Alone",66000.0,47500.0,0.0,0.0,0.0,87500.0,87500.0,87500.0,201562.5625,209375.375,225001.0,225001.0,23500.0,135416.66666666666,183333.3333333333,166447.36842105264
429,Income,"Median Household Income by Race, Asian Alone",69487.95180722892,77250.0,59708.333333333336,108467.74193548388,114864.86486486488,125229.35779816512,136565.42056074768,150873.36244541485,152217.74193548388,155720.33898305084,158974.35897435897,139869.28104575165,134722.22222222222,169736.84210526315,201145.0839694657,202470.45454545456
430,Income,"Median Household Income by Race, Black or African American Alone",36893.93939393939,63724.137931034486,62165.49295774648,68503.1847133758,71067.96116504855,67954.54545454546,71079.54545454546,66328.125,60625.0,53846.15384615384,71644.73684210527,159640.522875817,164020.27027027027,209581.22155688624,210243.46527777775,206624.1965811966
431,Income,"Median Household Income by Race, Hispanic or Latino",64687.5,64335.9375,67500.0,64447.67441860465,74451.21951219512,74226.19047619047,73938.05309734514,77678.57142857143,94852.9411764706,127199.07407407407,136726.80412371134,144057.37704918033,146250.0,173269.23076923078,170679.01234567902,204134.5322997416
432,Income,"Median Household Income by Race, Native Hawaiian and Other Pacific Islander Alone",87500.0,42500.0,42500.0,47500.0,47500.0,0.0,0.0,0.0,0.0,0.0,0.0,0.0,0.0,0.0,0.0,0.0
433,Income,"Median Household Income by Race, Some Other Race Alone",37500.0,42900.0,43150.68493150685,43567.07317073171,125219.29824561405,104545.45454545454,152777.77777777778,155000.0,179824.56140350876,214063.0625,158333.33333333334,161280.48780487804,148437.5,129017.85714285714,142424.24242424243,137500.0
434,Income,"Median Household Income by Race, Two or More Races",62690.21739130434,114156.6265060241,117187.5,66750.0,126811.59420289854,130592.1052631579,76785.71428571429,124264.70588235294,133129.37062937062,133477.01149425286,141718.75,166406.25,166203.7037037037,194444.44444444444,149801.5873015873,200778.03941908717
435,Income,"Median Household Income by Race, White Alone",76215.45547594677,100457.82463928968,104456.15034168564,110208.12685827551,108844.89222118088,115027.70083102494,118656.34365634366,128915.09433962264,146626.21359223302,166572.79029462737,178731.3432835821,178260.86956521738,195900.0,202424.4284454893,202291.44218512895,200685.0747631935
436,Income,"Median Household Income by Race, White Alone, Not Hispanic or Latino",76476.90655209452,101727.06681766704,105038.64447086802,111279.85462097613,109136.49706457923,116395.63106796116,120480.66875653082,132276.1194029851,152902.9029029029,171408.96614821593,182777.2325809617,179428.13765182186,198095.2380952381,202996.51516972063,202390.9962859796,200487.31500174035
437,Income,Percent in Poverty,0.0850259801606046,0.1110086986577567,0.1160046056419113,0.1082788051209103,0.1041654859733635,0.0957708659655404,0.0945479250410462,0.0922957025161434,0.08337441796768,0.0679963245229987,0.062857737537725,0.0659033347403968,0.0612223168654173,0.0676654593348699,0.065180200729927,0.0737575757575757
438,Income,"Percent in Poverty by Race, American Indian and Alaska Native Alone",0.2203389830508474,0.0,1.0,1.0,1.0,0.1666666666666666,0.1698113207547169,0.0,0.0,0.0,0.0,0.0,0.0,0.0,0.0,0.056910569105691
439,Income,"Percent in Poverty by Race, Asian Alone",0.0728667305848514,0.101238164603059,0.1241970021413276,0.1279373368146214,0.1458198314970836,0.1546252532072923,0.1232876712328767,0.0529925187032419,0.0623245367770915,0.0304017372421281,0.029326923076923,0.038360941586748,0.0347826086956521,0.0407239819004524,0.0793237971391417,0.0612334801762114
440,Income,"Percent in Poverty by Race, Black or African American Alone",0.1334405144694533,0.2859437751004016,0.3632148377125193,0.3010471204188482,0.1089494163424124,0.0639344262295081,0.1651031894934334,0.1706896551724138,0.1494082840236686,0.1692913385826771,0.1540203850509626,0.1155152887882219,0.1035856573705179,0.0681233933161953,0.101419878296146,0.1824817518248175
441,Income,"Percent in Poverty by Race, Hispanic or Latino",0.1353104726598702,0.1898263027295285,0.1837692823608316,0.1914893617021276,0.1524475524475524,0.1402061855670103,0.1243131868131868,0.1453287197231834,0.1143052703627652,0.1316931982633864,0.1184573002754821,0.1256354393609295,0.1361426256077795,0.1212586339217191,0.0473559589581689,0.0861823361823361
443,Income,"Percent in Poverty by Race, Some Other Race Alone",0.124390243902439,0.1914414414414414,0.1615853658536585,0.2184873949579832,0.1877022653721682,0.2420382165605095,0.2155172413793103,0.2379310344827586,0.2936170212765957,0.203125,0.0651685393258427,0.0787401574803149,0.0788912579957356,0.0081799591002045,0.0120192307692307,0.0
444,Income,"Percent in Poverty by Race, Two or More Races",0.2566964285714285,0.1073903002309468,0.1017543859649122,0.1332064700285442,0.1764112903225806,0.1593291404612159,0.1609935602575897,0.2065420560747663,0.1302998965873836,0.0506198347107438,0.0541338582677165,0.0735849056603773,0.0865159781761496,0.1195851128737034,0.0520428015564202,0.0929553980825343
445,Income,"Percent in Poverty by Race, White Alone",0.0681698212804464,0.0939396209453891,0.0915682463746449,0.085452772150949,0.0929247281457421,0.0835812634055213,0.0818442996286174,0.0825087108013937,0.0769230769230769,0.0667032665385671,0.0626647738795376,0.0662442801830341,0.0600634473034896,0.0673141077915338,0.0653241650294695,0.0700054337982249
446,Income,"Percent in Poverty by Race, White Alone, Not Hispanic or Latino",0.0676025409771782,0.0924860176704223,0.0889939122076257,0.0819290643556411,0.0926719278466741,0.0831917251570003,0.0825067628494138,0.0819795427196149,0.0774203135448398,0.061584872341991,0.0566514921598381,0.0597890671420083,0.0536488572058499,0.058277940949142,0.062711006076975,0.0676001483679525
457,Language Spoken at Home,Asian/Pacific Islander,0.0315174159334699,0.0384197172888727,0.0382261161785885,0.0412011585978601,0.0454972408124926,0.0381510945938098,0.0390143737166324,0.0349884526558891,0.0469096491726843,0.0401617704881199,0.0408663002666376,0.0534568781183178,0.0546209186496956,0.0402030109489051,0.0554042855451639,0.058838226108682
459,Language Spoken at Home,English Only,0.8374111124502832,0.8385284523378036,0.8451752280364858,0.8441804102382219,0.8334507455676882,0.8347947273677486,0.8349075975359342,0.8396651270207852,0.8228805367601069,0.8364320620120205,0.8458399085813789,0.8367783321454028,0.8492529053680132,0.8541856751824818,0.8266840298330769,0.8095565271705184
461,Language Spoken at Home,Other European Languages,0.0785223574786067,0.0586565180620997,0.0685309649543927,0.0672696104510256,0.0707995773159563,0.0781023169386214,0.0708125550014667,0.0691685912240184,0.0781827486211406,0.0813346065269898,0.0745497088752244,0.0729206645101156,0.062645268400664,0.0647239963503649,0.0753521960459334,0.0786383510306058
463,Language Spoken at Home,Other Languages,0.0051825961190791,0.0080343119487737,0.0067210753720595,0.0088668203582195,0.0063989667723376,0.0078392660124266,0.0071575242006453,0.008487297921478,0.0095525103769829,0.0121327866089984,0.0089786145725635,0.007127583749109,0.0066961815163254,0.0057595802919708,0.0094116254291464,0.0103685196752029
465,Language Spoken at Home,Spanish Only,0.0473665180185609,0.0563610003624501,0.0413466154584733,0.0384820003546728,0.0438534695315251,0.0411125950873932,0.0481079495453212,0.0476905311778291,0.0424745550690851,0.0299387743638712,0.0297654677041954,0.0297165414770546,0.0267847260653016,0.0351277372262773,0.0331478631466792,0.0425983760149906
467,Nativity,Foreign Born,0.1354576988653066,0.1496489006561528,0.1464605837738451,0.1481859410430839,0.1420265311882585,0.1443402545210984,0.1415136839734204,0.1505817174515235,0.1597484276729559,0.1661628158065212,0.1520103761348897,0.1503049893123403,0.1381865965834428,0.1355491798841552,0.1546119235095613,0.1580391221374046
468,Population,Total Population,17009.0,17374.0,17404.0,17640.0,17715.0,17916.0,17758.0,18050.0,18285.0,18524.0,19275.0,19181.0,19025.0,18473.0,17780.0,16768.0
469,Race/Ethnicity,Asian,1071.0,1373.0,1401.0,1532.0,1543.0,1481.0,1474.0,1615.0,1793.0,1850.0,2087.0,2294.0,2070.0,1768.0,2307.0,2270.0
470,Race/Ethnicity,Black/African American,1254.0,1260.0,1300.0,1160.0,530.0,626.0,551.0,593.0,678.0,765.0,886.0,885.0,755.0,779.0,493.0,411.0
471,Race/Ethnicity,Latino Population (of Any Race),1088.0,1612.0,1491.0,1442.0,1475.0,1477.0,1502.0,1493.0,1462.0,1382.0,1453.0,1379.0,1245.0,1316.0,1287.0,1433.0
472,Race/Ethnicity,Native American Indian,68.0,3.0,6.0,5.0,8.0,48.0,53.0,49.0,82.0,82.0,2.0,4.0,25.0,59.0,48.0,123.0
473,Race/Ethnicity,Native Hawaiian/Pacific Islander,23.0,79.0,108.0,155.0,117.0,16.0,27.0,21.0,20.0,20.0,0.0,0.0,0.0,0.0,0.0,0.0
474,Race/Ethnicity,Other/Two or More Races,1306.0,1310.0,1183.0,1408.0,1302.0,1269.0,1320.0,1361.0,1203.0,1224.0,1461.0,1568.0,1767.0,2149.0,2494.0,2690.0
475,Race/Ethnicity,"White Alone, Not Hispanic or Latino",12777.0,12337.0,12512.0,12481.0,13314.0,13537.0,13325.0,13310.0,13473.0,13602.0,13884.0,13687.0,13828.0,13166.0,12062.0,11010.0
476,Race/Ethnicity,"White, Including Hispanic or Latino",13287.0,13349.0,13406.0,13380.0,14215.0,14476.0,14333.0,14411.0,14509.0,14583.0,14839.0,14430.0,14408.0,13718.0,12438.0,11274.0
477,Sex,Female,0.4587571285789876,0.4532634971796938,0.4648356699609285,0.4702947845804989,0.4597798475867908,0.4469747711542755,0.460693771821151,0.4678670360110803,0.4686354935739677,0.4731699416972576,0.4782360570687419,0.4602992544705698,0.4424704336399474,0.4350673956585286,0.4316647919010123,0.4443583015267175
478,Sex,Male,0.5412428714210124,0.5467365028203062,0.5351643300390715,0.5297052154195011,0.5402201524132092,0.5530252288457245,0.539306228178849,0.5321329639889196,0.5313645064260323,0.5268300583027424,0.521763942931258,0.5397007455294301,0.5575295663600526,0.5649326043414713,0.5683352080989876,0.5556416984732825
479,Unit Size,1 Bedroom,3228.0,3321.0,3353.0,3281.0,3245.0,3289.0,3338.0,3209.0,3125.0,2953.0,2708.0,2846.0,2942.0,2955.0,3000.0,2879.0
480,Unit Size,2 Bedrooms,2313.0,2801.0,2894.0,3133.0,3226.0,3249.0,2911.0,2808.0,2479.0,2231.0,2290.0,2288.0,2304.0,2364.0,2619.0,2791.0
481,Unit Size,3-4 Bedrooms,2074.0,2147.0,1936.0,1743.0,1677.0,1660.0,1963.0,2217.0,2573.0,2737.0,2997.0,2978.0,2872.0,2728.0,2598.0,2514.0
482,Unit Size,5 or More Bedrooms,206.0,196.0,303.0,283.0,254.0,271.0,220.0,195.0,237.0,312.0,281.0,262.0,284.0,213.0,235.0,257.0
483,Unit Size,No Bedroom,864.0,644.0,565.0,549.0,567.0,576.0,584.0,599.0,700.0,864.0,792.0,651.0,672.0,859.0,727.0,846.0
484,Vehicles Available,Households with no Vehicle,0.2295454545454545,0.3012789575289575,0.2950205462895818,0.2938543430921848,0.3075063459446392,0.311772470898836,0.3098999155914627,0.3267966040894416,0.3267134899491402,0.308663154025242,0.3025659734889943,0.3297238106825648,0.3134969325153374,0.323974609375,0.3156988188976378,0.3330462598425197
485,Vehicles Available,Percent of No Vehicle Homeowning Households,0.0903500473036896,0.1013541239228559,0.099066179455948,0.1180150125104253,0.1113207547169811,0.1042118975249674,0.1003330557868443,0.1189710610932476,0.1199841080651569,0.1099317664897649,0.1108605787298008,0.14182147711826,0.1294703485740154,0.1297091082498807,0.1231295425395468,0.1352267910131411
486,Vehicles Available,Percent of No Vehicle Renting Households,0.276657060518732,0.3845496496325414,0.378076062639821,0.3657123381049761,0.3751015764667642,0.3910447761194029,0.3953488372093023,0.4148085106382979,0.4173488939209197,0.4035850081477458,0.3942826321467098,0.3987025948103792,0.3819222353139202,0.3908121410992617,0.3935049231300743,0.4139365574622985
487,Vehicles Available,Vehicles Available,9336.0,8523.0,8635.0,8548.0,8278.0,8374.0,8208.0,8004.0,7919.0,8052.0,8281.0,7651.0,7790.0,7545.0,7468.0,7219.0
488,Vehicles Available,Vehicles Homeowners,0.325942587832048,0.4368180218233016,0.4321945570353214,0.4117922321010763,0.373640976081179,0.4066157153092906,0.4504142300194931,0.4585207396301849,0.4481626467988382,0.4636115250869349,0.4575534355754136,0.384263494967978,0.3874197689345314,0.3776010603048376,0.4177825388323514,0.4269289375259731
489,Vehicles Available,Vehicles Per Capita,0.5488858839437945,0.4905606078047657,0.4961503102735004,0.4845804988662131,0.4672876093705899,0.4674034382674704,0.4622142133123099,0.4434349030470914,0.4330872299699207,0.4346793349168646,0.4296238651102464,0.3988843126010114,0.40946123521682,0.4084339306014183,0.4200224971878515,0.4305224236641221
490,Vehicles Available,Vehicles Renters,0.674057412167952,0.5631819781766984,0.5678054429646786,0.5882077678989237,0.6263590239188209,0.5933842846907094,0.5495857699805068,0.5414792603698151,0.5518373532011618,0.5363884749130651,0.5424465644245864,0.6157365050320219,0.6125802310654686,0.6223989396951624,0.5822174611676486,0.5730710624740268
491,,"Housing Units with a Mortgage 30%+ by Race, American Indian and Alaska Native Alone",0.0,0.0,0.0,0.0,0.0,0.0,0.0,0.0,0.0,0.0,0.0,0.0,0.0,0.0,0.0,0.0
492,,"Housing Units with a Mortgage 30%+ by Race, Asian Alone",15.0,0.0,0.0,0.0,0.0,0.0,0.0,0.0,0.0,0.0,0.0,0.0,0.0,0.0,87.0,57.0
493,,"Housing Units with a Mortgage 30%+ by Race, Black or African American Alone",0.0,0.0,0.0,0.0,0.0,0.0,0.0,0.0,0.0,0.0,0.0,0.0,0.0,0.0,8.0,0.0
494,,"Housing Units with a Mortgage 30%+ by Race, Hispanic or Latino",0.0,0.0,0.0,0.0,0.0,0.0,0.0,0.0,0.0,0.0,0.0,0.0,0.0,0.0,13.0,7.0
495,,"Housing Units with a Mortgage 30%+ by Race, Native Hawaiian and Other Pacific Islander Alone",0.0,0.0,0.0,0.0,0.0,0.0,0.0,0.0,0.0,0.0,0.0,0.0,0.0,0.0,0.0,0.0
496,,"Housing Units with a Mortgage 30%+ by Race, Some Other Race Alone",0.0,0.0,0.0,0.0,0.0,0.0,0.0,0.0,0.0,0.0,0.0,0.0,0.0,0.0,13.0,7.0
497,,"Housing Units with a Mortgage 30%+ by Race, Two or More Races",0.0,0.0,0.0,0.0,0.0,0.0,0.0,0.0,0.0,0.0,0.0,0.0,0.0,0.0,18.0,27.0
498,,"Housing Units with a Mortgage 30%+ by Race, White Alone",158.0,0.0,0.0,0.0,0.0,0.0,0.0,0.0,0.0,0.0,0.0,0.0,0.0,0.0,284.0,317.0
499,,"Housing Units with a Mortgage 30%+ by Race, White Alone, Not Hispanic or Latino",158.0,0.0,0.0,0.0,0.0,0.0,0.0,0.0,0.0,0.0,0.0,0.0,0.0,0.0,284.0,317.0
500,,"Housing Units with a Mortgage Not Calculated by Race, American Indian and Alaska Native Alone",0.0,0.0,0.0,0.0,0.0,0.0,0.0,0.0,0.0,0.0,0.0,0.0,0.0,0.0,0.0,0.0
501,,"Housing Units with a Mortgage Not Calculated by Race, Asian Alone",0.0,0.0,0.0,0.0,0.0,0.0,0.0,0.0,0.0,0.0,0.0,0.0,0.0,0.0,0.0,0.0
502,,"Housing Units with a Mortgage Not Calculated by Race, Black or African American Alone",0.0,0.0,0.0,0.0,0.0,0.0,0.0,0.0,0.0,0.0,0.0,0.0,0.0,0.0,0.0,0.0
503,,"Housing Units with a Mortgage Not Calculated by Race, Hispanic or Latino",0.0,0.0,0.0,0.0,0.0,0.0,0.0,0.0,0.0,0.0,0.0,0.0,0.0,0.0,0.0,0.0
504,,"Housing Units with a Mortgage Not Calculated by Race, Native Hawaiian and Other Pacific Islander Alone",0.0,0.0,0.0,0.0,0.0,0.0,0.0,0.0,0.0,0.0,0.0,0.0,0.0,0.0,0.0,0.0
505,,"Housing Units with a Mortgage Not Calculated by Race, Some Other Race Alone",0.0,0.0,0.0,0.0,0.0,0.0,0.0,0.0,0.0,0.0,0.0,0.0,0.0,0.0,0.0,0.0
506,,"Housing Units with a Mortgage Not Calculated by Race, Two or More Races",0.0,0.0,0.0,0.0,0.0,0.0,0.0,0.0,0.0,0.0,0.0,0.0,0.0,0.0,0.0,0.0
507,,"Housing Units with a Mortgage Not Calculated by Race, White Alone",0.0,0.0,0.0,0.0,0.0,0.0,0.0,0.0,0.0,0.0,0.0,0.0,0.0,0.0,22.0,20.0
508,,"Housing Units with a Mortgage Not Calculated by Race, White Alone, Not Hispanic or Latino",0.0,0.0,0.0,0.0,0.0,0.0,0.0,0.0,0.0,0.0,0.0,0.0,0.0,0.0,22.0,20.0
509,,"Housing Units without a Mortgage 30%+ by Race, American Indian and Alaska Native Alone",0.0,0.0,0.0,0.0,0.0,0.0,0.0,0.0,0.0,0.0,0.0,0.0,0.0,0.0,0.0,0.0
510,,"Housing Units without a Mortgage 30%+ by Race, Asian Alone",14.0,0.0,0.0,0.0,0.0,0.0,0.0,0.0,0.0,0.0,0.0,0.0,0.0,0.0,0.0,0.0
511,,"Housing Units without a Mortgage 30%+ by Race, Black or African American Alone",0.0,0.0,0.0,0.0,0.0,0.0,0.0,0.0,0.0,0.0,0.0,0.0,0.0,0.0,0.0,0.0
512,,"Housing Units without a Mortgage 30%+ by Race, Hispanic or Latino",0.0,0.0,0.0,0.0,0.0,0.0,0.0,0.0,0.0,0.0,0.0,0.0,0.0,0.0,11.0,9.0
513,,"Housing Units without a Mortgage 30%+ by Race, Native Hawaiian and Other Pacific Islander Alone",0.0,0.0,0.0,0.0,0.0,0.0,0.0,0.0,0.0,0.0,0.0,0.0,0.0,0.0,0.0,0.0
514,,"Housing Units without a Mortgage 30%+ by Race, Some Other Race Alone",0.0,0.0,0.0,0.0,0.0,0.0,0.0,0.0,0.0,0.0,0.0,0.0,0.0,0.0,0.0,0.0
515,,"Housing Units without a Mortgage 30%+ by Race, Two or More Races",0.0,0.0,0.0,0.0,0.0,0.0,0.0,0.0,0.0,0.0,0.0,0.0,0.0,0.0,21.0,19.0
516,,"Housing Units without a Mortgage 30%+ by Race, White Alone",7.0,0.0,0.0,0.0,0.0,0.0,0.0,0.0,0.0,0.0,0.0,0.0,0.0,0.0,35.0,75.0
517,,"Housing Units without a Mortgage 30%+ by Race, White Alone, Not Hispanic or Latino",7.0,0.0,0.0,0.0,0.0,0.0,0.0,0.0,0.0,0.0,0.0,0.0,0.0,0.0,24.0,66.0
518,,"Housing Units without a Mortgage Not Calculated by Race, American Indian and Alaska Native Alone",0.0,0.0,0.0,0.0,0.0,0.0,0.0,0.0,0.0,0.0,0.0,0.0,0.0,0.0,0.0,0.0
519,,"Housing Units without a Mortgage Not Calculated by Race, Asian Alone",0.0,0.0,0.0,0.0,0.0,0.0,0.0,0.0,0.0,0.0,0.0,0.0,0.0,0.0,0.0,0.0
520,,"Housing Units without a Mortgage Not Calculated by Race, Black or African American Alone",0.0,0.0,0.0,0.0,0.0,0.0,0.0,0.0,0.0,0.0,0.0,0.0,0.0,0.0,0.0,0.0
521,,"Housing Units without a Mortgage Not Calculated by Race, Hispanic or Latino",0.0,0.0,0.0,0.0,0.0,0.0,0.0,0.0,0.0,0.0,0.0,0.0,0.0,0.0,0.0,0.0
522,,"Housing Units without a Mortgage Not Calculated by Race, Native Hawaiian and Other Pacific Islander Alone",0.0,0.0,0.0,0.0,0.0,0.0,0.0,0.0,0.0,0.0,0.0,0.0,0.0,0.0,0.0,0.0
523,,"Housing Units without a Mortgage Not Calculated by Race, Some Other Race Alone",0.0,0.0,0.0,0.0,0.0,0.0,0.0,0.0,0.0,0.0,0.0,0.0,0.0,0.0,0.0,0.0
524,,"Housing Units without a Mortgage Not Calculated by Race, Two or More Races",0.0,0.0,0.0,0.0,0.0,0.0,0.0,0.0,0.0,0.0,0.0,0.0,0.0,0.0,0.0,0.0
525,,"Housing Units without a Mortgage Not Calculated by Race, White Alone",0.0,0.0,0.0,0.0,0.0,0.0,0.0,0.0,0.0,0.0,0.0,0.0,0.0,0.0,0.0,0.0
526,,"Housing Units without a Mortgage Not Calculated by Race, White Alone, Not Hispanic or Latino",0.0,0.0,0.0,0.0,0.0,0.0,0.0,0.0,0.0,0.0,0.0,0.0,0.0,0.0,0.0,0.0
