,Category,Attribute,2024_Hayes Valley,2024_San Francisco,2023_Hayes Valley,2023_San Francisco,2022_Hayes Valley,2022_San Francisco,2021_Hayes Valley,2021_San Francisco,2020_Hayes Valley,2020_San Francisco,2019_Hayes Valley,2019_San Francisco,2018_Hayes Valley,2018_San Francisco,2017_Hayes Valley,2017_San Francisco,2016_Hayes Valley,2016_San Francisco,2015_Hayes Valley,2015_San Francisco,2014_Hayes Valley,2014_San Francisco,2013_Hayes Valley,2013_San Francisco,2012_Hayes Valley,2012_San Francisco,2011_Hayes Valley,2011_San Francisco,2010_Hayes Valley,2010_San Francisco,2000_Hayes Valley,2000_San Francisco
0,Affordability,# Units at or below 100 AMI Monthly Affordable Rent,5685,156904,5659.0,158878.0,5849.0,164391.0,6401.0,177267.0,1745.0,179637.0,6621.0,194605.0,8815.0,196852.0,6862.0,201554.0,6826.0,206125.0,6784.0,208027.0,7125.0,219759.0,7086.0,217742.0,6983.0,213982.0,7053.0,212110.0,6886.0,209068.0,7380.0,209020.0
1,Affordability,# Units at or below 30 AMI Monthly Affordable Rent,4750,156904,4896.0,158878.0,5849.0,142404.0,5784.0,155085.0,1258.0,133315.0,5939.0,146746.0,4575.0,152803.0,5377.0,131265.0,4749.0,139452.0,5051.0,146046.0,3348.0,103611.0,3407.0,106717.0,3491.0,108966.0,3968.0,114525.0,4286.0,119019.0,4926.0,147066.0
2,Affordability,# Units at or below 50 AMI Monthly Affordable Rent,5685,156904,5659.0,158878.0,5849.0,164391.0,6401.0,177267.0,1745.0,179637.0,6621.0,194605.0,8264.0,196852.0,6862.0,201554.0,6826.0,206125.0,6519.0,195487.0,7125.0,219759.0,7049.0,217742.0,6945.0,213982.0,6969.0,212110.0,6775.0,203005.0,7044.0,193235.0
3,Affordability,# Units at or below 80 AMI Monthly Affordable Rent,5685,156904,5659.0,158878.0,5849.0,164391.0,6401.0,177267.0,1745.0,179637.0,6621.0,194605.0,8815.0,196852.0,6862.0,201554.0,6826.0,206125.0,6784.0,208027.0,7125.0,219759.0,7086.0,217742.0,6983.0,213982.0,7053.0,212110.0,6886.0,209068.0,7380.0,209020.0
4,Affordability,100 AMI Annual Income,132411.3475177305,140630.3486172417,139379.3103448276,140840.72978303747,163381.7427385892,136440.23367285798,139424.20681551116,126479.8932723461,85406.60225442835,117453.07472291742,137961.69630642954,113537.43350844154,71988.05460750853,104995.55809378768,106916.66666666669,96817.47583985272,98053.2786885246,88612.28084661327,82195.19343493553,81982.65550239234,77749.7477295661,78773.52733781732,69959.80707395499,75789.09138932911,64645.748987854255,73882.86576506091,62247.51655629139,73015.850789739,62893.45403899722,71436.31988152536,47983.46055979644,55915.28958767848
5,Affordability,100 AMI Monthly Affordable Rent,11034.278959810874,11719.195718103474,11614.942528735633,11736.72748191979,13615.145228215768,11370.019472738166,11618.683901292598,10539.991106028841,7117.216854535695,9787.756226909785,11496.808025535795,9461.452792370128,5999.004550625711,8749.629841148973,8909.722222222224,8068.122986654394,8171.10655737705,7384.356737217772,6849.599452911294,6831.887958532695,6479.145644130508,6564.460611484777,5829.983922829582,6315.7576157774265,5387.145748987855,6156.905480421742,5187.293046357616,6084.6542324782495,5241.121169916435,5953.02665679378,3998.62171331637,4659.607465639873
6,Affordability,30 AMI Annual Income,39723.40425531915,42189.10458517251,41813.793103448275,42252.21893491124,49014.522821576764,40932.0701018574,41827.26204465335,37943.96798170383,25621.980676328505,35235.922416875226,41388.50889192886,34061.23005253246,21596.41638225256,31498.6674281363,32075.000000000004,29045.242751955815,29415.98360655738,26583.68425398398,24658.558030480657,24594.7966507177,23324.924318869827,23632.058201345193,20987.942122186494,22736.727416798734,19393.724696356276,22164.859729518274,18674.254966887416,21904.755236921697,18868.036211699164,21430.895964457606,14395.038167938932,16774.586876303543
7,Affordability,30 AMI Monthly Affordable Rent,3310.283687943262,3515.758715431042,3484.4827586206898,3521.0182445759365,4084.5435684647305,3411.00584182145,3485.605170387779,3161.9973318086522,2135.1650563607086,2936.3268680729357,3449.0424076607383,2838.4358377110384,1799.7013651877132,2624.888952344692,2672.916666666667,2420.436895996318,2451.331967213115,2215.3070211653317,2054.879835873388,2049.5663875598084,1943.7436932391522,1969.3381834454328,1748.9951768488745,1894.7272847332279,1616.1437246963562,1847.0716441265229,1556.1879139072846,1825.3962697434747,1572.3363509749304,1785.9079970381338,1199.586513994911,1397.882239691962
8,Affordability,50 AMI Annual Income,66205.67375886525,70315.17430862084,69689.6551724138,70420.36489151874,81690.8713692946,68220.11683642899,69712.10340775558,63239.94663617305,42703.301127214174,58726.53736145871,68980.84815321477,56768.71675422077,35994.027303754265,52497.77904689384,53458.33333333334,48408.73791992636,49026.6393442623,44306.140423306635,41097.596717467764,40991.32775119617,38874.87386478305,39386.76366890866,34979.903536977494,37894.54569466456,32322.874493927127,36941.432882530455,31123.758278145695,36507.9253948695,31446.72701949861,35718.15994076268,23991.73027989822,27957.64479383924
9,Affordability,50 AMI Monthly Affordable Rent,5517.139479905437,5859.597859051737,5807.471264367817,5868.363740959895,6807.572614107884,5685.009736369083,5809.341950646299,5269.995553014421,3558.6084272678477,4893.878113454893,5748.404012767897,4730.726396185064,2999.5022753128555,4374.814920574487,4454.861111111112,4034.061493327197,4085.553278688525,3692.178368608886,3424.799726455647,3415.9439792663475,3239.572822065254,3282.2303057423883,2914.991961414791,3157.8788078887133,2693.5728744939274,3078.452740210871,2593.646523178808,3042.3271162391247,2620.5605849582175,2976.51332839689,1999.310856658185,2329.8037328199366
10,Affordability,80 AMI Annual Income,105929.0780141844,112504.27889379335,111503.44827586209,112672.58382642998,130705.39419087138,109152.1869382864,111539.36545240894,101183.91461787689,68325.28180354268,93962.45977833394,110369.35704514364,90829.94680675323,57590.44368600682,83996.44647503016,85533.33333333336,77453.98067188218,78442.62295081968,70889.82467729061,65756.15474794843,65586.12440191388,62199.79818365288,63018.82187025386,55967.84565916399,60631.27311146329,51716.59919028341,59106.29261204873,49798.013245033115,58412.6806317912,50314.76323119778,57149.05590522029,38386.76844783715,44732.23167014279
11,Affordability,80 AMI Monthly Affordable Rent,8827.4231678487,9375.35657448278,9291.954022988508,9389.381985535832,10892.116182572614,9096.015578190532,9294.947121034078,8431.992884823074,5693.773483628556,7830.204981527829,9197.446420428636,7569.162233896102,4799.203640500568,6999.70387291918,7127.77777777778,6454.498389323515,6536.885245901641,5907.485389774218,5479.679562329035,5465.510366826157,5183.3165153044065,5251.568489187822,4663.987138263666,5052.606092621941,4309.716599190284,4925.524384337395,4149.834437086093,4867.7233859826,4192.896935933149,4762.421325435024,3198.897370653096,3727.6859725118993
12,Age,0-2 Years,0.5593607305936074,0.5478517844964764,0.6816608996539792,0.5406992325496406,0.6633986928104575,0.5435105855696382,0.7485331098072087,0.5452634434122194,0.6781029263370333,0.5463237718430597,0.7090539165818922,0.5439706576294453,0.7148148148148148,0.5485122061580229,0.7068965517241379,0.5440728159567982,0.6094224924012158,0.5398601090002427,0.6501457725947521,0.5406174484518621,0.642495784148398,0.5405688483381436,0.6389830508474577,0.5284299122869234,0.5782178217821782,0.5306792579454485,0.6017699115044248,0.537271756021756,0.502283105022831,0.5470185194379623,0.3795493934142114,0.5067081678651927
13,Age,0-4 Years,0.0375178845848126,0.0410560088487774,0.0427631578947368,0.0420818720739854,0.043069488943747,0.0429241305894045,0.0566943305669433,0.044113206543054,0.0359588197625732,0.0449551586788678,0.0459641824362031,0.0451682212163969,0.0374597461640462,0.0454203559955169,0.0339128568362309,0.045376638858545,0.0288751301298559,0.0455484248199895,0.0313140830238873,0.0453526040368801,0.0239126765318179,0.0451965654091783,0.0246247259234272,0.0448415927988704,0.0201447178002894,0.0443776522702378,0.0225095232598407,0.0442509760598566,0.0212969038954841,0.0440338149220979,0.0265951173487439,0.0400176122296851
14,Age,18-34 Years,0.4141274972179535,0.2720516049880636,0.4153508771929824,0.2751838010561819,0.4347917432638268,0.2839780215639264,0.3676132386761324,0.2937872454640216,0.2144229348307965,0.305727332987868,0.4204251433209883,0.3058618588627659,0.3656942602765675,0.3066219589313914,0.415593474994634,0.3056840821116546,0.4104432633828283,0.3052043890961046,0.4143989358754087,0.3044161499051527,0.4216508186575142,0.3034690431088777,0.4314949120143925,0.3032975760903671,0.4287698986975398,0.303876826740466,0.4371464850513679,0.3034485355963694,0.4304122173835232,0.3029564563668388,0.4665054841372803,0.3214952885998148
15,Age,3-5 Years,0.4406392694063927,0.4521482155035235,0.3183391003460207,0.4593007674503593,0.3366013071895425,0.4564894144303618,0.2514668901927913,0.4547365565877805,0.3218970736629667,0.4536762281569403,0.2909460834181078,0.4560293423705546,0.2851851851851852,0.4514877938419771,0.293103448275862,0.4559271840432018,0.3905775075987842,0.4601398909997573,0.3498542274052478,0.4593825515481379,0.357504215851602,0.4594311516618564,0.3610169491525424,0.4715700877130765,0.4217821782178217,0.4693207420545515,0.3982300884955752,0.4627282439782439,0.4977168949771689,0.4529814805620376,0.6204506065857885,0.4932918321348073
16,Age,35-59 Years,0.380848921625775,0.3571679565096113,0.3855263157894736,0.3582532487301127,0.3747570775776038,0.3555327627544171,0.4084091590840916,0.3533718894867573,0.3616078025713019,0.3441166739989114,0.3660392674141342,0.3477087189166407,0.3535707520363705,0.3498157591311249,0.3697145310152393,0.3530123918927381,0.3798695961865103,0.3570726313357319,0.3869090506013412,0.3598353198993224,0.393180667304338,0.3612654748190046,0.3832012143700455,0.3645669909005334,0.3903328509406657,0.3666356963787091,0.3916657047212282,0.3702449251164367,0.386625305732864,0.3732403935169017,0.356115107913669,0.3578295244311752
17,Age,5-17 Years,0.0465264161941603,0.0956109919010985,0.0371710526315789,0.0950096245352536,0.0383423499133357,0.0925993527995892,0.0385461453854614,0.0923392494160466,0.1035909561105364,0.0893695890108821,0.0373902896859621,0.0891075388026607,0.0524247016480394,0.0888260994267166,0.0348787293410603,0.0887436248895444,0.0425182181798257,0.089276704499908,0.0445047941029762,0.0887033409362156,0.0571653631913576,0.088993279990716,0.0521729352898184,0.0893044497176027,0.0567293777134587,0.0898952923094862,0.0408057254992496,0.0902896167317373,0.0437869116506591,0.0908309342788169,0.0589102488501002,0.1041181461325835
18,Age,60 and older,0.1209792803772985,0.2341134377524491,0.119188596491228,0.2294714536044663,0.1090393403014864,0.2249657322926627,0.1287371262873712,0.2163884090901202,0.2844194867247919,0.2158312453234706,0.1301811171427122,0.2121536622015356,0.1908505398749763,0.2093158265152501,0.1459004078128353,0.2071832622475178,0.1382937921209796,0.2028978502482659,0.1228731363963864,0.201692585222429,0.1040904743149721,0.2010756366722233,0.1085062124023163,0.1979893904926263,0.1040231548480463,0.1952145323011006,0.1078725614683135,0.1917659464955999,0.1178786613374694,0.1889384009153445,0.0918740417502063,0.1765394286067413
19,Age,Under 18 Years,1568.0,112981.0,1434.0,114067.0,1528.0,114689.0,1857.0,117386.0,1411.0,116553.0,1617.0,116625.0,1446.0,116002.0,1270.0,115114.0,1298.0,113760.0,1368.0,111913.0,1432.0,110271.0,1352.0,108795.0,1310.0,107603.0,1080.0,106642.0,1066.0,105626.0,1450.0,111955.0
20,Age,Under 6 Years,876.0,39591.0,867.0,41045.0,918.0,42369.0,1193.0,44241.0,991.0,45495.0,983.0,46622.0,810.0,46411.0,696.0,45924.0,658.0,45321.0,686.0,44279.0,593.0,42964.0,590.0,42297.0,505.0,41722.0,452.0,41184.0,438.0,40282.0,577.0,37268.0
21,Educational Attainment,College Degree or higher,0.692734225621415,0.6037814737779744,0.7066545948392938,0.6015770791834534,0.7381294066263181,0.5981580544247345,0.7079624729372144,0.5954773065649281,0.2081856067674317,0.5817083849870736,0.7141424272818455,0.5809853065788942,0.5650528218744704,0.5718184592579675,0.6829926962499233,0.5583391409602758,0.6893136947665308,0.5483582916944467,0.6525857654889913,0.5386867457615273,0.6469924312840261,0.5295800684635643,0.6416257790743933,0.5241250965981674,0.615187417723273,0.5198689199853714,0.586264308012487,0.5138067991451463,0.6000288059916462,0.5124188366490302,0.4999268898961836,0.4497981722207769
22,Educational Attainment,High School or Less,0.1369662205226259,0.2226179457153548,0.1407230162322964,0.2249546945438751,0.1164909215698508,0.2277040043832001,0.1392831368775559,0.2256737658772623,0.5359830814206631,0.2350681531009399,0.1365862292760634,0.2355443598360608,0.24981639455398,0.2375143509031986,0.1452771128705579,0.2434933793052855,0.1317455343152616,0.2497404280502513,0.1582181259600614,0.2564566535550907,0.1661133979551188,0.2634329941120096,0.1599920434955576,0.2697919788036021,0.176609159564886,0.2777815204768412,0.1944502254595907,0.2867029253043871,0.1734120697104997,0.2866962090560432,0.216552127504021,0.3267562373595388
23,Educational Attainment,Some College/Associate Degree,0.1702995538559592,0.1736005805066708,0.1526223889284097,0.1734682262726714,0.145379671803831,0.1741379411920654,0.1527543901852297,0.1788489275578095,0.2558313118119052,0.1832234619119865,0.1492713434420909,0.1834703335850449,0.1851307835715496,0.1906671898388339,0.1717301908795188,0.1981674797344386,0.1789407709182074,0.2019012802553019,0.1891961085509472,0.204856600683382,0.1868941707608551,0.2069869374244261,0.198382177430049,0.2060829245982304,0.2082034227118409,0.2023495595377873,0.2192854665279223,0.1994902755504666,0.2265591242978539,0.2008849542949266,0.2835209825997953,0.2234455904196843
24,Employment,"6-17, Living with One Parent",196.0,20099.0,132.0,20175.0,174.0,19426.0,209.0,20458.0,189.0,20445.0,259.0,19973.0,252.0,20256.0,303.0,20087.0,373.0,19772.0,398.0,19777.0,382.0,19907.0,417.0,19719.0,447.0,20009.0,329.0,20335.0,261.0,20089.0,585.0,19204.0
25,Employment,"6-17, Living with One Parent, Parent Not in Labor Force",0.0,0.1659286531668242,0.0,0.1765551425030979,0.0,0.1788839699371975,0.0909090909090909,0.1864796167758334,0.2063492063492063,0.1962827097089753,0.3281853281853282,0.1985680668903019,0.3015873015873015,0.1812302527646129,0.3762376237623762,0.165181460646189,0.1528150134048257,0.1608335019219097,0.0854271356783919,0.1700965768316731,0.1204188481675392,0.1591400010046717,0.0599520383693045,0.1724732491505654,0.0782997762863534,0.1948123344494977,0.0547112462006079,0.1800835997049422,0.1034482758620689,0.1810443526307929,0.3076923076923077,0.2812955634242866
26,Employment,"6-17, Living with One Parent, Parent in Labor Force",1.0,0.8340713468331757,1.0,0.8234448574969021,1.0,0.8211160300628024,0.9090909090909092,0.8135203832241665,0.7936507936507936,0.8037172902910247,0.6718146718146718,0.8014319331096981,0.6984126984126984,0.8187697472353871,0.6237623762376238,0.8348185393538109,0.8471849865951743,0.8391664980780902,0.914572864321608,0.8299034231683269,0.8795811518324608,0.8408599989953283,0.9400479616306956,0.8275267508494345,0.9217002237136466,0.8051876655505023,0.945288753799392,0.8199164002950577,0.896551724137931,0.818955647369207,0.6923076923076923,0.7187044365757134
27,Employment,"6-17, Living with Two Parents",483.0,49075.0,348.0,48594.0,347.0,48739.0,320.0,48247.0,171.0,46389.0,327.0,46832.0,373.0,46257.0,264.0,45768.0,241.0,45467.0,267.0,44455.0,420.0,43591.0,332.0,43379.0,350.0,42049.0,289.0,41463.0,357.0,41539.0,173.0,48312.0
28,Employment,"6-17, Living with Two Parents, One Parent in Labor Force",0.1055900621118012,0.2628018339276617,0.0632183908045977,0.251903527184426,0.0,0.2531237817764008,0.0,0.2552697577051422,0.0,0.261117937442066,0.0,0.2751323881106935,0.0,0.2824869749443327,0.1742424242424242,0.2922128998426848,0.3319502074688796,0.2958849275298568,0.5355805243445693,0.3079743560904285,0.4714285714285714,0.299786653208231,0.5843373493975904,0.2915927061481362,0.5371428571428571,0.2885918809008537,0.5190311418685121,0.3013047777536599,0.5182072829131653,0.303762729001661,0.3641618497109826,0.3014571948998178
29,Employment,"6-17, Living with Two Parents, Parents Not in Labor Force",0.0,0.0145287824758023,0.0,0.0186854344157714,0.0,0.0172346580766942,0.0,0.0200841503098638,0.0,0.0181508547284916,0.0,0.0196873932353946,0.0,0.0202347752772553,0.053030303030303,0.0196206956825729,0.0414937759336099,0.018540919787978,0.0411985018726591,0.0182881565628163,0.0142857142857142,0.0207841068110389,0.0301204819277108,0.0210009451577952,0.0,0.0214036005612499,0.0,0.0210066806550418,0.0,0.0248681961530128,0.0982658959537572,0.1003477396920019
30,Employment,"6-17, Living with Two Parents, Parents in Labor Force",0.8944099378881988,0.7226693835965359,0.9367816091954024,0.7294110383998025,1.0,0.729641560146905,1.0,0.7246460919849939,1.0,0.7207312078294423,1.0,0.7051802186539119,1.0,0.6972782497784119,0.7727272727272727,0.6881664044747422,0.6265560165975104,0.685574152682165,0.4232209737827715,0.6737374873467551,0.5142857142857142,0.67942923998073,0.3855421686746988,0.6874063486940686,0.4628571428571428,0.6900045185378962,0.4809688581314879,0.6776885415912983,0.4817927170868347,0.671369074845326,0.5375722543352601,0.5981950654081801
31,Employment,Employed Residents,12971.0,475344.0,12916.0,483955.0,13855.0,496966.0,14194.0,511122.0,10494.0,500641.0,14753.0,522693.0,13877.0,514605.0,13751.0,504143.0,13307.0,487737.0,13396.0,477522.0,12893.0,465885.0,12604.0,456055.0,12046.0,449117.0,12171.0,446684.0,11277.0,443834.0,11250.0,427823.0
32,Employment,Managerial Professional,0.7308611518001696,0.636263421858696,0.7380768039640756,0.6344990753272515,0.7473836160230963,0.6206521170462366,0.7086092715231788,0.6037599633746933,0.2525252525252525,0.584368839148212,0.6759303192571002,0.5758313197230497,0.5713050371117677,0.5636459031684495,0.6419169514944367,0.5504787332165675,0.6637108288870519,0.5458249015350486,0.619513287548522,0.5345366286788881,0.6190956332893819,0.5232213958380287,0.5931450333227547,0.5170692131431516,0.5777021417898057,0.5124611181496136,0.5644564949470052,0.5045401223236113,0.596169193934557,0.5047833198898687,0.5418666666666667,0.4833868211853968
33,Employment,Natural Resources,0.0152648215249402,0.0307777104581103,0.0177299473521214,0.029322974243473,0.0064236737639841,0.0278288655561949,0.0045793997463717,0.0286017819620364,0.0581284543548694,0.029214546950809,0.0094895953365417,0.0309416808719458,0.0192404698421849,0.0325375773651635,0.018398661915497,0.0350297435449862,0.0166829488239272,0.0354781367827333,0.0212003583159152,0.0365072185155867,0.0217947723570929,0.0367000440022752,0.0245160266582037,0.0406288715176897,0.0244894570811887,0.0417508132624683,0.0280174184537014,0.0447967690806028,0.0234991575773698,0.0460577603338185,0.0268444444444444,0.042050100158243
34,Employment,Production Transport Materials,0.0432503276539973,0.0523683900501531,0.0514091049860638,0.0536682129536837,0.0324070732587513,0.0556396212215725,0.0427645484007327,0.0568063984723803,0.1406518010291595,0.0570708351892873,0.0343658916830475,0.058803159789781,0.0533977084384232,0.0599275172219469,0.0373790997018398,0.0545757850451161,0.0292327346509355,0.0526451755761814,0.037996416840848,0.0536205661728674,0.0441324749864267,0.0548161026862852,0.0407807045382418,0.0521801098551709,0.0377718744811555,0.0528949026645617,0.0424780215265795,0.056415721180969,0.038396736720759,0.058440768395391,0.0376,0.0745331597412948
35,Employment,Sales and Office,0.1088582221879577,0.1501544144871924,0.1208578507277794,0.1525885671188437,0.1374954889931432,0.1615362016717441,0.1397773707200225,0.1689498788938844,0.2177434724604535,0.1773106876983707,0.1699993221717616,0.1802453830451144,0.1558694242271384,0.1825788711730356,0.1711875499963639,0.1954723163864221,0.1746449237243556,0.1998392576326995,0.164750671842341,0.2054271845066824,0.1602419917784844,0.2118033420264657,0.1737543636940653,0.2171952944272072,0.1586418728208534,0.2180166860751207,0.1705693862459945,0.220927993839045,0.1793916821849782,0.2243113416277256,0.2568,0.2555168843189824
36,Employment,Services,0.101765476832935,0.130436063145848,0.0719262929699597,0.129921170356748,0.0762901479610249,0.1343431945042518,0.1042694096096942,0.1418819772970054,0.3309510196302649,0.1520350910133209,0.1102148715515488,0.154178456570109,0.2001873603804857,0.1613101310714043,0.1311177368918624,0.1644434218069079,0.1157285639137296,0.166212528473337,0.1565392654523738,0.1699084021259753,0.1547351275886139,0.173459115446945,0.1678038717867343,0.1729265110567804,0.2013946538269965,0.1748764798482355,0.1944786788267192,0.1733193935757717,0.1625432295823357,0.166406809753196,0.1368888888888889,0.1434331487554432
37,Employment,"Under 6 Years, Living with One Parent",86.0,6580.0,33.0,6745.0,86.0,7242.0,112.0,7622.0,68.0,8015.0,64.0,8712.0,61.0,8972.0,24.0,9280.0,33.0,9061.0,178.0,9277.0,172.0,9251.0,231.0,9029.0,213.0,9269.0,245.0,9025.0,169.0,8317.0,261.0,8668.0
38,Employment,"Under 6 Years, Living with One Parent, Parent Not in Labor Force",0.0,0.2427051671732522,0.0,0.2317272053372868,0.0,0.2346037006351836,0.0,0.2332721070585148,0.0,0.2331877729257642,0.0,0.1887052341597796,0.0,0.1754346856888096,0.0,0.1479525862068965,0.0,0.1351947908619357,0.0,0.1384068125471596,0.0,0.1318776348502864,0.0,0.1348986598737401,0.0,0.1807098931923616,0.0,0.1905817174515235,0.0,0.2776241433209089,0.5402298850574713,0.3289109367789571
39,Employment,"Under 6 Years, Living with One Parent, Parent in Labor Force",1.0,0.7572948328267477,1.0,0.7682727946627131,1.0,0.7653962993648163,1.0,0.7667278929414851,1.0,0.7668122270742358,1.0,0.8112947658402204,1.0,0.8245653143111904,1.0,0.8520474137931034,1.0,0.8648052091380642,1.0,0.8615931874528403,1.0,0.8681223651497135,1.0,0.8651013401262598,1.0,0.8192901068076384,1.0,0.8094182825484765,1.0,0.722375856679091,0.4597701149425287,0.6710890632210429
40,Employment,"Under 6 Years, Living with Two Parents",748.0,31178.0,794.0,32695.0,780.0,33144.0,1022.0,34687.0,897.0,35920.0,882.0,36371.0,673.0,36135.0,609.0,35287.0,605.0,34710.0,490.0,33503.0,406.0,32018.0,359.0,31593.0,292.0,30861.0,207.0,30505.0,269.0,30522.0,254.0,25388.0
41,Employment,"Under 6 Years, Living with Two Parents, One Parent in Labor Force",0.3221925133689839,0.2492783372891141,0.4571788413098236,0.249365346383239,0.3038461538461538,0.2557325609461742,0.3590998043052837,0.2829878628881137,0.3478260869565217,0.2931514476614699,0.2936507936507936,0.2815154931126447,0.3239227340267459,0.2911304829113048,0.4105090311986863,0.3134015359764219,0.224793388429752,0.3202823393834629,0.2673469387755102,0.3241799241858938,0.2142857142857142,0.3401836466987319,0.1754874651810584,0.3268445541733928,0.0273972602739726,0.3272739055766177,0.2077294685990338,0.3348631371906245,0.2453531598513011,0.3595111722691829,0.5748031496062992,0.370174885772806
42,Employment,"Under 6 Years, Living with Two Parents, Parents Not in Labor Force",0.0,0.0162614664186285,0.0,0.0166386297599021,0.0,0.0095341539946898,0.0,0.009484821402831,0.0,0.0053452115812917,0.0,0.0075884633361744,0.0,0.0085789400857894,0.0,0.0100036840762887,0.0,0.01120714491501,0.0,0.0139688983076142,0.0,0.0153663564245112,0.0,0.0175671826037413,0.0,0.0194420141926703,0.0,0.024356662842157,0.0,0.0238844112443483,0.0433070866141732,0.0863793918386639
43,Employment,"Under 6 Years, Living with Two Parents, Parents in Labor Force",0.6778074866310161,0.7344601962922573,0.5428211586901763,0.7339960238568588,0.6961538461538461,0.7347332850591359,0.6409001956947162,0.7075273157090552,0.6521739130434783,0.7015033407572383,0.7063492063492064,0.7108960435511809,0.6760772659732541,0.7002905770029058,0.5894909688013136,0.6765947799472893,0.775206611570248,0.668510515701527,0.7326530612244898,0.6618511775064919,0.7857142857142857,0.6444499968767569,0.8245125348189415,0.6555882632228658,0.9726027397260274,0.6532840802307119,0.7922705314009661,0.6407801999672185,0.7546468401486989,0.6166044164864688,0.3818897637795275,0.5434457223885301
44,Employment,Unemployment Rate,0.0540011597564511,0.0608135844766881,0.0418481068713558,0.0562046654080624,0.0304586137514743,0.0535574280864409,0.0329745196893309,0.0528643499003607,0.0646137415450338,0.0473714538922793,0.0235908279918059,0.0421464851369989,0.0419744563341387,0.0467561898167262,0.028234629773417,0.0542882955154614,0.0462969588550983,0.0616593070488925,0.046410803127221,0.0674995414830973,0.0600714441933367,0.0756142580428994,0.0672685562051357,0.0824785173449569,0.0698069498069498,0.0804399877212729,0.0627598952718312,0.0751930879380297,0.0663962248530507,0.0714463457119018,0.0513534024791297,0.0459336392752786
45,Employment,Worked in place of residence,0.8195221950642593,0.8253169561041847,0.8101367015748661,0.823000162549794,0.8261831048208758,0.8150015822719782,0.8158143594966174,0.8033030688796547,0.7879966068146472,0.787710045863901,0.7747054747054747,0.7662421676810082,0.763375051574749,0.763732761445209,0.7619047619047619,0.758829095879553,0.7617229265312356,0.75375162546046,0.7787040545661236,0.7547692840780026,0.7681983262276962,0.7585445293737045,0.765044606650446,0.7619994669640917,0.8005785264590778,0.7654151647580465,0.7938161653503613,0.7678917094340922,0.7607703541438481,0.7633115045678713,0.8035502958579882,0.7693386500634328
46,Employment,Worked outside place of residence,0.1804778049357407,0.1746830438958153,0.1898632984251339,0.1769998374502059,0.1738168951791242,0.1849984177280218,0.1841856405033825,0.1966969311203452,0.2120033931853527,0.2122899541360989,0.2252945252945253,0.2337578323189918,0.236624948425251,0.236267238554791,0.238095238095238,0.2411709041204469,0.2382770734687643,0.24624837453954,0.2212959454338764,0.2452307159219974,0.2318016737723038,0.2414554706262954,0.2349553933495539,0.2380005330359082,0.1994214735409222,0.2345848352419535,0.2061838346496387,0.2321082905659077,0.2392296458561519,0.2366884954321287,0.1964497041420118,0.2306613499365671
47,Households,Average Family Household Size,2.847634322373697,3.1319983337300643,2.76040061633282,3.144151117308533,2.7721518987341773,3.2018118894912773,2.791826309067688,3.2615402697381954,4.29207100591716,3.28706601556316,2.700963523743978,3.2517095916023706,2.950286806883365,3.268945126068028,2.7141194724592705,3.289369891655579,2.744906997342781,3.2672108135580915,3.089581304771178,3.2838383338079966,3.1349875930521094,3.298934193677973,3.144634525660964,3.2995935115235646,3.0575386254661696,3.334838052183911,3.0656330749354006,3.339890688687735,2.804492087799898,3.344840920606982,2.935222672064777,3.3800225564931448
48,Households,Average Household Size,1.8531102443030176,2.209471781902731,1.85482158028887,2.237901330812144,1.9593843522873025,2.2943849561823813,1.998769735493131,2.3444979393966285,3.728097795888128,2.3684053111240844,1.9901574803149609,2.359117045903988,1.8354157303370784,2.362153216954271,1.9599913494809689,2.352446654005139,1.951050489495105,2.326626108742424,2.002056907781968,2.3229749890800586,1.988801662433618,2.320853188109825,2.006399813823598,2.3119669277632724,1.956302717900656,2.314770502501632,1.966051920592036,2.3034212201512974,1.918525587498509,2.304953708122554,1.918680023571008,2.2949552827042594
49,Households,Family Households,0.256004927119688,0.4629277618913811,0.2757009345794392,0.4678741837925105,0.2870884993587003,0.4703304028998791,0.3210990362928029,0.4719280924304026,0.7825523245045379,0.4723127316858534,0.3010774968918359,0.479277241058859,0.282067415730337,0.478662290843646,0.2787629757785467,0.4702044464305664,0.2483775162248377,0.4642084744715392,0.2347160324534339,0.4581213162925523,0.2326252597552528,0.4576034099950309,0.2244589248312776,0.4539077458659704,0.2198922211808809,0.4499820682113482,0.2272994244097263,0.4474618425143229,0.2336872241441011,0.4473728166459864,0.2328815556865056,0.4462210095497954
50,Households,Households,9742.0,362994.0,9416.0,361734.0,9356.0,360015.0,9754.0,360574.0,5399.0,347723.0,9652.0,361559.0,11125.0,358942.0,9248.0,358040.0,9091.0,356034.0,8751.0,352566.0,8662.0,348153.0,8594.0,344700.0,8536.0,340178.0,8513.0,337745.0,8383.0,335264.0,8485.0,329850.0
51,Households,"Households with 60 years and older, % of Total (DEC, 65 years and older)",0.1637240812974748,0.3636754326517794,0.1603653355989804,0.3620035716852715,0.1571184266780675,0.3581128564087607,0.2026860775066639,0.3537359876197396,0.5732543063530283,0.3558723466667433,0.2010982179859096,0.3504075406780083,0.2711011235955056,0.3465239509447209,0.2155060553633218,0.3435649648084013,0.2016279837201628,0.3372374548498177,0.1846646097588847,0.3331659887794058,0.1545832371276841,0.3313887859647913,0.1559227367931114,0.3244067304902814,0.1573336457357076,0.3196943952871732,0.1718548102901445,0.3131090023538468,0.1852558749850888,0.3084285816550539,0.111962286387743,0.3122601182355616
52,Households,"Households with Children, % of Total",0.0965920755491685,0.1813693890257139,0.1005734919286321,0.1835188287526193,0.099187687045746,0.1840395539074761,0.1122616362517941,0.1862308430447009,0.2913502500463049,0.1853199241925325,0.1041234977206796,0.1872280872554687,0.0962696629213483,0.1872252341603936,0.0866133217993079,0.1849988828063903,0.0884391156088439,0.1852800575225961,0.0963318477888241,0.1858971086264699,0.1070191641653197,0.1885119473334999,0.098557132883407,0.1874963736582535,0.0987582005623242,0.1873430968492965,0.0807001057206625,0.1865963966898103,0.0781343194560419,0.1864709601985301,0.086859163229228,0.1723874488403819
53,Households,Living in Group Quarters,818.0,26112.0,775.0,24801.0,707.0,23183.0,506.0,19002.0,173.0,19758.0,502.0,20176.0,4952.0,99313.0,3963.0,100859.0,4174.0,101563.0,4169.0,101403.0,4026.0,99865.0,4131.0,98556.0,3847.0,97294.0,0.0,0.0,0.0,0.0,678.0,19742.0
54,Households,Non-Family Households,0.7439950728803121,0.5370722381086189,0.7242990654205608,0.5321258162074894,0.7129115006412997,0.5296695971001208,0.6789009637071971,0.5280719075695973,0.2174476754954621,0.5276872683141466,0.6989225031081641,0.520722758941141,0.7179325842696629,0.5213377091563539,0.7212370242214533,0.5297955535694335,0.7516224837751623,0.5357915255284608,0.7652839675465661,0.5418786837074476,0.7673747402447472,0.5423965900049691,0.7755410751687224,0.5460922541340296,0.7801077788191191,0.5500179317886518,0.7727005755902737,0.552538157485677,0.7663127758558989,0.5526271833540135,0.7671184443134944,0.5537789904502046
55,Households,"Single Person Households, % of Total",0.4912748922192568,0.3880752849909364,0.4901231945624469,0.3795468493423344,0.4411073108165882,0.370431787564407,0.4286446586015993,0.3656974712541669,0.1470642711613261,0.3628462885687745,0.4328636552009946,0.3559889257354954,0.5365393258426966,0.3597628586233987,0.4466911764705882,0.3665847391352921,0.4573754262457375,0.3708775004634388,0.4754885155982173,0.3779462568710539,0.4911105980143154,0.3823635011043995,0.4953455899464742,0.3869567740063823,0.5162839737582006,0.3940848614548853,0.5182661811347351,0.4006306533035278,0.5062626744602171,0.4016058986351055,0.4598703594578668,0.3861755343337881
56,Housing,Median Year Moved In Owner,2011.5007473841556,2007.6477461846248,2013.651090342679,2006.3591026631293,2012.7239819004528,2005.251952191235,2013.1437125748505,2005.4737919483905,1995.5916305916303,2003.1260388697096,2013.717465753425,2007.0089461238213,2003.106936416185,2001.7370067504528,2010.4385113268609,2009.146091310434,2005.3943452380952,2000.187938712356,2003.327948303716,1999.6412538848176,2009.720588235294,2000.6779985725557,2002.1807228915663,1997.5284754672896,2001.9630872483224,1997.1416645945085,2002.9049429657796,1993.848383462497,2002.0146276595744,1995.6842698438252,1992.758064516129,1987.6388952189964
57,Housing,Median Year Moved In Renter,2016.979079497908,2015.9938834595152,2017.0106436898125,2016.5115832671431,2015.0889063729344,2014.5253318985476,2011.054298642534,2011.535989556136,2011.0731707317077,2013.023803462322,2012.5666666666664,2012.8029277571784,2011.4543937708563,2011.2591798383655,2014.0999646767928,2014.2607703428332,2008.4089926502377,2010.163989518698,2007.6209016393443,2008.6635687491075,2010.2254802831144,2010.36722362394,2005.0963956412409,2005.421611492817,2004.1674561819043,2004.352184865961,2005.662209889001,2005.622983870968,2005.0054881571343,2004.8217412659092,1996.4781133355957,1996.148247771288
58,Housing,Median Year Structure Built,1939.0,1945.566896353718,1939.0,1945.1754582655976,1939.0,1944.5780497258984,1939.0,1944.236438679245,1943.9037900874637,1945.37322767794,1939.0,1943.4359038418831,1939.0,1942.3594918609767,1939.0,1942.047870171528,1939.0,1941.6269704596637,1939.0,1941.7023507482008,1940.0,1949.2994290710835,1939.0,1941.2592200959407,1939.0,1941.074692243788,1939.0,1948.3707559981888,1939.0,1939.0,1939.0,1940.100117657312
59,Housing,"Overcrowding, Renter Occupied Housing",0.0390923665063509,0.0734325271237664,0.0463970969414204,0.0787509157344527,0.0354433690818728,0.0820756891618869,0.0353329944077275,0.082845229599508,0.160594439117929,0.0810068776808164,0.0297557172557172,0.0811220554467032,0.1073517126148705,0.0790011969201636,0.0181866454267887,0.0744354303381849,0.0191048034934497,0.0737345626872705,0.0267992816687387,0.0743386762815936,0.0187622514701764,0.0740940461031634,0.0212676056338028,0.0721038566434206,0.0260632965774022,0.0716439754459395,0.0233943002977456,0.0702590000517717,0.0222189950624455,0.06915216052771,0.0890227576974564,0.1382092963593535
60,Housing,Owner Occupied,0.1676247177171012,0.3819677460233502,0.1805437553101104,0.38490990617415,0.1827704147071398,0.3854506062247406,0.1933565716629075,0.3820935508383855,0.6136321541026116,0.3778035965409248,0.2026523000414422,0.3760741677015369,0.1392359550561797,0.3762000546049222,0.1854455017301038,0.3730784269913976,0.1939280607193928,0.3682007898122089,0.1727802536852931,0.3643856753061838,0.1754791041329947,0.366143620764434,0.1738422154991854,0.3660226283724978,0.1819353327085285,0.3693095967405299,0.1715024080817573,0.3709129668832995,0.1785756888941906,0.3750924644459292,0.1202449652573312,0.3497573551713679
61,Housing,Post 1979 All and Pre 1979 Single Family Renter Occupied by Year Structure Built by Units in Structure,2342.0,82164.0,2353.0,77998.0,2239.0,73992.0,2038.0,73349.0,1440.0,69953.0,1886.0,70573.0,1863.0,68451.0,1302.0,67616.0,1312.0,65448.0,1248.0,65701.0,2656.0,114951.0,2634.0,114749.0,2665.0,113799.0,2608.0,113725.0,2537.0,111672.0,699.0,42099.0
62,Housing,Pre 1980 MultiFamily Renter Occupied by Year Structure Built by Units in Structure,5767.0,141862.0,5363.0,144178.0,5407.0,146950.0,5830.0,149184.0,646.0,146145.0,5810.0,154965.0,7713.0,155386.0,6213.0,156751.0,6006.0,159388.0,5978.0,158259.0,4187.0,90725.0,4262.0,89862.0,4117.0,88408.0,4323.0,87105.0,4177.0,88150.0,6750.0,172030.0
63,Housing,Renter Occupied,0.8323752822828988,0.6180322539766497,0.8194562446898895,0.6150900938258499,0.8172295852928602,0.6145493937752594,0.8066434283370925,0.6179064491616145,0.3863678458973884,0.6221964034590752,0.7973476999585578,0.623925832298463,0.8607640449438202,0.6237999453950778,0.8145544982698962,0.6269215730086024,0.8060719392806072,0.6317992101877911,0.8272197463147068,0.6356143246938162,0.8245208958670053,0.6338563792355659,0.8261577845008146,0.6339773716275022,0.8180646672914714,0.63069040325947,0.8284975919182427,0.6290870331167004,0.8214243111058094,0.6249075355540709,0.8797550347426687,0.6502426448286321
64,Housing,Total Number of Units,11455.0,413571.0,11340.0,410552.0,11199.0,407284.0,11191.0,403943.0,5517.0,382814.0,10641.0,396851.0,12130.0,393098.0,10001.0,389511.0,9839.0,385944.0,9645.0,382915.0,9558.0,379773.0,9509.0,377499.0,9434.0,375132.0,9443.0,374229.0,9358.0,371781.0,8778.0,346527.0
65,Housing,Total Vacant Units,1713.0,50577.0,1924.0,48818.0,1843.0,47269.0,1437.0,43369.0,118.0,35091.0,989.0,35292.0,1005.0,34156.0,753.0,31471.0,748.0,29910.0,894.0,30349.0,896.0,31620.0,915.0,32799.0,898.0,34954.0,930.0,36484.0,975.0,36517.0,287.0,16827.0
66,Housing,Vacancy Rate,0.1495416848537756,0.1222933909776072,0.1696649029982363,0.1189082016407178,0.1645682650236628,0.1160590644366093,0.1284067554284693,0.1073641578143451,0.0213884357440638,0.0916659265335123,0.0929423926322714,0.0889301022298041,0.0828524319868095,0.0868892744302947,0.0752924707529247,0.0807961777716162,0.076023986177457,0.077498289907344,0.0926905132192846,0.0792577987281772,0.0937434609750993,0.0832602633678539,0.0962246292985592,0.0868849983708566,0.095187619249523,0.0931778680571105,0.0984856507465847,0.0974911083855072,0.1041889292583885,0.0982218026203598,0.0326953748006379,0.0485589867456215
67,Housing Prices,Contract Rent 100 to 149,0.0,735.0,0.0,669.0,14.0,561.0,88.0,710.0,20.0,848.0,43.0,795.0,22.0,762.0,41.0,965.0,0.0,1047.0,67.0,1198.0,117.0,1115.0,88.0,1235.0,102.0,1291.0,75.0,1188.0,15.0,1189.0,87.0,2218.0
68,Housing Prices,Contract Rent 1000 to 1249,327.0,12360.0,318.0,12735.0,289.0,13883.0,449.0,15685.0,302.0,16005.0,551.0,17491.0,805.0,18314.0,724.0,20972.0,834.0,22300.0,850.0,23989.0,828.0,24438.0,903.0,25594.0,987.0,25189.0,1079.0,26334.0,1078.0,27887.0,804.0,29768.0
69,Housing Prices,Contract Rent 1250 to 1499,383.0,11850.0,459.0,12425.0,520.0,13053.0,501.0,15334.0,223.0,14963.0,611.0,17640.0,728.0,19616.0,841.0,19477.0,862.0,21110.0,1005.0,22981.0,932.0,23214.0,1038.0,23799.0,1092.0,25427.0,1154.0,25043.0,1096.0,24253.0,482.0,17994.0
70,Housing Prices,Contract Rent 150 to 199,11.0,1248.0,25.0,1131.0,49.0,1144.0,29.0,1263.0,0.0,1219.0,11.0,1059.0,19.0,880.0,16.0,811.0,30.0,898.0,50.0,1082.0,56.0,1157.0,62.0,1037.0,51.0,988.0,26.0,959.0,0.0,834.0,131.0,6640.0
71,Housing Prices,Contract Rent 1500 to 1999,1004.0,27125.0,950.0,27134.0,966.0,28583.0,1201.0,31884.0,371.0,31616.0,1196.0,34159.0,1737.0,35576.0,1263.0,38851.0,1428.0,42047.0,1686.0,43104.0,1824.0,44214.0,2244.0,44733.0,1996.0,43113.0,1766.0,43130.0,1294.0,40401.0,625.0,23743.0
72,Housing Prices,Contract Rent 200 to 249,38.0,1262.0,9.0,1483.0,83.0,2141.0,74.0,2304.0,0.0,3011.0,55.0,3326.0,167.0,3487.0,71.0,3469.0,77.0,3989.0,44.0,3926.0,93.0,3442.0,126.0,4052.0,126.0,4233.0,105.0,3905.0,112.0,4157.0,121.0,4167.0
73,Housing Prices,"Contract Rent 2000 to 2499 (Contract Rent 2000 or more, DEC2000 and ACS2009-2014)",1362.0,30319.0,1387.0,29598.0,1314.0,30033.0,1110.0,28406.0,258.0,27086.0,1191.0,29234.0,1204.0,29473.0,822.0,28761.0,853.0,28746.0,866.0,28844.0,1670.0,60838.0,1154.0,54800.0,1196.0,49997.0,1052.0,43369.0,971.0,38455.0,321.0,14053.0
74,Housing Prices,Contract Rent 250 to 299,116.0,2653.0,172.0,3199.0,122.0,4040.0,73.0,6816.0,43.0,6796.0,116.0,6530.0,445.0,6214.0,179.0,6238.0,178.0,5584.0,128.0,5431.0,93.0,5289.0,124.0,4617.0,84.0,4912.0,77.0,5107.0,131.0,4943.0,53.0,3338.0
75,Housing Prices,Contract Rent 2500 to 2999 (ACS2015-),1061.0,22846.0,1030.0,23891.0,1204.0,23653.0,1394.0,24685.0,85.0,24242.0,1021.0,25265.0,593.0,24192.0,937.0,22868.0,715.0,20913.0,514.0,17655.0,79.0,5684.0,37.0,5764.0,38.0,5769.0,84.0,5919.0,111.0,6063.0,,
76,Housing Prices,Contract Rent 300 to 349,19.0,5250.0,2.0,5449.0,2.0,5715.0,27.0,3379.0,18.0,3005.0,28.0,2602.0,74.0,2405.0,25.0,2698.0,64.0,2768.0,66.0,2640.0,37.0,2310.0,33.0,2483.0,76.0,2392.0,47.0,2351.0,16.0,3015.0,129.0,5346.0
77,Housing Prices,Contract Rent 3000 to 3499 (ACS2015-),838.0,23443.0,767.0,21301.0,725.0,21499.0,660.0,22343.0,17.0,21710.0,772.0,21726.0,566.0,19059.0,549.0,16228.0,447.0,13638.0,234.0,11377.0,0.0,0.0,0.0,0.0,0.0,0.0,0.0,0.0,0.0,0.0,,
78,Housing Prices,Contract Rent 350 to 399,1.0,2168.0,0.0,2685.0,23.0,1786.0,63.0,1491.0,26.0,1795.0,94.0,2458.0,87.0,2398.0,68.0,2479.0,45.0,2277.0,27.0,2357.0,22.0,2308.0,32.0,2073.0,20.0,2135.0,39.0,2003.0,60.0,1992.0,197.0,5235.0
79,Housing Prices,Contract Rent 3500 or more (ACS2015-),1943.0,54106.0,1715.0,51935.0,1666.0,46454.0,1266.0,35189.0,97.0,27172.0,879.0,21699.0,523.0,17755.0,465.0,14008.0,364.0,10639.0,314.0,8074.0,0.0,0.0,0.0,0.0,0.0,0.0,0.0,0.0,0.0,0.0,,
80,Housing Prices,Contract Rent 400 to 449,73.0,1585.0,109.0,1400.0,58.0,1212.0,67.0,2155.0,33.0,2320.0,84.0,2476.0,92.0,3090.0,69.0,4110.0,76.0,4150.0,79.0,4019.0,58.0,4073.0,49.0,3501.0,8.0,3185.0,38.0,3064.0,23.0,3259.0,278.0,5503.0
81,Housing Prices,Contract Rent 500 to 549,7.0,1258.0,0.0,1460.0,11.0,1687.0,54.0,2081.0,32.0,2161.0,38.0,2627.0,123.0,2418.0,89.0,2233.0,26.0,2209.0,28.0,2307.0,41.0,2353.0,42.0,2688.0,19.0,3496.0,28.0,4026.0,62.0,4323.0,268.0,5711.0
82,Housing Prices,Contract Rent 550 to 599,43.0,2419.0,46.0,2363.0,30.0,1747.0,14.0,2690.0,63.0,3590.0,68.0,4301.0,422.0,4313.0,82.0,4226.0,108.0,4420.0,82.0,4412.0,174.0,4282.0,137.0,4787.0,106.0,5226.0,89.0,4891.0,91.0,4718.0,345.0,8537.0
83,Housing Prices,Contract Rent 600 to 649,25.0,1843.0,0.0,2304.0,0.0,2531.0,82.0,2173.0,0.0,1783.0,18.0,2201.0,138.0,2096.0,48.0,2260.0,35.0,2602.0,43.0,2951.0,21.0,2960.0,51.0,3458.0,51.0,3042.0,27.0,3149.0,97.0,3226.0,256.0,6972.0
84,Housing Prices,Contract Rent 650 to 699,17.0,1902.0,13.0,1485.0,51.0,1653.0,12.0,2130.0,0.0,2732.0,95.0,3097.0,83.0,3068.0,124.0,3347.0,90.0,3600.0,101.0,3924.0,74.0,3730.0,108.0,3853.0,130.0,4307.0,116.0,4354.0,188.0,4837.0,457.0,9456.0
85,Housing Prices,Contract Rent 700 to 749,32.0,1346.0,97.0,1294.0,18.0,1477.0,17.0,1778.0,11.0,1317.0,48.0,1934.0,222.0,2353.0,109.0,2499.0,104.0,2715.0,98.0,2941.0,178.0,3324.0,70.0,3669.0,71.0,3191.0,93.0,3798.0,92.0,3340.0,502.0,8024.0
86,Housing Prices,Contract Rent 750 to 749,52.0,1231.0,6.0,1843.0,22.0,2128.0,47.0,1856.0,61.0,2719.0,46.0,3140.0,78.0,2883.0,95.0,3171.0,72.0,3493.0,84.0,3794.0,90.0,3669.0,54.0,3703.0,124.0,4732.0,108.0,4357.0,218.0,5126.0,436.0,8938.0
87,Housing Prices,Contract Rent 750 to 799,42.0,1971.0,57.0,1628.0,12.0,1410.0,130.0,2216.0,55.0,1943.0,111.0,2186.0,167.0,2598.0,68.0,2683.0,99.0,3147.0,44.0,2939.0,31.0,3463.0,17.0,3307.0,67.0,2749.0,208.0,3763.0,142.0,4187.0,412.0,8550.0
88,Housing Prices,Contract Rent 800 to 899,69.0,3330.0,132.0,3236.0,251.0,3578.0,215.0,5227.0,37.0,6009.0,237.0,6448.0,577.0,6990.0,340.0,8196.0,367.0,8259.0,371.0,8930.0,352.0,9029.0,359.0,9095.0,314.0,8873.0,380.0,10206.0,616.0,10955.0,871.0,18041.0
89,Housing Prices,Contract Rent 900 to 999,325.0,4376.0,181.0,4635.0,122.0,5326.0,220.0,5184.0,94.0,6380.0,306.0,7088.0,500.0,7599.0,376.0,7175.0,343.0,7452.0,348.0,8051.0,343.0,8357.0,342.0,8953.0,325.0,9207.0,462.0,10760.0,473.0,11497.0,589.0,16283.0
90,Housing Prices,Contract Rent Less than 100,0.0,1142.0,0.0,951.0,0.0,653.0,0.0,705.0,38.0,907.0,30.0,903.0,44.0,1057.0,19.0,1232.0,22.0,1465.0,27.0,1505.0,29.0,1430.0,30.0,1331.0,0.0,1093.0,0.0,795.0,0.0,852.0,24.0,1385.0
91,Housing Prices,Contract Rent Total,8109.0,224342.0,7716.0,222499.0,7646.0,221247.0,7868.0,222801.0,2086.0,216352.0,7696.0,225586.0,9576.0,223908.0,7533.0,224463.0,7328.0,224942.0,7239.0,224096.0,7142.0,220679.0,7100.0,218532.0,6983.0,214547.0,7053.0,212471.0,6886.0,209509.0,7463.0,214198.0
92,Housing Prices,Contract Rent Total No cash Rent (ACS2015-),321.0,6574.0,241.0,6265.0,94.0,5300.0,75.0,5117.0,202.0,5023.0,47.0,5201.0,160.0,5312.0,113.0,5506.0,89.0,5474.0,83.0,5665.0,0.0,0.0,0.0,0.0,0.0,0.0,0.0,0.0,0.0,0.0,75.0,4296.0
93,Housing Prices,"Contract Rent Total No cash Rent (No cash rent, DEC2000 and ACS2009-2014)",1061.0,22846.0,1030.0,23891.0,1204.0,23653.0,1394.0,24685.0,85.0,24242.0,1021.0,25265.0,593.0,24192.0,937.0,22868.0,715.0,20913.0,514.0,17655.0,79.0,5684.0,37.0,5764.0,38.0,5769.0,84.0,5919.0,111.0,6063.0,75.0,4296.0
94,Housing Prices,Contract Rent Total With cash Rent,7788.0,217768.0,7475.0,216234.0,7552.0,215947.0,7793.0,217684.0,1884.0,211329.0,7649.0,220385.0,9416.0,218596.0,7420.0,218957.0,7239.0,219468.0,7156.0,218431.0,7063.0,214995.0,7063.0,212768.0,6945.0,208778.0,6969.0,206552.0,6775.0,203446.0,7388.0,209902.0
95,Housing Prices,Extremely Rent Burdened,0.181033419657171,0.188364193953874,0.1384136858475894,0.1762300055281147,0.1144389223123201,0.1729740968239117,0.1367564819522115,0.1710943846751136,0.2914669223394056,0.1711285312823546,0.1186330561330561,0.1712694936742528,0.2105263157894736,0.1823114850742269,0.1546528607460507,0.189639272396787,0.1558406113537118,0.2033368601683989,0.1759911589998618,0.2083660574039697,0.1974236908429011,0.2156344736019285,0.2464788732394366,0.2184851646440795,0.2665043677502506,0.221047136524864,0.2622997306110874,0.2104240108061806,0.2275631716526285,0.2075137583588294,0.1352003215864933,0.1636709959943603
96,Housing Prices,Home Value 10000 to 14999 ,0.0,212.0,0.0,183.0,0.0,205.0,0.0,175.0,6.0,144.0,0.0,79.0,0.0,98.0,0.0,82.0,0.0,59.0,0.0,74.0,0.0,76.0,0.0,71.0,0.0,59.0,0.0,74.0,0.0,45.0,0.0,62.0
97,Housing Prices,Home Value 100000 to 124999,17.0,786.0,9.0,984.0,8.0,893.0,9.0,644.0,27.0,582.0,0.0,462.0,0.0,422.0,0.0,524.0,0.0,482.0,0.0,477.0,8.0,560.0,11.0,706.0,11.0,668.0,12.0,667.0,10.0,726.0,12.0,663.0
98,Housing Prices,"Home Value 1000000 to 1499999 (1000000 or more, DEC2000 and ACS2009-2014)",584.0,44558.0,501.0,46265.0,438.0,46445.0,587.0,43297.0,786.0,41084.0,700.0,37869.0,442.0,33886.0,530.0,29448.0,419.0,25127.0,245.0,20784.0,231.0,33662.0,246.0,30888.0,224.0,30973.0,254.0,32270.0,354.0,33403.0,52.0,9895.0
99,Housing Prices,Home Value 125000 to 149999,0.0,376.0,0.0,182.0,0.0,99.0,0.0,153.0,7.0,98.0,0.0,59.0,13.0,74.0,0.0,102.0,0.0,122.0,66.0,166.0,68.0,211.0,67.0,247.0,39.0,189.0,36.0,159.0,0.0,149.0,28.0,708.0
100,Housing Prices,Home Value 15000 to 19999 ,0.0,71.0,0.0,103.0,0.0,88.0,0.0,54.0,0.0,89.0,0.0,49.0,0.0,54.0,0.0,51.0,0.0,46.0,0.0,29.0,0.0,187.0,0.0,159.0,0.0,198.0,0.0,191.0,0.0,158.0,0.0,117.0
101,Housing Prices,Home Value 150000 to 174999,0.0,434.0,0.0,319.0,0.0,333.0,0.0,265.0,0.0,197.0,0.0,307.0,0.0,463.0,0.0,490.0,0.0,440.0,0.0,438.0,0.0,484.0,8.0,485.0,19.0,405.0,21.0,503.0,16.0,536.0,8.0,1269.0
102,Housing Prices,Home Value 1500000 to 1999999 (ACS2015-),237.0,29091.0,354.0,28389.0,460.0,28361.0,369.0,24715.0,11.0,20876.0,260.0,19365.0,202.0,15807.0,149.0,12388.0,133.0,9489.0,56.0,7792.0,0.0,0.0,0.0,0.0,0.0,0.0,0.0,0.0,0.0,0.0,,
103,Housing Prices,Home Value 175000 to 199999,0.0,106.0,0.0,160.0,0.0,84.0,0.0,59.0,0.0,50.0,0.0,104.0,0.0,184.0,0.0,187.0,0.0,288.0,0.0,337.0,0.0,418.0,0.0,309.0,0.0,401.0,0.0,318.0,0.0,361.0,7.0,2042.0
104,Housing Prices,Home Value 20000 to 24999 ,45.0,103.0,31.0,76.0,0.0,8.0,0.0,28.0,0.0,47.0,0.0,25.0,0.0,18.0,0.0,39.0,0.0,37.0,0.0,23.0,0.0,26.0,0.0,29.0,0.0,139.0,0.0,143.0,0.0,142.0,0.0,411.0
105,Housing Prices,Home Value 200000 to 249999,0.0,573.0,0.0,506.0,0.0,556.0,0.0,627.0,7.0,537.0,0.0,756.0,0.0,731.0,0.0,877.0,0.0,1051.0,8.0,1321.0,7.0,1541.0,5.0,1595.0,6.0,1551.0,4.0,1776.0,0.0,1667.0,48.0,6734.0
106,Housing Prices,Home Value 2000000 or more (ACS2015-),224.0,33698.0,283.0,33776.0,288.0,30680.0,334.0,24626.0,28.0,20385.0,268.0,21444.0,110.0,18798.0,144.0,15408.0,112.0,12454.0,67.0,10149.0,0.0,0.0,0.0,0.0,0.0,0.0,0.0,0.0,0.0,0.0,,
107,Housing Prices,Home Value 25000 to 29999 ,0.0,11.0,0.0,27.0,0.0,71.0,0.0,82.0,0.0,75.0,0.0,59.0,0.0,49.0,0.0,68.0,0.0,7.0,0.0,12.0,0.0,9.0,0.0,26.0,0.0,19.0,0.0,51.0,0.0,74.0,0.0,777.0
108,Housing Prices,Home Value 250000 to 299999,0.0,419.0,0.0,480.0,0.0,426.0,7.0,749.0,8.0,833.0,40.0,799.0,11.0,1039.0,40.0,977.0,29.0,1075.0,17.0,1169.0,0.0,1519.0,0.0,1456.0,0.0,1495.0,0.0,1421.0,31.0,1463.0,89.0,10611.0
109,Housing Prices,Home Value 30000 to 34999 ,0.0,8.0,0.0,12.0,0.0,0.0,0.0,0.0,0.0,0.0,0.0,10.0,0.0,34.0,0.0,38.0,0.0,64.0,0.0,84.0,0.0,77.0,0.0,58.0,0.0,45.0,0.0,45.0,0.0,21.0,0.0,955.0
110,Housing Prices,Home Value 300000 to 399999,10.0,1602.0,26.0,1818.0,67.0,2252.0,109.0,2573.0,20.0,2432.0,108.0,2460.0,35.0,2805.0,19.0,3145.0,34.0,3943.0,31.0,4767.0,37.0,5129.0,10.0,5243.0,40.0,4933.0,57.0,4397.0,52.0,3406.0,183.0,25189.0
111,Housing Prices,Home Value 35000 to 39999 ,0.0,12.0,0.0,9.0,0.0,5.0,0.0,29.0,10.0,58.0,0.0,45.0,0.0,53.0,22.0,110.0,11.0,84.0,8.0,80.0,5.0,83.0,4.0,101.0,0.0,64.0,0.0,81.0,0.0,123.0,0.0,1056.0
112,Housing Prices,Home Value 40000 to 49999 ,0.0,75.0,0.0,68.0,0.0,65.0,0.0,49.0,0.0,41.0,0.0,74.0,0.0,75.0,0.0,85.0,0.0,208.0,0.0,211.0,0.0,228.0,0.0,279.0,0.0,305.0,0.0,240.0,0.0,225.0,0.0,831.0
113,Housing Prices,Home Value 400000 to 499999,77.0,2288.0,218.0,2258.0,114.0,2266.0,54.0,2185.0,48.0,2168.0,105.0,2820.0,81.0,3895.0,113.0,5230.0,139.0,6965.0,169.0,8565.0,123.0,9354.0,163.0,9796.0,136.0,9546.0,108.0,8321.0,91.0,7079.0,131.0,20035.0
114,Housing Prices,Home Value 50000 to 59999 ,0.0,117.0,0.0,88.0,0.0,91.0,0.0,91.0,0.0,101.0,0.0,91.0,0.0,129.0,0.0,153.0,0.0,195.0,0.0,202.0,0.0,296.0,0.0,398.0,0.0,380.0,0.0,400.0,0.0,402.0,0.0,411.0
115,Housing Prices,Home Value 500000 to 749999,162.0,6702.0,76.0,6738.0,61.0,6778.0,137.0,11672.0,855.0,14124.0,149.0,18502.0,272.0,22866.0,348.0,28879.0,435.0,33939.0,455.0,37576.0,586.0,39490.0,554.0,41232.0,614.0,40918.0,532.0,39818.0,524.0,39479.0,294.0,22252.0
116,Housing Prices,Home Value 60000 to 69999 ,0.0,31.0,0.0,20.0,0.0,14.0,0.0,13.0,0.0,34.0,0.0,67.0,0.0,57.0,0.0,115.0,0.0,191.0,0.0,227.0,0.0,233.0,0.0,299.0,0.0,332.0,0.0,386.0,0.0,505.0,5.0,303.0
117,Housing Prices,Home Value 70000 to 79999 ,0.0,127.0,0.0,191.0,0.0,46.0,0.0,158.0,0.0,201.0,0.0,186.0,0.0,194.0,0.0,223.0,0.0,271.0,0.0,314.0,0.0,258.0,0.0,242.0,0.0,258.0,0.0,437.0,0.0,458.0,0.0,281.0
118,Housing Prices,Home Value 750000 to 999999,277.0,15913.0,202.0,15324.0,274.0,17664.0,280.0,24204.0,1473.0,26087.0,326.0,28869.0,354.0,31656.0,349.0,33015.0,436.0,32795.0,377.0,31905.0,445.0,32153.0,426.0,31352.0,464.0,32015.0,436.0,32698.0,411.0,34403.0,157.0,10032.0
119,Housing Prices,Home Value 80000 to 89999 ,0.0,71.0,0.0,89.0,0.0,43.0,0.0,60.0,4.0,100.0,0.0,148.0,0.0,188.0,0.0,222.0,0.0,247.0,0.0,296.0,0.0,253.0,0.0,263.0,0.0,222.0,0.0,352.0,0.0,425.0,7.0,262.0
120,Housing Prices,Home Value 90000 to 99999 ,0.0,105.0,0.0,16.0,0.0,80.0,0.0,104.0,0.0,92.0,0.0,162.0,0.0,140.0,0.0,110.0,0.0,139.0,0.0,218.0,0.0,202.0,0.0,252.0,0.0,227.0,0.0,295.0,8.0,309.0,0.0,303.0
121,Housing Prices,Home Value Less than 10000,0.0,1163.0,0.0,1154.0,0.0,1215.0,0.0,1161.0,23.0,936.0,0.0,1162.0,29.0,1319.0,1.0,1611.0,15.0,1374.0,13.0,1254.0,10.0,1025.0,0.0,682.0,0.0,289.0,0.0,231.0,0.0,196.0,0.0,116.0
122,Housing Prices,Home Value Total,1633.0,138652.0,1700.0,139235.0,1710.0,138768.0,1886.0,137773.0,3313.0,131371.0,1956.0,135973.0,1549.0,135034.0,1715.0,133577.0,1763.0,131092.0,1512.0,128470.0,1520.0,127474.0,1494.0,126168.0,1553.0,125631.0,1460.0,125274.0,1497.0,125755.0,1021.0,115315.0
123,Housing Prices,Housing Units with a Mortgage,1136.0,88796.0,1396.0,89491.0,1401.0,88696.0,1558.0,89064.0,2100.0,85383.0,1747.0,89744.0,1051.0,89454.0,1443.0,89845.0,1513.0,89772.0,1268.0,89459.0,1299.0,88893.0,1233.0,88729.0,1274.0,89798.0,1147.0,89583.0,1195.0,89788.0,247.0,54435.0
124,Housing Prices,Housing Units with a Mortgage 0 to 30%,654.0,56203.0,755.0,56372.0,962.0,56525.0,974.0,56227.0,1265.0,52776.0,1148.0,55849.0,652.0,55122.0,1016.0,54107.0,938.0,52499.0,748.0,49874.0,736.0,47633.0,677.0,45780.0,600.0,45483.0,534.0,44283.0,594.0,44917.0,106.0,33318.0
125,Housing Prices,Housing Units with a Mortgage 30-50%,169.0,17093.0,287.0,17431.0,262.0,16639.0,342.0,17385.0,455.0,17385.0,413.0,18446.0,265.0,18515.0,262.0,19655.0,373.0,20586.0,301.0,21780.0,304.0,22368.0,258.0,22998.0,331.0,23568.0,314.0,23760.0,313.0,23833.0,83.0,12389.0
126,Housing Prices,Housing Units with a Mortgage 50%+,268.0,15053.0,323.0,15121.0,177.0,15048.0,242.0,14934.0,380.0,14686.0,186.0,14985.0,134.0,15396.0,165.0,15684.0,202.0,16367.0,219.0,17528.0,259.0,18638.0,298.0,19680.0,343.0,20452.0,299.0,21220.0,288.0,20755.0,58.0,8506.0
127,Housing Prices,Housing Units with a Mortgage Not Computed,45.0,447.0,31.0,567.0,0.0,484.0,0.0,518.0,0.0,536.0,0.0,464.0,0.0,421.0,0.0,399.0,0.0,320.0,0.0,277.0,0.0,254.0,0.0,271.0,0.0,295.0,0.0,320.0,0.0,283.0,0.0,222.0
128,Housing Prices,Housing Units without a Mortgage,497.0,49856.0,304.0,49744.0,309.0,50072.0,328.0,48709.0,1213.0,45988.0,209.0,46229.0,498.0,45580.0,272.0,43732.0,250.0,41320.0,244.0,39011.0,221.0,38581.0,261.0,37439.0,279.0,35833.0,313.0,35691.0,302.0,35967.0,93.0,25110.0
129,Housing Prices,Housing Units without a Mortgage 0 to 30%,450.0,40976.0,268.0,41425.0,292.0,41739.0,310.0,40617.0,1102.0,38954.0,190.0,39447.0,412.0,38837.0,260.0,37150.0,234.0,35094.0,217.0,32810.0,192.0,32577.0,208.0,31893.0,226.0,30836.0,244.0,30586.0,249.0,30951.0,93.0,22071.0
130,Housing Prices,Housing Units without a Mortgage 30-50%,0.0,2743.0,8.0,2665.0,17.0,2816.0,18.0,2897.0,60.0,2760.0,19.0,3105.0,32.0,3226.0,0.0,3285.0,0.0,2912.0,13.0,2896.0,14.0,2709.0,13.0,2344.0,16.0,1947.0,36.0,2118.0,27.0,2067.0,0.0,1335.0
131,Housing Prices,Housing Units without a Mortgage 50%+,47.0,5474.0,28.0,4908.0,0.0,4660.0,0.0,4383.0,24.0,3539.0,0.0,3062.0,54.0,2949.0,12.0,2804.0,16.0,2727.0,14.0,2774.0,15.0,2743.0,40.0,2569.0,37.0,2440.0,33.0,2470.0,26.0,2459.0,0.0,1231.0
132,Housing Prices,Housing Units without a Mortgage Not Computed,0.0,663.0,0.0,746.0,0.0,857.0,0.0,812.0,27.0,735.0,0.0,615.0,0.0,568.0,0.0,493.0,0.0,587.0,0.0,531.0,0.0,552.0,0.0,633.0,0.0,610.0,0.0,517.0,0.0,490.0,0.0,473.0
133,Housing Prices,Median Contract Rent,2480.9104258443467,2360.0052772189056,2418.7094448449893,2314.345563889452,2431.1263318112638,2227.5080744514366,2240.3153153153157,2031.349010772372,1372.1973094170403,1913.7382970647773,2016.1628883291355,1820.420679762288,1470.8104395604396,1735.5098943107714,1629.057798891528,1644.6230470258165,1565.6512605042017,1574.3097010488264,1510.6761565836298,1498.2431138766808,1260.978540772532,1277.125786163522,1467.8468208092486,1428.0326904491783,1435.782967032967,1389.1041019388838,1355.6109185441942,1332.518068921455,1243.8543599257885,1264.2868923432152,799.7572815533981,841.380743861205
134,Housing Prices,Median Gross Rent by Bedrooms - 1 Bedroom- COUNTY ONLY,2433.6018735363,2527.9544131073585,2438.244947707793,2527.763279799277,2483.9373401534526,2431.3887613866423,2396.093433461404,2332.782505826766,1247.0525192844248,2236.9238444897705,2076.9049126847053,1987.3592815457653,1821.8944451287105,1879.697100817997,1669.8793205843924,1773.904183048578,1642.2731348860382,1702.3081390250975,1538.2510013351134,1615.6187887418328,,,,,,,,,,,,
135,Housing Prices,Median Gross Rent by Bedrooms - 2 Bedrooms- COUNTY ONLY,3214.7414066631413,3037.3912325463225,2998.2175827632304,2974.0977105440743,2636.729140025576,2888.7137188599822,2493.132553265805,2686.888502338676,1300.604757548033,2478.535920269136,2247.195835732105,2357.3725121002717,2191.40349796773,2259.758818197654,2137.7322722413587,2163.1152869029315,1980.1982812305396,2064.7827937154125,1998.4238985313752,2040.4539020537125,,,,,,,,,,,,
136,Housing Prices,Median Gross Rent by Bedrooms - 3-4 Bedrooms- COUNTY ONLY,6992.248863217402,6430.173012770701,6766.235068177453,6439.977962507547,6384.980459562149,6172.378898796101,6122.586746090841,5879.461080366243,5215.0,5407.014069372479,5732.609703735508,5141.023766261463,5601.0,5049.50689427445,3542.0,4804.605713132323,4137.18176310209,4725.432584904807,,4900.870439210516,,,,,,,,,,,,
137,Housing Prices,Median Gross Rent by Bedrooms - 5 Bedrooms or more- COUNTY ONLY,,2236.218649701972,,1969.8453809326795,,2070.645886936705,,2411.8356148287407,1750.0,2445.470040582478,,1831.595673876872,,1608.7699591836736,1703.203538139623,1489.3307520612218,1691.7227840571088,1810.520923520924,1700.0277690123066,1406.267073943865,,,,,,,,,,,,
138,Housing Prices,Median Gross Rent by Bedrooms - No Bedroom- COUNTY ONLY,2208.89124202349,2056.9530122877245,2284.0113234253363,2019.7694670479325,2235.192055626598,2009.441433506406,2066.957561997904,1869.028631857237,,1853.5116718054253,1609.719535597774,1656.6306397444298,1349.9166406493912,1578.3927933074528,1323.6569663855564,1444.259250117122,1250.2596836467803,1351.2930499794438,1230.7774810858923,1307.3434908332092,,,,,,,,,,,,
139,Housing Prices,Median Home Value,1195633.5616438356,1426646.1690381076,1287425.1497005988,1419458.553982492,1377853.8812785388,1388653.245774572,1295570.69846678,1274285.747280412,858876.4426340801,1202749.2454483495,1178571.4285714286,1141164.276849138,985522.5988700564,1014371.7169332468,975286.5329512892,927726.0336210814,875286.6972477064,859155.3590486355,743956.0439560439,800109.7006738755,535836.8907849829,983842.0055049296,716155.2346570396,744882.6154443151,713965.7980456026,751347.0248321099,731203.007518797,767822.1909596918,760036.496350365,785814.4638548964,494274.8091603053,422742.7002745196
140,Housing Prices,Median Rent,2576.237623762376,2477.560434224673,2526.369582992641,2420.0504501979467,2509.491268033409,2316.617543624611,2313.041385948027,2130.896266987786,1548.469387755102,1990.7136894824707,2065.3609154929577,1896.5871467423435,1533.7800111669458,1806.484197708529,1691.2491178546225,1710.554971943939,1617.6372155287818,1632.989666060664,1562.1319199057716,1558.9823431996829,1954.4449220849008,1965.3573282929492,1526.309523809524,1488.3549711725911,1495.1264488935722,1447.190041902884,1396.7762596071734,1387.895407670619,1287.6890359168242,1328.375972442621,817.4311926605504,927.747476647232
141,Housing Prices,Median Rent as % of Household Income,26.03518181818182,25.094034253511204,25.186237373737374,25.122283722837228,23.196373626373624,24.78552434711643,23.3807,24.74661730346344,30.931578947368426,24.884884489661,21.46868037703513,24.816020014044945,28.195833333333333,25.01581448239451,23.73826992753623,26.056794397037518,24.07927818329278,27.20303856565577,25.498217550274223,27.92436527127097,25.318508997429305,28.632000471809388,27.76705426356589,28.963136085198386,29.54237400530504,28.994228655185047,28.50483443708609,28.385966623770184,27.550250941028857,28.285377898351065,25.281404549950544,25.37444913267698
142,Housing Prices,Rent 100 to 149,0.0,399.0,0.0,333.0,0.0,251.0,52.0,321.0,0.0,458.0,73.0,694.0,22.0,750.0,50.0,972.0,9.0,1113.0,70.0,1137.0,120.0,1000.0,94.0,1037.0,91.0,1015.0,48.0,796.0,0.0,792.0,36.0,1888.0
143,Housing Prices,Rent 1000 to 1249,280.0,10990.0,280.0,11140.0,291.0,12152.0,387.0,14128.0,219.0,15829.0,543.0,16887.0,965.0,17905.0,763.0,19380.0,897.0,20684.0,863.0,23176.0,852.0,23850.0,859.0,24688.0,1033.0,25259.0,1076.0,26026.0,1182.0,27324.0,908.0,31472.0
144,Housing Prices,Rent 1250 to 1499,285.0,11993.0,445.0,12954.0,486.0,13260.0,494.0,15788.0,266.0,15049.0,660.0,17442.0,600.0,18871.0,788.0,19847.0,871.0,22179.0,1032.0,23455.0,899.0,23527.0,976.0,24109.0,949.0,24342.0,1171.0,25891.0,1058.0,25837.0,559.0,20419.0
145,Housing Prices,Rent 150 to 199,0.0,656.0,0.0,664.0,14.0,549.0,36.0,680.0,0.0,652.0,0.0,504.0,0.0,436.0,0.0,530.0,0.0,562.0,13.0,622.0,14.0,558.0,30.0,607.0,41.0,702.0,39.0,721.0,0.0,782.0,81.0,5637.0
146,Housing Prices,Rent 1500 to 1999,1139.0,26179.0,886.0,25819.0,816.0,27908.0,1306.0,30793.0,392.0,31148.0,1160.0,33828.0,1791.0,36134.0,1417.0,39029.0,1494.0,41804.0,1698.0,42873.0,1861.0,43912.0,2100.0,44764.0,2017.0,44086.0,1731.0,42781.0,1439.0,40777.0,651.0,25750.0
147,Housing Prices,Rent 200 to 249,20.0,1114.0,18.0,1291.0,20.0,1363.0,21.0,1752.0,0.0,2198.0,27.0,2088.0,188.0,2115.0,49.0,2279.0,49.0,2726.0,39.0,2892.0,63.0,2835.0,50.0,3427.0,35.0,3379.0,29.0,3218.0,15.0,3222.0,138.0,4434.0
148,Housing Prices,"Rent 2000 to 2499  (Rent 2000 or more, DEC2000 and ACS2009-2014)",1206.0,28833.0,1252.0,28543.0,1347.0,29857.0,1039.0,29065.0,260.0,27648.0,1136.0,30072.0,1211.0,30181.0,802.0,30039.0,858.0,29992.0,947.0,30192.0,1837.0,66552.0,1542.0,60497.0,1437.0,55161.0,1270.0,48885.0,1050.0,43209.0,336.0,15785.0
149,Housing Prices,Rent 250 to 299,18.0,2073.0,41.0,2439.0,53.0,3153.0,120.0,5803.0,34.0,6828.0,79.0,6752.0,420.0,6408.0,133.0,6332.0,133.0,6101.0,121.0,6246.0,85.0,5723.0,101.0,5209.0,79.0,5168.0,63.0,5356.0,134.0,5328.0,94.0,3433.0
150,Housing Prices,Rent 2500 to 2999 (ACS2015-),1010.0,24391.0,1223.0,23658.0,1317.0,23861.0,1499.0,25262.0,157.0,24434.0,1127.0,25889.0,687.0,24624.0,895.0,23011.0,671.0,21664.0,521.0,19249.0,79.0,5684.0,37.0,5764.0,38.0,5769.0,84.0,5919.0,111.0,6063.0,,
151,Housing Prices,Rent 300 to 349,116.0,4729.0,130.0,4995.0,164.0,6496.0,36.0,4202.0,3.0,3376.0,79.0,2910.0,82.0,2456.0,63.0,2707.0,131.0,2713.0,107.0,2489.0,105.0,2480.0,161.0,2326.0,145.0,2344.0,77.0,2147.0,51.0,2557.0,112.0,4508.0
152,Housing Prices,Rent 3000 to 3499 (ACS2015-),935.0,23089.0,763.0,23165.0,781.0,21987.0,617.0,22182.0,70.0,21888.0,682.0,21970.0,551.0,19425.0,590.0,17239.0,548.0,15017.0,265.0,12540.0,0.0,0.0,0.0,0.0,0.0,0.0,0.0,0.0,0.0,0.0,,
153,Housing Prices,Rent 350 to 399,20.0,2940.0,19.0,3246.0,19.0,2204.0,55.0,1664.0,42.0,1675.0,83.0,1848.0,61.0,2357.0,51.0,2210.0,16.0,1989.0,11.0,2084.0,31.0,1863.0,16.0,1785.0,42.0,1994.0,61.0,2073.0,43.0,2051.0,145.0,4710.0
154,Housing Prices,Rent 3500 or more (ACS2015-),2103.0,60110.0,1816.0,56730.0,1703.0,51175.0,1392.0,39942.0,101.0,31116.0,1028.0,25265.0,589.0,21083.0,548.0,16596.0,400.0,12376.0,358.0,9419.0,0.0,0.0,0.0,0.0,0.0,0.0,0.0,0.0,0.0,0.0,,
155,Housing Prices,Rent 400 to 449,73.0,1973.0,101.0,1771.0,64.0,1557.0,87.0,2041.0,45.0,2130.0,40.0,2476.0,81.0,2654.0,79.0,3520.0,132.0,3748.0,105.0,3531.0,70.0,3364.0,67.0,3022.0,22.0,2909.0,56.0,2693.0,60.0,2957.0,181.0,4998.0
156,Housing Prices,Rent 450 to 499,0.0,1146.0,0.0,1365.0,10.0,1344.0,8.0,1820.0,0.0,2017.0,63.0,2634.0,169.0,2839.0,86.0,2806.0,8.0,2819.0,17.0,3015.0,28.0,3140.0,21.0,3012.0,11.0,3707.0,11.0,3919.0,67.0,3851.0,253.0,5235.0
157,Housing Prices,Rent 500 to 549,45.0,1595.0,46.0,2090.0,18.0,1941.0,58.0,2545.0,26.0,3108.0,37.0,3890.0,411.0,3635.0,52.0,3587.0,38.0,3490.0,19.0,3377.0,23.0,3189.0,44.0,3382.0,20.0,3717.0,61.0,3839.0,54.0,4185.0,317.0,6882.0
158,Housing Prices,Rent 550 to 599,25.0,2054.0,0.0,1848.0,19.0,1935.0,40.0,1999.0,11.0,2113.0,11.0,2503.0,71.0,2441.0,27.0,2450.0,24.0,2452.0,27.0,2731.0,15.0,2730.0,7.0,3361.0,23.0,3581.0,66.0,3762.0,75.0,3904.0,260.0,7125.0
159,Housing Prices,Rent 600 to 649,0.0,1502.0,8.0,1609.0,41.0,1676.0,34.0,1974.0,14.0,2322.0,50.0,2561.0,64.0,2668.0,84.0,3093.0,72.0,3223.0,63.0,3152.0,125.0,3149.0,122.0,3230.0,80.0,3283.0,41.0,3458.0,98.0,3487.0,425.0,8197.0
160,Housing Prices,Rent 650 to 699,44.0,1645.0,43.0,1681.0,21.0,1518.0,18.0,1884.0,23.0,2004.0,61.0,2473.0,168.0,2328.0,128.0,2515.0,78.0,2842.0,44.0,3314.0,18.0,3478.0,30.0,4046.0,23.0,3694.0,67.0,3713.0,192.0,3331.0,481.0,8174.0
161,Housing Prices,Rent 700 to 749,14.0,1246.0,67.0,1264.0,18.0,1597.0,58.0,1848.0,42.0,2276.0,118.0,2656.0,198.0,2923.0,101.0,2996.0,119.0,2989.0,117.0,3496.0,183.0,3495.0,152.0,3322.0,178.0,3793.0,176.0,3586.0,83.0,4533.0,468.0,8384.0
162,Housing Prices,Rent 750 to 799,52.0,1523.0,44.0,1563.0,12.0,1657.0,43.0,2450.0,12.0,2100.0,46.0,2412.0,155.0,2399.0,80.0,2728.0,80.0,3363.0,152.0,3196.0,178.0,3461.0,89.0,3629.0,110.0,3511.0,84.0,4044.0,130.0,4164.0,391.0,8123.0
163,Housing Prices,Rent 800 to 899,56.0,3410.0,59.0,3411.0,109.0,3519.0,236.0,4242.0,66.0,4916.0,221.0,5728.0,512.0,5821.0,192.0,6618.0,292.0,7523.0,266.0,8037.0,187.0,7956.0,203.0,8269.0,260.0,8259.0,415.0,9338.0,513.0,9785.0,872.0,17915.0
164,Housing Prices,Rent 900 to 999,347.0,3424.0,234.0,4029.0,229.0,4606.0,157.0,4824.0,63.0,5468.0,325.0,6388.0,408.0,7482.0,432.0,7666.0,306.0,7132.0,287.0,7223.0,352.0,7813.0,385.0,8256.0,349.0,8309.0,427.0,9945.0,531.0,10929.0,672.0,15951.0
165,Housing Prices,Rent Burdened,0.365889752127266,0.3773702650417666,0.3346293416277864,0.3624825280113618,0.2890400209259743,0.3544816426889404,0.3059227249618709,0.3563897828106696,0.4578139980824544,0.3563544593994971,0.2931392931392931,0.3529297030844112,0.4438178780284043,0.3699197884845561,0.3499269879198194,0.3878991192312319,0.353575327510917,0.4067626321451752,0.382649537228899,0.4173791589318863,0.3907868944273313,0.4319849192718836,0.4371830985915493,0.4383156700162905,0.4699985679507375,0.4389853971390884,0.4481780802495392,0.428152547877122,0.4237583502759222,0.4262060341083199,0.3629907543883157,0.3576130496083063
166,Housing Prices,Rent Less than 100,0.0,754.0,0.0,626.0,0.0,381.0,0.0,475.0,38.0,576.0,0.0,515.0,12.0,661.0,10.0,807.0,13.0,967.0,14.0,985.0,17.0,920.0,14.0,790.0,0.0,565.0,0.0,361.0,0.0,441.0,8.0,882.0
167,Housing Prices,Rent Total,8109.0,224342.0,7716.0,222499.0,7646.0,221247.0,7868.0,222801.0,2086.0,216352.0,7696.0,225586.0,9576.0,223908.0,7533.0,224463.0,7328.0,224942.0,7239.0,224096.0,7142.0,220679.0,7100.0,218532.0,6983.0,214547.0,7053.0,212471.0,6886.0,209509.0,7463.0,214198.0
168,Housing Prices,"Rent Total No cash rent  (No cash rent, DEC2000 and ACS2009-2014)",1010.0,24391.0,1223.0,23658.0,1317.0,23861.0,1499.0,25262.0,157.0,24434.0,1127.0,25889.0,687.0,24624.0,895.0,23011.0,671.0,21664.0,521.0,19249.0,79.0,5684.0,37.0,5764.0,38.0,5769.0,84.0,5919.0,111.0,6063.0,75.0,4296.0
169,Housing Prices,Rent Total No cash rent (ACS2015-),321.0,6574.0,241.0,6265.0,94.0,5300.0,75.0,5117.0,202.0,5023.0,47.0,5201.0,160.0,5312.0,113.0,5506.0,89.0,5474.0,83.0,5665.0,0.0,0.0,0.0,0.0,0.0,0.0,0.0,0.0,0.0,0.0,75.0,4296.0
170,Housing Prices,Rent Total With cash rent,7788.0,217768.0,7475.0,216234.0,7552.0,215947.0,7793.0,217684.0,1884.0,211329.0,7649.0,220385.0,9416.0,218596.0,7420.0,218957.0,7239.0,219468.0,7156.0,218431.0,7063.0,214995.0,7063.0,212768.0,6945.0,208778.0,6969.0,206552.0,6775.0,203446.0,7388.0,209902.0
171,Housing Type,10-19 Units,0.139764295067656,0.0925379197284142,0.1778659611992945,0.0923999883084237,0.1748370390213411,0.0900771942919437,0.1830935573228487,0.0930403547035101,0.022294725394236,0.0962190515498388,0.1541208533032609,0.0935187261717874,0.1032976092333058,0.0946685050547191,0.1553844615538446,0.0985825817499377,0.1495070637259884,0.0992631055282631,0.1706583722135821,0.0998890093101602,0.1661435446746181,0.0989643813541247,0.1940267115364391,0.1030360345325418,0.2041551833792664,0.1013723169444355,0.2063962723710685,0.10052668285996,0.1898910023509296,0.1009007991263674,0.1733880154932786,0.1011609484975196
172,Housing Type,2-4 Units,0.2384111741597555,0.2017718843922809,0.2358906525573192,0.2021278668719187,0.232074292347531,0.2101162824957523,0.22812974711822,0.2096360130018344,0.1620445894507884,0.2022287586138438,0.2719669204022178,0.2142365774560225,0.1728771640560593,0.2153279843703097,0.2758724127587241,0.2133649627353271,0.2890537656265881,0.2122846837883216,0.2967340590979782,0.2137759032683493,0.3022598870056497,0.2160211494761344,0.2763697549689767,0.2171740852293648,0.2710409158363366,0.2192934753633387,0.2740654453033993,0.2190690726800969,0.2509083137422526,0.2143170307250774,0.2773980405559353,0.2333180387098263
173,Housing Type,20 Units or More,0.4025316455696202,0.3071685393801789,0.3820987654320987,0.3055252440616536,0.3744084293240468,0.3019416426866756,0.3432222321508354,0.2920684353980636,0.0183070509334783,0.2945817028635316,0.3032609717131848,0.2800774094055451,0.544765045342127,0.2735017730947499,0.3256674332566743,0.2661850371363068,0.3231019412541925,0.2659349542938872,0.2971487817522032,0.2614392228040165,0.2826951245030341,0.2584728245557214,0.257545483226417,0.2548589532687503,0.2219631121475514,0.2540519070620475,0.2021603304034734,0.2523401446707764,0.2419320367599914,0.2510832990389503,0.2574618364092048,0.2294308957166397
174,Housing Type,5-9 Units,0.1622872108249672,0.0921437915134281,0.1516754850088183,0.0930332820203043,0.1496562193052951,0.0927362724781724,0.1655794835135376,0.0943524210098949,0.0170382454232372,0.0946569352218048,0.1809980265012686,0.0983492545060992,0.0963726298433635,0.0986598761631959,0.1803819618038196,0.1020946776856109,0.1613985161093607,0.1036549343946272,0.1477449455676516,0.1040544246112061,0.1697007742205482,0.1046335574145608,0.1669996845094121,0.1019472899265958,0.1705533177867288,0.0992397342802,0.1773800698930424,0.100793898922852,0.1889292583885445,0.0996500628057915,0.2051720209614946,0.1129839810462099
175,Housing Type,Other Type,0.0,0.0023091561062066,0.0,0.0018901381554589,0.0,0.0019715972147199,0.0012510052720936,0.0020002822180357,0.001268805510241,0.0019957472819698,0.0018795226012592,0.0018596400160261,0.0,0.0020529231896371,0.0053994600539946,0.0020589919155043,0.0025409086289257,0.0023319445308127,0.0027993779160186,0.00235039107896,0.0031387319522912,0.0021433856540617,0.0009464717635923,0.0020211974071454,0.0043459826160695,0.0017513835130034,0.0043418405167849,0.0016540674293013,0.0042744176106005,0.0015116426068034,0.0023923444976076,0.0016160356913025
176,Housing Type,Single Family Housing,0.0570056743780008,0.304068708879491,0.0524691358024691,0.3050234805822405,0.0690240200017858,0.3031570108327359,0.0787239746224644,0.3089024936686612,0.7790465832880189,0.3103178044690111,0.0877737054788083,0.3119583924445195,0.0826875515251442,0.315788938127388,0.0572942705729427,0.317713748777313,0.0743978046549446,0.3165303774640881,0.084914463452566,0.3184910489273076,0.0760619376438585,0.3197647015453969,0.1041118939951624,0.3209624396356016,0.127941488234047,0.3242911828369747,0.1356560415122313,0.3256161334370132,0.1240649711476811,0.3325371656970098,0.0841877420824789,0.3214901003385018
177,Income,Household Income 10000 to 14999,254.0,15308.0,281.0,15529.0,266.0,16000.0,368.0,16766.0,160.0,17288.0,381.0,18085.0,1228.0,18491.0,499.0,19887.0,444.0,20617.0,408.0,21438.0,390.0,21208.0,486.0,21150.0,467.0,21154.0,481.0,20189.0,412.0,20010.0,478.0,16394.0
178,Income,Household Income 100000 to 124999,604.0,26735.0,414.0,26209.0,363.0,25620.0,629.0,27559.0,542.0,27970.0,734.0,30267.0,826.0,31518.0,900.0,33643.0,736.0,33784.0,698.0,33451.0,693.0,33454.0,611.0,32521.0,701.0,32239.0,704.0,32711.0,757.0,33163.0,694.0,27331.0
179,Income,Household Income 125000 to 149999,705.0,22202.0,725.0,22308.0,681.0,23366.0,851.0,26235.0,650.0,25181.0,731.0,25995.0,684.0,26865.0,654.0,26092.0,693.0,24878.0,567.0,24220.0,561.0,24036.0,495.0,22511.0,559.0,22628.0,575.0,22421.0,442.0,20872.0,210.0,16203.0
180,Income,Household Income 15000 to 19999,261.0,9038.0,269.0,8663.0,129.0,8641.0,199.0,8796.0,217.0,9914.0,205.0,10648.0,501.0,11261.0,254.0,11817.0,316.0,12624.0,400.0,13153.0,400.0,13637.0,410.0,13054.0,507.0,13720.0,422.0,14251.0,282.0,14661.0,471.0,13984.0
181,Income,Household Income 150000 to 199999,756.0,40776.0,873.0,41831.0,964.0,41397.0,1008.0,42044.0,502.0,41573.0,1289.0,43041.0,1024.0,40710.0,1145.0,38845.0,1218.0,37112.0,949.0,34042.0,852.0,32900.0,732.0,32129.0,685.0,30817.0,504.0,29802.0,563.0,29308.0,244.0,17613.0
182,Income,Household Income 20000 to 24999,304.0,7934.0,226.0,8692.0,190.0,8944.0,241.0,9052.0,156.0,8831.0,226.0,10249.0,386.0,11101.0,262.0,11901.0,246.0,12088.0,311.0,12936.0,322.0,13469.0,457.0,13963.0,351.0,13745.0,500.0,13822.0,565.0,13280.0,416.0,14158.0
183,Income,Household Income 25000 to 29999,183.0,7042.0,188.0,6819.0,109.0,8370.0,76.0,9408.0,97.0,8838.0,191.0,8990.0,155.0,9442.0,263.0,9524.0,281.0,10116.0,276.0,10420.0,328.0,11209.0,323.0,11514.0,386.0,11528.0,351.0,12108.0,300.0,12023.0,458.0,14381.0
184,Income,Household Income 30000 to 34999,86.0,7458.0,93.0,7237.0,154.0,6572.0,221.0,6759.0,142.0,7459.0,303.0,8892.0,303.0,9029.0,308.0,9868.0,200.0,10295.0,286.0,10782.0,286.0,10978.0,320.0,12185.0,288.0,12069.0,283.0,11743.0,302.0,11157.0,481.0,15215.0
185,Income,Household Income 35000 to 39999,150.0,5089.0,214.0,5673.0,197.0,5733.0,252.0,7482.0,65.0,6850.0,98.0,6979.0,349.0,7686.0,149.0,8432.0,176.0,9028.0,265.0,10040.0,181.0,10577.0,210.0,10063.0,271.0,9882.0,343.0,10401.0,343.0,10462.0,525.0,14898.0
186,Income,Household Income 40000 to 44999,243.0,6774.0,167.0,6485.0,173.0,6629.0,223.0,7242.0,168.0,7180.0,147.0,8401.0,358.0,8703.0,146.0,9090.0,242.0,9521.0,283.0,10048.0,387.0,10111.0,349.0,10533.0,444.0,11229.0,372.0,11813.0,371.0,12388.0,505.0,15386.0
187,Income,Household Income 45000 to 49999,227.0,7018.0,209.0,6578.0,178.0,6266.0,148.0,6862.0,218.0,6867.0,115.0,6892.0,179.0,7473.0,156.0,8105.0,220.0,8397.0,196.0,8882.0,170.0,9158.0,190.0,9786.0,178.0,9577.0,194.0,9415.0,271.0,10300.0,393.0,13500.0
188,Income,Household Income 50000 to 59999,290.0,11035.0,285.0,11474.0,333.0,13172.0,319.0,13729.0,322.0,13496.0,198.0,14334.0,597.0,14470.0,399.0,15341.0,489.0,17317.0,479.0,18365.0,440.0,19378.0,499.0,19492.0,627.0,19646.0,681.0,20395.0,701.0,20695.0,850.0,24932.0
189,Income,Household Income 60000 to 74999,595.0,17650.0,513.0,17737.0,378.0,17182.0,444.0,19022.0,613.0,20959.0,486.0,21137.0,879.0,23398.0,615.0,24553.0,704.0,25900.0,766.0,26979.0,702.0,26252.0,622.0,26291.0,494.0,26841.0,604.0,26781.0,718.0,27010.0,723.0,33365.0
190,Income,Household Income 75000 to 99999,931.0,29418.0,1039.0,30304.0,1023.0,30936.0,896.0,29804.0,621.0,30297.0,998.0,32723.0,1109.0,33589.0,856.0,34768.0,854.0,36333.0,853.0,36784.0,991.0,36872.0,995.0,37860.0,1021.0,37058.0,1081.0,37903.0,1015.0,38689.0,1191.0,39969.0
191,Income,Household Income Greater than 200000,3619.0,132400.0,3527.0,130863.0,3972.0,125937.0,3509.0,113561.0,643.0,98664.0,3185.0,97866.0,1743.0,86676.0,2174.0,76014.0,1832.0,65693.0,1554.0,58060.0,1343.0,52380.0,1255.0,48524.0,961.0,45348.0,879.0,42493.0,835.0,39183.0,172.0,20260.0
192,Income,Household Income Less than 10000,534.0,17117.0,393.0,15332.0,246.0,15250.0,370.0,16253.0,283.0,16356.0,365.0,17060.0,804.0,18530.0,468.0,20160.0,440.0,22331.0,460.0,22966.0,616.0,22534.0,640.0,23124.0,596.0,22697.0,539.0,21497.0,506.0,22063.0,674.0,32261.0
193,Income,Households Total for Income,9742.0,362994.0,9416.0,361734.0,9356.0,360015.0,9754.0,360574.0,5399.0,347723.0,9652.0,361559.0,11125.0,358942.0,9248.0,358040.0,9091.0,356034.0,8751.0,352566.0,8662.0,348153.0,8594.0,344700.0,8536.0,340178.0,8513.0,337745.0,8383.0,335264.0,8485.0,329850.0
194,Income,Median Family Income,203917.37767923131,173217.40919847722,203476.84157706093,168157.06857647406,207607.6275252525,162072.2573065061,186972.47706422015,147571.96998698416,89105.30821917808,136237.13751169317,169303.79746835443,131782.45925697073,96341.46341463414,123389.0414629245,146428.57142857142,114544.38509474756,136025.64102564103,104226.22450924336,117539.2670157068,96832.0036998497,109449.40476190476,94375.29425612051,96875.0,91412.3330491617,80743.24324324324,89631.6362975967,77514.36781609195,88215.45859723199,73555.90062111801,86703.84419407802,44358.97435897436,63964.11709159584
195,Income,Median Household Income,132411.3475177305,140630.3486172417,139379.3103448276,140840.72978303747,163381.7427385892,136440.23367285798,139424.20681551116,126479.8932723461,85406.60225442835,117453.07472291742,137961.69630642954,113537.43350844154,71988.05460750853,104995.55809378768,106916.66666666669,96817.47583985272,98053.2786885246,88612.28084661327,82195.19343493553,81982.65550239234,77749.7477295661,78773.52733781732,69959.80707395499,75789.09138932911,64645.748987854255,73882.86576506091,62247.51655629139,73015.850789739,62893.45403899722,71436.31988152536,47983.46055979644,55915.28958767848
196,Income,Percent in Poverty,0.1289336835897711,0.1113604023552502,0.1099972152603731,0.1056659306523586,0.0959101075726914,0.1047756967547361,0.0919926650366748,0.1030257299879177,0.0992847918943081,0.1025115875378968,0.0854410857495373,0.1031213469423362,0.1443133828454929,0.1082799641527579,0.1157276484663911,0.1161249583248412,0.1313629810358212,0.1241638395338585,0.1265638148667601,0.1320454925572838,0.1576638176638176,0.13237241619923,0.1659465605457646,0.1342626531666365,0.1602718059867611,0.1315243500198909,0.1377056832769284,0.1229353033059334,0.1350860188999273,0.1186272068431713,0.1565447227728719,0.1131303602506546
197,Journey to Work,Journey to Work by Bike,0.0653630844437436,0.0329879276302361,0.0621952194420017,0.0328941674178437,0.0735662686127082,0.0341092630722379,0.0809631192260129,0.0335150801847893,0.0,0.0360319321482704,0.0959112959112959,0.0395593184563246,0.0828151291242958,0.0402347124177166,0.0884141818721258,0.0391703298703084,0.0941652665342905,0.0413504597283024,0.1127699886320576,0.040321010944916,0.1071372177483025,0.0380119973241799,0.0939172749391727,0.0349765620975634,0.1088990981793432,0.0337878173375318,0.1118299445471349,0.0309165432438948,0.0974808324205914,0.0296686416502084,,
198,Journey to Work,Journey to Work by Car,0.1876527635417487,0.3452646188684758,0.1980973698936765,0.3458510748341253,0.211484593837535,0.3510609441848422,0.2201934967629301,0.3588679653159753,0.5447412851325851,0.37429372183569,0.2372141372141372,0.3901755455750085,0.234179530324091,0.4020433086110863,0.243806556890669,0.4114097840900359,0.2455323048724606,0.4221576916161781,0.2378931413414172,0.4308964478752917,0.2525659245223433,0.4365885488062991,0.2732360097323601,0.4452395190134804,0.2621235324144972,0.4531176660909666,0.2610485632666778,0.4547285273080058,0.2819459656809054,0.4605014841250592,,
199,Journey to Work,Journey to Work by Carpooled,0.0198691161397145,0.0594444432508384,0.0242225597569749,0.0598689890880534,0.0434910806427834,0.0644066891061601,0.0520840910744162,0.0648023603071281,0.1206673949746747,0.0687035531460274,0.0427581427581427,0.0694032388569016,0.0374570195332504,0.0727092207031444,0.0408693072244474,0.0681800719025877,0.0447533221322743,0.0718422163963489,0.0460780598711633,0.0725140795212214,0.05873993368072,0.0751203570684417,0.0504460665044606,0.075151344123951,0.0524076909988089,0.0802577434686911,0.0482271887077802,0.0780284503840457,0.0595107703541438,0.0793273506346511,,
200,Journey to Work,Journey to Work by Drove Alone,0.1677836474020342,0.2858201756176374,0.1738748101367015,0.2859820857460718,0.1679935131947516,0.2866542550786821,0.1681094056885138,0.2940656050088471,0.4240738901579104,0.3055901686896625,0.1944559944559944,0.3207723067181068,0.1967225107908405,0.3293340879079419,0.2029372496662216,0.3432297121874482,0.2007789827401863,0.3503154752198291,0.1918150814702539,0.3583823683540703,0.1938259908416232,0.3614681917378574,0.2227899432278994,0.3700881748895294,0.2097158414156882,0.3728599226222754,0.2128213745588976,0.37670007692396,0.2224351953267616,0.3811741334904081,,
201,Journey to Work,Journey to Work by Other Journey Type,0.0304344398013088,0.0305493905805866,0.0355743864417619,0.0324318504710777,0.0485036119711042,0.0361559421504925,0.0437913726631265,0.0391636442245334,0.0134074883305194,0.0399008861416274,0.0494109494109494,0.0388361848251384,0.0379691272221815,0.035435220762716,0.0402017504821243,0.0315392734522543,0.0399419581487704,0.0280143667707797,0.0358469117089806,0.0243859660380344,0.037107216169272,0.0231721626986302,0.0356853203568532,0.0223852685000414,0.0323294197719925,0.0208049470705376,0.0272223155772139,0.0207005820962353,0.0287513691128148,0.0203019068408348,,
202,Journey to Work,Journey to Work by Transit,0.2724907356303713,0.1874601186396615,0.2878727316332241,0.2143989563036599,0.2882942650744508,0.2393217190460338,0.2864625009092893,0.2776723592662871,0.3917966034362896,0.3125722620103036,0.4092862092862093,0.3476826498743311,0.4600190211427317,0.3422055421519276,0.4273846610295208,0.340200744907574,0.4317244539483733,0.3361264075128678,0.4190223569533914,0.33148957377498,0.4176535607137218,0.3290030377137092,0.4107866991078669,0.3261373485718893,0.4050535987748851,0.3235692184302985,0.4146361955973786,0.3268556470223538,0.4092734574662285,0.3255488952796738,,
203,Journey to Work,Journey to Work by Walk,0.0989513522037372,0.0936462681789177,0.104884483172116,0.0997802411225646,0.1057791537667698,0.1054430156049005,0.1341383574598094,0.1105132947421516,0.015989671268249,0.1202991391883776,0.1276507276507276,0.1177632890462844,0.1414148803862755,0.1145086825723051,0.1296543539534193,0.1107756825286417,0.1164655567435466,0.1061221844516083,0.1223948465327775,0.1036997110302594,0.1172430127901468,0.1026067312226523,0.1128142741281427,0.1009229583940837,0.1153649821337417,0.0987910300169064,0.1159468996807259,0.0984351140656035,0.1056955093099671,0.0979984523520783,,
204,Journey to Work,Journey to Work by Worked at Home,0.3451076243790901,0.310091676102122,0.3113758094172196,0.2746437098507286,0.2723721067374318,0.2339091159414929,0.2344511529788317,0.1802676562662631,0.0340649518323567,0.116902058675731,0.0805266805266805,0.0659830122229127,0.0436023118004243,0.0655725334842482,0.0705384957721406,0.0669041851511855,0.0721704597525584,0.0662288899202635,0.0720727548313755,0.0692072903365182,0.0682930680562134,0.070617522234529,0.0735604217356042,0.0703383434229416,0.0762293687255402,0.0699293210537588,0.0693160813308687,0.0683635862639066,0.0768528660094925,0.0659806197521453,,
205,Journey to Work,Total Workers 16 Years and Older,12683.0,465443.0,12509.0,473701.0,13566.0,486642.0,13747.0,499596.0,10069.0,489538.0,14430.0,511662.0,13669.0,503595.0,13482.0,494558.0,13094.0,478326.0,13195.0,467523.0,12666.0,455935.0,12330.0,446499.0,11754.0,438886.0,11902.0,435495.0,10956.0,432915.0,,
206,Language Spoken at Home,Asian/Pacific Islander,0.0843472994549358,0.2470039804215141,0.0844215349369988,0.2459647954995896,0.0759646522860749,0.247097183003279,0.068687725249099,0.2481442975804763,0.5541873179704665,0.2558145309884826,0.0763626695027918,0.2516018990089936,0.1937023370233702,0.2531708347159793,0.0794267940457676,0.2568026549790575,0.0806251410516813,0.2561885070759319,0.0672845863371095,0.2592387211354363,0.0820267465990315,0.260963254722774,0.0675543258977462,0.2613799537269324,0.0801087020736102,0.2653853842419396,0.0765233821445441,0.2665288360625807,0.0749116177008411,0.2677287629452116,0.0458593324044344,0.2609588949238919
207,Language Spoken at Home,English Only,0.7692561801464516,0.5640374393838846,0.7583619702176403,0.5661986246521591,0.7690872166419672,0.5709539892586235,0.7767648929404283,0.5733330751346163,0.2372898676613356,0.5682819383259912,0.7724541345386865,0.5713939580039774,0.6107257072570725,0.5691634740112824,0.7746611864030215,0.5625054664191796,0.7930489731437599,0.5601954434407136,0.7763474081702711,0.5575280480692013,0.7729421258934748,0.5543380140103793,0.7763559859357888,0.550138780705953,0.7663496189519702,0.547604150711213,0.7568493150684932,0.546699749514331,0.7714250883822992,0.5455905248223936,0.7950566426364573,0.5425749346208006
208,Language Spoken at Home,Other European Languages,0.0652975829984033,0.0673309517123619,0.0662657502863688,0.0655517407058917,0.0650419891322246,0.0624193320168072,0.0614797540809836,0.059645113932201,0.0099126258239231,0.059691133305852,0.0546663121510236,0.0600565192671686,0.0814268142681426,0.0599342363268876,0.0528771384136858,0.0608971244205595,0.0513428120063191,0.062842279218325,0.0443986726170042,0.0620848055213137,0.0450772423334101,0.0625744610004773,0.0476108133033604,0.0644114427675554,0.0441897560111065,0.0638871509163081,0.047886159659896,0.0637733623530679,0.0525417530171888,0.0625979691493488,0.0652450475555824,0.0667712733856367
209,Language Spoken at Home,Other Languages,0.0170676650333094,0.0104100425997025,0.0242840778923253,0.0108631458829653,0.0234370711894176,0.0116678663049295,0.017754928980284,0.0104836747809647,0.0022482244136732,0.0109883833542754,0.020526455729859,0.0097013546871888,0.0144649446494464,0.0099188512473981,0.0159964452343923,0.0098431988027327,0.0086323628977657,0.0101513500962148,0.0073807071747339,0.0100414772961448,0.0048997002536315,0.0091828376019031,0.0083578304225027,0.0077827552621819,0.0099249719383233,0.0074262630877989,0.0075578649031648,0.0068748924566641,0.014141167865415,0.0074376849790379,0.0167201793178651,0.0093180446590223
210,Language Spoken at Home,Spanish Only,0.0640312723668997,0.1112175858825366,0.0666666666666666,0.1114216932593942,0.0664690707503156,0.1078616294163606,0.075312698749205,0.1083938385717415,0.1963619641306014,0.1052240140253986,0.0759904280776389,0.1072462690326713,0.099680196801968,0.1078126036984524,0.0770384359031326,0.1099515553784705,0.0663507109004739,0.1106224201688145,0.1045886257008811,0.1111069479779037,0.0950541849204519,0.1129414326644662,0.1001210444406017,0.1162870675373771,0.0994269510249896,0.1156970510427402,0.1111832782239017,0.1161231596133562,0.0869803730342557,0.116645058104008,0.0771187980856606,0.1203768524106484
211,Nativity,Foreign Born,0.2148269832017381,0.3403494832376768,0.2267543859649123,0.342062934632266,0.2141919218446347,0.3385720139991239,0.2000799920007999,0.3411085800360263,0.6052411211270381,0.3453368702026664,0.1909086296991527,0.3428171556321123,0.3147849971585527,0.3443893212863572,0.196447735565572,0.3476908126511878,0.1846474165799134,0.3491118540488798,0.198470320900072,0.3513759706790252,0.2143138468463399,0.3552538529141195,0.2014392533873053,0.3557249176341387,0.2093198263386396,0.3570791503803887,0.2049520951171649,0.3563440752225165,0.1792638549185706,0.3562922956380173,0.1691826866375751,0.3676179588095266
212,Population,Total Population,18871.0,828137.0,18240.0,834326.0,19039.0,849196.0,20002.0,864367.0,20301.0,843307.0,19711.0,873136.0,21116.0,868157.0,18636.0,862338.0,18251.0,848284.0,18043.0,838717.0,17773.0,827231.0,17787.0,815872.0,17275.0,806149.0,17326.0,796570.0,16763.0,787463.0,16958.0,776733.0
213,Race/Ethnicity,Asian,3669.0,291269.0,3503.0,291587.0,3535.0,295301.0,3389.0,297045.0,12719.0,295594.0,3064.0,300424.0,6171.0,297109.0,2910.0,294766.0,2571.0,287268.0,2176.0,283839.0,2460.0,277746.0,2103.0,272144.0,2123.0,270041.0,1983.0,266890.0,2156.0,264325.0,1389.0,239938.0
214,Race/Ethnicity,"Asian Alone, Not Hispanic or Latino",3624.0,289132.0,3472.0,289226.0,3526.0,293206.0,3350.0,294750.0,12546.0,292611.0,3025.0,297514.0,6060.0,294288.0,2867.0,292113.0,2523.0,284461.0,2128.0,281309.0,2401.0,275566.0,2007.0,270166.0,2037.0,268086.0,1881.0,265286.0,2056.0,262894.0,1357.0,238597.0
215,Race/Ethnicity,Black/African American,1287.0,40938.0,1470.0,42187.0,1642.0,43734.0,2027.0,44783.0,605.0,44310.0,1350.0,45141.0,1294.0,44954.0,1529.0,45225.0,1647.0,45129.0,2425.0,46350.0,2617.0,47181.0,2924.0,47596.0,2712.0,48063.0,3103.0,49025.0,2671.0,48716.0,3265.0,59060.0
216,Race/Ethnicity,"Black/African American Alone, Not Hispanic or Latino",1262.0,38533.0,1335.0,39883.0,1469.0,41610.0,1705.0,42290.0,484.0,42212.0,1238.0,43367.0,1242.0,43171.0,1529.0,43532.0,1647.0,43280.0,2044.0,44404.0,2193.0,45223.0,2531.0,45513.0,2327.0,45937.0,2699.0,47110.0,2570.0,47512.0,3215.0,57819.0
217,Race/Ethnicity,Latino Population (of Any Race),2694.0,134409.0,2293.0,133028.0,2152.0,131258.0,2640.0,133033.0,5344.0,128095.0,2644.0,133007.0,3533.0,132320.0,2448.0,131645.0,1985.0,129630.0,2679.0,128337.0,2293.0,126317.0,2290.0,123998.0,2291.0,121482.0,2613.0,118832.0,2078.0,115660.0,1650.0,109565.0
218,Race/Ethnicity,Native American Indian,18.0,6014.0,16.0,5476.0,26.0,4682.0,22.0,4168.0,0.0,3742.0,48.0,3223.0,74.0,2746.0,72.0,3306.0,85.0,2922.0,80.0,2854.0,142.0,3124.0,149.0,3430.0,181.0,3690.0,124.0,3733.0,101.0,3994.0,116.0,3524.0
219,Race/Ethnicity,"Native American Indian Alone, Not Hispanic or Latino",18.0,1520.0,16.0,1691.0,26.0,1758.0,22.0,1675.0,0.0,1780.0,40.0,1634.0,32.0,1363.0,62.0,1435.0,77.0,1427.0,71.0,1520.0,91.0,1680.0,62.0,1942.0,46.0,2044.0,13.0,2064.0,0.0,2092.0,69.0,2054.0
220,Race/Ethnicity,Native Hawaiian/Pacific Islander,192.0,2928.0,162.0,3141.0,40.0,3312.0,22.0,3111.0,72.0,3159.0,22.0,3154.0,108.0,2876.0,6.0,3108.0,16.0,3046.0,95.0,3520.0,95.0,3454.0,94.0,3365.0,68.0,3437.0,53.0,3237.0,12.0,3266.0,39.0,3581.0
221,Race/Ethnicity,"Native Hawaiian/Pacific Islander Alone, Not Hispanic or Latino",192.0,2714.0,162.0,2825.0,40.0,3010.0,22.0,2847.0,53.0,3002.0,8.0,2900.0,99.0,2659.0,0.0,2807.0,10.0,2800.0,89.0,3241.0,95.0,3297.0,94.0,3266.0,68.0,3374.0,53.0,3194.0,12.0,3259.0,39.0,3379.0
222,Race/Ethnicity,Other/Two or More Races,3507.0,163040.0,3040.0,153653.0,2593.0,145963.0,2827.0,139467.0,4053.0,125071.0,2372.0,115689.0,2565.0,114521.0,1892.0,108266.0,1690.0,101232.0,1497.0,93165.0,1336.0,86057.0,1424.0,78343.0,1417.0,72083.0,1549.0,65327.0,1613.0,61023.0,1296.0,85305.0
223,Race/Ethnicity,"Population, Not Hispanic or Latino",16177.0,693728.0,15947.0,701298.0,16887.0,717938.0,17362.0,731334.0,14957.0,715212.0,17067.0,740129.0,17583.0,735837.0,16188.0,730693.0,16266.0,718654.0,15364.0,710380.0,15480.0,700914.0,15497.0,691874.0,14984.0,684667.0,14713.0,677738.0,14685.0,671803.0,15308.0,667168.0
224,Race/Ethnicity,Some Other Race Alone,965.0,64723.0,1272.0,64679.0,884.0,65376.0,1033.0,67048.0,3249.0,65222.0,1096.0,67055.0,1311.0,67260.0,938.0,64657.0,776.0,59600.0,706.0,54310.0,625.0,49468.0,618.0,43764.0,658.0,38956.0,787.0,35292.0,812.0,33147.0,494.0,49990.0
225,Race/Ethnicity,"Some Other Race Alone, Not Hispanic or Latino",321.0,6455.0,529.0,6437.0,230.0,5958.0,200.0,5572.0,16.0,4507.0,152.0,3626.0,150.0,4163.0,37.0,4369.0,45.0,4217.0,17.0,3941.0,104.0,4109.0,85.0,3747.0,154.0,3178.0,137.0,2895.0,128.0,2817.0,32.0,2211.0
226,Race/Ethnicity,Two Or More Races,2542.0,98317.0,1768.0,88974.0,1709.0,80587.0,1794.0,72419.0,804.0,59849.0,1276.0,48634.0,1254.0,47261.0,954.0,43609.0,914.0,41632.0,791.0,38855.0,711.0,36589.0,806.0,34579.0,759.0,33127.0,762.0,30035.0,801.0,27876.0,802.0,35315.0
227,Race/Ethnicity,"Two Or More Races, Not Hispanic or Latino",1037.0,50101.0,1012.0,48020.0,1132.0,46750.0,1299.0,45411.0,462.0,41578.0,997.0,37097.0,933.0,36981.0,762.0,33881.0,789.0,32874.0,691.0,29746.0,659.0,28138.0,692.0,26593.0,614.0,25118.0,561.0,22816.0,660.0,21598.0,617.0,24222.0
228,Race/Ethnicity,"White Alone, Not Hispanic or Latino",9723.0,305273.0,9421.0,313216.0,10464.0,325646.0,10764.0,338789.0,1396.0,329522.0,11607.0,353991.0,9067.0,353212.0,10931.0,352556.0,11175.0,349595.0,10324.0,346219.0,9937.0,342901.0,10026.0,340647.0,9738.0,336930.0,9369.0,334373.0,9259.0,331631.0,9979.0,338886.0
229,Race/Ethnicity,"White, Including Hispanic or Latino",10198.0,323948.0,10049.0,338282.0,11203.0,356204.0,11715.0,375793.0,2852.0,371431.0,12855.0,405505.0,10904.0,405951.0,12227.0,407667.0,12242.0,408687.0,11770.0,408989.0,11123.0,409669.0,11093.0,410994.0,10774.0,408835.0,10514.0,408358.0,10210.0,406139.0,10853.0,385325.0
230,Sex,Female,0.4263155105717768,0.4867226074912725,0.443859649122807,0.4860857746252663,0.4424076894794895,0.4853108116383026,0.4441055894410559,0.4877187583514872,0.5086941529973893,0.4904346815572502,0.4331084166201613,0.4899431474592732,0.4490433794279219,0.4898284526877051,0.420100880017171,0.4902520821302088,0.4231548956221577,0.4905255786977003,0.4032034584049215,0.4911024815283343,0.4254205817813537,0.4916014994602475,0.4132231404958678,0.4920342896925008,0.4424312590448625,0.4927835921151052,0.4635807457001039,0.4931933163438241,0.4691284376304957,0.4936320817613018,0.4304163226795612,0.4914455803989273
231,Sex,Male,0.5736844894282233,0.5132773925087274,0.5561403508771929,0.5139142253747336,0.5575923105205105,0.5146891883616974,0.5558944105589441,0.5122812416485127,0.4913058470026107,0.5095653184427498,0.5668915833798387,0.5100568525407267,0.5509566205720781,0.5101715473122949,0.579899119982829,0.5097479178697912,0.5768451043778423,0.5094744213022997,0.5967965415950784,0.5088975184716656,0.5745794182186462,0.5083985005397526,0.5867768595041323,0.5079657103074993,0.5575687409551375,0.5072164078848947,0.5364192542998961,0.5068066836561759,0.5308715623695043,0.5063679182386982,0.5695836773204387,0.5085544196010727
232,Unit Size,1 Bedroom,4266.0,105697.0,3871.0,104704.0,3536.0,103595.0,3658.0,101827.0,522.0,95564.0,3479.0,99415.0,3438.0,101416.0,3739.0,101729.0,3675.0,104137.0,3739.0,104433.0,3731.0,104092.0,3745.0,101808.0,3525.0,101489.0,3457.0,101201.0,3642.0,101611.0,3164.0,96929.0
233,Unit Size,2 Bedrooms,3276.0,122995.0,3397.0,121577.0,3649.0,120854.0,3521.0,120274.0,2152.0,115121.0,3237.0,118913.0,2471.0,117901.0,2694.0,118927.0,2569.0,118990.0,2423.0,117520.0,2362.0,118564.0,2318.0,118579.0,2372.0,115977.0,2403.0,115281.0,2384.0,114638.0,1995.0,103199.0
234,Unit Size,3-4 Bedrooms,1711.0,110262.0,1539.0,109923.0,1605.0,109063.0,1652.0,108530.0,2439.0,102574.0,1795.0,106979.0,1309.0,104785.0,1484.0,102199.0,1577.0,99363.0,1423.0,97922.0,1596.0,96723.0,1535.0,96440.0,1621.0,96404.0,1635.0,95490.0,1547.0,94350.0,1182.0,78124.0
235,Unit Size,5 or More Bedrooms,76.0,11223.0,145.0,11034.0,38.0,10909.0,73.0,11065.0,286.0,10155.0,142.0,10137.0,93.0,10298.0,284.0,10185.0,333.0,9548.0,332.0,9881.0,243.0,9979.0,276.0,9700.0,186.0,9647.0,229.0,9581.0,193.0,9450.0,183.0,5997.0
236,Unit Size,No Bedroom,2126.0,63394.0,2388.0,63314.0,2371.0,62863.0,2287.0,62247.0,118.0,59400.0,1988.0,61407.0,4819.0,58698.0,1800.0,56471.0,1685.0,53906.0,1728.0,53159.0,1626.0,50415.0,1635.0,50972.0,1730.0,51615.0,1719.0,52676.0,1592.0,51732.0,2254.0,62278.0
237,Vehicles Available,Households with no Vehicle,0.4885033873947854,0.3018066414320898,0.4633602378929481,0.2997340587282368,0.4289226165027789,0.2992847520242212,0.4329505843756407,0.3057846655610221,0.1422485645489905,0.3133212355811954,0.4165975963530874,0.3084199259318673,0.5434606741573034,0.3056426943628775,0.4312283737024221,0.304463188470562,0.4249257507424925,0.3036563923670211,0.433778996686093,0.3048450502884566,0.4329254213807434,0.3040444861885435,0.4493832906679078,0.3023730780388743,0.4497422680412371,0.3051961032165513,0.4657582520850464,0.301301277591082,0.4307527138255994,0.2969421112914002,0.3868802261217759,0.2856475583864118
238,Vehicles Available,Percent of No Vehicle Homeowning Households,0.2259644825474586,0.1134494994662897,0.2635294117647059,0.1080978202319819,0.1912280701754386,0.1070707944194627,0.1394485683987274,0.1070238726020337,0.0893450045276184,0.1080527665923225,0.1906952965235173,0.1051164569436579,0.1755971594577146,0.1053216227024304,0.1941690962099125,0.1083345186671358,0.2047646057855927,0.1061925975650688,0.2208994708994709,0.1004670351054721,0.2263157894736842,0.0974002541694777,0.2101740294511379,0.0958404666793481,0.2176432710882163,0.0943477326456049,0.1931506849315068,0.0921579896866069,0.1736806947227789,0.0918134467814401,0.1302644466209598,0.110965615921606
239,Vehicles Available,Percent of No Vehicle Renting Households,0.5413737822172894,0.4182186126538945,0.5073872472783826,0.4196558186778367,0.4820821344493853,0.4198429809217752,0.5033045246568378,0.4286919717595522,0.2262703739213806,0.4379622097322881,0.474012474012474,0.4309620277854122,0.6029657477025898,0.4264519356164138,0.4851984601088543,0.4211785461300971,0.4778930131004367,0.4187346071431747,0.4782428512225445,0.4220111023846922,0.47689722766732,0.4234113803307066,0.4997183098591549,0.4216133106364285,0.5013604467993699,0.4286613189650752,0.5221891393733163,0.4246132413364647,0.4866395585245425,0.4200678729792038,0.421954484605087,0.3796067821909182
240,Vehicles Available,Vehicles Available,6467.0,373023.0,6440.0,379835.0,6573.0,380150.0,6961.0,378485.0,9411.0,362471.0,7028.0,390320.0,6557.0,388399.0,6825.0,388467.0,6559.0,383323.0,6455.0,375627.0,6458.0,375369.0,6588.0,372514.0,6227.0,367044.0,6431.0,365371.0,6965.0,364274.0,6979.0,367151.0
241,Vehicles Available,Vehicles Homeowners,0.3046234730168548,0.5594742078283287,0.287888198757764,0.5657608681083313,0.2809980222120797,0.5700790731788274,0.319925298089355,0.5711481528289051,0.7141642758474126,0.5648345409473915,0.28229937393284,0.5565533206654033,0.3181096808323047,0.5553809836475627,0.2647619047619047,0.5525262094558169,0.269858210093002,0.5462797370659164,0.2562354763749032,0.5469251903942424,0.2585939919479715,0.5457791173118576,0.2650273224043716,0.5444027840510228,0.2697928376425245,0.5523627146343226,0.2943554657129529,0.552667437902535,0.2791098348887293,0.5531967258448095,0.1742369967043989,0.4896650152117249
242,Vehicles Available,Vehicles Per Capita,0.3426951406920672,0.4719904241198807,0.3530701754385965,0.4724768416875745,0.3452387205210357,0.4671478849008562,0.348015198480152,0.4563546130417693,0.4635732229939411,0.4449784613193777,0.3565521789863528,0.4511556297361401,0.3105228262928585,0.4534357418958659,0.3662266580811333,0.4552685550880729,0.359377568352419,0.4580212232841963,0.357756470653439,0.4559055920884947,0.3633601530411298,0.4571076118234303,0.3703828638893573,0.463882067553634,0.3604630969609262,0.4631452499233441,0.3711762668821424,0.4659102356642171,0.4154984191373859,0.4783266956335622,0.4115461728977473,0.4726862383856486
243,Vehicles Available,Vehicles Renters,0.6953765269831452,0.4467231243113695,0.712111801242236,0.4443587347137573,0.7190019777879203,0.4397764040510324,0.680074701910645,0.4387994240194459,0.2858357241525874,0.445563920975747,0.7177006260671599,0.4499615699938512,0.7248741802653652,0.4512009557182176,0.7352380952380952,0.456509819366896,0.7301417899069981,0.4621141961218085,0.7437645236250968,0.4610451325383958,0.7414060080520285,0.461623096206666,0.7349726775956285,0.4628926698056986,0.7302071623574755,0.4585417552119092,0.7056445342870471,0.4560679419001508,0.7208901651112707,0.450833713084107,0.825763003295601,0.5103349847882751
