,Category,Attribute,2000_Hayes Valley,2010_Hayes Valley,2011_Hayes Valley,2012_Hayes Valley,2013_Hayes Valley,2014_Hayes Valley,2015_Hayes Valley,2016_Hayes Valley,2017_Hayes Valley,2018_Hayes Valley,2019_Hayes Valley,2020_Hayes Valley,2021_Hayes Valley,2022_Hayes Valley,2023_Hayes Valley,2024_Hayes Valley
227,Affordability,# Units at or below 100 AMI Monthly Affordable Rent,7380.0,6886.0,7053.0,6983.0,7086.0,7125.0,6784.0,6826.0,6862.0,8815.0,6621.0,1745.0,6401.0,5849.0,5659.0,5685
218,Affordability,# Units at or below 30 AMI Monthly Affordable Rent,4926.0,4286.0,3968.0,3491.0,3407.0,3348.0,5051.0,4749.0,5377.0,4575.0,5939.0,1258.0,5784.0,5849.0,4896.0,4750
221,Affordability,# Units at or below 50 AMI Monthly Affordable Rent,7044.0,6775.0,6969.0,6945.0,7049.0,7125.0,6519.0,6826.0,6862.0,8264.0,6621.0,1745.0,6401.0,5849.0,5659.0,5685
224,Affordability,# Units at or below 80 AMI Monthly Affordable Rent,7380.0,6886.0,7053.0,6983.0,7086.0,7125.0,6784.0,6826.0,6862.0,8815.0,6621.0,1745.0,6401.0,5849.0,5659.0,5685
225,Affordability,100 AMI Annual Income,47983.46055979644,62893.45403899722,62247.51655629139,64645.748987854255,69959.80707395499,77749.7477295661,82195.19343493553,98053.2786885246,106916.66666666669,71988.05460750853,137961.69630642954,85406.60225442835,139424.20681551116,163381.7427385892,139379.3103448276,132411.3475177305
226,Affordability,100 AMI Monthly Affordable Rent,3998.62171331637,5241.121169916435,5187.293046357616,5387.145748987855,5829.983922829582,6479.145644130508,6849.599452911294,8171.10655737705,8909.722222222224,5999.004550625711,11496.808025535795,7117.216854535695,11618.683901292598,13615.145228215768,11614.942528735633,11034.278959810874
216,Affordability,30 AMI Annual Income,14395.038167938932,18868.036211699164,18674.254966887416,19393.724696356276,20987.942122186494,23324.924318869827,24658.558030480657,29415.98360655738,32075.000000000004,21596.41638225256,41388.50889192886,25621.980676328505,41827.26204465335,49014.522821576764,41813.793103448275,39723.40425531915
217,Affordability,30 AMI Monthly Affordable Rent,1199.586513994911,1572.3363509749304,1556.1879139072846,1616.1437246963562,1748.9951768488745,1943.7436932391522,2054.879835873388,2451.331967213115,2672.916666666667,1799.7013651877132,3449.0424076607383,2135.1650563607086,3485.605170387779,4084.5435684647305,3484.4827586206898,3310.283687943262
219,Affordability,50 AMI Annual Income,23991.73027989822,31446.72701949861,31123.758278145695,32322.874493927127,34979.903536977494,38874.87386478305,41097.596717467764,49026.6393442623,53458.33333333334,35994.027303754265,68980.84815321477,42703.301127214174,69712.10340775558,81690.8713692946,69689.6551724138,66205.67375886525
220,Affordability,50 AMI Monthly Affordable Rent,1999.310856658185,2620.5605849582175,2593.646523178808,2693.5728744939274,2914.991961414791,3239.572822065254,3424.799726455647,4085.553278688525,4454.861111111112,2999.5022753128555,5748.404012767897,3558.6084272678477,5809.341950646299,6807.572614107884,5807.471264367817,5517.139479905437
222,Affordability,80 AMI Annual Income,38386.76844783715,50314.76323119778,49798.013245033115,51716.59919028341,55967.84565916399,62199.79818365288,65756.15474794843,78442.62295081968,85533.33333333336,57590.44368600682,110369.35704514364,68325.28180354268,111539.36545240894,130705.39419087138,111503.44827586209,105929.0780141844
223,Affordability,80 AMI Monthly Affordable Rent,3198.897370653096,4192.896935933149,4149.834437086093,4309.716599190284,4663.987138263666,5183.3165153044065,5479.679562329035,6536.885245901641,7127.77777777778,4799.203640500568,9197.446420428636,5693.773483628556,9294.947121034078,10892.116182572614,9291.954022988508,8827.4231678487
0,Age,0-2 Years,0.3795493934142114,0.502283105022831,0.6017699115044248,0.5782178217821782,0.6389830508474577,0.642495784148398,0.6501457725947521,0.6094224924012158,0.7068965517241379,0.7148148148148148,0.7090539165818922,0.6781029263370333,0.7485331098072087,0.6633986928104575,0.6816608996539792,0.5593607305936074
1,Age,0-4 Years,0.0265951173487439,0.0212969038954841,0.0225095232598407,0.0201447178002894,0.0246247259234272,0.0239126765318179,0.0313140830238873,0.0288751301298559,0.0339128568362309,0.0374597461640462,0.0459641824362031,0.0359588197625732,0.0566943305669433,0.043069488943747,0.0427631578947368,0.0375178845848126
2,Age,18-34 Years,0.4665054841372803,0.4304122173835232,0.4371464850513679,0.4287698986975398,0.4314949120143925,0.4216508186575142,0.4143989358754087,0.4104432633828283,0.415593474994634,0.3656942602765675,0.4204251433209883,0.2144229348307965,0.3676132386761324,0.4347917432638268,0.4153508771929824,0.4141274972179535
3,Age,3-5 Years,0.6204506065857885,0.4977168949771689,0.3982300884955752,0.4217821782178217,0.3610169491525424,0.357504215851602,0.3498542274052478,0.3905775075987842,0.293103448275862,0.2851851851851852,0.2909460834181078,0.3218970736629667,0.2514668901927913,0.3366013071895425,0.3183391003460207,0.4406392694063927
4,Age,35-59 Years,0.356115107913669,0.386625305732864,0.3916657047212282,0.3903328509406657,0.3832012143700455,0.393180667304338,0.3869090506013412,0.3798695961865103,0.3697145310152393,0.3535707520363705,0.3660392674141342,0.3616078025713019,0.4084091590840916,0.3747570775776038,0.3855263157894736,0.380848921625775
5,Age,5-17 Years,0.0589102488501002,0.0437869116506591,0.0408057254992496,0.0567293777134587,0.0521729352898184,0.0571653631913576,0.0445047941029762,0.0425182181798257,0.0348787293410603,0.0524247016480394,0.0373902896859621,0.1035909561105364,0.0385461453854614,0.0383423499133357,0.0371710526315789,0.0465264161941603
6,Age,60 and older,0.0918740417502063,0.1178786613374694,0.1078725614683135,0.1040231548480463,0.1085062124023163,0.1040904743149721,0.1228731363963864,0.1382937921209796,0.1459004078128353,0.1908505398749763,0.1301811171427122,0.2844194867247919,0.1287371262873712,0.1090393403014864,0.119188596491228,0.1209792803772985
7,Age,Under 18 Years,1450.0,1066.0,1080.0,1310.0,1352.0,1432.0,1368.0,1298.0,1270.0,1446.0,1617.0,1411.0,1857.0,1528.0,1434.0,1568.0
8,Age,Under 6 Years,577.0,438.0,452.0,505.0,590.0,593.0,686.0,658.0,696.0,810.0,983.0,991.0,1193.0,918.0,867.0,876.0
228,Educational Attainment,College Degree or higher,0.4999268898961836,0.6000288059916462,0.586264308012487,0.615187417723273,0.6416257790743933,0.6469924312840261,0.6525857654889913,0.6893136947665308,0.6829926962499233,0.5650528218744704,0.7141424272818455,0.2081856067674317,0.7079624729372144,0.7381294066263181,0.7066545948392938,0.692734225621415
229,Educational Attainment,High School or Less,0.216552127504021,0.1734120697104997,0.1944502254595907,0.176609159564886,0.1599920434955576,0.1661133979551188,0.1582181259600614,0.1317455343152616,0.1452771128705579,0.24981639455398,0.1365862292760634,0.5359830814206631,0.1392831368775559,0.1164909215698508,0.1407230162322964,0.1369662205226259
230,Educational Attainment,Some College/Associate Degree,0.2835209825997953,0.2265591242978539,0.2192854665279223,0.2082034227118409,0.198382177430049,0.1868941707608551,0.1891961085509472,0.1789407709182074,0.1717301908795188,0.1851307835715496,0.1492713434420909,0.2558313118119052,0.1527543901852297,0.145379671803831,0.1526223889284097,0.1702995538559592
9,Employment,"6-17, Living with One Parent",585.0,261.0,329.0,447.0,417.0,382.0,398.0,373.0,303.0,252.0,259.0,189.0,209.0,174.0,132.0,196.0
10,Employment,"6-17, Living with One Parent, Parent Not in Labor Force",0.3076923076923077,0.1034482758620689,0.0547112462006079,0.0782997762863534,0.0599520383693045,0.1204188481675392,0.0854271356783919,0.1528150134048257,0.3762376237623762,0.3015873015873015,0.3281853281853282,0.2063492063492063,0.0909090909090909,0.0,0.0,0.0
11,Employment,"6-17, Living with One Parent, Parent in Labor Force",0.6923076923076923,0.896551724137931,0.945288753799392,0.9217002237136466,0.9400479616306956,0.8795811518324608,0.914572864321608,0.8471849865951743,0.6237623762376238,0.6984126984126984,0.6718146718146718,0.7936507936507936,0.9090909090909092,1.0,1.0,1.0
12,Employment,"6-17, Living with Two Parents",173.0,357.0,289.0,350.0,332.0,420.0,267.0,241.0,264.0,373.0,327.0,171.0,320.0,347.0,348.0,483.0
13,Employment,"6-17, Living with Two Parents, One Parent in Labor Force",0.3641618497109826,0.5182072829131653,0.5190311418685121,0.5371428571428571,0.5843373493975904,0.4714285714285714,0.5355805243445693,0.3319502074688796,0.1742424242424242,0.0,0.0,0.0,0.0,0.0,0.0632183908045977,0.1055900621118012
14,Employment,"6-17, Living with Two Parents, Parents Not in Labor Force",0.0982658959537572,0.0,0.0,0.0,0.0301204819277108,0.0142857142857142,0.0411985018726591,0.0414937759336099,0.053030303030303,0.0,0.0,0.0,0.0,0.0,0.0,0.0
15,Employment,"6-17, Living with Two Parents, Parents in Labor Force",0.5375722543352601,0.4817927170868347,0.4809688581314879,0.4628571428571428,0.3855421686746988,0.5142857142857142,0.4232209737827715,0.6265560165975104,0.7727272727272727,1.0,1.0,1.0,1.0,1.0,0.9367816091954024,0.8944099378881988
231,Employment,Employed Residents,11250.0,11277.0,12171.0,12046.0,12604.0,12893.0,13396.0,13307.0,13751.0,13877.0,14753.0,10494.0,14194.0,13855.0,12916.0,12971.0
232,Employment,Managerial Professional,0.5418666666666667,0.596169193934557,0.5644564949470052,0.5777021417898057,0.5931450333227547,0.6190956332893819,0.619513287548522,0.6637108288870519,0.6419169514944367,0.5713050371117677,0.6759303192571002,0.2525252525252525,0.7086092715231788,0.7473836160230963,0.7380768039640756,0.7308611518001696
233,Employment,Natural Resources,0.0268444444444444,0.0234991575773698,0.0280174184537014,0.0244894570811887,0.0245160266582037,0.0217947723570929,0.0212003583159152,0.0166829488239272,0.018398661915497,0.0192404698421849,0.0094895953365417,0.0581284543548694,0.0045793997463717,0.0064236737639841,0.0177299473521214,0.0152648215249402
234,Employment,Production Transport Materials,0.0376,0.038396736720759,0.0424780215265795,0.0377718744811555,0.0407807045382418,0.0441324749864267,0.037996416840848,0.0292327346509355,0.0373790997018398,0.0533977084384232,0.0343658916830475,0.1406518010291595,0.0427645484007327,0.0324070732587513,0.0514091049860638,0.0432503276539973
235,Employment,Sales and Office,0.2568,0.1793916821849782,0.1705693862459945,0.1586418728208534,0.1737543636940653,0.1602419917784844,0.164750671842341,0.1746449237243556,0.1711875499963639,0.1558694242271384,0.1699993221717616,0.2177434724604535,0.1397773707200225,0.1374954889931432,0.1208578507277794,0.1088582221879577
236,Employment,Services,0.1368888888888889,0.1625432295823357,0.1944786788267192,0.2013946538269965,0.1678038717867343,0.1547351275886139,0.1565392654523738,0.1157285639137296,0.1311177368918624,0.2001873603804857,0.1102148715515488,0.3309510196302649,0.1042694096096942,0.0762901479610249,0.0719262929699597,0.101765476832935
16,Employment,"Under 6 Years, Living with One Parent",261.0,169.0,245.0,213.0,231.0,172.0,178.0,33.0,24.0,61.0,64.0,68.0,112.0,86.0,33.0,86.0
17,Employment,"Under 6 Years, Living with One Parent, Parent Not in Labor Force",0.5402298850574713,0.0,0.0,0.0,0.0,0.0,0.0,0.0,0.0,0.0,0.0,0.0,0.0,0.0,0.0,0.0
18,Employment,"Under 6 Years, Living with One Parent, Parent in Labor Force",0.4597701149425287,1.0,1.0,1.0,1.0,1.0,1.0,1.0,1.0,1.0,1.0,1.0,1.0,1.0,1.0,1.0
19,Employment,"Under 6 Years, Living with Two Parents",254.0,269.0,207.0,292.0,359.0,406.0,490.0,605.0,609.0,673.0,882.0,897.0,1022.0,780.0,794.0,748.0
20,Employment,"Under 6 Years, Living with Two Parents, One Parent in Labor Force",0.5748031496062992,0.2453531598513011,0.2077294685990338,0.0273972602739726,0.1754874651810584,0.2142857142857142,0.2673469387755102,0.224793388429752,0.4105090311986863,0.3239227340267459,0.2936507936507936,0.3478260869565217,0.3590998043052837,0.3038461538461538,0.4571788413098236,0.3221925133689839
21,Employment,"Under 6 Years, Living with Two Parents, Parents Not in Labor Force",0.0433070866141732,0.0,0.0,0.0,0.0,0.0,0.0,0.0,0.0,0.0,0.0,0.0,0.0,0.0,0.0,0.0
22,Employment,"Under 6 Years, Living with Two Parents, Parents in Labor Force",0.3818897637795275,0.7546468401486989,0.7922705314009661,0.9726027397260274,0.8245125348189415,0.7857142857142857,0.7326530612244898,0.775206611570248,0.5894909688013136,0.6760772659732541,0.7063492063492064,0.6521739130434783,0.6409001956947162,0.6961538461538461,0.5428211586901763,0.6778074866310161
237,Employment,Unemployment Rate,0.0513534024791297,0.0663962248530507,0.0627598952718312,0.0698069498069498,0.0672685562051357,0.0600714441933367,0.046410803127221,0.0462969588550983,0.028234629773417,0.0419744563341387,0.0235908279918059,0.0646137415450338,0.0329745196893309,0.0304586137514743,0.0418481068713558,0.0540011597564511
23,Employment,Worked in place of residence,0.8035502958579882,0.7607703541438481,0.7938161653503613,0.8005785264590778,0.765044606650446,0.7681983262276962,0.7787040545661236,0.7617229265312356,0.7619047619047619,0.763375051574749,0.7747054747054747,0.7879966068146472,0.8158143594966174,0.8261831048208758,0.8101367015748661,0.8195221950642593
24,Employment,Worked outside place of residence,0.1964497041420118,0.2392296458561519,0.2061838346496387,0.1994214735409222,0.2349553933495539,0.2318016737723038,0.2212959454338764,0.2382770734687643,0.238095238095238,0.236624948425251,0.2252945252945253,0.2120033931853527,0.1841856405033825,0.1738168951791242,0.1898632984251339,0.1804778049357407
25,Households,Average Family Household Size,2.935222672064777,2.804492087799898,3.0656330749354006,3.0575386254661696,3.144634525660964,3.1349875930521094,3.089581304771178,2.744906997342781,2.7141194724592705,2.950286806883365,2.700963523743978,4.29207100591716,2.791826309067688,2.7721518987341773,2.76040061633282,2.847634322373697
26,Households,Average Household Size,1.918680023571008,1.918525587498509,1.966051920592036,1.956302717900656,2.006399813823598,1.988801662433618,2.002056907781968,1.951050489495105,1.9599913494809689,1.8354157303370784,1.9901574803149609,3.728097795888128,1.998769735493131,1.9593843522873025,1.85482158028887,1.8531102443030176
27,Households,Family Households,0.2328815556865056,0.2336872241441011,0.2272994244097263,0.2198922211808809,0.2244589248312776,0.2326252597552528,0.2347160324534339,0.2483775162248377,0.2787629757785467,0.282067415730337,0.3010774968918359,0.7825523245045379,0.3210990362928029,0.2870884993587003,0.2757009345794392,0.256004927119688
28,Households,Households,8485.0,8383.0,8513.0,8536.0,8594.0,8662.0,8751.0,9091.0,9248.0,11125.0,9652.0,5399.0,9754.0,9356.0,9416.0,9742.0
29,Households,"Households with 60 years and older, % of Total (DEC, 65 years and older)",0.111962286387743,0.1852558749850888,0.1718548102901445,0.1573336457357076,0.1559227367931114,0.1545832371276841,0.1846646097588847,0.2016279837201628,0.2155060553633218,0.2711011235955056,0.2010982179859096,0.5732543063530283,0.2026860775066639,0.1571184266780675,0.1603653355989804,0.1637240812974748
30,Households,"Households with Children, % of Total",0.086859163229228,0.0781343194560419,0.0807001057206625,0.0987582005623242,0.098557132883407,0.1070191641653197,0.0963318477888241,0.0884391156088439,0.0866133217993079,0.0962696629213483,0.1041234977206796,0.2913502500463049,0.1122616362517941,0.099187687045746,0.1005734919286321,0.0965920755491685
31,Households,Living in Group Quarters,678.0,0.0,0.0,3847.0,4131.0,4026.0,4169.0,4174.0,3963.0,4952.0,502.0,173.0,506.0,707.0,775.0,818.0
32,Households,Non-Family Households,0.7671184443134944,0.7663127758558989,0.7727005755902737,0.7801077788191191,0.7755410751687224,0.7673747402447472,0.7652839675465661,0.7516224837751623,0.7212370242214533,0.7179325842696629,0.6989225031081641,0.2174476754954621,0.6789009637071971,0.7129115006412997,0.7242990654205608,0.7439950728803121
33,Households,"Single Person Households, % of Total",0.4598703594578668,0.5062626744602171,0.5182661811347351,0.5162839737582006,0.4953455899464742,0.4911105980143154,0.4754885155982173,0.4573754262457375,0.4466911764705882,0.5365393258426966,0.4328636552009946,0.1470642711613261,0.4286446586015993,0.4411073108165882,0.4901231945624469,0.4912748922192568
34,Housing,Median Year Moved In Owner,1992.758064516129,2002.0146276595744,2002.9049429657796,2001.9630872483224,2002.1807228915663,2009.720588235294,2003.327948303716,2005.3943452380952,2010.4385113268609,2003.106936416185,2013.717465753425,1995.5916305916303,2013.1437125748505,2012.7239819004528,2013.651090342679,2011.5007473841556
35,Housing,Median Year Moved In Renter,1996.4781133355957,2005.0054881571343,2005.662209889001,2004.1674561819043,2005.0963956412409,2010.2254802831144,2007.6209016393443,2008.4089926502377,2014.0999646767928,2011.4543937708563,2012.5666666666664,2011.0731707317077,2011.054298642534,2015.0889063729344,2017.0106436898125,2016.979079497908
36,Housing,Median Year Structure Built,1939.0,1939.0,1939.0,1939.0,1939.0,1940.0,1939.0,1939.0,1939.0,1939.0,1939.0,1943.9037900874637,1939.0,1939.0,1939.0,1939.0
37,Housing,"Overcrowding, Renter Occupied Housing",0.0890227576974564,0.0222189950624455,0.0233943002977456,0.0260632965774022,0.0212676056338028,0.0187622514701764,0.0267992816687387,0.0191048034934497,0.0181866454267887,0.1073517126148705,0.0297557172557172,0.160594439117929,0.0353329944077275,0.0354433690818728,0.0463970969414204,0.0390923665063509
38,Housing,Owner Occupied,0.1202449652573312,0.1785756888941906,0.1715024080817573,0.1819353327085285,0.1738422154991854,0.1754791041329947,0.1727802536852931,0.1939280607193928,0.1854455017301038,0.1392359550561797,0.2026523000414422,0.6136321541026116,0.1933565716629075,0.1827704147071398,0.1805437553101104,0.1676247177171012
39,Housing,Post 1979 All and Pre 1979 Single Family Renter Occupied by Year Structure Built by Units in Structure,699.0,2537.0,2608.0,2665.0,2634.0,2656.0,1248.0,1312.0,1302.0,1863.0,1886.0,1440.0,2038.0,2239.0,2353.0,2342.0
40,Housing,Pre 1980 MultiFamily Renter Occupied by Year Structure Built by Units in Structure,6750.0,4177.0,4323.0,4117.0,4262.0,4187.0,5978.0,6006.0,6213.0,7713.0,5810.0,646.0,5830.0,5407.0,5363.0,5767.0
41,Housing,Renter Occupied,0.8797550347426687,0.8214243111058094,0.8284975919182427,0.8180646672914714,0.8261577845008146,0.8245208958670053,0.8272197463147068,0.8060719392806072,0.8145544982698962,0.8607640449438202,0.7973476999585578,0.3863678458973884,0.8066434283370925,0.8172295852928602,0.8194562446898895,0.8323752822828988
42,Housing,Total Number of Units,8778.0,9358.0,9443.0,9434.0,9509.0,9558.0,9645.0,9839.0,10001.0,12130.0,10641.0,5517.0,11191.0,11199.0,11340.0,11455.0
43,Housing,Total Vacant Units,287.0,975.0,930.0,898.0,915.0,896.0,894.0,748.0,753.0,1005.0,989.0,118.0,1437.0,1843.0,1924.0,1713.0
44,Housing,Vacancy Rate,0.0326953748006379,0.1041889292583885,0.0984856507465847,0.095187619249523,0.0962246292985592,0.0937434609750993,0.0926905132192846,0.076023986177457,0.0752924707529247,0.0828524319868095,0.0929423926322714,0.0213884357440638,0.1284067554284693,0.1645682650236628,0.1696649029982363,0.1495416848537756
45,Housing Prices,Contract Rent 100 to 149,87.0,15.0,75.0,102.0,88.0,117.0,67.0,0.0,41.0,22.0,43.0,20.0,88.0,14.0,0.0,0.0
46,Housing Prices,Contract Rent 1000 to 1249,804.0,1078.0,1079.0,987.0,903.0,828.0,850.0,834.0,724.0,805.0,551.0,302.0,449.0,289.0,318.0,327.0
47,Housing Prices,Contract Rent 1250 to 1499,482.0,1096.0,1154.0,1092.0,1038.0,932.0,1005.0,862.0,841.0,728.0,611.0,223.0,501.0,520.0,459.0,383.0
48,Housing Prices,Contract Rent 150 to 199,131.0,0.0,26.0,51.0,62.0,56.0,50.0,30.0,16.0,19.0,11.0,0.0,29.0,49.0,25.0,11.0
49,Housing Prices,Contract Rent 1500 to 1999,625.0,1294.0,1766.0,1996.0,2244.0,1824.0,1686.0,1428.0,1263.0,1737.0,1196.0,371.0,1201.0,966.0,950.0,1004.0
50,Housing Prices,Contract Rent 200 to 249,121.0,112.0,105.0,126.0,126.0,93.0,44.0,77.0,71.0,167.0,55.0,0.0,74.0,83.0,9.0,38.0
51,Housing Prices,"Contract Rent 2000 to 2499 (Contract Rent 2000 or more, DEC2000 and ACS2009-2014)",321.0,971.0,1052.0,1196.0,1154.0,1670.0,866.0,853.0,822.0,1204.0,1191.0,258.0,1110.0,1314.0,1387.0,1362.0
52,Housing Prices,Contract Rent 250 to 299,53.0,131.0,77.0,84.0,124.0,93.0,128.0,178.0,179.0,445.0,116.0,43.0,73.0,122.0,172.0,116.0
53,Housing Prices,Contract Rent 2500 to 2999 (ACS2015-),,111.0,84.0,38.0,37.0,79.0,514.0,715.0,937.0,593.0,1021.0,85.0,1394.0,1204.0,1030.0,1061.0
54,Housing Prices,Contract Rent 300 to 349,129.0,16.0,47.0,76.0,33.0,37.0,66.0,64.0,25.0,74.0,28.0,18.0,27.0,2.0,2.0,19.0
55,Housing Prices,Contract Rent 3000 to 3499 (ACS2015-),,0.0,0.0,0.0,0.0,0.0,234.0,447.0,549.0,566.0,772.0,17.0,660.0,725.0,767.0,838.0
56,Housing Prices,Contract Rent 350 to 399,197.0,60.0,39.0,20.0,32.0,22.0,27.0,45.0,68.0,87.0,94.0,26.0,63.0,23.0,0.0,1.0
57,Housing Prices,Contract Rent 3500 or more (ACS2015-),,0.0,0.0,0.0,0.0,0.0,314.0,364.0,465.0,523.0,879.0,97.0,1266.0,1666.0,1715.0,1943.0
58,Housing Prices,Contract Rent 400 to 449,278.0,23.0,38.0,8.0,49.0,58.0,79.0,76.0,69.0,92.0,84.0,33.0,67.0,58.0,109.0,73.0
59,Housing Prices,Contract Rent 500 to 549,268.0,62.0,28.0,19.0,42.0,41.0,28.0,26.0,89.0,123.0,38.0,32.0,54.0,11.0,0.0,7.0
60,Housing Prices,Contract Rent 550 to 599,345.0,91.0,89.0,106.0,137.0,174.0,82.0,108.0,82.0,422.0,68.0,63.0,14.0,30.0,46.0,43.0
61,Housing Prices,Contract Rent 600 to 649,256.0,97.0,27.0,51.0,51.0,21.0,43.0,35.0,48.0,138.0,18.0,0.0,82.0,0.0,0.0,25.0
62,Housing Prices,Contract Rent 650 to 699,457.0,188.0,116.0,130.0,108.0,74.0,101.0,90.0,124.0,83.0,95.0,0.0,12.0,51.0,13.0,17.0
63,Housing Prices,Contract Rent 700 to 749,502.0,92.0,93.0,71.0,70.0,178.0,98.0,104.0,109.0,222.0,48.0,11.0,17.0,18.0,97.0,32.0
64,Housing Prices,Contract Rent 750 to 749,436.0,218.0,108.0,124.0,54.0,90.0,84.0,72.0,95.0,78.0,46.0,61.0,47.0,22.0,6.0,52.0
65,Housing Prices,Contract Rent 750 to 799,412.0,142.0,208.0,67.0,17.0,31.0,44.0,99.0,68.0,167.0,111.0,55.0,130.0,12.0,57.0,42.0
66,Housing Prices,Contract Rent 800 to 899,871.0,616.0,380.0,314.0,359.0,352.0,371.0,367.0,340.0,577.0,237.0,37.0,215.0,251.0,132.0,69.0
67,Housing Prices,Contract Rent 900 to 999,589.0,473.0,462.0,325.0,342.0,343.0,348.0,343.0,376.0,500.0,306.0,94.0,220.0,122.0,181.0,325.0
68,Housing Prices,Contract Rent Less than 100,24.0,0.0,0.0,0.0,30.0,29.0,27.0,22.0,19.0,44.0,30.0,38.0,0.0,0.0,0.0,0.0
69,Housing Prices,Contract Rent Total,7463.0,6886.0,7053.0,6983.0,7100.0,7142.0,7239.0,7328.0,7533.0,9576.0,7696.0,2086.0,7868.0,7646.0,7716.0,8109.0
70,Housing Prices,Contract Rent Total No cash Rent (ACS2015-),75.0,0.0,0.0,0.0,0.0,0.0,83.0,89.0,113.0,160.0,47.0,202.0,75.0,94.0,241.0,321.0
71,Housing Prices,"Contract Rent Total No cash Rent (No cash rent, DEC2000 and ACS2009-2014)",75.0,111.0,84.0,38.0,37.0,79.0,514.0,715.0,937.0,593.0,1021.0,85.0,1394.0,1204.0,1030.0,1061.0
72,Housing Prices,Contract Rent Total With cash Rent,7388.0,6775.0,6969.0,6945.0,7063.0,7063.0,7156.0,7239.0,7420.0,9416.0,7649.0,1884.0,7793.0,7552.0,7475.0,7788.0
73,Housing Prices,Extremely Rent Burdened,0.1352003215864933,0.2275631716526285,0.2622997306110874,0.2665043677502506,0.2464788732394366,0.1974236908429011,0.1759911589998618,0.1558406113537118,0.1546528607460507,0.2105263157894736,0.1186330561330561,0.2914669223394056,0.1367564819522115,0.1144389223123201,0.1384136858475894,0.181033419657171
74,Housing Prices,Home Value 10000 to 14999 ,0.0,0.0,0.0,0.0,0.0,0.0,0.0,0.0,0.0,0.0,0.0,6.0,0.0,0.0,0.0,0.0
75,Housing Prices,Home Value 100000 to 124999,12.0,10.0,12.0,11.0,11.0,8.0,0.0,0.0,0.0,0.0,0.0,27.0,9.0,8.0,9.0,17.0
76,Housing Prices,"Home Value 1000000 to 1499999 (1000000 or more, DEC2000 and ACS2009-2014)",52.0,354.0,254.0,224.0,246.0,231.0,245.0,419.0,530.0,442.0,700.0,786.0,587.0,438.0,501.0,584.0
77,Housing Prices,Home Value 125000 to 149999,28.0,0.0,36.0,39.0,67.0,68.0,66.0,0.0,0.0,13.0,0.0,7.0,0.0,0.0,0.0,0.0
78,Housing Prices,Home Value 15000 to 19999 ,0.0,0.0,0.0,0.0,0.0,0.0,0.0,0.0,0.0,0.0,0.0,0.0,0.0,0.0,0.0,0.0
79,Housing Prices,Home Value 150000 to 174999,8.0,16.0,21.0,19.0,8.0,0.0,0.0,0.0,0.0,0.0,0.0,0.0,0.0,0.0,0.0,0.0
80,Housing Prices,Home Value 1500000 to 1999999 (ACS2015-),,0.0,0.0,0.0,0.0,0.0,56.0,133.0,149.0,202.0,260.0,11.0,369.0,460.0,354.0,237.0
81,Housing Prices,Home Value 175000 to 199999,7.0,0.0,0.0,0.0,0.0,0.0,0.0,0.0,0.0,0.0,0.0,0.0,0.0,0.0,0.0,0.0
82,Housing Prices,Home Value 20000 to 24999 ,0.0,0.0,0.0,0.0,0.0,0.0,0.0,0.0,0.0,0.0,0.0,0.0,0.0,0.0,31.0,45.0
83,Housing Prices,Home Value 200000 to 249999,48.0,0.0,4.0,6.0,5.0,7.0,8.0,0.0,0.0,0.0,0.0,7.0,0.0,0.0,0.0,0.0
84,Housing Prices,Home Value 2000000 or more (ACS2015-),,0.0,0.0,0.0,0.0,0.0,67.0,112.0,144.0,110.0,268.0,28.0,334.0,288.0,283.0,224.0
85,Housing Prices,Home Value 25000 to 29999 ,0.0,0.0,0.0,0.0,0.0,0.0,0.0,0.0,0.0,0.0,0.0,0.0,0.0,0.0,0.0,0.0
86,Housing Prices,Home Value 250000 to 299999,89.0,31.0,0.0,0.0,0.0,0.0,17.0,29.0,40.0,11.0,40.0,8.0,7.0,0.0,0.0,0.0
87,Housing Prices,Home Value 30000 to 34999 ,0.0,0.0,0.0,0.0,0.0,0.0,0.0,0.0,0.0,0.0,0.0,0.0,0.0,0.0,0.0,0.0
88,Housing Prices,Home Value 300000 to 399999,183.0,52.0,57.0,40.0,10.0,37.0,31.0,34.0,19.0,35.0,108.0,20.0,109.0,67.0,26.0,10.0
89,Housing Prices,Home Value 35000 to 39999 ,0.0,0.0,0.0,0.0,4.0,5.0,8.0,11.0,22.0,0.0,0.0,10.0,0.0,0.0,0.0,0.0
90,Housing Prices,Home Value 40000 to 49999 ,0.0,0.0,0.0,0.0,0.0,0.0,0.0,0.0,0.0,0.0,0.0,0.0,0.0,0.0,0.0,0.0
91,Housing Prices,Home Value 400000 to 499999,131.0,91.0,108.0,136.0,163.0,123.0,169.0,139.0,113.0,81.0,105.0,48.0,54.0,114.0,218.0,77.0
92,Housing Prices,Home Value 50000 to 59999 ,0.0,0.0,0.0,0.0,0.0,0.0,0.0,0.0,0.0,0.0,0.0,0.0,0.0,0.0,0.0,0.0
93,Housing Prices,Home Value 500000 to 749999,294.0,524.0,532.0,614.0,554.0,586.0,455.0,435.0,348.0,272.0,149.0,855.0,137.0,61.0,76.0,162.0
94,Housing Prices,Home Value 60000 to 69999 ,5.0,0.0,0.0,0.0,0.0,0.0,0.0,0.0,0.0,0.0,0.0,0.0,0.0,0.0,0.0,0.0
95,Housing Prices,Home Value 70000 to 79999 ,0.0,0.0,0.0,0.0,0.0,0.0,0.0,0.0,0.0,0.0,0.0,0.0,0.0,0.0,0.0,0.0
96,Housing Prices,Home Value 750000 to 999999,157.0,411.0,436.0,464.0,426.0,445.0,377.0,436.0,349.0,354.0,326.0,1473.0,280.0,274.0,202.0,277.0
97,Housing Prices,Home Value 80000 to 89999 ,7.0,0.0,0.0,0.0,0.0,0.0,0.0,0.0,0.0,0.0,0.0,4.0,0.0,0.0,0.0,0.0
98,Housing Prices,Home Value 90000 to 99999 ,0.0,8.0,0.0,0.0,0.0,0.0,0.0,0.0,0.0,0.0,0.0,0.0,0.0,0.0,0.0,0.0
99,Housing Prices,Home Value Less than 10000,0.0,0.0,0.0,0.0,0.0,10.0,13.0,15.0,1.0,29.0,0.0,23.0,0.0,0.0,0.0,0.0
100,Housing Prices,Home Value Total,1021.0,1497.0,1460.0,1553.0,1494.0,1520.0,1512.0,1763.0,1715.0,1549.0,1956.0,3313.0,1886.0,1710.0,1700.0,1633.0
101,Housing Prices,Housing Units with a Mortgage,247.0,1195.0,1147.0,1274.0,1233.0,1299.0,1268.0,1513.0,1443.0,1051.0,1747.0,2100.0,1558.0,1401.0,1396.0,1136.0
102,Housing Prices,Housing Units with a Mortgage 0 to 30%,106.0,594.0,534.0,600.0,677.0,736.0,748.0,938.0,1016.0,652.0,1148.0,1265.0,974.0,962.0,755.0,654.0
103,Housing Prices,Housing Units with a Mortgage 30-50%,83.0,313.0,314.0,331.0,258.0,304.0,301.0,373.0,262.0,265.0,413.0,455.0,342.0,262.0,287.0,169.0
104,Housing Prices,Housing Units with a Mortgage 50%+,58.0,288.0,299.0,343.0,298.0,259.0,219.0,202.0,165.0,134.0,186.0,380.0,242.0,177.0,323.0,268.0
105,Housing Prices,Housing Units with a Mortgage Not Computed,0.0,0.0,0.0,0.0,0.0,0.0,0.0,0.0,0.0,0.0,0.0,0.0,0.0,0.0,31.0,45.0
106,Housing Prices,Housing Units without a Mortgage,93.0,302.0,313.0,279.0,261.0,221.0,244.0,250.0,272.0,498.0,209.0,1213.0,328.0,309.0,304.0,497.0
107,Housing Prices,Housing Units without a Mortgage 0 to 30%,93.0,249.0,244.0,226.0,208.0,192.0,217.0,234.0,260.0,412.0,190.0,1102.0,310.0,292.0,268.0,450.0
108,Housing Prices,Housing Units without a Mortgage 30-50%,0.0,27.0,36.0,16.0,13.0,14.0,13.0,0.0,0.0,32.0,19.0,60.0,18.0,17.0,8.0,0.0
109,Housing Prices,Housing Units without a Mortgage 50%+,0.0,26.0,33.0,37.0,40.0,15.0,14.0,16.0,12.0,54.0,0.0,24.0,0.0,0.0,28.0,47.0
110,Housing Prices,Housing Units without a Mortgage Not Computed,0.0,0.0,0.0,0.0,0.0,0.0,0.0,0.0,0.0,0.0,0.0,27.0,0.0,0.0,0.0,0.0
111,Housing Prices,Median Contract Rent,799.7572815533981,1243.8543599257885,1355.6109185441942,1435.782967032967,1467.8468208092486,1260.978540772532,1510.6761565836298,1565.6512605042017,1629.057798891528,1470.8104395604396,2016.1628883291355,1372.1973094170403,2240.3153153153157,2431.1263318112638,2418.7094448449893,2480.9104258443467
112,Housing Prices,Median Gross Rent by Bedrooms - 1 Bedroom- COUNTY ONLY,,,,,,,1538.2510013351134,1642.2731348860382,1669.8793205843924,1821.8944451287105,2076.9049126847053,1247.0525192844248,2396.093433461404,2483.9373401534526,2438.244947707793,2433.6018735363
113,Housing Prices,Median Gross Rent by Bedrooms - 2 Bedrooms- COUNTY ONLY,,,,,,,1998.4238985313752,1980.1982812305396,2137.7322722413587,2191.40349796773,2247.195835732105,1300.604757548033,2493.132553265805,2636.729140025576,2998.2175827632304,3214.7414066631413
114,Housing Prices,Median Gross Rent by Bedrooms - 3-4 Bedrooms- COUNTY ONLY,,,,,,,,4137.18176310209,3542.0,5601.0,5732.609703735508,5215.0,6122.586746090841,6384.980459562149,6766.235068177453,6992.248863217402
115,Housing Prices,Median Gross Rent by Bedrooms - 5 Bedrooms or more- COUNTY ONLY,,,,,,,1700.0277690123066,1691.7227840571088,1703.203538139623,,,1750.0,,,,
116,Housing Prices,Median Gross Rent by Bedrooms - No Bedroom- COUNTY ONLY,,,,,,,1230.7774810858923,1250.2596836467803,1323.6569663855564,1349.9166406493912,1609.719535597774,,2066.957561997904,2235.192055626598,2284.0113234253363,2208.89124202349
117,Housing Prices,Median Home Value,494274.8091603053,760036.496350365,731203.007518797,713965.7980456026,716155.2346570396,535836.8907849829,743956.0439560439,875286.6972477064,975286.5329512892,985522.5988700564,1178571.4285714286,858876.4426340801,1295570.69846678,1377853.8812785388,1287425.1497005988,1195633.5616438356
118,Housing Prices,Median Rent,817.4311926605504,1287.6890359168242,1396.7762596071734,1495.1264488935722,1526.309523809524,1954.4449220849008,1562.1319199057716,1617.6372155287818,1691.2491178546225,1533.7800111669458,2065.3609154929577,1548.469387755102,2313.041385948027,2509.491268033409,2526.369582992641,2576.237623762376
119,Housing Prices,Median Rent as % of Household Income,25.281404549950544,27.550250941028857,28.50483443708609,29.54237400530504,27.76705426356589,25.318508997429305,25.498217550274223,24.07927818329278,23.73826992753623,28.195833333333333,21.46868037703513,30.931578947368426,23.3807,23.196373626373624,25.186237373737374,26.03518181818182
120,Housing Prices,Rent 100 to 149,36.0,0.0,48.0,91.0,94.0,120.0,70.0,9.0,50.0,22.0,73.0,0.0,52.0,0.0,0.0,0.0
121,Housing Prices,Rent 1000 to 1249,908.0,1182.0,1076.0,1033.0,859.0,852.0,863.0,897.0,763.0,965.0,543.0,219.0,387.0,291.0,280.0,280.0
122,Housing Prices,Rent 1250 to 1499,559.0,1058.0,1171.0,949.0,976.0,899.0,1032.0,871.0,788.0,600.0,660.0,266.0,494.0,486.0,445.0,285.0
123,Housing Prices,Rent 150 to 199,81.0,0.0,39.0,41.0,30.0,14.0,13.0,0.0,0.0,0.0,0.0,0.0,36.0,14.0,0.0,0.0
124,Housing Prices,Rent 1500 to 1999,651.0,1439.0,1731.0,2017.0,2100.0,1861.0,1698.0,1494.0,1417.0,1791.0,1160.0,392.0,1306.0,816.0,886.0,1139.0
125,Housing Prices,Rent 200 to 249,138.0,15.0,29.0,35.0,50.0,63.0,39.0,49.0,49.0,188.0,27.0,0.0,21.0,20.0,18.0,20.0
126,Housing Prices,"Rent 2000 to 2499  (Rent 2000 or more, DEC2000 and ACS2009-2014)",336.0,1050.0,1270.0,1437.0,1542.0,1837.0,947.0,858.0,802.0,1211.0,1136.0,260.0,1039.0,1347.0,1252.0,1206.0
127,Housing Prices,Rent 250 to 299,94.0,134.0,63.0,79.0,101.0,85.0,121.0,133.0,133.0,420.0,79.0,34.0,120.0,53.0,41.0,18.0
128,Housing Prices,Rent 2500 to 2999 (ACS2015-),,111.0,84.0,38.0,37.0,79.0,521.0,671.0,895.0,687.0,1127.0,157.0,1499.0,1317.0,1223.0,1010.0
129,Housing Prices,Rent 300 to 349,112.0,51.0,77.0,145.0,161.0,105.0,107.0,131.0,63.0,82.0,79.0,3.0,36.0,164.0,130.0,116.0
130,Housing Prices,Rent 3000 to 3499 (ACS2015-),,0.0,0.0,0.0,0.0,0.0,265.0,548.0,590.0,551.0,682.0,70.0,617.0,781.0,763.0,935.0
131,Housing Prices,Rent 350 to 399,145.0,43.0,61.0,42.0,16.0,31.0,11.0,16.0,51.0,61.0,83.0,42.0,55.0,19.0,19.0,20.0
132,Housing Prices,Rent 3500 or more (ACS2015-),,0.0,0.0,0.0,0.0,0.0,358.0,400.0,548.0,589.0,1028.0,101.0,1392.0,1703.0,1816.0,2103.0
133,Housing Prices,Rent 400 to 449,181.0,60.0,56.0,22.0,67.0,70.0,105.0,132.0,79.0,81.0,40.0,45.0,87.0,64.0,101.0,73.0
134,Housing Prices,Rent 450 to 499,253.0,67.0,11.0,11.0,21.0,28.0,17.0,8.0,86.0,169.0,63.0,0.0,8.0,10.0,0.0,0.0
135,Housing Prices,Rent 500 to 549,317.0,54.0,61.0,20.0,44.0,23.0,19.0,38.0,52.0,411.0,37.0,26.0,58.0,18.0,46.0,45.0
136,Housing Prices,Rent 550 to 599,260.0,75.0,66.0,23.0,7.0,15.0,27.0,24.0,27.0,71.0,11.0,11.0,40.0,19.0,0.0,25.0
137,Housing Prices,Rent 600 to 649,425.0,98.0,41.0,80.0,122.0,125.0,63.0,72.0,84.0,64.0,50.0,14.0,34.0,41.0,8.0,0.0
138,Housing Prices,Rent 650 to 699,481.0,192.0,67.0,23.0,30.0,18.0,44.0,78.0,128.0,168.0,61.0,23.0,18.0,21.0,43.0,44.0
139,Housing Prices,Rent 700 to 749,468.0,83.0,176.0,178.0,152.0,183.0,117.0,119.0,101.0,198.0,118.0,42.0,58.0,18.0,67.0,14.0
140,Housing Prices,Rent 750 to 799,391.0,130.0,84.0,110.0,89.0,178.0,152.0,80.0,80.0,155.0,46.0,12.0,43.0,12.0,44.0,52.0
141,Housing Prices,Rent 800 to 899,872.0,513.0,415.0,260.0,203.0,187.0,266.0,292.0,192.0,512.0,221.0,66.0,236.0,109.0,59.0,56.0
142,Housing Prices,Rent 900 to 999,672.0,531.0,427.0,349.0,385.0,352.0,287.0,306.0,432.0,408.0,325.0,63.0,157.0,229.0,234.0,347.0
143,Housing Prices,Rent Burdened,0.3629907543883157,0.4237583502759222,0.4481780802495392,0.4699985679507375,0.4371830985915493,0.3907868944273313,0.382649537228899,0.353575327510917,0.3499269879198194,0.4438178780284043,0.2931392931392931,0.4578139980824544,0.3059227249618709,0.2890400209259743,0.3346293416277864,0.365889752127266
144,Housing Prices,Rent Less than 100,8.0,0.0,0.0,0.0,14.0,17.0,14.0,13.0,10.0,12.0,0.0,38.0,0.0,0.0,0.0,0.0
145,Housing Prices,Rent Total,7463.0,6886.0,7053.0,6983.0,7100.0,7142.0,7239.0,7328.0,7533.0,9576.0,7696.0,2086.0,7868.0,7646.0,7716.0,8109.0
146,Housing Prices,"Rent Total No cash rent  (No cash rent, DEC2000 and ACS2009-2014)",75.0,111.0,84.0,38.0,37.0,79.0,521.0,671.0,895.0,687.0,1127.0,157.0,1499.0,1317.0,1223.0,1010.0
147,Housing Prices,Rent Total No cash rent (ACS2015-),75.0,0.0,0.0,0.0,0.0,0.0,83.0,89.0,113.0,160.0,47.0,202.0,75.0,94.0,241.0,321.0
148,Housing Prices,Rent Total With cash rent,7388.0,6775.0,6969.0,6945.0,7063.0,7063.0,7156.0,7239.0,7420.0,9416.0,7649.0,1884.0,7793.0,7552.0,7475.0,7788.0
149,Housing Type,10-19 Units,0.1733880154932786,0.1898910023509296,0.2063962723710685,0.2041551833792664,0.1940267115364391,0.1661435446746181,0.1706583722135821,0.1495070637259884,0.1553844615538446,0.1032976092333058,0.1541208533032609,0.022294725394236,0.1830935573228487,0.1748370390213411,0.1778659611992945,0.139764295067656
150,Housing Type,2-4 Units,0.2773980405559353,0.2509083137422526,0.2740654453033993,0.2710409158363366,0.2763697549689767,0.3022598870056497,0.2967340590979782,0.2890537656265881,0.2758724127587241,0.1728771640560593,0.2719669204022178,0.1620445894507884,0.22812974711822,0.232074292347531,0.2358906525573192,0.2384111741597555
151,Housing Type,20 Units or More,0.2574618364092048,0.2419320367599914,0.2021603304034734,0.2219631121475514,0.257545483226417,0.2826951245030341,0.2971487817522032,0.3231019412541925,0.3256674332566743,0.544765045342127,0.3032609717131848,0.0183070509334783,0.3432222321508354,0.3744084293240468,0.3820987654320987,0.4025316455696202
152,Housing Type,5-9 Units,0.2051720209614946,0.1889292583885445,0.1773800698930424,0.1705533177867288,0.1669996845094121,0.1697007742205482,0.1477449455676516,0.1613985161093607,0.1803819618038196,0.0963726298433635,0.1809980265012686,0.0170382454232372,0.1655794835135376,0.1496562193052951,0.1516754850088183,0.1622872108249672
153,Housing Type,Other Type,0.0023923444976076,0.0042744176106005,0.0043418405167849,0.0043459826160695,0.0009464717635923,0.0031387319522912,0.0027993779160186,0.0025409086289257,0.0053994600539946,0.0,0.0018795226012592,0.001268805510241,0.0012510052720936,0.0,0.0,0.0
154,Housing Type,Single Family Housing,0.0841877420824789,0.1240649711476811,0.1356560415122313,0.127941488234047,0.1041118939951624,0.0760619376438585,0.084914463452566,0.0743978046549446,0.0572942705729427,0.0826875515251442,0.0877737054788083,0.7790465832880189,0.0787239746224644,0.0690240200017858,0.0524691358024691,0.0570056743780008
155,Income,Household Income 10000 to 14999,478.0,412.0,481.0,467.0,486.0,390.0,408.0,444.0,499.0,1228.0,381.0,160.0,368.0,266.0,281.0,254.0
156,Income,Household Income 100000 to 124999,694.0,757.0,704.0,701.0,611.0,693.0,698.0,736.0,900.0,826.0,734.0,542.0,629.0,363.0,414.0,604.0
157,Income,Household Income 125000 to 149999,210.0,442.0,575.0,559.0,495.0,561.0,567.0,693.0,654.0,684.0,731.0,650.0,851.0,681.0,725.0,705.0
158,Income,Household Income 15000 to 19999,471.0,282.0,422.0,507.0,410.0,400.0,400.0,316.0,254.0,501.0,205.0,217.0,199.0,129.0,269.0,261.0
159,Income,Household Income 150000 to 199999,244.0,563.0,504.0,685.0,732.0,852.0,949.0,1218.0,1145.0,1024.0,1289.0,502.0,1008.0,964.0,873.0,756.0
160,Income,Household Income 20000 to 24999,416.0,565.0,500.0,351.0,457.0,322.0,311.0,246.0,262.0,386.0,226.0,156.0,241.0,190.0,226.0,304.0
161,Income,Household Income 25000 to 29999,458.0,300.0,351.0,386.0,323.0,328.0,276.0,281.0,263.0,155.0,191.0,97.0,76.0,109.0,188.0,183.0
162,Income,Household Income 30000 to 34999,481.0,302.0,283.0,288.0,320.0,286.0,286.0,200.0,308.0,303.0,303.0,142.0,221.0,154.0,93.0,86.0
163,Income,Household Income 35000 to 39999,525.0,343.0,343.0,271.0,210.0,181.0,265.0,176.0,149.0,349.0,98.0,65.0,252.0,197.0,214.0,150.0
164,Income,Household Income 40000 to 44999,505.0,371.0,372.0,444.0,349.0,387.0,283.0,242.0,146.0,358.0,147.0,168.0,223.0,173.0,167.0,243.0
165,Income,Household Income 45000 to 49999,393.0,271.0,194.0,178.0,190.0,170.0,196.0,220.0,156.0,179.0,115.0,218.0,148.0,178.0,209.0,227.0
166,Income,Household Income 50000 to 59999,850.0,701.0,681.0,627.0,499.0,440.0,479.0,489.0,399.0,597.0,198.0,322.0,319.0,333.0,285.0,290.0
167,Income,Household Income 60000 to 74999,723.0,718.0,604.0,494.0,622.0,702.0,766.0,704.0,615.0,879.0,486.0,613.0,444.0,378.0,513.0,595.0
168,Income,Household Income 75000 to 99999,1191.0,1015.0,1081.0,1021.0,995.0,991.0,853.0,854.0,856.0,1109.0,998.0,621.0,896.0,1023.0,1039.0,931.0
169,Income,Household Income Greater than 200000,172.0,835.0,879.0,961.0,1255.0,1343.0,1554.0,1832.0,2174.0,1743.0,3185.0,643.0,3509.0,3972.0,3527.0,3619.0
170,Income,Household Income Less than 10000,674.0,506.0,539.0,596.0,640.0,616.0,460.0,440.0,468.0,804.0,365.0,283.0,370.0,246.0,393.0,534.0
171,Income,Households Total for Income,8485.0,8383.0,8513.0,8536.0,8594.0,8662.0,8751.0,9091.0,9248.0,11125.0,9652.0,5399.0,9754.0,9356.0,9416.0,9742.0
172,Income,Median Family Income,44358.97435897436,73555.90062111801,77514.36781609195,80743.24324324324,96875.0,109449.40476190476,117539.2670157068,136025.64102564103,146428.57142857142,96341.46341463414,169303.79746835443,89105.30821917808,186972.47706422015,207607.6275252525,203476.84157706093,203917.37767923131
173,Income,Median Household Income,47983.46055979644,62893.45403899722,62247.51655629139,64645.748987854255,69959.80707395499,77749.7477295661,82195.19343493553,98053.2786885246,106916.66666666669,71988.05460750853,137961.69630642954,85406.60225442835,139424.20681551116,163381.7427385892,139379.3103448276,132411.3475177305
174,Income,Percent in Poverty,0.1565447227728719,0.1350860188999273,0.1377056832769284,0.1602718059867611,0.1659465605457646,0.1576638176638176,0.1265638148667601,0.1313629810358212,0.1157276484663911,0.1443133828454929,0.0854410857495373,0.0992847918943081,0.0919926650366748,0.0959101075726914,0.1099972152603731,0.1289336835897711
175,Journey to Work,Journey to Work by Bike,,0.0974808324205914,0.1118299445471349,0.1088990981793432,0.0939172749391727,0.1071372177483025,0.1127699886320576,0.0941652665342905,0.0884141818721258,0.0828151291242958,0.0959112959112959,0.0,0.0809631192260129,0.0735662686127082,0.0621952194420017,0.0653630844437436
176,Journey to Work,Journey to Work by Car,,0.2819459656809054,0.2610485632666778,0.2621235324144972,0.2732360097323601,0.2525659245223433,0.2378931413414172,0.2455323048724606,0.243806556890669,0.234179530324091,0.2372141372141372,0.5447412851325851,0.2201934967629301,0.211484593837535,0.1980973698936765,0.1876527635417487
177,Journey to Work,Journey to Work by Carpooled,,0.0595107703541438,0.0482271887077802,0.0524076909988089,0.0504460665044606,0.05873993368072,0.0460780598711633,0.0447533221322743,0.0408693072244474,0.0374570195332504,0.0427581427581427,0.1206673949746747,0.0520840910744162,0.0434910806427834,0.0242225597569749,0.0198691161397145
178,Journey to Work,Journey to Work by Drove Alone,,0.2224351953267616,0.2128213745588976,0.2097158414156882,0.2227899432278994,0.1938259908416232,0.1918150814702539,0.2007789827401863,0.2029372496662216,0.1967225107908405,0.1944559944559944,0.4240738901579104,0.1681094056885138,0.1679935131947516,0.1738748101367015,0.1677836474020342
179,Journey to Work,Journey to Work by Other Journey Type,,0.0287513691128148,0.0272223155772139,0.0323294197719925,0.0356853203568532,0.037107216169272,0.0358469117089806,0.0399419581487704,0.0402017504821243,0.0379691272221815,0.0494109494109494,0.0134074883305194,0.0437913726631265,0.0485036119711042,0.0355743864417619,0.0304344398013088
180,Journey to Work,Journey to Work by Transit,,0.4092734574662285,0.4146361955973786,0.4050535987748851,0.4107866991078669,0.4176535607137218,0.4190223569533914,0.4317244539483733,0.4273846610295208,0.4600190211427317,0.4092862092862093,0.3917966034362896,0.2864625009092893,0.2882942650744508,0.2878727316332241,0.2724907356303713
181,Journey to Work,Journey to Work by Walk,,0.1056955093099671,0.1159468996807259,0.1153649821337417,0.1128142741281427,0.1172430127901468,0.1223948465327775,0.1164655567435466,0.1296543539534193,0.1414148803862755,0.1276507276507276,0.015989671268249,0.1341383574598094,0.1057791537667698,0.104884483172116,0.0989513522037372
182,Journey to Work,Journey to Work by Worked at Home,,0.0768528660094925,0.0693160813308687,0.0762293687255402,0.0735604217356042,0.0682930680562134,0.0720727548313755,0.0721704597525584,0.0705384957721406,0.0436023118004243,0.0805266805266805,0.0340649518323567,0.2344511529788317,0.2723721067374318,0.3113758094172196,0.3451076243790901
238,Journey to Work,Total Workers 16 Years and Older,,10956.0,11902.0,11754.0,12330.0,12666.0,13195.0,13094.0,13482.0,13669.0,14430.0,10069.0,13747.0,13566.0,12509.0,12683.0
239,Language Spoken at Home,Asian/Pacific Islander,0.0458593324044344,0.0749116177008411,0.0765233821445441,0.0801087020736102,0.0675543258977462,0.0820267465990315,0.0672845863371095,0.0806251410516813,0.0794267940457676,0.1937023370233702,0.0763626695027918,0.5541873179704665,0.068687725249099,0.0759646522860749,0.0844215349369988,0.0843472994549358
240,Language Spoken at Home,English Only,0.7950566426364573,0.7714250883822992,0.7568493150684932,0.7663496189519702,0.7763559859357888,0.7729421258934748,0.7763474081702711,0.7930489731437599,0.7746611864030215,0.6107257072570725,0.7724541345386865,0.2372898676613356,0.7767648929404283,0.7690872166419672,0.7583619702176403,0.7692561801464516
241,Language Spoken at Home,Other European Languages,0.0652450475555824,0.0525417530171888,0.047886159659896,0.0441897560111065,0.0476108133033604,0.0450772423334101,0.0443986726170042,0.0513428120063191,0.0528771384136858,0.0814268142681426,0.0546663121510236,0.0099126258239231,0.0614797540809836,0.0650419891322246,0.0662657502863688,0.0652975829984033
242,Language Spoken at Home,Other Languages,0.0167201793178651,0.014141167865415,0.0075578649031648,0.0099249719383233,0.0083578304225027,0.0048997002536315,0.0073807071747339,0.0086323628977657,0.0159964452343923,0.0144649446494464,0.020526455729859,0.0022482244136732,0.017754928980284,0.0234370711894176,0.0242840778923253,0.0170676650333094
243,Language Spoken at Home,Spanish Only,0.0771187980856606,0.0869803730342557,0.1111832782239017,0.0994269510249896,0.1001210444406017,0.0950541849204519,0.1045886257008811,0.0663507109004739,0.0770384359031326,0.099680196801968,0.0759904280776389,0.1963619641306014,0.075312698749205,0.0664690707503156,0.0666666666666666,0.0640312723668997
183,Nativity,Foreign Born,0.1691826866375751,0.1792638549185706,0.2049520951171649,0.2093198263386396,0.2014392533873053,0.2143138468463399,0.198470320900072,0.1846474165799134,0.196447735565572,0.3147849971585527,0.1909086296991527,0.6052411211270381,0.2000799920007999,0.2141919218446347,0.2267543859649123,0.2148269832017381
184,Population,Total Population,16958.0,16763.0,17326.0,17275.0,17787.0,17773.0,18043.0,18251.0,18636.0,21116.0,19711.0,20301.0,20002.0,19039.0,18240.0,18871.0
185,Race/Ethnicity,Asian,1389.0,2156.0,1983.0,2123.0,2103.0,2460.0,2176.0,2571.0,2910.0,6171.0,3064.0,12719.0,3389.0,3535.0,3503.0,3669.0
186,Race/Ethnicity,"Asian Alone, Not Hispanic or Latino",1357.0,2056.0,1881.0,2037.0,2007.0,2401.0,2128.0,2523.0,2867.0,6060.0,3025.0,12546.0,3350.0,3526.0,3472.0,3624.0
187,Race/Ethnicity,Black/African American,3265.0,2671.0,3103.0,2712.0,2924.0,2617.0,2425.0,1647.0,1529.0,1294.0,1350.0,605.0,2027.0,1642.0,1470.0,1287.0
188,Race/Ethnicity,"Black/African American Alone, Not Hispanic or Latino",3215.0,2570.0,2699.0,2327.0,2531.0,2193.0,2044.0,1647.0,1529.0,1242.0,1238.0,484.0,1705.0,1469.0,1335.0,1262.0
189,Race/Ethnicity,Latino Population (of Any Race),1650.0,2078.0,2613.0,2291.0,2290.0,2293.0,2679.0,1985.0,2448.0,3533.0,2644.0,5344.0,2640.0,2152.0,2293.0,2694.0
190,Race/Ethnicity,Native American Indian,116.0,101.0,124.0,181.0,149.0,142.0,80.0,85.0,72.0,74.0,48.0,0.0,22.0,26.0,16.0,18.0
191,Race/Ethnicity,"Native American Indian Alone, Not Hispanic or Latino",69.0,0.0,13.0,46.0,62.0,91.0,71.0,77.0,62.0,32.0,40.0,0.0,22.0,26.0,16.0,18.0
192,Race/Ethnicity,Native Hawaiian/Pacific Islander,39.0,12.0,53.0,68.0,94.0,95.0,95.0,16.0,6.0,108.0,22.0,72.0,22.0,40.0,162.0,192.0
193,Race/Ethnicity,"Native Hawaiian/Pacific Islander Alone, Not Hispanic or Latino",39.0,12.0,53.0,68.0,94.0,95.0,89.0,10.0,0.0,99.0,8.0,53.0,22.0,40.0,162.0,192.0
194,Race/Ethnicity,Other/Two or More Races,1296.0,1613.0,1549.0,1417.0,1424.0,1336.0,1497.0,1690.0,1892.0,2565.0,2372.0,4053.0,2827.0,2593.0,3040.0,3507.0
195,Race/Ethnicity,"Population, Not Hispanic or Latino",15308.0,14685.0,14713.0,14984.0,15497.0,15480.0,15364.0,16266.0,16188.0,17583.0,17067.0,14957.0,17362.0,16887.0,15947.0,16177.0
196,Race/Ethnicity,Some Other Race Alone,494.0,812.0,787.0,658.0,618.0,625.0,706.0,776.0,938.0,1311.0,1096.0,3249.0,1033.0,884.0,1272.0,965.0
197,Race/Ethnicity,"Some Other Race Alone, Not Hispanic or Latino",32.0,128.0,137.0,154.0,85.0,104.0,17.0,45.0,37.0,150.0,152.0,16.0,200.0,230.0,529.0,321.0
198,Race/Ethnicity,Two Or More Races,802.0,801.0,762.0,759.0,806.0,711.0,791.0,914.0,954.0,1254.0,1276.0,804.0,1794.0,1709.0,1768.0,2542.0
199,Race/Ethnicity,"Two Or More Races, Not Hispanic or Latino",617.0,660.0,561.0,614.0,692.0,659.0,691.0,789.0,762.0,933.0,997.0,462.0,1299.0,1132.0,1012.0,1037.0
200,Race/Ethnicity,"White Alone, Not Hispanic or Latino",9979.0,9259.0,9369.0,9738.0,10026.0,9937.0,10324.0,11175.0,10931.0,9067.0,11607.0,1396.0,10764.0,10464.0,9421.0,9723.0
201,Race/Ethnicity,"White, Including Hispanic or Latino",10853.0,10210.0,10514.0,10774.0,11093.0,11123.0,11770.0,12242.0,12227.0,10904.0,12855.0,2852.0,11715.0,11203.0,10049.0,10198.0
202,Sex,Female,0.4304163226795612,0.4691284376304957,0.4635807457001039,0.4424312590448625,0.4132231404958678,0.4254205817813537,0.4032034584049215,0.4231548956221577,0.420100880017171,0.4490433794279219,0.4331084166201613,0.5086941529973893,0.4441055894410559,0.4424076894794895,0.443859649122807,0.4263155105717768
203,Sex,Male,0.5695836773204387,0.5308715623695043,0.5364192542998961,0.5575687409551375,0.5867768595041323,0.5745794182186462,0.5967965415950784,0.5768451043778423,0.579899119982829,0.5509566205720781,0.5668915833798387,0.4913058470026107,0.5558944105589441,0.5575923105205105,0.5561403508771929,0.5736844894282233
204,Unit Size,1 Bedroom,3164.0,3642.0,3457.0,3525.0,3745.0,3731.0,3739.0,3675.0,3739.0,3438.0,3479.0,522.0,3658.0,3536.0,3871.0,4266.0
205,Unit Size,2 Bedrooms,1995.0,2384.0,2403.0,2372.0,2318.0,2362.0,2423.0,2569.0,2694.0,2471.0,3237.0,2152.0,3521.0,3649.0,3397.0,3276.0
206,Unit Size,3-4 Bedrooms,1182.0,1547.0,1635.0,1621.0,1535.0,1596.0,1423.0,1577.0,1484.0,1309.0,1795.0,2439.0,1652.0,1605.0,1539.0,1711.0
207,Unit Size,5 or More Bedrooms,183.0,193.0,229.0,186.0,276.0,243.0,332.0,333.0,284.0,93.0,142.0,286.0,73.0,38.0,145.0,76.0
208,Unit Size,No Bedroom,2254.0,1592.0,1719.0,1730.0,1635.0,1626.0,1728.0,1685.0,1800.0,4819.0,1988.0,118.0,2287.0,2371.0,2388.0,2126.0
209,Vehicles Available,Households with no Vehicle,0.3868802261217759,0.4307527138255994,0.4657582520850464,0.4497422680412371,0.4493832906679078,0.4329254213807434,0.433778996686093,0.4249257507424925,0.4312283737024221,0.5434606741573034,0.4165975963530874,0.1422485645489905,0.4329505843756407,0.4289226165027789,0.4633602378929481,0.4885033873947854
210,Vehicles Available,Percent of No Vehicle Homeowning Households,0.1302644466209598,0.1736806947227789,0.1931506849315068,0.2176432710882163,0.2101740294511379,0.2263157894736842,0.2208994708994709,0.2047646057855927,0.1941690962099125,0.1755971594577146,0.1906952965235173,0.0893450045276184,0.1394485683987274,0.1912280701754386,0.2635294117647059,0.2259644825474586
211,Vehicles Available,Percent of No Vehicle Renting Households,0.421954484605087,0.4866395585245425,0.5221891393733163,0.5013604467993699,0.4997183098591549,0.47689722766732,0.4782428512225445,0.4778930131004367,0.4851984601088543,0.6029657477025898,0.474012474012474,0.2262703739213806,0.5033045246568378,0.4820821344493853,0.5073872472783826,0.5413737822172894
212,Vehicles Available,Vehicles Available,6979.0,6965.0,6431.0,6227.0,6588.0,6458.0,6455.0,6559.0,6825.0,6557.0,7028.0,9411.0,6961.0,6573.0,6440.0,6467.0
213,Vehicles Available,Vehicles Homeowners,0.1742369967043989,0.2791098348887293,0.2943554657129529,0.2697928376425245,0.2650273224043716,0.2585939919479715,0.2562354763749032,0.269858210093002,0.2647619047619047,0.3181096808323047,0.28229937393284,0.7141642758474126,0.319925298089355,0.2809980222120797,0.287888198757764,0.3046234730168548
214,Vehicles Available,Vehicles Per Capita,0.4115461728977473,0.4154984191373859,0.3711762668821424,0.3604630969609262,0.3703828638893573,0.3633601530411298,0.357756470653439,0.359377568352419,0.3662266580811333,0.3105228262928585,0.3565521789863528,0.4635732229939411,0.348015198480152,0.3452387205210357,0.3530701754385965,0.3426951406920672
215,Vehicles Available,Vehicles Renters,0.825763003295601,0.7208901651112707,0.7056445342870471,0.7302071623574755,0.7349726775956285,0.7414060080520285,0.7437645236250968,0.7301417899069981,0.7352380952380952,0.7248741802653652,0.7177006260671599,0.2858357241525874,0.680074701910645,0.7190019777879203,0.712111801242236,0.6953765269831452
