,Category,Attribute,2024_Inner Sunset,2024_San Francisco,2023_Inner Sunset,2023_San Francisco,2022_Inner Sunset,2022_San Francisco,2021_Inner Sunset,2021_San Francisco,2020_Inner Sunset,2020_San Francisco,2019_Inner Sunset,2019_San Francisco,2018_Inner Sunset,2018_San Francisco,2017_Inner Sunset,2017_San Francisco,2016_Inner Sunset,2016_San Francisco,2015_Inner Sunset,2015_San Francisco,2014_Inner Sunset,2014_San Francisco,2013_Inner Sunset,2013_San Francisco,2012_Inner Sunset,2012_San Francisco,2011_Inner Sunset,2011_San Francisco,2010_Inner Sunset,2010_San Francisco,2000_Inner Sunset,2000_San Francisco
0,Affordability,# Units at or below 100 AMI Monthly Affordable Rent,4593,156904,4836.0,158878.0,4761.0,164391.0,5445.0,177267.0,3051.0,179637.0,6165.0,194605.0,6632.0,196852.0,6349.0,201554.0,6519.0,206125.0,6618.0,208027.0,7074.0,219759.0,7075.0,217742.0,7235.0,213982.0,7147.0,212110.0,6962.0,209068.0,7361.0,209020.0
1,Affordability,# Units at or below 30 AMI Monthly Affordable Rent,4593,156904,4836.0,158878.0,4761.0,142404.0,5445.0,155085.0,1636.0,133315.0,5208.0,146746.0,5479.0,152803.0,4956.0,131265.0,5151.0,139452.0,5491.0,146046.0,4508.0,103611.0,4669.0,106717.0,4894.0,108966.0,5217.0,114525.0,5087.0,119019.0,5645.0,147066.0
2,Affordability,# Units at or below 50 AMI Monthly Affordable Rent,4593,156904,4836.0,158878.0,4761.0,164391.0,5445.0,177267.0,2319.0,179637.0,6165.0,194605.0,6632.0,196852.0,6349.0,201554.0,6519.0,206125.0,6618.0,195487.0,7074.0,219759.0,7075.0,217742.0,7235.0,213982.0,7147.0,212110.0,6962.0,203005.0,7361.0,193235.0
3,Affordability,# Units at or below 80 AMI Monthly Affordable Rent,4593,156904,4836.0,158878.0,4761.0,164391.0,5445.0,177267.0,2874.0,179637.0,6165.0,194605.0,6632.0,196852.0,6349.0,201554.0,6519.0,206125.0,6618.0,208027.0,7074.0,219759.0,7075.0,217742.0,7235.0,213982.0,7147.0,212110.0,6962.0,209068.0,7361.0,209020.0
4,Affordability,100 AMI Annual Income,165814.1646489104,140630.3486172417,162916.88724192695,140840.72978303747,160094.7731188972,136440.23367285798,142711.20293847568,126479.8932723461,24236.11111111111,117453.07472291742,136886.92098092643,113537.43350844154,125614.75409836066,104995.55809378768,117749.41995359628,96817.47583985272,108975.52958363768,88612.28084661327,101763.7481910275,81982.65550239234,96214.95327102803,78773.52733781732,92556.60954712362,75789.09138932911,89638.35534213686,73882.86576506091,91246.87108886108,73015.850789739,88727.29852440409,71436.31988152536,66234.3404568902,55915.28958767848
5,Affordability,100 AMI Monthly Affordable Rent,13817.847054075866,11719.195718103474,13576.407270160578,11736.72748191979,13341.231093241433,11370.019472738166,11892.600244872972,10539.991106028841,2019.6759259259259,9787.756226909785,11407.243415077202,9461.452792370128,10467.896174863388,8749.629841148973,9812.45166279969,8068.122986654394,9081.294131969806,7384.356737217772,8480.312349252292,6831.887958532695,8017.91277258567,6564.460611484777,7713.050795593635,6315.7576157774265,7469.862945178072,6156.905480421742,7603.905924071757,6084.6542324782495,7393.941543700341,5953.02665679378,5519.528371407517,4659.607465639873
6,Affordability,30 AMI Annual Income,49744.24939467312,42189.10458517251,48875.06617257808,42252.21893491124,48028.431935669156,40932.0701018574,42813.3608815427,37943.96798170383,7270.833333333333,35235.922416875226,41066.076294277926,34061.23005253246,37684.42622950819,31498.6674281363,35324.82598607888,29045.242751955815,32692.6588750913,26583.68425398398,30529.124457308248,24594.7966507177,28864.485981308408,23632.058201345193,27766.982864137084,22736.727416798734,26891.506602641057,22164.859729518274,27374.061326658324,21904.755236921697,26618.189557321228,21430.895964457606,19870.30213706706,16774.586876303543
7,Affordability,30 AMI Monthly Affordable Rent,4145.35411622276,3515.758715431042,4072.9221810481736,3521.0182445759365,4002.36932797243,3411.00584182145,3567.780073461892,3161.9973318086522,605.9027777777777,2936.3268680729357,3422.1730245231606,2838.4358377110384,3140.368852459016,2624.888952344692,2943.735498839907,2420.436895996318,2724.388239590942,2215.3070211653317,2544.0937047756875,2049.5663875598084,2405.3738317757006,1969.3381834454328,2313.91523867809,1894.7272847332279,2240.9588835534214,1847.0716441265229,2281.171777221527,1825.3962697434747,2218.182463110102,1785.9079970381338,1655.858511422255,1397.882239691962
8,Affordability,50 AMI Annual Income,82907.0823244552,70315.17430862084,81458.44362096347,70420.36489151874,80047.3865594486,68220.11683642899,71355.60146923784,63239.94663617305,12118.055555555555,58726.53736145871,68443.46049046321,56768.71675422077,62807.37704918033,52497.77904689384,58874.70997679814,48408.73791992636,54487.76479181884,44306.140423306635,50881.87409551375,40991.32775119617,48107.47663551402,39386.76366890866,46278.30477356181,37894.54569466456,44819.17767106843,36941.432882530455,45623.43554443054,36507.9253948695,44363.649262202045,35718.15994076268,33117.1702284451,27957.64479383924
9,Affordability,50 AMI Monthly Affordable Rent,6908.923527037933,5859.597859051737,6788.203635080289,5868.363740959895,6670.6155466207165,5685.009736369083,5946.300122436486,5269.995553014421,1009.8379629629629,4893.878113454893,5703.621707538601,4730.726396185064,5233.948087431694,4374.814920574487,4906.225831399845,4034.061493327197,4540.647065984903,3692.178368608886,4240.156174626146,3415.9439792663475,4008.956386292835,3282.2303057423883,3856.5253977968173,3157.8788078887133,3734.931472589036,3078.452740210871,3801.9529620358785,3042.3271162391247,3696.9707718501704,2976.51332839689,2759.7641857037584,2329.8037328199366
10,Affordability,80 AMI Annual Income,132651.33171912833,112504.27889379335,130333.50979354157,112672.58382642998,128075.81849511777,109152.1869382864,114168.96235078055,101183.91461787689,19388.888888888887,93962.45977833394,109509.53678474115,90829.94680675323,100491.80327868853,83996.44647503016,94199.53596287704,77453.98067188218,87180.42366691015,70889.82467729061,81410.998552822,65586.12440191388,76971.96261682243,63018.82187025386,74045.2876376989,60631.27311146329,71710.68427370948,59106.29261204873,72997.49687108886,58412.6806317912,70981.83881952327,57149.05590522029,52987.47236551216,44732.23167014279
11,Affordability,80 AMI Monthly Affordable Rent,11054.277643260693,9375.35657448278,10861.125816128464,9389.381985535832,10672.984874593147,9096.015578190532,9514.08019589838,8431.992884823074,1615.7407407407406,7830.204981527829,9125.794732061762,7569.162233896102,8374.31693989071,6999.70387291918,7849.961330239753,6454.498389323515,7265.035305575846,5907.485389774218,6784.249879401833,5465.510366826157,6414.330218068536,5251.568489187822,6170.440636474908,5052.606092621941,5975.890356142457,4925.524384337395,6083.124739257405,4867.7233859826,5915.153234960272,4762.421325435024,4415.622697126014,3727.6859725118993
12,Age,0-2 Years,0.6127562642369021,0.5478517844964764,0.6353514265831594,0.5406992325496406,0.6026448362720404,0.5435105855696382,0.5724550898203593,0.5452634434122194,0.5478110599078341,0.5463237718430597,0.5008517887563884,0.5439706576294453,0.4806246385193753,0.5485122061580229,0.4526453298497714,0.5440728159567982,0.4790382244143033,0.5398601090002427,0.5286368843069874,0.5406174484518621,0.5088991430454846,0.5405688483381436,0.5499334221038615,0.5284299122869234,0.6053731343283583,0.5306792579454485,0.5806264501160093,0.537271756021756,0.5593112244897959,0.5470185194379623,0.5933609958506224,0.5067081678651927
13,Age,0-4 Years,0.0447244326554671,0.0410560088487774,0.0471053969637539,0.0420818720739854,0.0525803310613437,0.0429241305894045,0.0526184538653366,0.044113206543054,0.0563816604708798,0.0449551586788678,0.0524391482446934,0.0451682212163969,0.0285246907269195,0.0454203559955169,0.0424122624497156,0.045376638858545,0.046078835324818,0.0455484248199895,0.0513431392859609,0.0453526040368801,0.0458584632953856,0.0451965654091783,0.0475640562973655,0.0448415927988704,0.0526766595289079,0.0443776522702378,0.0532522972288546,0.0442509760598566,0.0494853078794684,0.0440338149220979,0.0390424939691965,0.0400176122296851
14,Age,18-34 Years,0.3141025641025641,0.2720516049880636,0.3289387666158204,0.2751838010561819,0.3322514335172563,0.2839780215639264,0.3417883861774136,0.2937872454640216,0.197180916976456,0.305727332987868,0.335319408239954,0.3058618588627659,0.3250178918311011,0.3066219589313914,0.3224094881398252,0.3056840821116546,0.319186924872957,0.3052043890961046,0.3280850769974449,0.3044161499051527,0.3417793797509011,0.3034690431088777,0.3450739805124503,0.3032975760903671,0.3613847251962884,0.303876826740466,0.3459228709934158,0.3034485355963694,0.3398090960134756,0.3029564563668388,0.3625904620523288,0.3214952885998148
15,Age,3-5 Years,0.3872437357630979,0.4521482155035235,0.3646485734168406,0.4593007674503593,0.3973551637279597,0.4564894144303618,0.4275449101796407,0.4547365565877805,0.4521889400921659,0.4536762281569403,0.4991482112436116,0.4560293423705546,0.5193753614806247,0.4514877938419771,0.5473546701502287,0.4559271840432018,0.5209617755856967,0.4601398909997573,0.4713631156930126,0.4593825515481379,0.4911008569545155,0.4594311516618564,0.4500665778961384,0.4715700877130765,0.3946268656716418,0.4693207420545515,0.4193735498839907,0.4627282439782439,0.4406887755102041,0.4529814805620376,0.4066390041493776,0.4932918321348073
16,Age,35-59 Years,0.3079133510167993,0.3571679565096113,0.3186968838526912,0.3582532487301127,0.3229831584261964,0.3555327627544171,0.3163519771998575,0.3533718894867573,0.3760842627013631,0.3441166739989114,0.3375875960594468,0.3477087189166407,0.3341171659339536,0.3498157591311249,0.3447080038840338,0.3530123918927381,0.3535228677379481,0.3570726313357319,0.3452109660935018,0.3598353198993224,0.3387816280646658,0.3612654748190046,0.3328762179718513,0.3645669909005334,0.3382583868665239,0.3666356963787091,0.35008320671442,0.3702449251164367,0.3648137750327531,0.3732403935169017,0.3514937836333272,0.3578295244311752
17,Age,5-17 Years,0.0854700854700854,0.0956109919010985,0.0831698990339216,0.0950096245352536,0.0779328500847488,0.0925993527995892,0.0779123619522622,0.0923392494160466,0.0604089219330855,0.0893695890108821,0.0791157452858932,0.0891075388026607,0.0844835224755478,0.0888260994267166,0.0920030517408794,0.0887436248895444,0.0830243098475484,0.089276704499908,0.0803466611421863,0.0887033409362156,0.0789051068841226,0.088993279990716,0.076723204619271,0.0893044497176027,0.0650249821556031,0.0898952923094862,0.0671442008537732,0.0902896167317373,0.0661800486618004,0.0908309342788169,0.0869177955093709,0.1041181461325835
18,Age,60 and older,0.2477895667550839,0.2341134377524491,0.2220890535338127,0.2294714536044663,0.2142522269104547,0.2249657322926627,0.21132882080513,0.2163884090901202,0.3099442379182156,0.2158312453234706,0.1955381021700125,0.2121536622015356,0.2278567290324779,0.2093158265152501,0.1984671937855458,0.2071832622475178,0.1981870622167284,0.2028978502482659,0.195014156480906,0.201692585222429,0.1946754220049248,0.2010756366722233,0.1977625405990617,0.1979893904926263,0.1826552462526766,0.1952145323011006,0.1835974242095362,0.1917659464955999,0.1797117724125023,0.1889384009153445,0.1599554648357765,0.1765394286067413
19,Age,Under 18 Years,3526.0,112981.0,3581.0,114067.0,3614.0,114689.0,3651.0,117386.0,3764.0,116553.0,3886.0,116625.0,3936.0,116002.0,3876.0,115114.0,3754.0,113760.0,3811.0,111913.0,3493.0,110271.0,3435.0,108795.0,3288.0,107603.0,3321.0,106642.0,3090.0,105626.0,3394.0,111955.0
20,Age,Under 6 Years,1317.0,39591.0,1437.0,41045.0,1588.0,42369.0,1670.0,44241.0,1736.0,45495.0,1761.0,46622.0,1729.0,46411.0,1531.0,45924.0,1622.0,45321.0,1746.0,44279.0,1517.0,42964.0,1502.0,42297.0,1675.0,41722.0,1724.0,41184.0,1568.0,40282.0,1205.0,37268.0
21,Educational Attainment,College Degree or higher,0.7470531578223181,0.6037814737779744,0.7633821871476888,0.6015770791834534,0.7490910723102473,0.5981580544247345,0.7438274316843863,0.5954773065649281,0.2786259541984733,0.5817083849870736,0.7652315530129035,0.5809853065788942,0.6863486842105263,0.5718184592579675,0.7371917720710361,0.5583391409602758,0.7311399832355406,0.5483582916944467,0.7185733858537421,0.5386867457615273,0.69893479520435,0.5295800684635643,0.6880377082189273,0.5241250965981674,0.6974725324411086,0.5198689199853714,0.6977350720658888,0.5138067991451463,0.694814198557959,0.5124188366490302,0.6163835693784407,0.4497981722207769
22,Educational Attainment,High School or Less,0.1251662615236435,0.2226179457153548,0.1108004509582863,0.2249546945438751,0.1250953813007765,0.2277040043832001,0.1288551093928477,0.2256737658772623,0.4843511450381679,0.2350681531009399,0.1127907462312607,0.2355443598360608,0.1752055921052631,0.2375143509031986,0.1203952131510583,0.2434933793052855,0.1273260687342833,0.2497404280502513,0.1200976194553861,0.2564566535550907,0.1276908677630699,0.2634329941120096,0.1258466044298004,0.2697919788036021,0.1339693448478545,0.2777815204768412,0.1331503088538091,0.2867029253043871,0.1293677204658901,0.2866962090560432,0.171269938361643,0.3267562373595388
23,Educational Attainment,Some College/Associate Degree,0.1277805806540384,0.1736005805066708,0.1258173618940248,0.1734682262726714,0.1258135463889761,0.1741379411920654,0.127317458922766,0.1788489275578095,0.2370229007633587,0.1832234619119865,0.1219777007558358,0.1834703335850449,0.1384457236842105,0.1906671898388339,0.1424130147779055,0.1981674797344386,0.141533948030176,0.2019012802553019,0.1613289946908717,0.204856600683382,0.1733743370325801,0.2069869374244261,0.1861156873512722,0.2060829245982304,0.1685581227110367,0.2023495595377873,0.1691146190803019,0.1994902755504666,0.1758180809761508,0.2008849542949266,0.2123464922599162,0.2234455904196843
24,Employment,"6-17, Living with One Parent",605.0,20099.0,599.0,20175.0,536.0,19426.0,477.0,20458.0,378.0,20445.0,212.0,19973.0,232.0,20256.0,291.0,20087.0,282.0,19772.0,323.0,19777.0,256.0,19907.0,209.0,19719.0,223.0,20009.0,232.0,20335.0,234.0,20089.0,486.0,19204.0
25,Employment,"6-17, Living with One Parent, Parent Not in Labor Force",0.0892561983471074,0.1659286531668242,0.0934891485809682,0.1765551425030979,0.0149253731343283,0.1788839699371975,0.0,0.1864796167758334,0.0,0.1962827097089753,0.0,0.1985680668903019,0.0,0.1812302527646129,0.0,0.165181460646189,0.0,0.1608335019219097,0.0,0.1700965768316731,0.0,0.1591400010046717,0.0095693779904306,0.1724732491505654,0.0762331838565022,0.1948123344494977,0.0560344827586206,0.1800835997049422,0.1623931623931624,0.1810443526307929,0.1625514403292181,0.2812955634242866
26,Employment,"6-17, Living with One Parent, Parent in Labor Force",0.9107438016528926,0.8340713468331757,0.9065108514190318,0.8234448574969021,0.9850746268656716,0.8211160300628024,1.0,0.8135203832241665,1.0,0.8037172902910247,1.0,0.8014319331096981,1.0,0.8187697472353871,1.0,0.8348185393538109,1.0,0.8391664980780902,1.0,0.8299034231683269,1.0,0.8408599989953283,0.9904306220095692,0.8275267508494345,0.9237668161434978,0.8051876655505023,0.9439655172413792,0.8199164002950577,0.8376068376068376,0.818955647369207,0.8374485596707819,0.7187044365757134
27,Employment,"6-17, Living with Two Parents",1570.0,49075.0,1519.0,48594.0,1468.0,48739.0,1494.0,48247.0,1650.0,46389.0,1885.0,46832.0,1932.0,46257.0,2013.0,45768.0,1797.0,45467.0,1675.0,44455.0,1675.0,43591.0,1671.0,43379.0,1344.0,42049.0,1302.0,41463.0,1256.0,41539.0,1582.0,48312.0
28,Employment,"6-17, Living with Two Parents, One Parent in Labor Force",0.1458598726114649,0.2628018339276617,0.2422646477946017,0.251903527184426,0.2547683923705722,0.2531237817764008,0.2811244979919678,0.2552697577051422,0.263030303030303,0.261117937442066,0.2419098143236074,0.2751323881106935,0.2215320910973084,0.2824869749443327,0.2538499751614506,0.2922128998426848,0.2632164718976071,0.2958849275298568,0.2895522388059701,0.3079743560904285,0.3414925373134328,0.299786653208231,0.3650508677438659,0.2915927061481362,0.4196428571428571,0.2885918809008537,0.3594470046082949,0.3013047777536599,0.3742038216560509,0.303762729001661,0.2850821744627054,0.3014571948998178
29,Employment,"6-17, Living with Two Parents, Parents Not in Labor Force",0.019108280254777,0.0145287824758023,0.0131665569453587,0.0186854344157714,0.023841961852861,0.0172346580766942,0.1010709504685408,0.0200841503098638,0.0793939393939393,0.0181508547284916,0.0758620689655172,0.0196873932353946,0.0688405797101449,0.0202347752772553,0.0481867858917039,0.0196206956825729,0.0205898720089037,0.018540919787978,0.0226865671641791,0.0182881565628163,0.026865671641791,0.0207841068110389,0.0371035308198683,0.0210009451577952,0.0424107142857142,0.0214036005612499,0.0,0.0210066806550418,0.0,0.0248681961530128,0.0246523388116308,0.1003477396920019
30,Employment,"6-17, Living with Two Parents, Parents in Labor Force",0.835031847133758,0.7226693835965359,0.7445687952600395,0.7294110383998025,0.7213896457765667,0.729641560146905,0.6178045515394913,0.7246460919849939,0.6575757575757576,0.7207312078294423,0.6822281167108754,0.7051802186539119,0.7096273291925466,0.6972782497784119,0.6979632389468455,0.6881664044747422,0.7161936560934892,0.685574152682165,0.6877611940298507,0.6737374873467551,0.6316417910447761,0.67942923998073,0.5978456014362658,0.6874063486940686,0.5379464285714286,0.6900045185378962,0.6405529953917051,0.6776885415912983,0.6257961783439491,0.671369074845326,0.6902654867256637,0.5981950654081801
31,Employment,Employed Residents,16001.0,475344.0,16314.0,483955.0,16356.0,496966.0,16794.0,511122.0,2770.0,500641.0,18199.0,522693.0,18414.0,514605.0,17409.0,504143.0,17423.0,487737.0,17220.0,477522.0,16365.0,465885.0,16220.0,456055.0,16523.0,449117.0,16514.0,446684.0,16295.0,443834.0,16235.0,427823.0
32,Employment,Managerial Professional,0.7370164364727204,0.636263421858696,0.7661517714846144,0.6344990753272515,0.758070432868672,0.6206521170462366,0.7319280695486483,0.6037599633746933,0.3552346570397112,0.584368839148212,0.728116929501621,0.5758313197230497,0.6460301944172911,0.5636459031684495,0.7165833764144982,0.5504787332165675,0.7206566033404121,0.5458249015350486,0.6817073170731708,0.5345366286788881,0.6837763519706691,0.5232213958380287,0.6630702836004932,0.5170692131431516,0.6646492767657205,0.5124611181496136,0.6524766864478624,0.5045401223236113,0.678735808530224,0.5047833198898687,0.638250692947336,0.4833868211853968
33,Employment,Natural Resources,0.014499093806637,0.0307777104581103,0.005271545911487,0.029322974243473,0.0056248471508926,0.0278288655561949,0.0105990234607597,0.0286017819620364,0.0490974729241877,0.029214546950809,0.0135172262212209,0.0309416808719458,0.0279135440425763,0.0325375773651635,0.0172324659658797,0.0350297435449862,0.0130861504907306,0.0354781367827333,0.0158536585365853,0.0365072185155867,0.0158875649251451,0.0367000440022752,0.0200369913686806,0.0406288715176897,0.0213036373539914,0.0417508132624683,0.0276129344798352,0.0447967690806028,0.0243019331083154,0.0460577603338185,0.0251924853711117,0.042050100158243
34,Employment,Production Transport Materials,0.0448096993937878,0.0523683900501531,0.0360426627436557,0.0536682129536837,0.0357055514795793,0.0556396212215725,0.0342979635584137,0.0568063984723803,0.0729241877256317,0.0570708351892873,0.0269795043683718,0.058803159789781,0.0375257955903117,0.0599275172219469,0.0289505428226779,0.0545757850451161,0.0289846754290305,0.0526451755761814,0.0250290360046457,0.0536205661728674,0.0240146654445462,0.0548161026862852,0.0278051787916152,0.0521801098551709,0.0360709314289172,0.0528949026645617,0.0391788785273101,0.056415721180969,0.0337526848726603,0.058440768395391,0.0407761010163227,0.0745331597412948
35,Employment,Sales and Office,0.1162427348290731,0.1501544144871924,0.1045727595929876,0.1525885671188437,0.0964172169234531,0.1615362016717441,0.1140288198166011,0.1689498788938844,0.1711191335740072,0.1773106876983707,0.1305016759162591,0.1802453830451144,0.1692190724448789,0.1825788711730356,0.1543454535010626,0.1954723163864221,0.1512368708029616,0.1998392576326995,0.1806039488966318,0.2054271845066824,0.1792850595783684,0.2118033420264657,0.1821208384710234,0.2171952944272072,0.1652847545845185,0.2180166860751207,0.1716725202858181,0.220927993839045,0.1679042651119975,0.2243113416277256,0.2116415152448414,0.2555168843189824
36,Employment,Services,0.0874320354977813,0.130436063145848,0.0879612602672551,0.129921170356748,0.1041819515774027,0.1343431945042518,0.1091461236155769,0.1418819772970054,0.3516245487364621,0.1520350910133209,0.100884663992527,0.154178456570109,0.1193113935049419,0.1613101310714043,0.0828881612958814,0.1644434218069079,0.086035699936865,0.166212528473337,0.0968060394889663,0.1699084021259753,0.097036358081271,0.173459115446945,0.1069667077681874,0.1729265110567804,0.1126913998668522,0.1748764798482355,0.109058980259174,0.1733193935757717,0.0953053083768027,0.166406809753196,0.084139205420388,0.1434331487554432
37,Employment,"Under 6 Years, Living with One Parent",88.0,6580.0,113.0,6745.0,254.0,7242.0,206.0,7622.0,239.0,8015.0,269.0,8712.0,274.0,8972.0,140.0,9280.0,200.0,9061.0,134.0,9277.0,96.0,9251.0,123.0,9029.0,135.0,9269.0,101.0,9025.0,97.0,8317.0,123.0,8668.0
38,Employment,"Under 6 Years, Living with One Parent, Parent Not in Labor Force",0.0,0.2427051671732522,0.0,0.2317272053372868,0.0,0.2346037006351836,0.0,0.2332721070585148,0.0,0.2331877729257642,0.0520446096654275,0.1887052341597796,0.0437956204379562,0.1754346856888096,0.1,0.1479525862068965,0.06,0.1351947908619357,0.1044776119402985,0.1384068125471596,0.0,0.1318776348502864,0.008130081300813,0.1348986598737401,0.0592592592592592,0.1807098931923616,0.0594059405940594,0.1905817174515235,0.1752577319587628,0.2776241433209089,0.1626016260162601,0.3289109367789571
39,Employment,"Under 6 Years, Living with One Parent, Parent in Labor Force",1.0,0.7572948328267477,1.0,0.7682727946627131,1.0,0.7653962993648163,1.0,0.7667278929414851,1.0,0.7668122270742358,0.9479553903345724,0.8112947658402204,0.9562043795620438,0.8245653143111904,0.9,0.8520474137931034,0.94,0.8648052091380642,0.8955223880597015,0.8615931874528403,1.0,0.8681223651497135,0.991869918699187,0.8651013401262598,0.9407407407407408,0.8192901068076384,0.9405940594059404,0.8094182825484765,0.8247422680412371,0.722375856679091,0.8373983739837398,0.6710890632210429
40,Employment,"Under 6 Years, Living with Two Parents",1203.0,31178.0,1302.0,32695.0,1318.0,33144.0,1450.0,34687.0,1473.0,35920.0,1477.0,36371.0,1446.0,36135.0,1363.0,35287.0,1391.0,34710.0,1593.0,33503.0,1386.0,32018.0,1335.0,31593.0,1512.0,30861.0,1532.0,30505.0,1403.0,30522.0,1022.0,25388.0
41,Employment,"Under 6 Years, Living with Two Parents, One Parent in Labor Force",0.2319201995012468,0.2492783372891141,0.2319508448540706,0.249365346383239,0.1896813353566009,0.2557325609461742,0.1634482758620689,0.2829878628881137,0.1832993890020366,0.2931514476614699,0.1692620176032498,0.2815154931126447,0.1770401106500691,0.2911304829113048,0.2120322817314746,0.3134015359764219,0.1883537023723939,0.3202823393834629,0.2485875706214689,0.3241799241858938,0.272005772005772,0.3401836466987319,0.3176029962546816,0.3268445541733928,0.2738095238095238,0.3272739055766177,0.3524804177545692,0.3348631371906245,0.2758374910905203,0.3595111722691829,0.2592954990215264,0.370174885772806
42,Employment,"Under 6 Years, Living with Two Parents, Parents Not in Labor Force",0.0166251039068994,0.0162614664186285,0.0,0.0166386297599021,0.0,0.0095341539946898,0.033103448275862,0.009484821402831,0.0156143923964697,0.0053452115812917,0.0101557210561949,0.0075884633361744,0.0069156293222683,0.0085789400857894,0.0066030814380044,0.0100036840762887,0.01941049604601,0.01120714491501,0.0188323917137476,0.0139688983076142,0.0274170274170274,0.0153663564245112,0.0426966292134831,0.0175671826037413,0.0423280423280423,0.0194420141926703,0.010443864229765,0.024356662842157,0.0106913756236635,0.0238844112443483,0.035225048923679,0.0863793918386639
43,Employment,"Under 6 Years, Living with Two Parents, Parents in Labor Force",0.7514546965918537,0.7344601962922573,0.7680491551459293,0.7339960238568588,0.8103186646433991,0.7347332850591359,0.803448275862069,0.7075273157090552,0.8010862186014935,0.7015033407572383,0.8205822613405552,0.7108960435511809,0.8160442600276625,0.7002905770029058,0.7813646368305209,0.6765947799472893,0.792235801581596,0.668510515701527,0.7325800376647834,0.6618511775064919,0.7005772005772006,0.6444499968767569,0.6397003745318353,0.6555882632228658,0.6838624338624338,0.6532840802307119,0.6370757180156658,0.6407801999672185,0.7134711332858161,0.6166044164864688,0.7054794520547946,0.5434457223885301
44,Employment,Unemployment Rate,0.0420857279693486,0.0608135844766881,0.0401270887267592,0.0562046654080624,0.0404224112643003,0.0535574280864409,0.0371517027863777,0.0528643499003607,0.0977198697068403,0.0473714538922793,0.0336643126427016,0.0421464851369989,0.0351585014409221,0.0467561898167262,0.0365799667957941,0.0542882955154614,0.0397376543209876,0.0616593070488925,0.0423757090423757,0.0674995414830973,0.05135934148745,0.0756142580428994,0.047730875359596,0.0824785173449569,0.0411443825441039,0.0804399877212729,0.0379562892350616,0.0751930879380297,0.0420626539950721,0.0714463457119018,0.0277777777777777,0.0459336392752786
45,Employment,Worked in place of residence,0.8427877858694264,0.8253169561041847,0.8388044769586694,0.823000162549794,0.8292024847838364,0.8150015822719782,0.8193726937269372,0.8033030688796547,0.7901403425309229,0.787710045863901,0.7686353693420831,0.7662421676810082,0.7891210538269362,0.763732761445209,0.7783917234893016,0.758829095879553,0.7655233069481091,0.75375162546046,0.7700321466841291,0.7547692840780026,0.7777152152152152,0.7585445293737045,0.7648279766023021,0.7619994669640917,0.7770802560315115,0.7654151647580465,0.7798289336040859,0.7678917094340922,0.7583859079267912,0.7633115045678713,0.7702034428794993,0.7693386500634328
46,Employment,Worked outside place of residence,0.1572122141305736,0.1746830438958153,0.1611955230413305,0.1769998374502059,0.1707975152161636,0.1849984177280218,0.1806273062730627,0.1966969311203452,0.209859657469077,0.2122899541360989,0.2313646306579168,0.2337578323189918,0.2108789461730638,0.236267238554791,0.2216082765106983,0.2411709041204469,0.2344766930518909,0.24624837453954,0.2299678533158709,0.2452307159219974,0.2222847847847847,0.2414554706262954,0.2351720233976979,0.2380005330359082,0.2229197439684884,0.2345848352419535,0.2201710663959141,0.2321082905659077,0.2416140920732088,0.2366884954321287,0.2297965571205008,0.2306613499365671
47,Households,Average Family Household Size,2.869346733668342,3.1319983337300643,2.900981423063442,3.144151117308533,3.033068305023491,3.2018118894912773,3.0934174932371508,3.2615402697381954,3.1642710472279263,3.28706601556316,3.0537937904698653,3.2517095916023706,2.8844351058671407,3.268945126068028,2.987354085603113,3.289369891655579,2.9866471258752645,3.2672108135580915,2.989506995336442,3.2838383338079966,2.9989376770538243,3.298934193677973,3.016070124178232,3.2995935115235646,3.0115808823529413,3.334838052183911,2.994076467420571,3.339890688687735,2.9669021941242097,3.344840920606982,2.950248756218905,3.3800225564931448
48,Households,Average Household Size,2.148132745570989,2.209471781902731,2.177691417231685,2.237901330812144,2.234523309533809,2.2943849561823813,2.264177733233108,2.3444979393966285,1.6259989344698988,2.3684053111240844,2.3416169377912204,2.359117045903988,2.171417797888386,2.362153216954271,2.284270578647107,2.352446654005139,2.315600228814252,2.326626108742424,2.312052063596672,2.3229749890800586,2.265260173448966,2.320853188109825,2.273389213445093,2.3119669277632724,2.3155650319829424,2.314770502501632,2.2588077020095856,2.3034212201512974,2.263431247339293,2.304953708122554,2.209867330016584,2.2949552827042594
49,Households,Family Households,0.4799966730433336,0.4629277618913811,0.4718042004299653,0.4678741837925105,0.4648467030659386,0.4703304028998791,0.4631253654054957,0.4719280924304026,0.259456579648375,0.4723127316858534,0.4923567399656666,0.479277241058859,0.4665912518853695,0.478662290843646,0.5026894865525673,0.4702044464305664,0.5018386859524393,0.4642084744715392,0.4946041683828981,0.4581213162925523,0.4709806537691794,0.4576034099950309,0.4636355939378545,0.4539077458659704,0.4639658848614073,0.4499820682113482,0.4684268056840158,0.4474618425143229,0.4578969774372073,0.4473728166459864,0.4666666666666667,0.4462210095497954
50,Households,Households,12023.0,362994.0,12094.0,361734.0,11905.0,360015.0,11973.0,360574.0,3754.0,347723.0,12233.0,361559.0,13260.0,358942.0,12270.0,358040.0,12237.0,356034.0,12139.0,352566.0,11992.0,348153.0,11811.0,344700.0,11725.0,340178.0,11893.0,337745.0,11745.0,335264.0,12060.0,329850.0
51,Households,"Households with 60 years and older, % of Total (DEC, 65 years and older)",0.3819346253015054,0.3636754326517794,0.3457086158425665,0.3620035716852715,0.3385972280554389,0.3581128564087607,0.3447757454272112,0.3537359876197396,0.4573787959509856,0.3558723466667433,0.3194637456061473,0.3504075406780083,0.3515082956259426,0.3465239509447209,0.3148329258353708,0.3435649648084013,0.3180518100841709,0.3372374548498177,0.3214432819836889,0.3331659887794058,0.3147931954636424,0.3313887859647913,0.3269833206333079,0.3244067304902814,0.3071215351812367,0.3196943952871732,0.2963928361220886,0.3131090023538468,0.2894848871860366,0.3084285816550539,0.2664179104477612,0.3122601182355616
52,Households,"Households with Children, % of Total",0.1935457040672045,0.1813693890257139,0.1948900281131139,0.1835188287526193,0.1935321293574128,0.1840395539074761,0.1901779002756201,0.1862308430447009,0.1172083111347895,0.1853199241925325,0.1957001553175835,0.1872280872554687,0.1569381598793363,0.1872252341603936,0.1974735126324368,0.1849988828063903,0.1891803546620903,0.1852800575225961,0.1948265919762748,0.1858971086264699,0.1812875250166777,0.1885119473334999,0.1788163576327152,0.1874963736582535,0.1710874200426439,0.1873430968492965,0.1679979820062221,0.1865963966898103,0.155385270327799,0.1864709601985301,0.1834162520729685,0.1723874488403819
53,Households,Living in Group Quarters,1317.0,26112.0,1197.0,24801.0,1127.0,23183.0,961.0,19002.0,352.0,19758.0,894.0,20176.0,3813.0,99313.0,2973.0,100859.0,2917.0,101563.0,2850.0,101403.0,2828.0,99865.0,2769.0,98556.0,2787.0,97294.0,0.0,0.0,0.0,0.0,294.0,19742.0
54,Households,Non-Family Households,0.5200033269566664,0.5370722381086189,0.5281957995700347,0.5321258162074894,0.5351532969340613,0.5296695971001208,0.5368746345945044,0.5280719075695973,0.7405434203516249,0.5276872683141466,0.5076432600343334,0.520722758941141,0.5334087481146305,0.5213377091563539,0.4973105134474327,0.5297955535694335,0.4981613140475607,0.5357915255284608,0.5053958316171019,0.5418786837074476,0.5290193462308206,0.5423965900049691,0.5363644060621454,0.5460922541340296,0.5360341151385928,0.5500179317886518,0.5315731943159842,0.552538157485677,0.5421030225627926,0.5526271833540135,0.5333333333333333,0.5537789904502046
55,Households,"Single Person Households, % of Total",0.3473342759710555,0.3880752849909364,0.3368612535141392,0.3795468493423344,0.347165056698866,0.370431787564407,0.3639021130877808,0.3656974712541669,0.6933937133724027,0.3628462885687745,0.3302542303605003,0.3559889257354954,0.342156862745098,0.3597628586233987,0.3284433577832111,0.3665847391352921,0.3128217700416769,0.3708775004634388,0.3132877502265425,0.3779462568710539,0.3398098732488325,0.3823635011043995,0.3505207010414021,0.3869567740063823,0.3346695095948827,0.3940848614548853,0.3408727823089212,0.4006306533035278,0.3472115793954874,0.4016058986351055,0.3393034825870646,0.3861755343337881
56,Housing,Median Year Moved In Owner,2003.0498866213152,2007.6477461846248,2002.574541284404,2006.3591026631293,2001.7260787992493,2005.251952191235,2008.7609427609427,2005.4737919483905,2010.5681818181815,2003.1260388697096,1991.8701442841289,2007.0089461238213,2001.919099756691,2001.7370067504528,2000.5893854748604,2009.146091310434,1997.855251544572,2000.187938712356,1996.8430656934304,1999.6412538848176,2000.1140684410643,2000.6779985725557,1993.34451901566,1997.5284754672896,1993.0439442658087,1997.1416645945085,1996.8553519768564,1993.848383462497,1992.8036175710597,1995.6842698438252,1985.95423563778,1987.6388952189964
57,Housing,Median Year Moved In Renter,2015.5383150880527,2015.9938834595152,2016.7892537313437,2016.5115832671431,2015.165685449958,2014.5253318985476,2018.02599009901,2011.535989556136,2010.234375,2013.023803462322,2012.3584298584296,2012.8029277571784,2011.5280093364452,2011.2591798383655,2014.466870229008,2014.2607703428332,2010.8187715117815,2010.163989518698,2009.671201814059,2008.6635687491075,2010.5145562960363,2010.36722362394,2005.6880069524916,2005.421611492817,2004.6582365003417,2004.352184865961,2006.0585388338327,2005.622983870968,2005.0436813186811,2004.8217412659092,1996.5516672169035,1996.148247771288
58,Housing,Median Year Structure Built,1944.36713836478,1945.566896353718,1945.3504144687265,1945.1754582655976,1944.526791927627,1944.5780497258984,1943.5466461063995,1944.236438679245,1939.0,1945.37322767794,1944.9932930918849,1943.4359038418831,1948.8879159369528,1942.3594918609767,1942.8818061088975,1942.047870171528,1944.415917843389,1941.6269704596637,1944.563882063882,1941.7023507482008,1950.0497766432677,1949.2994290710835,1944.9872040946896,1941.2592200959407,1947.005689900427,1941.074692243788,1942.7353308364543,1948.3707559981888,1947.346208869814,1939.0,1945.7973219720025,1940.100117657312
59,Housing,"Overcrowding, Renter Occupied Housing",0.0158463048660776,0.0734325271237664,0.0225934547446254,0.0787509157344527,0.0246895961181675,0.0820756891618869,0.035642999714856,0.082845229599508,0.1298245614035087,0.0810068776808164,0.0399367906909926,0.0811220554467032,0.0297016690760941,0.0790011969201636,0.0278062344504609,0.0744354303381849,0.0197566213314244,0.0737345626872705,0.0157946692991115,0.0743386762815936,0.0206389595702572,0.0740940461031634,0.0196466431095406,0.0721038566434206,0.0172771250863856,0.0716439754459395,0.0151112354834196,0.0702590000517717,0.0169491525423728,0.06915216052771,0.060427807486631,0.1382092963593535
60,Housing,Owner Occupied,0.4068868002994261,0.3819677460233502,0.396146849677526,0.38490990617415,0.4114237715245695,0.3854506062247406,0.4141819092959158,0.3820935508383855,0.0889717634523175,0.3778035965409248,0.4309654214011281,0.3760741677015369,0.4261689291101055,0.3762000546049222,0.4431132844335778,0.3730784269913976,0.42919016098717,0.3682007898122089,0.4158497405058077,0.3643856753061838,0.4101067378252168,0.366143620764434,0.4009821352976039,0.3660226283724978,0.3829424307036247,0.3693095967405299,0.3990582695703354,0.3709129668832995,0.4072371221796509,0.3750924644459292,0.381869267002727,0.3497573551713679
61,Housing,Post 1979 All and Pre 1979 Single Family Renter Occupied by Year Structure Built by Units in Structure,1865.0,82164.0,1883.0,77998.0,1681.0,73992.0,1686.0,73349.0,638.0,69953.0,1675.0,70573.0,1857.0,68451.0,1465.0,67616.0,1618.0,65448.0,1631.0,65701.0,4689.0,114951.0,4538.0,114749.0,4854.0,113799.0,4838.0,113725.0,4609.0,111672.0,1060.0,42099.0
62,Housing,Pre 1980 MultiFamily Renter Occupied by Year Structure Built by Units in Structure,5260.0,141862.0,5413.0,144178.0,5319.0,146950.0,5321.0,149184.0,2782.0,146145.0,5286.0,154965.0,5752.0,155386.0,5368.0,156751.0,5367.0,159388.0,5444.0,158259.0,2286.0,90725.0,2375.0,89862.0,2248.0,88408.0,2165.0,87105.0,2227.0,88150.0,6420.0,172030.0
63,Housing,Renter Occupied,0.5931131997005739,0.6180322539766497,0.603853150322474,0.6150900938258499,0.5885762284754305,0.6145493937752594,0.5858180907040842,0.6179064491616145,0.9110282365476824,0.6221964034590752,0.5690345785988719,0.623925832298463,0.5738310708898944,0.6237999453950778,0.5568867155664222,0.6269215730086024,0.5708098390128299,0.6317992101877911,0.5841502594941923,0.6356143246938162,0.5898932621747832,0.6338563792355659,0.599017864702396,0.6339773716275022,0.6170575692963752,0.63069040325947,0.6009417304296645,0.6290870331167004,0.5927628778203491,0.6249075355540709,0.618130732997273,0.6502426448286321
64,Housing,Total Number of Units,13145.0,413571.0,13088.0,410552.0,12995.0,407284.0,13034.0,403943.0,4018.0,382814.0,12949.0,396851.0,14641.0,393098.0,12908.0,389511.0,12888.0,385944.0,12718.0,382915.0,12679.0,379773.0,12615.0,377499.0,12644.0,375132.0,12737.0,374229.0,12702.0,371781.0,12557.0,346527.0
65,Housing,Total Vacant Units,1122.0,50577.0,994.0,48818.0,1090.0,47269.0,1061.0,43369.0,264.0,35091.0,716.0,35292.0,1381.0,34156.0,638.0,31471.0,651.0,29910.0,579.0,30349.0,687.0,31620.0,804.0,32799.0,919.0,34954.0,844.0,36484.0,957.0,36517.0,456.0,16827.0
66,Housing,Vacancy Rate,0.0853556485355648,0.1222933909776072,0.0759474327628361,0.1189082016407178,0.0838784147749134,0.1160590644366093,0.0814024858063526,0.1073641578143451,0.0657043305126928,0.0916659265335123,0.0552938450845625,0.0889301022298041,0.0943241581859162,0.0868892744302947,0.0494267121165168,0.0807961777716162,0.050512104283054,0.077498289907344,0.0455260261047334,0.0792577987281772,0.05418408391829,0.0832602633678539,0.0637336504161712,0.0868849983708566,0.0726826953495729,0.0931778680571105,0.0662636413598178,0.0974911083855072,0.0753424657534246,0.0982218026203598,0.0363144063072389,0.0485589867456215
67,Housing Prices,Contract Rent 100 to 149,0.0,735.0,0.0,669.0,0.0,561.0,0.0,710.0,157.0,848.0,0.0,795.0,0.0,762.0,0.0,965.0,0.0,1047.0,0.0,1198.0,0.0,1115.0,0.0,1235.0,0.0,1291.0,0.0,1188.0,0.0,1189.0,9.0,2218.0
68,Housing Prices,Contract Rent 1000 to 1249,578.0,12360.0,553.0,12735.0,316.0,13883.0,382.0,15685.0,239.0,16005.0,487.0,17491.0,536.0,18314.0,779.0,20972.0,668.0,22300.0,740.0,23989.0,769.0,24438.0,722.0,25594.0,751.0,25189.0,833.0,26334.0,951.0,27887.0,1432.0,29768.0
69,Housing Prices,Contract Rent 1250 to 1499,198.0,11850.0,166.0,12425.0,187.0,13053.0,260.0,15334.0,192.0,14963.0,401.0,17640.0,627.0,19616.0,530.0,19477.0,623.0,21110.0,668.0,22981.0,872.0,23214.0,1221.0,23799.0,1186.0,25427.0,1249.0,25043.0,1222.0,24253.0,815.0,17994.0
70,Housing Prices,Contract Rent 150 to 199,0.0,1248.0,0.0,1131.0,16.0,1144.0,21.0,1263.0,0.0,1219.0,27.0,1059.0,0.0,880.0,0.0,811.0,0.0,898.0,0.0,1082.0,0.0,1157.0,0.0,1037.0,0.0,988.0,0.0,959.0,0.0,834.0,24.0,6640.0
71,Housing Prices,Contract Rent 1500 to 1999,718.0,27125.0,893.0,27134.0,953.0,28583.0,1136.0,31884.0,178.0,31616.0,1416.0,34159.0,1365.0,35576.0,1695.0,38851.0,1957.0,42047.0,2072.0,43104.0,2185.0,44214.0,2075.0,44733.0,2154.0,43113.0,2161.0,43130.0,1872.0,40401.0,1042.0,23743.0
72,Housing Prices,Contract Rent 200 to 249,0.0,1262.0,5.0,1483.0,0.0,2141.0,0.0,2304.0,0.0,3011.0,0.0,3326.0,7.0,3487.0,19.0,3469.0,35.0,3989.0,44.0,3926.0,39.0,3442.0,31.0,4052.0,8.0,4233.0,8.0,3905.0,11.0,4157.0,0.0,4167.0
73,Housing Prices,"Contract Rent 2000 to 2499 (Contract Rent 2000 or more, DEC2000 and ACS2009-2014)",1157.0,30319.0,1278.0,29598.0,1247.0,30033.0,1172.0,28406.0,83.0,27086.0,1314.0,29234.0,1021.0,29473.0,1301.0,28761.0,1152.0,28746.0,1244.0,28844.0,1994.0,60838.0,1792.0,54800.0,1819.0,49997.0,1424.0,43369.0,1539.0,38455.0,416.0,14053.0
74,Housing Prices,Contract Rent 250 to 299,0.0,2653.0,0.0,3199.0,0.0,4040.0,20.0,6816.0,513.0,6796.0,38.0,6530.0,18.0,6214.0,28.0,6238.0,11.0,5584.0,6.0,5431.0,6.0,5289.0,5.0,4617.0,47.0,4912.0,47.0,5107.0,35.0,4943.0,41.0,3338.0
75,Housing Prices,Contract Rent 2500 to 2999 (ACS2015-),857.0,22846.0,880.0,23891.0,1005.0,23653.0,1298.0,24685.0,103.0,24242.0,1115.0,25265.0,878.0,24192.0,802.0,22868.0,795.0,20913.0,459.0,17655.0,256.0,5684.0,259.0,5764.0,285.0,5769.0,253.0,5919.0,136.0,6063.0,,
76,Housing Prices,Contract Rent 300 to 349,0.0,5250.0,13.0,5449.0,24.0,5715.0,0.0,3379.0,305.0,3005.0,0.0,2602.0,0.0,2405.0,0.0,2698.0,0.0,2768.0,0.0,2640.0,0.0,2310.0,71.0,2483.0,88.0,2392.0,102.0,2351.0,95.0,3015.0,58.0,5346.0
77,Housing Prices,Contract Rent 3000 to 3499 (ACS2015-),1029.0,23443.0,983.0,21301.0,929.0,21499.0,1031.0,22343.0,37.0,21710.0,879.0,21726.0,1064.0,19059.0,470.0,16228.0,442.0,13638.0,345.0,11377.0,0.0,0.0,0.0,0.0,0.0,0.0,0.0,0.0,0.0,0.0,,
78,Housing Prices,Contract Rent 350 to 399,0.0,2168.0,0.0,2685.0,0.0,1786.0,0.0,1491.0,78.0,1795.0,0.0,2458.0,35.0,2398.0,10.0,2479.0,0.0,2277.0,0.0,2357.0,0.0,2308.0,10.0,2073.0,10.0,2135.0,84.0,2003.0,57.0,1992.0,62.0,5235.0
79,Housing Prices,Contract Rent 3500 or more (ACS2015-),2221.0,54106.0,2192.0,51935.0,2057.0,46454.0,1161.0,35189.0,46.0,27172.0,535.0,21699.0,670.0,17755.0,224.0,14008.0,185.0,10639.0,178.0,8074.0,0.0,0.0,0.0,0.0,0.0,0.0,0.0,0.0,0.0,0.0,,
80,Housing Prices,Contract Rent 400 to 449,0.0,1585.0,0.0,1400.0,0.0,1212.0,10.0,2155.0,178.0,2320.0,10.0,2476.0,58.0,3090.0,9.0,4110.0,12.0,4150.0,30.0,4019.0,26.0,4073.0,38.0,3501.0,62.0,3185.0,19.0,3064.0,0.0,3259.0,72.0,5503.0
81,Housing Prices,Contract Rent 500 to 549,0.0,1258.0,0.0,1460.0,0.0,1687.0,15.0,2081.0,115.0,2161.0,13.0,2627.0,0.0,2418.0,0.0,2233.0,7.0,2209.0,0.0,2307.0,0.0,2353.0,0.0,2688.0,0.0,3496.0,15.0,4026.0,0.0,4323.0,59.0,5711.0
82,Housing Prices,Contract Rent 550 to 599,8.0,2419.0,3.0,2363.0,10.0,1747.0,12.0,2690.0,294.0,3590.0,19.0,4301.0,119.0,4313.0,47.0,4226.0,28.0,4420.0,40.0,4412.0,26.0,4282.0,17.0,4787.0,21.0,5226.0,9.0,4891.0,0.0,4718.0,152.0,8537.0
83,Housing Prices,Contract Rent 600 to 649,0.0,1843.0,0.0,2304.0,3.0,2531.0,32.0,2173.0,0.0,1783.0,11.0,2201.0,0.0,2096.0,0.0,2260.0,0.0,2602.0,0.0,2951.0,0.0,2960.0,0.0,3458.0,35.0,3042.0,22.0,3149.0,38.0,3226.0,139.0,6972.0
84,Housing Prices,Contract Rent 650 to 699,7.0,1902.0,0.0,1485.0,0.0,1653.0,0.0,2130.0,225.0,2732.0,0.0,3097.0,99.0,3068.0,76.0,3347.0,116.0,3600.0,139.0,3924.0,129.0,3730.0,118.0,3853.0,63.0,4307.0,113.0,4354.0,90.0,4837.0,206.0,9456.0
85,Housing Prices,Contract Rent 700 to 749,0.0,1346.0,0.0,1294.0,0.0,1477.0,17.0,1778.0,133.0,1317.0,6.0,1934.0,75.0,2353.0,0.0,2499.0,15.0,2715.0,46.0,2941.0,54.0,3324.0,19.0,3669.0,39.0,3191.0,37.0,3798.0,47.0,3340.0,225.0,8024.0
86,Housing Prices,Contract Rent 750 to 749,15.0,1231.0,62.0,1843.0,0.0,2128.0,22.0,1856.0,26.0,2719.0,35.0,3140.0,73.0,2883.0,87.0,3171.0,103.0,3493.0,159.0,3794.0,130.0,3669.0,182.0,3703.0,184.0,4732.0,187.0,4357.0,150.0,5126.0,385.0,8938.0
87,Housing Prices,Contract Rent 750 to 799,54.0,1971.0,30.0,1628.0,54.0,1410.0,20.0,2216.0,54.0,1943.0,90.0,2186.0,11.0,2598.0,100.0,2683.0,128.0,3147.0,157.0,2939.0,170.0,3463.0,170.0,3307.0,63.0,2749.0,60.0,3763.0,70.0,4187.0,401.0,8550.0
88,Housing Prices,Contract Rent 800 to 899,86.0,3330.0,25.0,3236.0,45.0,3578.0,181.0,5227.0,153.0,6009.0,183.0,6448.0,467.0,6990.0,180.0,8196.0,182.0,8259.0,222.0,8930.0,182.0,9029.0,118.0,9095.0,181.0,8873.0,177.0,10206.0,145.0,10955.0,856.0,18041.0
89,Housing Prices,Contract Rent 900 to 999,41.0,4376.0,109.0,4635.0,108.0,5326.0,113.0,5184.0,217.0,6380.0,180.0,7088.0,241.0,7599.0,245.0,7175.0,307.0,7452.0,290.0,8051.0,236.0,8357.0,227.0,8953.0,239.0,9207.0,347.0,10760.0,504.0,11497.0,956.0,16283.0
90,Housing Prices,Contract Rent Less than 100,1.0,1142.0,1.0,951.0,1.0,653.0,18.0,705.0,82.0,907.0,19.0,903.0,0.0,1057.0,17.0,1232.0,0.0,1465.0,0.0,1505.0,0.0,1430.0,0.0,1331.0,0.0,1093.0,0.0,795.0,0.0,852.0,20.0,1385.0
91,Housing Prices,Contract Rent Total,7131.0,224342.0,7303.0,222499.0,7007.0,221247.0,7014.0,222801.0,3420.0,216352.0,6961.0,225586.0,7609.0,223908.0,6833.0,224463.0,6985.0,224942.0,7091.0,224096.0,7074.0,220679.0,7075.0,218532.0,7235.0,214547.0,7147.0,212471.0,6962.0,209509.0,7480.0,214198.0
92,Housing Prices,Contract Rent Total No cash Rent (ACS2015-),161.0,6574.0,110.0,6265.0,52.0,5300.0,93.0,5117.0,12.0,5023.0,183.0,5201.0,245.0,5312.0,214.0,5506.0,219.0,5474.0,252.0,5665.0,0.0,0.0,0.0,0.0,0.0,0.0,0.0,0.0,0.0,0.0,110.0,4296.0
93,Housing Prices,"Contract Rent Total No cash Rent (No cash rent, DEC2000 and ACS2009-2014)",857.0,22846.0,880.0,23891.0,1005.0,23653.0,1298.0,24685.0,103.0,24242.0,1115.0,25265.0,878.0,24192.0,802.0,22868.0,795.0,20913.0,459.0,17655.0,256.0,5684.0,259.0,5764.0,285.0,5769.0,253.0,5919.0,136.0,6063.0,110.0,4296.0
94,Housing Prices,Contract Rent Total With cash Rent,6970.0,217768.0,7193.0,216234.0,6955.0,215947.0,6921.0,217684.0,3408.0,211329.0,6778.0,220385.0,7364.0,218596.0,6619.0,218957.0,6766.0,219468.0,6839.0,218431.0,6818.0,214995.0,6816.0,212768.0,6950.0,208778.0,6894.0,206552.0,6826.0,203446.0,7370.0,209902.0
95,Housing Prices,Extremely Rent Burdened,0.1919786846164633,0.188364193953874,0.1884157195673011,0.1762300055281147,0.1825317539603254,0.1729740968239117,0.1914741944682064,0.1710943846751136,0.1885964912280701,0.1711285312823546,0.1394914523775319,0.1712694936742528,0.1654619529504534,0.1823114850742269,0.1463486023708473,0.189639272396787,0.1352899069434502,0.2033368601683989,0.1508955013397264,0.2083660574039697,0.1873056262369239,0.2156344736019285,0.2107420494699646,0.2184851646440795,0.1939184519695922,0.221047136524864,0.1800755561774171,0.2104240108061806,0.1699224360815857,0.2075137583588294,0.1836898395721925,0.1636709959943603
96,Housing Prices,Home Value 10000 to 14999 ,0.0,212.0,0.0,183.0,0.0,205.0,0.0,175.0,0.0,144.0,0.0,79.0,0.0,98.0,0.0,82.0,0.0,59.0,0.0,74.0,0.0,76.0,0.0,71.0,0.0,59.0,0.0,74.0,0.0,45.0,0.0,62.0
97,Housing Prices,Home Value 100000 to 124999,0.0,786.0,0.0,984.0,0.0,893.0,0.0,644.0,0.0,582.0,0.0,462.0,34.0,422.0,0.0,524.0,12.0,482.0,12.0,477.0,15.0,560.0,32.0,706.0,31.0,668.0,8.0,667.0,26.0,726.0,16.0,663.0
98,Housing Prices,"Home Value 1000000 to 1499999 (1000000 or more, DEC2000 and ACS2009-2014)",1216.0,44558.0,1183.0,46265.0,1374.0,46445.0,1517.0,43297.0,84.0,41084.0,1543.0,37869.0,1407.0,33886.0,1704.0,29448.0,1504.0,25127.0,1459.0,20784.0,1783.0,33662.0,1449.0,30888.0,1189.0,30973.0,1401.0,32270.0,1417.0,33403.0,321.0,9895.0
99,Housing Prices,Home Value 125000 to 149999,0.0,376.0,0.0,182.0,0.0,99.0,0.0,153.0,0.0,98.0,0.0,59.0,0.0,74.0,0.0,102.0,0.0,122.0,0.0,166.0,8.0,211.0,8.0,247.0,9.0,189.0,6.0,159.0,9.0,149.0,9.0,708.0
100,Housing Prices,Home Value 15000 to 19999 ,8.0,71.0,15.0,103.0,0.0,88.0,0.0,54.0,0.0,89.0,0.0,49.0,0.0,54.0,0.0,51.0,0.0,46.0,0.0,29.0,0.0,187.0,0.0,159.0,0.0,198.0,0.0,191.0,0.0,158.0,0.0,117.0
101,Housing Prices,Home Value 150000 to 174999,0.0,434.0,0.0,319.0,33.0,333.0,33.0,265.0,0.0,197.0,0.0,307.0,0.0,463.0,20.0,490.0,15.0,440.0,18.0,438.0,23.0,484.0,0.0,485.0,3.0,405.0,2.0,503.0,4.0,536.0,0.0,1269.0
102,Housing Prices,Home Value 1500000 to 1999999 (ACS2015-),1289.0,29091.0,1328.0,28389.0,1271.0,28361.0,1348.0,24715.0,7.0,20876.0,1173.0,19365.0,667.0,15807.0,793.0,12388.0,563.0,9489.0,389.0,7792.0,0.0,0.0,0.0,0.0,0.0,0.0,0.0,0.0,0.0,0.0,,
103,Housing Prices,Home Value 175000 to 199999,33.0,106.0,33.0,160.0,0.0,84.0,0.0,59.0,0.0,50.0,0.0,104.0,11.0,184.0,0.0,187.0,0.0,288.0,0.0,337.0,0.0,418.0,0.0,309.0,0.0,401.0,0.0,318.0,7.0,361.0,45.0,2042.0
104,Housing Prices,Home Value 20000 to 24999 ,0.0,103.0,0.0,76.0,0.0,8.0,0.0,28.0,0.0,47.0,0.0,25.0,0.0,18.0,0.0,39.0,0.0,37.0,0.0,23.0,0.0,26.0,0.0,29.0,0.0,139.0,0.0,143.0,0.0,142.0,0.0,411.0
105,Housing Prices,Home Value 200000 to 249999,0.0,573.0,0.0,506.0,28.0,556.0,25.0,627.0,5.0,537.0,59.0,756.0,0.0,731.0,78.0,877.0,78.0,1051.0,85.0,1321.0,93.0,1541.0,85.0,1595.0,110.0,1551.0,112.0,1776.0,39.0,1667.0,80.0,6734.0
106,Housing Prices,Home Value 2000000 or more (ACS2015-),1721.0,33698.0,1575.0,33776.0,1472.0,30680.0,1184.0,24626.0,1.0,20385.0,1236.0,21444.0,881.0,18798.0,800.0,15408.0,554.0,12454.0,361.0,10149.0,0.0,0.0,0.0,0.0,0.0,0.0,0.0,0.0,0.0,0.0,,
107,Housing Prices,Home Value 25000 to 29999 ,0.0,11.0,0.0,27.0,0.0,71.0,0.0,82.0,0.0,75.0,0.0,59.0,0.0,49.0,0.0,68.0,0.0,7.0,0.0,12.0,0.0,9.0,10.0,26.0,9.0,19.0,9.0,51.0,34.0,74.0,5.0,777.0
108,Housing Prices,Home Value 250000 to 299999,15.0,419.0,20.0,480.0,0.0,426.0,0.0,749.0,25.0,833.0,18.0,799.0,87.0,1039.0,17.0,977.0,10.0,1075.0,0.0,1169.0,9.0,1519.0,9.0,1456.0,14.0,1495.0,19.0,1421.0,15.0,1463.0,106.0,10611.0
109,Housing Prices,Home Value 30000 to 34999 ,0.0,8.0,0.0,12.0,0.0,0.0,0.0,0.0,0.0,0.0,0.0,10.0,0.0,34.0,0.0,38.0,0.0,64.0,0.0,84.0,0.0,77.0,0.0,58.0,0.0,45.0,0.0,45.0,0.0,21.0,17.0,955.0
110,Housing Prices,Home Value 300000 to 399999,34.0,1602.0,34.0,1818.0,44.0,2252.0,37.0,2573.0,0.0,2432.0,42.0,2460.0,131.0,2805.0,23.0,3145.0,75.0,3943.0,100.0,4767.0,79.0,5129.0,66.0,5243.0,83.0,4933.0,61.0,4397.0,16.0,3406.0,694.0,25189.0
111,Housing Prices,Home Value 35000 to 39999 ,0.0,12.0,0.0,9.0,0.0,5.0,0.0,29.0,0.0,58.0,0.0,45.0,0.0,53.0,0.0,110.0,0.0,84.0,0.0,80.0,0.0,83.0,0.0,101.0,0.0,64.0,0.0,81.0,0.0,123.0,26.0,1056.0
112,Housing Prices,Home Value 40000 to 49999 ,0.0,75.0,0.0,68.0,0.0,65.0,0.0,49.0,0.0,41.0,0.0,74.0,14.0,75.0,0.0,85.0,0.0,208.0,0.0,211.0,0.0,228.0,0.0,279.0,0.0,305.0,0.0,240.0,0.0,225.0,7.0,831.0
113,Housing Prices,Home Value 400000 to 499999,107.0,2288.0,95.0,2258.0,94.0,2266.0,153.0,2185.0,30.0,2168.0,138.0,2820.0,73.0,3895.0,153.0,5230.0,147.0,6965.0,140.0,8565.0,162.0,9354.0,139.0,9796.0,130.0,9546.0,114.0,8321.0,206.0,7079.0,1052.0,20035.0
114,Housing Prices,Home Value 50000 to 59999 ,0.0,117.0,0.0,88.0,0.0,91.0,0.0,91.0,0.0,101.0,0.0,91.0,0.0,129.0,0.0,153.0,0.0,195.0,0.0,202.0,10.0,296.0,48.0,398.0,47.0,380.0,57.0,400.0,38.0,402.0,39.0,411.0
115,Housing Prices,Home Value 500000 to 749999,113.0,6702.0,186.0,6738.0,219.0,6778.0,166.0,11672.0,87.0,14124.0,275.0,18502.0,816.0,22866.0,556.0,28879.0,619.0,33939.0,729.0,37576.0,762.0,39490.0,741.0,41232.0,699.0,40918.0,767.0,39818.0,793.0,39479.0,1587.0,22252.0
116,Housing Prices,Home Value 60000 to 69999 ,0.0,31.0,0.0,20.0,0.0,14.0,0.0,13.0,0.0,34.0,0.0,67.0,0.0,57.0,0.0,115.0,0.0,191.0,0.0,227.0,28.0,233.0,26.0,299.0,34.0,332.0,27.0,386.0,28.0,505.0,0.0,303.0
117,Housing Prices,Home Value 70000 to 79999 ,40.0,127.0,45.0,191.0,0.0,46.0,0.0,158.0,0.0,201.0,0.0,186.0,0.0,194.0,0.0,223.0,0.0,271.0,0.0,314.0,0.0,258.0,0.0,242.0,0.0,258.0,0.0,437.0,0.0,458.0,9.0,281.0
118,Housing Prices,Home Value 750000 to 999999,232.0,15913.0,195.0,15324.0,283.0,17664.0,461.0,24204.0,95.0,26087.0,729.0,28869.0,1478.0,31656.0,1181.0,33015.0,1578.0,32795.0,1654.0,31905.0,1878.0,32153.0,2098.0,31352.0,2132.0,32015.0,2112.0,32698.0,2052.0,34403.0,574.0,10032.0
119,Housing Prices,Home Value 80000 to 89999 ,0.0,71.0,0.0,89.0,0.0,43.0,0.0,60.0,0.0,100.0,0.0,148.0,22.0,188.0,0.0,222.0,0.0,247.0,0.0,296.0,0.0,253.0,0.0,263.0,0.0,222.0,12.0,352.0,17.0,425.0,0.0,262.0
120,Housing Prices,Home Value 90000 to 99999 ,0.0,105.0,0.0,16.0,0.0,80.0,0.0,104.0,0.0,92.0,0.0,162.0,0.0,140.0,0.0,110.0,0.0,139.0,0.0,218.0,0.0,202.0,0.0,252.0,0.0,227.0,39.0,295.0,82.0,309.0,34.0,303.0
121,Housing Prices,Home Value Less than 10000,84.0,1163.0,82.0,1154.0,80.0,1215.0,35.0,1161.0,0.0,936.0,59.0,1162.0,30.0,1319.0,112.0,1611.0,97.0,1374.0,101.0,1254.0,68.0,1025.0,25.0,682.0,0.0,289.0,0.0,231.0,0.0,196.0,0.0,116.0
122,Housing Prices,Home Value Total,4892.0,138652.0,4791.0,139235.0,4898.0,138768.0,4959.0,137773.0,334.0,131371.0,5272.0,135973.0,5651.0,135034.0,5437.0,133577.0,5252.0,131092.0,5048.0,128470.0,4918.0,127474.0,4736.0,126168.0,4490.0,125631.0,4746.0,125274.0,4783.0,125755.0,4621.0,115315.0
123,Housing Prices,Housing Units with a Mortgage,3026.0,88796.0,2946.0,89491.0,2982.0,88696.0,3092.0,89064.0,221.0,85383.0,3202.0,89744.0,3539.0,89454.0,3622.0,89845.0,3415.0,89772.0,3367.0,89459.0,3451.0,88893.0,3156.0,88729.0,3082.0,89798.0,3400.0,89583.0,3356.0,89788.0,2395.0,54435.0
124,Housing Prices,Housing Units with a Mortgage 0 to 30%,1878.0,56203.0,1767.0,56372.0,1823.0,56525.0,1908.0,56227.0,135.0,52776.0,2067.0,55849.0,2245.0,55122.0,2383.0,54107.0,2179.0,52499.0,2101.0,49874.0,1983.0,47633.0,1871.0,45780.0,1743.0,45483.0,1924.0,44283.0,1799.0,44917.0,1539.0,33318.0
125,Housing Prices,Housing Units with a Mortgage 30-50%,456.0,17093.0,525.0,17431.0,502.0,16639.0,579.0,17385.0,38.0,17385.0,706.0,18446.0,719.0,18515.0,795.0,19655.0,788.0,20586.0,742.0,21780.0,850.0,22368.0,784.0,22998.0,721.0,23568.0,697.0,23760.0,692.0,23833.0,474.0,12389.0
126,Housing Prices,Housing Units with a Mortgage 50%+,669.0,15053.0,578.0,15121.0,602.0,15048.0,550.0,14934.0,48.0,14686.0,402.0,14985.0,540.0,15396.0,429.0,15684.0,426.0,16367.0,503.0,17528.0,600.0,18638.0,501.0,19680.0,618.0,20452.0,779.0,21220.0,865.0,20755.0,372.0,8506.0
127,Housing Prices,Housing Units with a Mortgage Not Computed,23.0,447.0,76.0,567.0,55.0,484.0,55.0,518.0,0.0,536.0,27.0,464.0,35.0,421.0,15.0,399.0,22.0,320.0,21.0,277.0,18.0,254.0,0.0,271.0,0.0,295.0,0.0,320.0,0.0,283.0,10.0,222.0
128,Housing Prices,Housing Units without a Mortgage,1866.0,49856.0,1845.0,49744.0,1916.0,50072.0,1867.0,48709.0,113.0,45988.0,2070.0,46229.0,2112.0,45580.0,1815.0,43732.0,1837.0,41320.0,1681.0,39011.0,1467.0,38581.0,1580.0,37439.0,1408.0,35833.0,1346.0,35691.0,1427.0,35967.0,1124.0,25110.0
129,Housing Prices,Housing Units without a Mortgage 0 to 30%,1525.0,40976.0,1528.0,41425.0,1578.0,41739.0,1572.0,40617.0,83.0,38954.0,1816.0,39447.0,1815.0,38837.0,1529.0,37150.0,1507.0,35094.0,1388.0,32810.0,1228.0,32577.0,1381.0,31893.0,1258.0,30836.0,1158.0,30586.0,1208.0,30951.0,1018.0,22071.0
130,Housing Prices,Housing Units without a Mortgage 30-50%,132.0,2743.0,98.0,2665.0,108.0,2816.0,112.0,2897.0,0.0,2760.0,129.0,3105.0,163.0,3226.0,177.0,3285.0,196.0,2912.0,175.0,2896.0,143.0,2709.0,106.0,2344.0,90.0,1947.0,97.0,2118.0,89.0,2067.0,29.0,1335.0
131,Housing Prices,Housing Units without a Mortgage 50%+,186.0,5474.0,196.0,4908.0,195.0,4660.0,140.0,4383.0,30.0,3539.0,125.0,3062.0,120.0,2949.0,109.0,2804.0,119.0,2727.0,104.0,2774.0,83.0,2743.0,80.0,2569.0,50.0,2440.0,91.0,2470.0,130.0,2459.0,60.0,1231.0
132,Housing Prices,Housing Units without a Mortgage Not Computed,23.0,663.0,23.0,746.0,35.0,857.0,43.0,812.0,0.0,735.0,0.0,615.0,14.0,568.0,0.0,493.0,15.0,587.0,14.0,531.0,13.0,552.0,13.0,633.0,10.0,610.0,0.0,517.0,0.0,490.0,17.0,473.0
133,Housing Prices,Median Contract Rent,2862.893815635939,2360.0052772189056,2760.5113636363635,2314.345563889452,2755.4726368159204,2227.5080744514366,2511.3636363636365,2031.349010772372,546.9387755102041,1913.7382970647773,2172.7549467275494,1820.420679762288,1982.051282051282,1735.5098943107714,1848.8200589970504,1644.6230470258165,1793.3060807358202,1574.3097010488264,1711.9932432432431,1498.2431138766808,1823.5034324942792,1277.125786163522,1610.6024096385545,1428.0326904491783,1615.598885793872,1389.1041019388838,1531.929662193429,1332.518068921455,1499.5908346972176,1264.2868923432152,1003.491620111732,841.380743861205
134,Housing Prices,Median Gross Rent by Bedrooms - 1 Bedroom- COUNTY ONLY,2586.098587664129,2527.9544131073585,2574.478376844495,2527.763279799277,2587.2076345361115,2431.3887613866423,2578.733258440991,2332.782505826766,2584.3784626674005,2236.9238444897705,2145.02296317361,1987.3592815457653,2023.178768382353,1879.697100817997,1778.202453453976,1773.904183048578,1710.0923005993543,1702.3081390250975,1571.2748314197192,1615.6187887418328,,,,,,,,,,,,
135,Housing Prices,Median Gross Rent by Bedrooms - 2 Bedrooms- COUNTY ONLY,3185.849828974953,3037.3912325463225,3112.726220204313,2974.0977105440743,3133.2158224631544,2888.7137188599822,2879.8422892092617,2686.888502338676,2423.214450745642,2478.535920269136,2529.153846153846,2357.3725121002717,2460.8046875,2259.758818197654,2213.919610231425,2163.1152869029315,1996.717155440971,2064.7827937154125,2001.095680699836,2040.4539020537125,,,,,,,,,,,,
136,Housing Prices,Median Gross Rent by Bedrooms - 3-4 Bedrooms- COUNTY ONLY,7002.0,6430.173012770701,6447.264255457804,6439.977962507547,5995.05069124424,6172.378898796101,5710.0,5879.461080366243,,5407.014069372479,5103.894398340249,5141.023766261463,4523.0,5049.50689427445,4709.300866369126,4804.605713132323,5146.893780074853,4725.432584904807,4516.0,4900.870439210516,,,,,,,,,,,,
137,Housing Prices,Median Gross Rent by Bedrooms - 5 Bedrooms or more- COUNTY ONLY,,2236.218649701972,,1969.8453809326795,,2070.645886936705,,2411.8356148287407,,2445.470040582478,,1831.595673876872,,1608.7699591836736,,1489.3307520612218,,1810.520923520924,1053.0,1406.267073943865,,,,,,,,,,,,
138,Housing Prices,Median Gross Rent by Bedrooms - No Bedroom- COUNTY ONLY,2127.309977628636,2056.9530122877245,2110.082853749886,2019.7694670479325,2330.352829391892,2009.441433506406,2135.7401172975856,1869.028631857237,529.2360300250208,1853.5116718054253,1690.2465401785714,1656.6306397444298,1482.487961741425,1578.3927933074528,1254.4861086533358,1444.259250117122,1234.1794730053437,1351.2930499794438,1137.393074204947,1307.3434908332092,,,,,,,,,,,,
139,Housing Prices,Median Home Value,1718774.2435996896,1426646.1690381076,1691076.8072289156,1419458.553982492,1615656.9630212432,1388653.245774572,1519473.293768546,1274285.747280412,802631.5789473684,1202749.2454483495,1426441.9961114712,1141164.276849138,1046019.9004975124,1014371.7169332468,1169747.6525821595,927726.0336210814,999207.8580481622,859155.3590486355,952388.1499395404,800109.7006738755,839989.630457934,983842.0055049296,890490.943755958,744882.6154443151,876172.6078799249,751347.0248321099,884943.1818181819,767822.1909596918,881274.366471735,785814.4638548964,527016.3831127915,422742.7002745196
140,Housing Prices,Median Rent,2962.655601659751,2477.560434224673,2885.989010989011,2420.0504501979467,2825.654704170708,2316.617543624611,2572.873658133774,2130.896266987786,583.7209302325581,1990.7136894824707,2275.318829707426,1896.5871467423435,2111.5257048092867,1806.484197708529,1915.5129011957208,1710.554971943939,1841.377440347072,1632.989666060664,1767.8482895389193,1558.9823431996829,1755.6775244299674,1965.3573282929492,1709.7145488029466,1488.3549711725911,1676.6180492251594,1447.190041902884,1589.7079276773295,1387.895407670619,1564.289432587194,1328.375972442621,1070.7637997432605,927.747476647232
141,Housing Prices,Median Rent as % of Household Income,24.11726618705036,25.094034253511204,22.68777777777777,25.122283722837228,23.24757516973812,24.78552434711643,23.23270833333333,24.74661730346344,30.70242494226328,24.884884489661,21.68968321917808,24.816020014044945,21.85353982300885,25.01581448239451,23.136401098901096,26.056794397037518,24.4463768115942,27.20303856565577,24.86652502360717,27.92436527127097,25.98086574654956,28.632000471809388,26.762392550143268,28.963136085198386,25.67450722733246,28.994228655185047,24.625771324863884,28.385966623770184,24.443875685557582,28.285377898351065,25.58565573770492,25.37444913267698
142,Housing Prices,Rent 100 to 149,0.0,399.0,0.0,333.0,0.0,251.0,0.0,321.0,83.0,458.0,0.0,694.0,0.0,750.0,0.0,972.0,0.0,1113.0,0.0,1137.0,0.0,1000.0,0.0,1037.0,0.0,1015.0,0.0,796.0,0.0,792.0,20.0,1888.0
143,Housing Prices,Rent 1000 to 1249,462.0,10990.0,523.0,11140.0,338.0,12152.0,356.0,14128.0,293.0,15829.0,576.0,16887.0,721.0,17905.0,778.0,19380.0,633.0,20684.0,703.0,23176.0,686.0,23850.0,662.0,24688.0,720.0,25259.0,884.0,26026.0,942.0,27324.0,1558.0,31472.0
144,Housing Prices,Rent 1250 to 1499,373.0,11993.0,279.0,12954.0,175.0,13260.0,383.0,15788.0,262.0,15049.0,336.0,17442.0,539.0,18871.0,554.0,19847.0,666.0,22179.0,640.0,23455.0,796.0,23527.0,988.0,24109.0,1093.0,24342.0,1213.0,25891.0,1308.0,25837.0,852.0,20419.0
145,Housing Prices,Rent 150 to 199,0.0,656.0,0.0,664.0,16.0,549.0,21.0,680.0,74.0,652.0,27.0,504.0,0.0,436.0,0.0,530.0,0.0,562.0,0.0,622.0,0.0,558.0,0.0,607.0,0.0,702.0,0.0,721.0,0.0,782.0,24.0,5637.0
146,Housing Prices,Rent 1500 to 1999,479.0,26179.0,794.0,25819.0,845.0,27908.0,1037.0,30793.0,177.0,31148.0,1245.0,33828.0,1248.0,36134.0,1589.0,39029.0,1844.0,41804.0,2017.0,42873.0,2149.0,43912.0,2172.0,44764.0,2194.0,44086.0,2157.0,42781.0,1921.0,40777.0,1169.0,25750.0
147,Housing Prices,Rent 200 to 249,0.0,1114.0,5.0,1291.0,0.0,1363.0,0.0,1752.0,0.0,2198.0,0.0,2088.0,7.0,2115.0,0.0,2279.0,0.0,2726.0,0.0,2892.0,0.0,2835.0,0.0,3427.0,0.0,3379.0,0.0,3218.0,11.0,3222.0,0.0,4434.0
148,Housing Prices,"Rent 2000 to 2499  (Rent 2000 or more, DEC2000 and ACS2009-2014)",1194.0,28833.0,1187.0,28543.0,1273.0,29857.0,1165.0,29065.0,83.0,27648.0,1333.0,30072.0,1206.0,30181.0,1378.0,30039.0,1183.0,29992.0,1135.0,30192.0,2310.0,66552.0,2147.0,60497.0,2056.0,55161.0,1677.0,48885.0,1739.0,43209.0,547.0,15785.0
149,Housing Prices,Rent 250 to 299,0.0,2073.0,0.0,2439.0,0.0,3153.0,17.0,5803.0,509.0,6828.0,35.0,6752.0,18.0,6408.0,45.0,6332.0,29.0,6101.0,26.0,6246.0,23.0,5723.0,29.0,5209.0,10.0,5168.0,15.0,5356.0,0.0,5328.0,32.0,3433.0
150,Housing Prices,Rent 2500 to 2999 (ACS2015-),964.0,24391.0,910.0,23658.0,1031.0,23861.0,1211.0,25262.0,109.0,24434.0,1220.0,25889.0,860.0,24624.0,866.0,23011.0,922.0,21664.0,792.0,19249.0,256.0,5684.0,259.0,5764.0,285.0,5769.0,253.0,5919.0,136.0,6063.0,,
151,Housing Prices,Rent 300 to 349,0.0,4729.0,0.0,4995.0,0.0,6496.0,0.0,4202.0,285.0,3376.0,0.0,2910.0,0.0,2456.0,0.0,2707.0,0.0,2713.0,0.0,2489.0,0.0,2480.0,9.0,2326.0,11.0,2344.0,16.0,2147.0,27.0,2557.0,43.0,4508.0
152,Housing Prices,Rent 3000 to 3499 (ACS2015-),1037.0,23089.0,1033.0,23165.0,925.0,21987.0,951.0,22182.0,32.0,21888.0,957.0,21970.0,1153.0,19425.0,527.0,17239.0,446.0,15017.0,335.0,12540.0,0.0,0.0,0.0,0.0,0.0,0.0,0.0,0.0,0.0,0.0,,
153,Housing Prices,Rent 350 to 399,0.0,2940.0,0.0,3246.0,0.0,2204.0,0.0,1664.0,78.0,1675.0,0.0,1848.0,0.0,2357.0,19.0,2210.0,17.0,1989.0,16.0,2084.0,16.0,1863.0,10.0,1785.0,18.0,1994.0,46.0,2073.0,14.0,2051.0,16.0,4710.0
154,Housing Prices,Rent 3500 or more (ACS2015-),2376.0,60110.0,2356.0,56730.0,2193.0,51175.0,1475.0,39942.0,51.0,31116.0,613.0,25265.0,732.0,21083.0,270.0,16596.0,247.0,12376.0,221.0,9419.0,0.0,0.0,0.0,0.0,0.0,0.0,0.0,0.0,0.0,0.0,,
155,Housing Prices,Rent 400 to 449,0.0,1973.0,0.0,1771.0,0.0,1557.0,0.0,2041.0,169.0,2130.0,10.0,2476.0,45.0,2654.0,10.0,3520.0,12.0,3748.0,16.0,3531.0,16.0,3364.0,75.0,3022.0,100.0,2909.0,108.0,2693.0,86.0,2957.0,59.0,4998.0
156,Housing Prices,Rent 450 to 499,0.0,1146.0,0.0,1365.0,0.0,1344.0,25.0,1820.0,81.0,2017.0,11.0,2634.0,39.0,2839.0,9.0,2806.0,7.0,2819.0,8.0,3015.0,3.0,3140.0,7.0,3012.0,10.0,3707.0,12.0,3919.0,12.0,3851.0,113.0,5235.0
157,Housing Prices,Rent 500 to 549,0.0,1595.0,3.0,2090.0,10.0,1941.0,0.0,2545.0,314.0,3108.0,32.0,3890.0,51.0,3635.0,23.0,3587.0,8.0,3490.0,11.0,3377.0,0.0,3189.0,0.0,3382.0,0.0,3717.0,0.0,3839.0,0.0,4185.0,83.0,6882.0
158,Housing Prices,Rent 550 to 599,0.0,2054.0,0.0,1848.0,0.0,1935.0,52.0,1999.0,43.0,2113.0,9.0,2503.0,52.0,2441.0,24.0,2450.0,20.0,2452.0,22.0,2731.0,18.0,2730.0,10.0,3361.0,11.0,3581.0,27.0,3762.0,29.0,3904.0,137.0,7125.0
159,Housing Prices,Rent 600 to 649,15.0,1502.0,13.0,1609.0,24.0,1676.0,0.0,1974.0,145.0,2322.0,11.0,2561.0,30.0,2668.0,0.0,3093.0,9.0,3223.0,35.0,3152.0,32.0,3149.0,46.0,3230.0,54.0,3283.0,29.0,3458.0,20.0,3487.0,177.0,8197.0
160,Housing Prices,Rent 650 to 699,0.0,1645.0,0.0,1681.0,0.0,1518.0,0.0,1884.0,198.0,2004.0,0.0,2473.0,25.0,2328.0,0.0,2515.0,22.0,2842.0,105.0,3314.0,106.0,3478.0,73.0,4046.0,43.0,3694.0,76.0,3713.0,68.0,3331.0,154.0,8174.0
161,Housing Prices,Rent 700 to 749,15.0,1246.0,0.0,1264.0,0.0,1597.0,34.0,1848.0,20.0,2276.0,0.0,2656.0,93.0,2923.0,92.0,2996.0,113.0,2989.0,115.0,3496.0,91.0,3495.0,80.0,3322.0,77.0,3793.0,102.0,3586.0,92.0,4533.0,339.0,8384.0
162,Housing Prices,Rent 750 to 799,0.0,1523.0,0.0,1563.0,33.0,1657.0,0.0,2450.0,19.0,2100.0,57.0,2412.0,68.0,2399.0,130.0,2728.0,149.0,3363.0,129.0,3196.0,146.0,3461.0,133.0,3629.0,140.0,3511.0,130.0,4044.0,154.0,4164.0,310.0,8123.0
163,Housing Prices,Rent 800 to 899,34.0,3410.0,33.0,3411.0,9.0,3519.0,128.0,4242.0,182.0,4916.0,132.0,5728.0,294.0,5821.0,73.0,6618.0,155.0,7523.0,227.0,8037.0,182.0,7956.0,206.0,8269.0,174.0,8259.0,142.0,9338.0,111.0,9785.0,834.0,17915.0
164,Housing Prices,Rent 900 to 999,20.0,3424.0,56.0,4029.0,82.0,4606.0,65.0,4824.0,119.0,5468.0,174.0,6388.0,183.0,7482.0,232.0,7666.0,284.0,7132.0,286.0,7223.0,244.0,7813.0,169.0,8256.0,239.0,8309.0,260.0,9945.0,292.0,10929.0,894.0,15951.0
165,Housing Prices,Rent Burdened,0.3732996774645912,0.3773702650417666,0.3497192934410516,0.3624825280113618,0.3456543456543456,0.3544816426889404,0.3551468491588252,0.3563897828106696,0.4868421052631579,0.3563544593994971,0.2575779342048556,0.3529297030844112,0.2874227888027336,0.3699197884845561,0.2979657544270452,0.3878991192312319,0.3095204008589835,0.4067626321451752,0.3448032717529262,0.4173791589318863,0.3809725756290641,0.4319849192718836,0.4048056537102473,0.4383156700162905,0.3787145818935729,0.4389853971390884,0.3485378480481321,0.428152547877122,0.349755817293881,0.4262060341083199,0.3740641711229946,0.3576130496083063
166,Housing Prices,Rent Less than 100,1.0,754.0,1.0,626.0,1.0,381.0,1.0,475.0,82.0,576.0,0.0,515.0,0.0,661.0,0.0,807.0,0.0,967.0,0.0,985.0,0.0,920.0,0.0,790.0,0.0,565.0,0.0,361.0,0.0,441.0,9.0,882.0
167,Housing Prices,Rent Total,7131.0,224342.0,7303.0,222499.0,7007.0,221247.0,7014.0,222801.0,3420.0,216352.0,6961.0,225586.0,7609.0,223908.0,6833.0,224463.0,6985.0,224942.0,7091.0,224096.0,7074.0,220679.0,7075.0,218532.0,7235.0,214547.0,7147.0,212471.0,6962.0,209509.0,7480.0,214198.0
168,Housing Prices,"Rent Total No cash rent  (No cash rent, DEC2000 and ACS2009-2014)",964.0,24391.0,910.0,23658.0,1031.0,23861.0,1211.0,25262.0,109.0,24434.0,1220.0,25889.0,860.0,24624.0,866.0,23011.0,922.0,21664.0,792.0,19249.0,256.0,5684.0,259.0,5764.0,285.0,5769.0,253.0,5919.0,136.0,6063.0,110.0,4296.0
169,Housing Prices,Rent Total No cash rent (ACS2015-),161.0,6574.0,110.0,6265.0,52.0,5300.0,93.0,5117.0,12.0,5023.0,183.0,5201.0,245.0,5312.0,214.0,5506.0,219.0,5474.0,252.0,5665.0,0.0,0.0,0.0,0.0,0.0,0.0,0.0,0.0,0.0,0.0,110.0,4296.0
170,Housing Prices,Rent Total With cash rent,6970.0,217768.0,7193.0,216234.0,6955.0,215947.0,6921.0,217684.0,3408.0,211329.0,6778.0,220385.0,7364.0,218596.0,6619.0,218957.0,6766.0,219468.0,6839.0,218431.0,6818.0,214995.0,6816.0,212768.0,6950.0,208778.0,6894.0,206552.0,6826.0,203446.0,7370.0,209902.0
171,Housing Type,10-19 Units,0.0915937618866489,0.0925379197284142,0.1000916870415647,0.0923999883084237,0.1044247787610619,0.0900771942919437,0.0942151296608869,0.0930403547035101,0.1222000995520159,0.0962190515498388,0.0819368290987721,0.0935187261717874,0.1056621815449764,0.0946685050547191,0.0786334056399132,0.0985825817499377,0.0855058969584109,0.0992631055282631,0.0862557005818524,0.0998890093101602,0.0905434182506506,0.0989643813541247,0.0963931827189853,0.1030360345325418,0.1005219867130654,0.1013723169444355,0.0989243934992541,0.10052668285996,0.0882538182963312,0.1009007991263674,0.105598470972366,0.1011609484975196
172,Housing Type,2-4 Units,0.3182198554583492,0.2017718843922809,0.3252597799511002,0.2021278668719187,0.3255867641400539,0.2101162824957523,0.3174773668866043,0.2096360130018344,0.0149328023892483,0.2022287586138438,0.303266661518264,0.2142365774560225,0.2282630967830066,0.2153279843703097,0.2920669352339634,0.2133649627353271,0.284528243327126,0.2122846837883216,0.3009907218116056,0.2137759032683493,0.3004968846123511,0.2160211494761344,0.3026555687673404,0.2171740852293648,0.3067858272698513,0.2192934753633387,0.3160084792337285,0.2190690726800969,0.314753582113053,0.2143170307250774,0.3312096838416819,0.2333180387098263
173,Housing Type,20 Units or More,0.0883986306580448,0.3071685393801789,0.0862622249388753,0.3055252440616536,0.0861869949980761,0.3019416426866756,0.0754948595979745,0.2920684353980636,0.7702837232453957,0.2945817028635316,0.0740597729554405,0.2800774094055451,0.1674748992555153,0.2735017730947499,0.0808026030368763,0.2661850371363068,0.0839540657976412,0.2659349542938872,0.0806730618021701,0.2614392228040165,0.078318479375345,0.2584728245557214,0.0781609195402298,0.2548589532687503,0.0725245175577349,0.2540519070620475,0.0724660438093742,0.2523401446707764,0.0771532042198079,0.2510832990389503,0.076929202835072,0.2294308957166397
174,Housing Type,5-9 Units,0.103309243058197,0.0921437915134281,0.1151436430317848,0.0930332820203043,0.1036552520200077,0.0927362724781724,0.1130888445603805,0.0943524210098949,0.0206570433051269,0.0946569352218048,0.1162251911344505,0.0983492545060992,0.1649477494706645,0.0986598761631959,0.1131856213201115,0.1020946776856109,0.1155338299193047,0.1036549343946272,0.1111023745871992,0.1040544246112061,0.1205142361384967,0.1046335574145608,0.1119302417756639,0.1019472899265958,0.1145998101866497,0.0992397342802,0.1143911439114391,0.100793898922852,0.1170681782396473,0.0996500628057915,0.1195349207613283,0.1129839810462099
175,Housing Type,Other Type,0.00684670977558,0.0023091561062066,0.0014517114914425,0.0018901381554589,0.0046941131204309,0.0019715972147199,0.0053705692803437,0.0020002822180357,0.0,0.0019957472819698,0.0032434937060776,0.0018596400160261,0.0020490403660952,0.0020529231896371,0.0041059807871087,0.0020589919155043,0.0038019863438857,0.0023319445308127,0.0053467526340619,0.00235039107896,0.0048111049767331,0.0021433856540617,0.0053904082441537,0.0020211974071454,0.0009490667510281,0.0017513835130034,0.0010206485043573,0.0016540674293013,0.0,0.0015116426068034,0.0007963685593692,0.0016160356913025
176,Housing Type,Single Family Housing,0.3916317991631799,0.304068708879491,0.3717909535452323,0.3050234805822405,0.3754520969603693,0.3031570108327359,0.39435323001381,0.3089024936686612,0.071926331508213,0.3103178044690111,0.4212680515869951,0.3119583924445195,0.3316030325797418,0.315788938127388,0.4312054539820266,0.317713748777313,0.4266759776536313,0.3165303774640881,0.4156313885831105,0.3184910489273076,0.4053158766464232,0.3197647015453969,0.4054696789536266,0.3209624396356016,0.4046187915216703,0.3242911828369747,0.3971892910418466,0.3256161334370132,0.4027712171311604,0.3325371656970098,0.3659313530301823,0.3214901003385018
177,Income,Household Income 10000 to 14999,232.0,15308.0,207.0,15529.0,193.0,16000.0,142.0,16766.0,1017.0,17288.0,155.0,18085.0,336.0,18491.0,275.0,19887.0,291.0,20617.0,283.0,21438.0,334.0,21208.0,367.0,21150.0,383.0,21154.0,320.0,20189.0,313.0,20010.0,527.0,16394.0
178,Income,Household Income 100000 to 124999,663.0,26735.0,716.0,26209.0,791.0,25620.0,948.0,27559.0,178.0,27970.0,1218.0,30267.0,1368.0,31518.0,1293.0,33643.0,1369.0,33784.0,1382.0,33451.0,1411.0,33454.0,1211.0,32521.0,1243.0,32239.0,1504.0,32711.0,1559.0,33163.0,1122.0,27331.0
179,Income,Household Income 125000 to 149999,804.0,22202.0,929.0,22308.0,922.0,23366.0,1089.0,26235.0,133.0,25181.0,1101.0,25995.0,1220.0,26865.0,1182.0,26092.0,1105.0,24878.0,939.0,24220.0,988.0,24036.0,1118.0,22511.0,1045.0,22628.0,1063.0,22421.0,833.0,20872.0,669.0,16203.0
180,Income,Household Income 15000 to 19999,172.0,9038.0,155.0,8663.0,123.0,8641.0,110.0,8796.0,317.0,9914.0,185.0,10648.0,238.0,11261.0,265.0,11817.0,275.0,12624.0,271.0,13153.0,321.0,13637.0,368.0,13054.0,221.0,13720.0,279.0,14251.0,291.0,14661.0,426.0,13984.0
181,Income,Household Income 150000 to 199999,1652.0,40776.0,1889.0,41831.0,1741.0,41397.0,1617.0,42044.0,118.0,41573.0,1811.0,43041.0,1761.0,40710.0,1552.0,38845.0,1587.0,37112.0,1590.0,34042.0,1517.0,32900.0,1418.0,32129.0,1285.0,30817.0,1114.0,29802.0,1175.0,29308.0,800.0,17613.0
182,Income,Household Income 20000 to 24999,67.0,7934.0,93.0,8692.0,121.0,8944.0,185.0,9052.0,144.0,8831.0,246.0,10249.0,277.0,11101.0,216.0,11901.0,240.0,12088.0,238.0,12936.0,268.0,13469.0,309.0,13963.0,335.0,13745.0,370.0,13822.0,378.0,13280.0,392.0,14158.0
183,Income,Household Income 25000 to 29999,205.0,7042.0,282.0,6819.0,365.0,8370.0,464.0,9408.0,121.0,8838.0,303.0,8990.0,369.0,9442.0,195.0,9524.0,185.0,10116.0,337.0,10420.0,316.0,11209.0,349.0,11514.0,404.0,11528.0,355.0,12108.0,255.0,12023.0,396.0,14381.0
184,Income,Household Income 30000 to 34999,284.0,7458.0,179.0,7237.0,85.0,6572.0,117.0,6759.0,143.0,7459.0,112.0,8892.0,327.0,9029.0,227.0,9868.0,189.0,10295.0,167.0,10782.0,273.0,10978.0,333.0,12185.0,295.0,12069.0,251.0,11743.0,324.0,11157.0,501.0,15215.0
185,Income,Household Income 35000 to 39999,129.0,5089.0,98.0,5673.0,103.0,5733.0,118.0,7482.0,84.0,6850.0,139.0,6979.0,296.0,7686.0,191.0,8432.0,172.0,9028.0,223.0,10040.0,207.0,10577.0,250.0,10063.0,268.0,9882.0,301.0,10401.0,314.0,10462.0,673.0,14898.0
186,Income,Household Income 40000 to 44999,86.0,6774.0,155.0,6485.0,153.0,6629.0,343.0,7242.0,217.0,7180.0,234.0,8401.0,465.0,8703.0,228.0,9090.0,277.0,9521.0,366.0,10048.0,395.0,10111.0,270.0,10533.0,331.0,11229.0,428.0,11813.0,469.0,12388.0,472.0,15386.0
187,Income,Household Income 45000 to 49999,153.0,7018.0,144.0,6578.0,239.0,6266.0,156.0,6862.0,162.0,6867.0,158.0,6892.0,311.0,7473.0,271.0,8105.0,255.0,8397.0,255.0,8882.0,225.0,9158.0,221.0,9786.0,233.0,9577.0,266.0,9415.0,354.0,10300.0,551.0,13500.0
188,Income,Household Income 50000 to 59999,373.0,11035.0,431.0,11474.0,405.0,13172.0,438.0,13729.0,85.0,13496.0,361.0,14334.0,431.0,14470.0,588.0,15341.0,630.0,17317.0,624.0,18365.0,594.0,19378.0,559.0,19492.0,644.0,19646.0,579.0,20395.0,624.0,20695.0,829.0,24932.0
189,Income,Household Income 60000 to 74999,554.0,17650.0,522.0,17737.0,575.0,17182.0,459.0,19022.0,269.0,20959.0,805.0,21137.0,606.0,23398.0,857.0,24553.0,954.0,25900.0,1061.0,26979.0,1116.0,26252.0,1181.0,26291.0,1226.0,26841.0,1319.0,26781.0,1151.0,27010.0,1357.0,33365.0
190,Income,Household Income 75000 to 99999,1182.0,29418.0,1105.0,30304.0,971.0,30936.0,1167.0,29804.0,169.0,30297.0,1198.0,32723.0,1093.0,33589.0,1430.0,34768.0,1617.0,36333.0,1639.0,36784.0,1605.0,36872.0,1634.0,37860.0,1666.0,37058.0,1598.0,37903.0,1762.0,38689.0,1860.0,39969.0
191,Income,Household Income Greater than 200000,4882.0,132400.0,4646.0,130863.0,4563.0,125937.0,4052.0,113561.0,176.0,98664.0,3728.0,97866.0,3679.0,86676.0,3026.0,76014.0,2549.0,65693.0,2256.0,58060.0,1837.0,52380.0,1672.0,48524.0,1599.0,45348.0,1706.0,42493.0,1511.0,39183.0,786.0,20260.0
192,Income,Household Income Less than 10000,585.0,17117.0,543.0,15332.0,555.0,15250.0,568.0,16253.0,421.0,16356.0,479.0,17060.0,483.0,18530.0,474.0,20160.0,542.0,22331.0,508.0,22966.0,585.0,22534.0,551.0,23124.0,547.0,22697.0,440.0,21497.0,432.0,22063.0,699.0,32261.0
193,Income,Households Total for Income,12023.0,362994.0,12094.0,361734.0,11905.0,360015.0,11973.0,360574.0,3754.0,347723.0,12233.0,361559.0,13260.0,358942.0,12270.0,358040.0,12237.0,356034.0,12139.0,352566.0,11992.0,348153.0,11811.0,344700.0,11725.0,340178.0,11893.0,337745.0,11745.0,335264.0,12060.0,329850.0
194,Income,Median Family Income,201585.63389261745,173217.40919847722,195619.65811965807,168157.06857647406,192910.447761194,162072.2573065061,172899.15966386555,147571.96998698416,72127.65957446808,136237.13751169317,171051.227321238,131782.45925697073,138505.9612518629,123389.0414629245,149706.37583892618,114544.38509474756,140978.26086956522,104226.22450924336,130852.15605749488,96832.0036998497,122482.4355971897,94375.29425612051,123863.63636363635,91412.3330491617,120143.58108108108,89631.6362975967,119962.0573355818,88215.45859723199,108858.26771653544,86703.84419407802,85380.26721479959,63964.11709159584
195,Income,Median Household Income,165814.1646489104,140630.3486172417,162916.88724192695,140840.72978303747,160094.7731188972,136440.23367285798,142711.20293847568,126479.8932723461,24236.11111111111,117453.07472291742,136886.92098092643,113537.43350844154,125614.75409836066,104995.55809378768,117749.41995359628,96817.47583985272,108975.52958363768,88612.28084661327,101763.7481910275,81982.65550239234,96214.95327102803,78773.52733781732,92556.60954712362,75789.09138932911,89638.35534213686,73882.86576506091,91246.87108886108,73015.850789739,88727.29852440409,71436.31988152536,66234.3404568902,55915.28958767848
196,Income,Percent in Poverty,0.0903143879632123,0.1113604023552502,0.078353704542025,0.1056659306523586,0.0791369591996715,0.1047756967547361,0.0875582804067697,0.1030257299879177,0.2599203187250996,0.1025115875378968,0.078843078634499,0.1031213469423362,0.0615133747354543,0.1082799641527579,0.0864153627311522,0.1161249583248412,0.0930837965243087,0.1241638395338585,0.0924098267537631,0.1320454925572838,0.1007294454015615,0.13237241619923,0.1080649948063511,0.1342626531666365,0.1064726579680398,0.1315243500198909,0.0812372661604,0.1229353033059334,0.0752406276918467,0.1186272068431713,0.0841675102163236,0.1131303602506546
197,Journey to Work,Journey to Work by Bike,0.0348792640858566,0.0329879276302361,0.0317638967048083,0.0328941674178437,0.039467904875447,0.0341092630722379,0.0420664206642066,0.0335150801847893,0.0387048753256419,0.0360319321482704,0.039149699927085,0.0395593184563246,0.027323615806684,0.0402347124177166,0.0359746061603573,0.0391703298703084,0.0349457637056581,0.0413504597283024,0.0323848077152041,0.040321010944916,0.0407907907907907,0.0380119973241799,0.0383042958676646,0.0349765620975634,0.0322501230920728,0.0337878173375318,0.0323672389391422,0.0309165432438948,0.0332937722531076,0.0296686416502084,,
198,Journey to Work,Journey to Work by Car,0.323942762233295,0.3452646188684758,0.3355843181391859,0.3458510748341253,0.3420342598983497,0.3510609441848422,0.3669741697416974,0.3588679653159753,0.1819873464830666,0.37429372183569,0.4338437377306635,0.3901755455750085,0.363631325167655,0.4020433086110863,0.4524453327063249,0.4114097840900359,0.4454998534154207,0.4221576916161781,0.4395166091201333,0.4308964478752917,0.4353103103103103,0.4365885488062991,0.4457513051135292,0.4452395190134804,0.4700886262924668,0.4531176660909666,0.4824933850224601,0.4547285273080058,0.5022175026547567,0.4605014841250592,,
199,Journey to Work,Journey to Work by Carpooled,0.050083045866871,0.0594444432508384,0.0573375851935221,0.0598689890880534,0.0586685072472861,0.0644066891061601,0.059040590405904,0.0648023603071281,0.0223297357647934,0.0687035531460274,0.0818890571540748,0.0694032388569016,0.0701657152358255,0.0727092207031444,0.080531389607336,0.0681800719025877,0.0669598358252711,0.0718422163963489,0.0664960114299321,0.0725140795212214,0.0699449449449449,0.0751203570684417,0.0706333731681237,0.075151344123951,0.0808714918759231,0.0802577434686911,0.0891637437696141,0.0780284503840457,0.0951339871322381,0.0793273506346511,,
200,Journey to Work,Journey to Work by Drove Alone,0.2738597163664239,0.2858201756176374,0.2782467329456637,0.2859820857460718,0.2833657526510635,0.2866542550786821,0.3079335793357933,0.2940656050088471,0.1596576107182731,0.3055901686896625,0.3519546805765887,0.3207723067181068,0.2934656099318295,0.3293340879079419,0.3719139430989889,0.3432297121874482,0.3785400175901495,0.3503154752198291,0.3730205976902012,0.3583823683540703,0.3653653653653653,0.3614681917378574,0.3751179319454054,0.3700881748895294,0.3892171344165436,0.3728599226222754,0.393329641252846,0.37670007692396,0.4070835155225186,0.3811741334904081,,
201,Journey to Work,Journey to Work by Other Journey Type,0.0233167241599591,0.0305493905805866,0.0310135684361908,0.0324318504710777,0.0301813390224007,0.0361559421504925,0.0321033210332103,0.0391636442245334,0.0655005582433941,0.0399008861416274,0.0311851477929216,0.0388361848251384,0.0450036025051266,0.035435220762716,0.0272160827651069,0.0315392734522543,0.0232189973614775,0.0280143667707797,0.0250029765448267,0.0243859660380344,0.0232732732732732,0.0231721626986302,0.0205044342411472,0.0223852685000414,0.0189561792220581,0.0208049470705376,0.0195064919081902,0.0207005820962353,0.0231744643637953,0.0203019068408348,,
202,Journey to Work,Journey to Work by Transit,0.1627060176312763,0.1874601186396615,0.2005252297880322,0.2143989563036599,0.231850410993286,0.2393217190460338,0.2720787207872078,0.2776723592662871,0.4264979531075549,0.3125722620103036,0.359190083571709,0.3476826498743311,0.3810896192429197,0.3422055421519276,0.3467552316012227,0.340200744907574,0.3536206391087657,0.3361264075128678,0.3403381354923205,0.33148957377498,0.3381506506506506,0.3290030377137092,0.3362475627397949,0.3261373485718893,0.3207163958641063,0.3235692184302985,0.2980124300043074,0.3268556470223538,0.2986445124617403,0.3255488952796738,,
203,Journey to Work,Journey to Work by Walk,0.1282739235978024,0.0936462681789177,0.1254924029262802,0.0997802411225646,0.1157055907636318,0.1054430156049005,0.0998154981549815,0.1105132947421516,0.259024934871604,0.1202991391883776,0.0766728363901508,0.1177632890462844,0.1213212880341406,0.1145086825723051,0.0604279332236068,0.1107756825286417,0.0690120199355027,0.1061221844516083,0.0806643648053339,0.1036997110302594,0.077515015015015,0.1026067312226523,0.0754764450594377,0.1009229583940837,0.0860413589364844,0.0987910300169064,0.0880561196234077,0.0984351140656035,0.0770191767130988,0.0979984523520783,,
204,Journey to Work,Journey to Work by Worked at Home,0.3268813082918104,0.310091676102122,0.2756205840055024,0.2746437098507286,0.2407604944468846,0.2339091159414929,0.1869618696186961,0.1802676562662631,0.0282843319687383,0.116902058675731,0.0599584945874698,0.0659830122229127,0.0616305492434739,0.0655725334842482,0.0771808135433811,0.0669041851511855,0.073702726473175,0.0662288899202635,0.0820931063221812,0.0692072903365182,0.0849599599599599,0.070617522234529,0.0837159569784263,0.0703383434229416,0.0719473165928114,0.0699293210537588,0.0795643345024921,0.0683635862639066,0.0656505715535011,0.0659806197521453,,
205,Journey to Work,Total Workers 16 Years and Older,15654.0,465443.0,15993.0,473701.0,15937.0,486642.0,16260.0,499596.0,2687.0,489538.0,17829.0,511662.0,18043.0,503595.0,17012.0,494558.0,17055.0,478326.0,16798.0,467523.0,15984.0,455935.0,15899.0,446499.0,16248.0,438886.0,16251.0,435495.0,16009.0,432915.0,,
206,Language Spoken at Home,Asian/Pacific Islander,0.1834940223679136,0.2470039804215141,0.1736860159316995,0.2459647954995896,0.2009059419131361,0.247097183003279,0.2057308314218027,0.2481442975804763,0.2946487196323046,0.2558145309884826,0.2226866738120757,0.2516018990089936,0.2584719006524942,0.2531708347159793,0.2143555571651034,0.2568026549790575,0.2176229213159599,0.2561885070759319,0.1937033666969972,0.2592387211354363,0.1983467983243566,0.260963254722774,0.1971809639284631,0.2613799537269324,0.2015144665461121,0.2653853842419396,0.2110813909056171,0.2665288360625807,0.2330563541133383,0.2677287629452116,0.2246553122465531,0.2609588949238919
207,Language Spoken at Home,English Only,0.6469340532202082,0.5640374393838846,0.6471395357700956,0.5661986246521591,0.6310380267214799,0.5709539892586235,0.643251983604708,0.5733330751346163,0.4729152987524622,0.5682819383259912,0.6443372633083244,0.5713939580039774,0.6047147968848663,0.5691634740112824,0.6433201752797595,0.5625054664191796,0.6491973220070549,0.5601954434407136,0.6572156505914468,0.5575280480692013,0.6476286654697786,0.5543380140103793,0.6592149136101849,0.550138780705953,0.658001808318264,0.547604150711213,0.6439816583874666,0.546699749514331,0.6425392824794235,0.5455905248223936,0.6286254972386359,0.5425749346208006
208,Language Spoken at Home,Other European Languages,0.0831083686849209,0.0673309517123619,0.0886534283645233,0.0655517407058917,0.090632256099882,0.0624193320168072,0.0832173880344451,0.059645113932201,0.0526920551543007,0.059691133305852,0.0819578420864594,0.0600565192671686,0.0765803690451133,0.0599342363268876,0.080759062760294,0.0608971244205595,0.0752645597869123,0.062842279218325,0.0906278434940855,0.0620848055213137,0.0961998803111909,0.0625744610004773,0.1001439830251591,0.0644114427675554,0.0974608197709463,0.0638871509163081,0.10760412686282,0.0637733623530679,0.0816366715236482,0.0625979691493488,0.0885953732669061,0.0667712733856367
209,Language Spoken at Home,Other Languages,0.006787504820671,0.0104100425997025,0.0051454053435987,0.0108631458829653,0.0045297095656807,0.0116678663049295,0.0040612191178129,0.0104836747809647,0.0326657912015758,0.0109883833542754,0.0045730618077884,0.0097013546871888,0.0088051638251596,0.0099188512473981,0.0074602542280809,0.0098431988027327,0.0076308401123029,0.0101513500962148,0.0065514103730664,0.0100414772961448,0.0087522441651705,0.0091828376019031,0.0130342528038799,0.0077827552621819,0.01292194092827,0.0074262630877989,0.0096293465800534,0.0068748924566641,0.0088213287126373,0.0074376849790379,0.0091530529486733,0.0093180446590223
210,Language Spoken at Home,Spanish Only,0.0796760509062861,0.1112175858825366,0.0853756145900827,0.1114216932593942,0.0728940656998211,0.1078616294163606,0.0637385778212311,0.1083938385717415,0.1470781352593565,0.1052240140253986,0.0464451589853519,0.1072462690326713,0.0514277695923665,0.1078126036984524,0.054104950566762,0.1099515553784705,0.0502843567777697,0.1106224201688145,0.051901728844404,0.1111069479779037,0.0490724117295032,0.1129414326644662,0.0304258866323128,0.1162870675373771,0.0301009644364074,0.1156970510427402,0.0277034772640428,0.1161231596133562,0.0339463631709526,0.116645058104008,0.0489707642992314,0.1203768524106484
211,Nativity,Foreign Born,0.2462422634836427,0.3403494832376768,0.2616401539914287,0.342062934632266,0.2777236827869739,0.3385720139991239,0.2823655147844674,0.3411085800360263,0.4228624535315985,0.3453368702026664,0.2830495277429838,0.3428171556321123,0.2970725556350748,0.3443893212863572,0.281765848245249,0.3476908126511878,0.2874605136657052,0.3491118540488798,0.2757406256474,0.3513759706790252,0.2721530280860783,0.3552538529141195,0.2744496571634789,0.3557249176341387,0.2721984296930764,0.3570791503803887,0.2789957311337819,0.3563440752225165,0.2893505521242747,0.3562922956380173,0.3070699573204676,0.3676179588095266
212,Population,Total Population,27144.0,828137.0,27534.0,834326.0,27729.0,849196.0,28070.0,864367.0,6456.0,843307.0,29539.0,873136.0,29343.0,868157.0,28836.0,862338.0,29124.0,848284.0,28962.0,838717.0,28021.0,827231.0,27710.0,815872.0,28020.0,806149.0,27642.0,796570.0,26715.0,787463.0,26945.0,776733.0
213,Race/Ethnicity,Asian,9370.0,291269.0,9239.0,291587.0,9371.0,295301.0,9443.0,297045.0,2355.0,295594.0,10316.0,300424.0,9720.0,297109.0,9778.0,294766.0,9497.0,287268.0,8906.0,283839.0,8592.0,277746.0,8673.0,272144.0,8714.0,270041.0,8607.0,266890.0,8851.0,264325.0,8201.0,239938.0
214,Race/Ethnicity,"Asian Alone, Not Hispanic or Latino",9341.0,289132.0,9217.0,289226.0,9352.0,293206.0,9402.0,294750.0,2355.0,292611.0,10200.0,297514.0,9657.0,294288.0,9665.0,292113.0,9389.0,284461.0,8854.0,281309.0,8539.0,275566.0,8619.0,270166.0,8639.0,268086.0,8555.0,265286.0,8792.0,262894.0,8178.0,238597.0
215,Race/Ethnicity,Black/African American,668.0,40938.0,664.0,42187.0,753.0,43734.0,647.0,44783.0,849.0,44310.0,731.0,45141.0,580.0,44954.0,585.0,45225.0,561.0,45129.0,563.0,46350.0,366.0,47181.0,401.0,47596.0,351.0,48063.0,372.0,49025.0,354.0,48716.0,576.0,59060.0
216,Race/Ethnicity,"Black/African American Alone, Not Hispanic or Latino",593.0,38533.0,590.0,39883.0,672.0,41610.0,629.0,42290.0,823.0,42212.0,723.0,43367.0,542.0,43171.0,584.0,43532.0,560.0,43280.0,562.0,44404.0,366.0,45223.0,401.0,45513.0,351.0,45937.0,372.0,47110.0,354.0,47512.0,491.0,57819.0
217,Race/Ethnicity,Latino Population (of Any Race),2943.0,134409.0,3484.0,133028.0,2987.0,131258.0,2695.0,133033.0,1200.0,128095.0,2570.0,133007.0,2445.0,132320.0,2484.0,131645.0,2540.0,129630.0,2427.0,128337.0,2331.0,126317.0,1593.0,123998.0,1741.0,121482.0,1507.0,118832.0,1609.0,115660.0,1445.0,109565.0
218,Race/Ethnicity,Native American Indian,58.0,6014.0,46.0,5476.0,34.0,4682.0,39.0,4168.0,512.0,3742.0,44.0,3223.0,101.0,2746.0,44.0,3306.0,68.0,2922.0,69.0,2854.0,86.0,3124.0,102.0,3430.0,94.0,3690.0,78.0,3733.0,194.0,3994.0,42.0,3524.0
219,Race/Ethnicity,"Native American Indian Alone, Not Hispanic or Latino",55.0,1520.0,46.0,1691.0,34.0,1758.0,39.0,1675.0,461.0,1780.0,44.0,1634.0,32.0,1363.0,28.0,1435.0,45.0,1427.0,47.0,1520.0,67.0,1680.0,89.0,1942.0,94.0,2044.0,78.0,2064.0,194.0,2092.0,29.0,2054.0
220,Race/Ethnicity,Native Hawaiian/Pacific Islander,10.0,2928.0,27.0,3141.0,34.0,3312.0,19.0,3111.0,0.0,3159.0,38.0,3154.0,17.0,2876.0,29.0,3108.0,16.0,3046.0,0.0,3520.0,50.0,3454.0,42.0,3365.0,49.0,3437.0,77.0,3237.0,64.0,3266.0,28.0,3581.0
221,Race/Ethnicity,"Native Hawaiian/Pacific Islander Alone, Not Hispanic or Latino",10.0,2714.0,27.0,2825.0,34.0,3010.0,19.0,2847.0,0.0,3002.0,38.0,2900.0,17.0,2659.0,29.0,2807.0,16.0,2800.0,0.0,3241.0,50.0,3297.0,42.0,3266.0,49.0,3374.0,77.0,3194.0,64.0,3259.0,28.0,3379.0
222,Race/Ethnicity,Other/Two or More Races,4276.0,163040.0,4439.0,153653.0,3890.0,145963.0,3895.0,139467.0,1096.0,125071.0,2777.0,115689.0,2061.0,114521.0,2677.0,108266.0,2631.0,101232.0,2470.0,93165.0,2365.0,86057.0,1903.0,78343.0,1765.0,72083.0,1954.0,65327.0,1635.0,61023.0,1495.0,85305.0
223,Race/Ethnicity,"Population, Not Hispanic or Latino",24201.0,693728.0,24050.0,701298.0,24742.0,717938.0,25375.0,731334.0,5256.0,715212.0,26969.0,740129.0,26898.0,735837.0,26352.0,730693.0,26584.0,718654.0,26535.0,710380.0,25690.0,700914.0,26117.0,691874.0,26279.0,684667.0,26135.0,677738.0,25106.0,671803.0,25500.0,667168.0
224,Race/Ethnicity,Some Other Race Alone,1125.0,64723.0,1259.0,64679.0,1375.0,65376.0,1451.0,67048.0,844.0,65222.0,1136.0,67055.0,819.0,67260.0,1058.0,64657.0,962.0,59600.0,984.0,54310.0,836.0,49468.0,586.0,43764.0,399.0,38956.0,439.0,35292.0,419.0,33147.0,463.0,49990.0
225,Race/Ethnicity,"Some Other Race Alone, Not Hispanic or Latino",302.0,6455.0,195.0,6437.0,206.0,5958.0,166.0,5572.0,12.0,4507.0,112.0,3626.0,130.0,4163.0,412.0,4369.0,346.0,4217.0,375.0,3941.0,303.0,4109.0,290.0,3747.0,90.0,3178.0,195.0,2895.0,204.0,2817.0,98.0,2211.0
226,Race/Ethnicity,Two Or More Races,3151.0,98317.0,3180.0,88974.0,2515.0,80587.0,2444.0,72419.0,252.0,59849.0,1641.0,48634.0,1242.0,47261.0,1619.0,43609.0,1669.0,41632.0,1486.0,38855.0,1529.0,36589.0,1317.0,34579.0,1366.0,33127.0,1515.0,30035.0,1216.0,27876.0,1032.0,35315.0
227,Race/Ethnicity,"Two Or More Races, Not Hispanic or Latino",1801.0,50101.0,1960.0,48020.0,1910.0,46750.0,1930.0,45411.0,203.0,41578.0,1441.0,37097.0,1128.0,36981.0,1371.0,33881.0,1411.0,32874.0,1236.0,29746.0,1256.0,28138.0,1077.0,26593.0,1134.0,25118.0,1352.0,22816.0,1047.0,21598.0,917.0,24222.0
228,Race/Ethnicity,"White Alone, Not Hispanic or Latino",12099.0,305273.0,12015.0,313216.0,12534.0,325646.0,13190.0,338789.0,1402.0,329522.0,14411.0,353991.0,15392.0,353212.0,14263.0,352556.0,14817.0,349595.0,15461.0,346219.0,15109.0,342901.0,15599.0,340647.0,15922.0,336930.0,15506.0,334373.0,14451.0,331631.0,15759.0,338886.0
229,Race/Ethnicity,"White, Including Hispanic or Latino",12762.0,323948.0,13119.0,338282.0,13647.0,356204.0,14027.0,375793.0,1644.0,371431.0,15633.0,405505.0,16864.0,405951.0,15723.0,407667.0,16351.0,408687.0,16954.0,408989.0,16562.0,409669.0,16589.0,410994.0,17047.0,408835.0,16554.0,408358.0,15617.0,406139.0,16603.0,385325.0
230,Sex,Female,0.5282935455349248,0.4867226074912725,0.5331953221471635,0.4860857746252663,0.5287244401168452,0.4853108116383026,0.5260420377627361,0.4877187583514872,0.4854399008674102,0.4904346815572502,0.510714648430888,0.4899431474592732,0.4803871451453498,0.4898284526877051,0.5213621861561937,0.4902520821302088,0.522902073890949,0.4905255786977003,0.519611905255162,0.4911024815283343,0.5125084757860177,0.4916014994602475,0.5009382894261999,0.4920342896925008,0.5046752319771591,0.4927835921151052,0.5090803849214963,0.4931933163438241,0.4995695302264645,0.4936320817613018,0.5185748747448506,0.4914455803989273
231,Sex,Male,0.4717064544650751,0.5132773925087274,0.4668046778528364,0.5139142253747336,0.4712755598831548,0.5146891883616974,0.473957962237264,0.5122812416485127,0.5145600991325898,0.5095653184427498,0.489285351569112,0.5100568525407267,0.5196128548546501,0.5101715473122949,0.4786378138438063,0.5097479178697912,0.4770979261090509,0.5094744213022997,0.480388094744838,0.5088975184716656,0.4874915242139824,0.5083985005397526,0.4990617105738,0.5079657103074993,0.4953247680228408,0.5072164078848947,0.4909196150785037,0.5068066836561759,0.5004304697735354,0.5063679182386982,0.4814251252551493,0.5085544196010727
232,Unit Size,1 Bedroom,3560.0,105697.0,3495.0,104704.0,3604.0,103595.0,3356.0,101827.0,772.0,95564.0,3199.0,99415.0,4297.0,101416.0,3506.0,101729.0,3467.0,104137.0,3464.0,104433.0,3558.0,104092.0,3320.0,101808.0,3186.0,101489.0,3441.0,101201.0,3301.0,101611.0,3811.0,96929.0
233,Unit Size,2 Bedrooms,4251.0,122995.0,4132.0,121577.0,4129.0,120854.0,4083.0,120274.0,321.0,115121.0,3857.0,118913.0,4770.0,117901.0,3741.0,118927.0,3936.0,118990.0,4027.0,117520.0,3995.0,118564.0,4256.0,118579.0,4522.0,115977.0,4497.0,115281.0,4348.0,114638.0,3915.0,103199.0
234,Unit Size,3-4 Bedrooms,4363.0,110262.0,4328.0,109923.0,3972.0,109063.0,4152.0,108530.0,281.0,102574.0,4660.0,106979.0,4360.0,104785.0,4451.0,102199.0,4344.0,99363.0,4147.0,97922.0,4096.0,96723.0,4074.0,96440.0,4001.0,96404.0,4059.0,95490.0,4319.0,94350.0,3690.0,78124.0
235,Unit Size,5 or More Bedrooms,170.0,11223.0,201.0,11034.0,307.0,10909.0,334.0,11065.0,54.0,10155.0,339.0,10137.0,295.0,10298.0,418.0,10185.0,475.0,9548.0,500.0,9881.0,429.0,9979.0,363.0,9700.0,402.0,9647.0,283.0,9581.0,229.0,9450.0,305.0,5997.0
236,Unit Size,No Bedroom,801.0,63394.0,932.0,63314.0,983.0,62863.0,1109.0,62247.0,2590.0,59400.0,894.0,61407.0,919.0,58698.0,792.0,56471.0,666.0,53906.0,580.0,53159.0,601.0,50415.0,602.0,50972.0,533.0,51615.0,457.0,52676.0,505.0,51732.0,836.0,62278.0
237,Vehicles Available,Households with no Vehicle,0.1974548781502121,0.3018066414320898,0.19257483049446,0.2997340587282368,0.2010079798404032,0.2992847520242212,0.214399064561931,0.3057846655610221,0.7349493873201918,0.3133212355811954,0.1751818850649881,0.3084199259318673,0.2507541478129713,0.3056426943628775,0.167563162184189,0.304463188470562,0.1743891476669118,0.3036563923670211,0.1687124145316747,0.3048450502884566,0.1785356904603068,0.3040444861885435,0.1796630259927186,0.3023730780388743,0.1630703624733475,0.3051961032165513,0.1427730597830656,0.301301277591082,0.1360578969774372,0.2969421112914002,0.1549458722419634,0.2856475583864118
238,Vehicles Available,Percent of No Vehicle Homeowning Households,0.0774734260016353,0.1134494994662897,0.0809851805468586,0.1080978202319819,0.0869742752143732,0.1070707944194627,0.0867110304496874,0.1070238726020337,0.1377245508982036,0.1080527665923225,0.0832701062215478,0.1051164569436579,0.1054680587506636,0.1053216227024304,0.0930660290601434,0.1083345186671358,0.0906321401370906,0.1061925975650688,0.0835974643423137,0.1004670351054721,0.098820658804392,0.0974002541694777,0.1005067567567567,0.0958404666793481,0.0817371937639198,0.0943477326456049,0.0779603876949009,0.0921579896866069,0.0698306502195274,0.0918134467814401,0.0748755680588617,0.110965615921606
239,Vehicles Available,Percent of No Vehicle Renting Households,0.2797644089188052,0.4182186126538945,0.265781185814049,0.4196558186778367,0.2807192807192807,0.4198429809217752,0.3046763615625891,0.4286919717595522,0.7932748538011696,0.4379622097322881,0.2447924148829191,0.4309620277854122,0.358654225259561,0.4264519356164138,0.2268403336748134,0.4211785461300971,0.2373657838224767,0.4187346071431747,0.229304752503173,0.4220111023846922,0.2339553293751767,0.4234113803307066,0.2326501766784452,0.4216133106364285,0.2135452660677263,0.4286613189650752,0.1858122289072338,0.4246132413364647,0.181557023843723,0.4200678729792038,0.2044117647058823,0.3796067821909182
240,Vehicles Available,Vehicles Available,14134.0,373023.0,14289.0,379835.0,13962.0,380150.0,14407.0,378485.0,1162.0,362471.0,16031.0,390320.0,14729.0,388399.0,16080.0,388467.0,15834.0,383323.0,15540.0,375627.0,14969.0,375369.0,14661.0,372514.0,15147.0,367044.0,15752.0,365371.0,15765.0,364274.0,16323.0,367151.0
241,Vehicles Available,Vehicles Homeowners,0.5373567284562049,0.5594742078283287,0.5228497445587514,0.5657608681083313,0.5552929379745022,0.5700790731788274,0.5631290344971195,0.5711481528289051,0.5908419497784343,0.5648345409473915,0.562160813423991,0.5565533206654033,0.5601194921583271,0.5553809836475627,0.5615049751243781,0.5525262094558169,0.5499557913351016,0.5462797370659164,0.5377091377091378,0.5469251903942424,0.5304295544124524,0.5457791173118576,0.5194734329172634,0.5444027840510228,0.4853766422393873,0.5523627146343226,0.4885728796343321,0.552667437902535,0.4822074215033302,0.5531967258448095,0.4710531152361698,0.4896650152117249
242,Vehicles Available,Vehicles Per Capita,0.5207043913940466,0.4719904241198807,0.5189583787317499,0.4724768416875745,0.5035161744022504,0.4671478849008562,0.5132525828286427,0.4563546130417693,0.1869971033150949,0.4449784613193777,0.5427062527506009,0.4511556297361401,0.5019595815015506,0.4534357418958659,0.5576362879733666,0.4552685550880729,0.5436753193242686,0.4580212232841963,0.5365651543401698,0.4559055920884947,0.5342064879911494,0.4571076118234303,0.5290869722121978,0.463882067553634,0.5405781584582441,0.4631452499233441,0.5698574632805151,0.4659102356642171,0.5901179112857945,0.4783266956335622,0.6057895713490443,0.4726862383856486
243,Vehicles Available,Vehicles Renters,0.4626432715437951,0.4467231243113695,0.4771502554412485,0.4443587347137573,0.4447070620254977,0.4397764040510324,0.4368709655028805,0.4387994240194459,0.6557659208261618,0.445563920975747,0.437839186576009,0.4499615699938512,0.4398805078416729,0.4512009557182176,0.4384950248756218,0.456509819366896,0.4500442086648983,0.4621141961218085,0.4622908622908623,0.4610451325383958,0.4695704455875476,0.461623096206666,0.4805265670827365,0.4628926698056986,0.5146233577606126,0.4585417552119092,0.5114271203656678,0.4560679419001508,0.5177925784966698,0.450833713084107,0.5289468847638302,0.5103349847882751
