,Category,Attribute,2000_Inner Sunset,2010_Inner Sunset,2011_Inner Sunset,2012_Inner Sunset,2013_Inner Sunset,2014_Inner Sunset,2015_Inner Sunset,2016_Inner Sunset,2017_Inner Sunset,2018_Inner Sunset,2019_Inner Sunset,2020_Inner Sunset,2021_Inner Sunset,2022_Inner Sunset,2023_Inner Sunset,2024_Inner Sunset
227,Affordability,# Units at or below 100 AMI Monthly Affordable Rent,7361.0,6962.0,7147.0,7235.0,7075.0,7074.0,6618.0,6519.0,6349.0,6632.0,6165.0,3051.0,5445.0,4761.0,4836.0,4593
218,Affordability,# Units at or below 30 AMI Monthly Affordable Rent,5645.0,5087.0,5217.0,4894.0,4669.0,4508.0,5491.0,5151.0,4956.0,5479.0,5208.0,1636.0,5445.0,4761.0,4836.0,4593
221,Affordability,# Units at or below 50 AMI Monthly Affordable Rent,7361.0,6962.0,7147.0,7235.0,7075.0,7074.0,6618.0,6519.0,6349.0,6632.0,6165.0,2319.0,5445.0,4761.0,4836.0,4593
224,Affordability,# Units at or below 80 AMI Monthly Affordable Rent,7361.0,6962.0,7147.0,7235.0,7075.0,7074.0,6618.0,6519.0,6349.0,6632.0,6165.0,2874.0,5445.0,4761.0,4836.0,4593
225,Affordability,100 AMI Annual Income,66234.3404568902,88727.29852440409,91246.87108886108,89638.35534213686,92556.60954712362,96214.95327102803,101763.7481910275,108975.52958363768,117749.41995359628,125614.75409836066,136886.92098092643,24236.11111111111,142711.20293847568,160094.7731188972,162916.88724192695,165814.1646489104
226,Affordability,100 AMI Monthly Affordable Rent,5519.528371407517,7393.941543700341,7603.905924071757,7469.862945178072,7713.050795593635,8017.91277258567,8480.312349252292,9081.294131969806,9812.45166279969,10467.896174863388,11407.243415077202,2019.6759259259259,11892.600244872972,13341.231093241433,13576.407270160578,13817.847054075866
216,Affordability,30 AMI Annual Income,19870.30213706706,26618.189557321228,27374.061326658324,26891.506602641057,27766.982864137084,28864.485981308408,30529.124457308248,32692.6588750913,35324.82598607888,37684.42622950819,41066.076294277926,7270.833333333333,42813.3608815427,48028.431935669156,48875.06617257808,49744.24939467312
217,Affordability,30 AMI Monthly Affordable Rent,1655.858511422255,2218.182463110102,2281.171777221527,2240.9588835534214,2313.91523867809,2405.3738317757006,2544.0937047756875,2724.388239590942,2943.735498839907,3140.368852459016,3422.1730245231606,605.9027777777777,3567.780073461892,4002.36932797243,4072.9221810481736,4145.35411622276
219,Affordability,50 AMI Annual Income,33117.1702284451,44363.649262202045,45623.43554443054,44819.17767106843,46278.30477356181,48107.47663551402,50881.87409551375,54487.76479181884,58874.70997679814,62807.37704918033,68443.46049046321,12118.055555555555,71355.60146923784,80047.3865594486,81458.44362096347,82907.0823244552
220,Affordability,50 AMI Monthly Affordable Rent,2759.7641857037584,3696.9707718501704,3801.9529620358785,3734.931472589036,3856.5253977968173,4008.956386292835,4240.156174626146,4540.647065984903,4906.225831399845,5233.948087431694,5703.621707538601,1009.8379629629629,5946.300122436486,6670.6155466207165,6788.203635080289,6908.923527037933
222,Affordability,80 AMI Annual Income,52987.47236551216,70981.83881952327,72997.49687108886,71710.68427370948,74045.2876376989,76971.96261682243,81410.998552822,87180.42366691015,94199.53596287704,100491.80327868853,109509.53678474115,19388.888888888887,114168.96235078055,128075.81849511777,130333.50979354157,132651.33171912833
223,Affordability,80 AMI Monthly Affordable Rent,4415.622697126014,5915.153234960272,6083.124739257405,5975.890356142457,6170.440636474908,6414.330218068536,6784.249879401833,7265.035305575846,7849.961330239753,8374.31693989071,9125.794732061762,1615.7407407407406,9514.08019589838,10672.984874593147,10861.125816128464,11054.277643260693
0,Age,0-2 Years,0.5933609958506224,0.5593112244897959,0.5806264501160093,0.6053731343283583,0.5499334221038615,0.5088991430454846,0.5286368843069874,0.4790382244143033,0.4526453298497714,0.4806246385193753,0.5008517887563884,0.5478110599078341,0.5724550898203593,0.6026448362720404,0.6353514265831594,0.6127562642369021
1,Age,0-4 Years,0.0390424939691965,0.0494853078794684,0.0532522972288546,0.0526766595289079,0.0475640562973655,0.0458584632953856,0.0513431392859609,0.046078835324818,0.0424122624497156,0.0285246907269195,0.0524391482446934,0.0563816604708798,0.0526184538653366,0.0525803310613437,0.0471053969637539,0.0447244326554671
2,Age,18-34 Years,0.3625904620523288,0.3398090960134756,0.3459228709934158,0.3613847251962884,0.3450739805124503,0.3417793797509011,0.3280850769974449,0.319186924872957,0.3224094881398252,0.3250178918311011,0.335319408239954,0.197180916976456,0.3417883861774136,0.3322514335172563,0.3289387666158204,0.3141025641025641
3,Age,3-5 Years,0.4066390041493776,0.4406887755102041,0.4193735498839907,0.3946268656716418,0.4500665778961384,0.4911008569545155,0.4713631156930126,0.5209617755856967,0.5473546701502287,0.5193753614806247,0.4991482112436116,0.4521889400921659,0.4275449101796407,0.3973551637279597,0.3646485734168406,0.3872437357630979
4,Age,35-59 Years,0.3514937836333272,0.3648137750327531,0.35008320671442,0.3382583868665239,0.3328762179718513,0.3387816280646658,0.3452109660935018,0.3535228677379481,0.3447080038840338,0.3341171659339536,0.3375875960594468,0.3760842627013631,0.3163519771998575,0.3229831584261964,0.3186968838526912,0.3079133510167993
5,Age,5-17 Years,0.0869177955093709,0.0661800486618004,0.0671442008537732,0.0650249821556031,0.076723204619271,0.0789051068841226,0.0803466611421863,0.0830243098475484,0.0920030517408794,0.0844835224755478,0.0791157452858932,0.0604089219330855,0.0779123619522622,0.0779328500847488,0.0831698990339216,0.0854700854700854
6,Age,60 and older,0.1599554648357765,0.1797117724125023,0.1835974242095362,0.1826552462526766,0.1977625405990617,0.1946754220049248,0.195014156480906,0.1981870622167284,0.1984671937855458,0.2278567290324779,0.1955381021700125,0.3099442379182156,0.21132882080513,0.2142522269104547,0.2220890535338127,0.2477895667550839
7,Age,Under 18 Years,3394.0,3090.0,3321.0,3288.0,3435.0,3493.0,3811.0,3754.0,3876.0,3936.0,3886.0,3764.0,3651.0,3614.0,3581.0,3526.0
8,Age,Under 6 Years,1205.0,1568.0,1724.0,1675.0,1502.0,1517.0,1746.0,1622.0,1531.0,1729.0,1761.0,1736.0,1670.0,1588.0,1437.0,1317.0
228,Educational Attainment,College Degree or higher,0.6163835693784407,0.694814198557959,0.6977350720658888,0.6974725324411086,0.6880377082189273,0.69893479520435,0.7185733858537421,0.7311399832355406,0.7371917720710361,0.6863486842105263,0.7652315530129035,0.2786259541984733,0.7438274316843863,0.7490910723102473,0.7633821871476888,0.7470531578223181
229,Educational Attainment,High School or Less,0.171269938361643,0.1293677204658901,0.1331503088538091,0.1339693448478545,0.1258466044298004,0.1276908677630699,0.1200976194553861,0.1273260687342833,0.1203952131510583,0.1752055921052631,0.1127907462312607,0.4843511450381679,0.1288551093928477,0.1250953813007765,0.1108004509582863,0.1251662615236435
230,Educational Attainment,Some College/Associate Degree,0.2123464922599162,0.1758180809761508,0.1691146190803019,0.1685581227110367,0.1861156873512722,0.1733743370325801,0.1613289946908717,0.141533948030176,0.1424130147779055,0.1384457236842105,0.1219777007558358,0.2370229007633587,0.127317458922766,0.1258135463889761,0.1258173618940248,0.1277805806540384
9,Employment,"6-17, Living with One Parent",486.0,234.0,232.0,223.0,209.0,256.0,323.0,282.0,291.0,232.0,212.0,378.0,477.0,536.0,599.0,605.0
10,Employment,"6-17, Living with One Parent, Parent Not in Labor Force",0.1625514403292181,0.1623931623931624,0.0560344827586206,0.0762331838565022,0.0095693779904306,0.0,0.0,0.0,0.0,0.0,0.0,0.0,0.0,0.0149253731343283,0.0934891485809682,0.0892561983471074
11,Employment,"6-17, Living with One Parent, Parent in Labor Force",0.8374485596707819,0.8376068376068376,0.9439655172413792,0.9237668161434978,0.9904306220095692,1.0,1.0,1.0,1.0,1.0,1.0,1.0,1.0,0.9850746268656716,0.9065108514190318,0.9107438016528926
12,Employment,"6-17, Living with Two Parents",1582.0,1256.0,1302.0,1344.0,1671.0,1675.0,1675.0,1797.0,2013.0,1932.0,1885.0,1650.0,1494.0,1468.0,1519.0,1570.0
13,Employment,"6-17, Living with Two Parents, One Parent in Labor Force",0.2850821744627054,0.3742038216560509,0.3594470046082949,0.4196428571428571,0.3650508677438659,0.3414925373134328,0.2895522388059701,0.2632164718976071,0.2538499751614506,0.2215320910973084,0.2419098143236074,0.263030303030303,0.2811244979919678,0.2547683923705722,0.2422646477946017,0.1458598726114649
14,Employment,"6-17, Living with Two Parents, Parents Not in Labor Force",0.0246523388116308,0.0,0.0,0.0424107142857142,0.0371035308198683,0.026865671641791,0.0226865671641791,0.0205898720089037,0.0481867858917039,0.0688405797101449,0.0758620689655172,0.0793939393939393,0.1010709504685408,0.023841961852861,0.0131665569453587,0.019108280254777
15,Employment,"6-17, Living with Two Parents, Parents in Labor Force",0.6902654867256637,0.6257961783439491,0.6405529953917051,0.5379464285714286,0.5978456014362658,0.6316417910447761,0.6877611940298507,0.7161936560934892,0.6979632389468455,0.7096273291925466,0.6822281167108754,0.6575757575757576,0.6178045515394913,0.7213896457765667,0.7445687952600395,0.835031847133758
231,Employment,Employed Residents,16235.0,16295.0,16514.0,16523.0,16220.0,16365.0,17220.0,17423.0,17409.0,18414.0,18199.0,2770.0,16794.0,16356.0,16314.0,16001.0
232,Employment,Managerial Professional,0.638250692947336,0.678735808530224,0.6524766864478624,0.6646492767657205,0.6630702836004932,0.6837763519706691,0.6817073170731708,0.7206566033404121,0.7165833764144982,0.6460301944172911,0.728116929501621,0.3552346570397112,0.7319280695486483,0.758070432868672,0.7661517714846144,0.7370164364727204
233,Employment,Natural Resources,0.0251924853711117,0.0243019331083154,0.0276129344798352,0.0213036373539914,0.0200369913686806,0.0158875649251451,0.0158536585365853,0.0130861504907306,0.0172324659658797,0.0279135440425763,0.0135172262212209,0.0490974729241877,0.0105990234607597,0.0056248471508926,0.005271545911487,0.014499093806637
234,Employment,Production Transport Materials,0.0407761010163227,0.0337526848726603,0.0391788785273101,0.0360709314289172,0.0278051787916152,0.0240146654445462,0.0250290360046457,0.0289846754290305,0.0289505428226779,0.0375257955903117,0.0269795043683718,0.0729241877256317,0.0342979635584137,0.0357055514795793,0.0360426627436557,0.0448096993937878
235,Employment,Sales and Office,0.2116415152448414,0.1679042651119975,0.1716725202858181,0.1652847545845185,0.1821208384710234,0.1792850595783684,0.1806039488966318,0.1512368708029616,0.1543454535010626,0.1692190724448789,0.1305016759162591,0.1711191335740072,0.1140288198166011,0.0964172169234531,0.1045727595929876,0.1162427348290731
236,Employment,Services,0.084139205420388,0.0953053083768027,0.109058980259174,0.1126913998668522,0.1069667077681874,0.097036358081271,0.0968060394889663,0.086035699936865,0.0828881612958814,0.1193113935049419,0.100884663992527,0.3516245487364621,0.1091461236155769,0.1041819515774027,0.0879612602672551,0.0874320354977813
16,Employment,"Under 6 Years, Living with One Parent",123.0,97.0,101.0,135.0,123.0,96.0,134.0,200.0,140.0,274.0,269.0,239.0,206.0,254.0,113.0,88.0
17,Employment,"Under 6 Years, Living with One Parent, Parent Not in Labor Force",0.1626016260162601,0.1752577319587628,0.0594059405940594,0.0592592592592592,0.008130081300813,0.0,0.1044776119402985,0.06,0.1,0.0437956204379562,0.0520446096654275,0.0,0.0,0.0,0.0,0.0
18,Employment,"Under 6 Years, Living with One Parent, Parent in Labor Force",0.8373983739837398,0.8247422680412371,0.9405940594059404,0.9407407407407408,0.991869918699187,1.0,0.8955223880597015,0.94,0.9,0.9562043795620438,0.9479553903345724,1.0,1.0,1.0,1.0,1.0
19,Employment,"Under 6 Years, Living with Two Parents",1022.0,1403.0,1532.0,1512.0,1335.0,1386.0,1593.0,1391.0,1363.0,1446.0,1477.0,1473.0,1450.0,1318.0,1302.0,1203.0
20,Employment,"Under 6 Years, Living with Two Parents, One Parent in Labor Force",0.2592954990215264,0.2758374910905203,0.3524804177545692,0.2738095238095238,0.3176029962546816,0.272005772005772,0.2485875706214689,0.1883537023723939,0.2120322817314746,0.1770401106500691,0.1692620176032498,0.1832993890020366,0.1634482758620689,0.1896813353566009,0.2319508448540706,0.2319201995012468
21,Employment,"Under 6 Years, Living with Two Parents, Parents Not in Labor Force",0.035225048923679,0.0106913756236635,0.010443864229765,0.0423280423280423,0.0426966292134831,0.0274170274170274,0.0188323917137476,0.01941049604601,0.0066030814380044,0.0069156293222683,0.0101557210561949,0.0156143923964697,0.033103448275862,0.0,0.0,0.0166251039068994
22,Employment,"Under 6 Years, Living with Two Parents, Parents in Labor Force",0.7054794520547946,0.7134711332858161,0.6370757180156658,0.6838624338624338,0.6397003745318353,0.7005772005772006,0.7325800376647834,0.792235801581596,0.7813646368305209,0.8160442600276625,0.8205822613405552,0.8010862186014935,0.803448275862069,0.8103186646433991,0.7680491551459293,0.7514546965918537
237,Employment,Unemployment Rate,0.0277777777777777,0.0420626539950721,0.0379562892350616,0.0411443825441039,0.047730875359596,0.05135934148745,0.0423757090423757,0.0397376543209876,0.0365799667957941,0.0351585014409221,0.0336643126427016,0.0977198697068403,0.0371517027863777,0.0404224112643003,0.0401270887267592,0.0420857279693486
23,Employment,Worked in place of residence,0.7702034428794993,0.7583859079267912,0.7798289336040859,0.7770802560315115,0.7648279766023021,0.7777152152152152,0.7700321466841291,0.7655233069481091,0.7783917234893016,0.7891210538269362,0.7686353693420831,0.7901403425309229,0.8193726937269372,0.8292024847838364,0.8388044769586694,0.8427877858694264
24,Employment,Worked outside place of residence,0.2297965571205008,0.2416140920732088,0.2201710663959141,0.2229197439684884,0.2351720233976979,0.2222847847847847,0.2299678533158709,0.2344766930518909,0.2216082765106983,0.2108789461730638,0.2313646306579168,0.209859657469077,0.1806273062730627,0.1707975152161636,0.1611955230413305,0.1572122141305736
25,Households,Average Family Household Size,2.950248756218905,2.9669021941242097,2.994076467420571,3.0115808823529413,3.016070124178232,2.9989376770538243,2.989506995336442,2.9866471258752645,2.987354085603113,2.8844351058671407,3.0537937904698653,3.1642710472279263,3.0934174932371508,3.033068305023491,2.900981423063442,2.869346733668342
26,Households,Average Household Size,2.209867330016584,2.263431247339293,2.2588077020095856,2.3155650319829424,2.273389213445093,2.265260173448966,2.312052063596672,2.315600228814252,2.284270578647107,2.171417797888386,2.3416169377912204,1.6259989344698988,2.264177733233108,2.234523309533809,2.177691417231685,2.148132745570989
27,Households,Family Households,0.4666666666666667,0.4578969774372073,0.4684268056840158,0.4639658848614073,0.4636355939378545,0.4709806537691794,0.4946041683828981,0.5018386859524393,0.5026894865525673,0.4665912518853695,0.4923567399656666,0.259456579648375,0.4631253654054957,0.4648467030659386,0.4718042004299653,0.4799966730433336
28,Households,Households,12060.0,11745.0,11893.0,11725.0,11811.0,11992.0,12139.0,12237.0,12270.0,13260.0,12233.0,3754.0,11973.0,11905.0,12094.0,12023.0
29,Households,"Households with 60 years and older, % of Total (DEC, 65 years and older)",0.2664179104477612,0.2894848871860366,0.2963928361220886,0.3071215351812367,0.3269833206333079,0.3147931954636424,0.3214432819836889,0.3180518100841709,0.3148329258353708,0.3515082956259426,0.3194637456061473,0.4573787959509856,0.3447757454272112,0.3385972280554389,0.3457086158425665,0.3819346253015054
30,Households,"Households with Children, % of Total",0.1834162520729685,0.155385270327799,0.1679979820062221,0.1710874200426439,0.1788163576327152,0.1812875250166777,0.1948265919762748,0.1891803546620903,0.1974735126324368,0.1569381598793363,0.1957001553175835,0.1172083111347895,0.1901779002756201,0.1935321293574128,0.1948900281131139,0.1935457040672045
31,Households,Living in Group Quarters,294.0,0.0,0.0,2787.0,2769.0,2828.0,2850.0,2917.0,2973.0,3813.0,894.0,352.0,961.0,1127.0,1197.0,1317.0
32,Households,Non-Family Households,0.5333333333333333,0.5421030225627926,0.5315731943159842,0.5360341151385928,0.5363644060621454,0.5290193462308206,0.5053958316171019,0.4981613140475607,0.4973105134474327,0.5334087481146305,0.5076432600343334,0.7405434203516249,0.5368746345945044,0.5351532969340613,0.5281957995700347,0.5200033269566664
33,Households,"Single Person Households, % of Total",0.3393034825870646,0.3472115793954874,0.3408727823089212,0.3346695095948827,0.3505207010414021,0.3398098732488325,0.3132877502265425,0.3128217700416769,0.3284433577832111,0.342156862745098,0.3302542303605003,0.6933937133724027,0.3639021130877808,0.347165056698866,0.3368612535141392,0.3473342759710555
34,Housing,Median Year Moved In Owner,1985.95423563778,1992.8036175710597,1996.8553519768564,1993.0439442658087,1993.34451901566,2000.1140684410643,1996.8430656934304,1997.855251544572,2000.5893854748604,2001.919099756691,1991.8701442841289,2010.5681818181815,2008.7609427609427,2001.7260787992493,2002.574541284404,2003.0498866213152
35,Housing,Median Year Moved In Renter,1996.5516672169035,2005.0436813186811,2006.0585388338327,2004.6582365003417,2005.6880069524916,2010.5145562960363,2009.671201814059,2010.8187715117815,2014.466870229008,2011.5280093364452,2012.3584298584296,2010.234375,2018.02599009901,2015.165685449958,2016.7892537313437,2015.5383150880527
36,Housing,Median Year Structure Built,1945.7973219720025,1947.346208869814,1942.7353308364543,1947.005689900427,1944.9872040946896,1950.0497766432677,1944.563882063882,1944.415917843389,1942.8818061088975,1948.8879159369528,1944.9932930918849,1939.0,1943.5466461063995,1944.526791927627,1945.3504144687265,1944.36713836478
37,Housing,"Overcrowding, Renter Occupied Housing",0.060427807486631,0.0169491525423728,0.0151112354834196,0.0172771250863856,0.0196466431095406,0.0206389595702572,0.0157946692991115,0.0197566213314244,0.0278062344504609,0.0297016690760941,0.0399367906909926,0.1298245614035087,0.035642999714856,0.0246895961181675,0.0225934547446254,0.0158463048660776
38,Housing,Owner Occupied,0.381869267002727,0.4072371221796509,0.3990582695703354,0.3829424307036247,0.4009821352976039,0.4101067378252168,0.4158497405058077,0.42919016098717,0.4431132844335778,0.4261689291101055,0.4309654214011281,0.0889717634523175,0.4141819092959158,0.4114237715245695,0.396146849677526,0.4068868002994261
39,Housing,Post 1979 All and Pre 1979 Single Family Renter Occupied by Year Structure Built by Units in Structure,1060.0,4609.0,4838.0,4854.0,4538.0,4689.0,1631.0,1618.0,1465.0,1857.0,1675.0,638.0,1686.0,1681.0,1883.0,1865.0
40,Housing,Pre 1980 MultiFamily Renter Occupied by Year Structure Built by Units in Structure,6420.0,2227.0,2165.0,2248.0,2375.0,2286.0,5444.0,5367.0,5368.0,5752.0,5286.0,2782.0,5321.0,5319.0,5413.0,5260.0
41,Housing,Renter Occupied,0.618130732997273,0.5927628778203491,0.6009417304296645,0.6170575692963752,0.599017864702396,0.5898932621747832,0.5841502594941923,0.5708098390128299,0.5568867155664222,0.5738310708898944,0.5690345785988719,0.9110282365476824,0.5858180907040842,0.5885762284754305,0.603853150322474,0.5931131997005739
42,Housing,Total Number of Units,12557.0,12702.0,12737.0,12644.0,12615.0,12679.0,12718.0,12888.0,12908.0,14641.0,12949.0,4018.0,13034.0,12995.0,13088.0,13145.0
43,Housing,Total Vacant Units,456.0,957.0,844.0,919.0,804.0,687.0,579.0,651.0,638.0,1381.0,716.0,264.0,1061.0,1090.0,994.0,1122.0
44,Housing,Vacancy Rate,0.0363144063072389,0.0753424657534246,0.0662636413598178,0.0726826953495729,0.0637336504161712,0.05418408391829,0.0455260261047334,0.050512104283054,0.0494267121165168,0.0943241581859162,0.0552938450845625,0.0657043305126928,0.0814024858063526,0.0838784147749134,0.0759474327628361,0.0853556485355648
45,Housing Prices,Contract Rent 100 to 149,9.0,0.0,0.0,0.0,0.0,0.0,0.0,0.0,0.0,0.0,0.0,157.0,0.0,0.0,0.0,0.0
46,Housing Prices,Contract Rent 1000 to 1249,1432.0,951.0,833.0,751.0,722.0,769.0,740.0,668.0,779.0,536.0,487.0,239.0,382.0,316.0,553.0,578.0
47,Housing Prices,Contract Rent 1250 to 1499,815.0,1222.0,1249.0,1186.0,1221.0,872.0,668.0,623.0,530.0,627.0,401.0,192.0,260.0,187.0,166.0,198.0
48,Housing Prices,Contract Rent 150 to 199,24.0,0.0,0.0,0.0,0.0,0.0,0.0,0.0,0.0,0.0,27.0,0.0,21.0,16.0,0.0,0.0
49,Housing Prices,Contract Rent 1500 to 1999,1042.0,1872.0,2161.0,2154.0,2075.0,2185.0,2072.0,1957.0,1695.0,1365.0,1416.0,178.0,1136.0,953.0,893.0,718.0
50,Housing Prices,Contract Rent 200 to 249,0.0,11.0,8.0,8.0,31.0,39.0,44.0,35.0,19.0,7.0,0.0,0.0,0.0,0.0,5.0,0.0
51,Housing Prices,"Contract Rent 2000 to 2499 (Contract Rent 2000 or more, DEC2000 and ACS2009-2014)",416.0,1539.0,1424.0,1819.0,1792.0,1994.0,1244.0,1152.0,1301.0,1021.0,1314.0,83.0,1172.0,1247.0,1278.0,1157.0
52,Housing Prices,Contract Rent 250 to 299,41.0,35.0,47.0,47.0,5.0,6.0,6.0,11.0,28.0,18.0,38.0,513.0,20.0,0.0,0.0,0.0
53,Housing Prices,Contract Rent 2500 to 2999 (ACS2015-),,136.0,253.0,285.0,259.0,256.0,459.0,795.0,802.0,878.0,1115.0,103.0,1298.0,1005.0,880.0,857.0
54,Housing Prices,Contract Rent 300 to 349,58.0,95.0,102.0,88.0,71.0,0.0,0.0,0.0,0.0,0.0,0.0,305.0,0.0,24.0,13.0,0.0
55,Housing Prices,Contract Rent 3000 to 3499 (ACS2015-),,0.0,0.0,0.0,0.0,0.0,345.0,442.0,470.0,1064.0,879.0,37.0,1031.0,929.0,983.0,1029.0
56,Housing Prices,Contract Rent 350 to 399,62.0,57.0,84.0,10.0,10.0,0.0,0.0,0.0,10.0,35.0,0.0,78.0,0.0,0.0,0.0,0.0
57,Housing Prices,Contract Rent 3500 or more (ACS2015-),,0.0,0.0,0.0,0.0,0.0,178.0,185.0,224.0,670.0,535.0,46.0,1161.0,2057.0,2192.0,2221.0
58,Housing Prices,Contract Rent 400 to 449,72.0,0.0,19.0,62.0,38.0,26.0,30.0,12.0,9.0,58.0,10.0,178.0,10.0,0.0,0.0,0.0
59,Housing Prices,Contract Rent 500 to 549,59.0,0.0,15.0,0.0,0.0,0.0,0.0,7.0,0.0,0.0,13.0,115.0,15.0,0.0,0.0,0.0
60,Housing Prices,Contract Rent 550 to 599,152.0,0.0,9.0,21.0,17.0,26.0,40.0,28.0,47.0,119.0,19.0,294.0,12.0,10.0,3.0,8.0
61,Housing Prices,Contract Rent 600 to 649,139.0,38.0,22.0,35.0,0.0,0.0,0.0,0.0,0.0,0.0,11.0,0.0,32.0,3.0,0.0,0.0
62,Housing Prices,Contract Rent 650 to 699,206.0,90.0,113.0,63.0,118.0,129.0,139.0,116.0,76.0,99.0,0.0,225.0,0.0,0.0,0.0,7.0
63,Housing Prices,Contract Rent 700 to 749,225.0,47.0,37.0,39.0,19.0,54.0,46.0,15.0,0.0,75.0,6.0,133.0,17.0,0.0,0.0,0.0
64,Housing Prices,Contract Rent 750 to 749,385.0,150.0,187.0,184.0,182.0,130.0,159.0,103.0,87.0,73.0,35.0,26.0,22.0,0.0,62.0,15.0
65,Housing Prices,Contract Rent 750 to 799,401.0,70.0,60.0,63.0,170.0,170.0,157.0,128.0,100.0,11.0,90.0,54.0,20.0,54.0,30.0,54.0
66,Housing Prices,Contract Rent 800 to 899,856.0,145.0,177.0,181.0,118.0,182.0,222.0,182.0,180.0,467.0,183.0,153.0,181.0,45.0,25.0,86.0
67,Housing Prices,Contract Rent 900 to 999,956.0,504.0,347.0,239.0,227.0,236.0,290.0,307.0,245.0,241.0,180.0,217.0,113.0,108.0,109.0,41.0
68,Housing Prices,Contract Rent Less than 100,20.0,0.0,0.0,0.0,0.0,0.0,0.0,0.0,17.0,0.0,19.0,82.0,18.0,1.0,1.0,1.0
69,Housing Prices,Contract Rent Total,7480.0,6962.0,7147.0,7235.0,7075.0,7074.0,7091.0,6985.0,6833.0,7609.0,6961.0,3420.0,7014.0,7007.0,7303.0,7131.0
70,Housing Prices,Contract Rent Total No cash Rent (ACS2015-),110.0,0.0,0.0,0.0,0.0,0.0,252.0,219.0,214.0,245.0,183.0,12.0,93.0,52.0,110.0,161.0
71,Housing Prices,"Contract Rent Total No cash Rent (No cash rent, DEC2000 and ACS2009-2014)",110.0,136.0,253.0,285.0,259.0,256.0,459.0,795.0,802.0,878.0,1115.0,103.0,1298.0,1005.0,880.0,857.0
72,Housing Prices,Contract Rent Total With cash Rent,7370.0,6826.0,6894.0,6950.0,6816.0,6818.0,6839.0,6766.0,6619.0,7364.0,6778.0,3408.0,6921.0,6955.0,7193.0,6970.0
73,Housing Prices,Extremely Rent Burdened,0.1836898395721925,0.1699224360815857,0.1800755561774171,0.1939184519695922,0.2107420494699646,0.1873056262369239,0.1508955013397264,0.1352899069434502,0.1463486023708473,0.1654619529504534,0.1394914523775319,0.1885964912280701,0.1914741944682064,0.1825317539603254,0.1884157195673011,0.1919786846164633
74,Housing Prices,Home Value 10000 to 14999 ,0.0,0.0,0.0,0.0,0.0,0.0,0.0,0.0,0.0,0.0,0.0,0.0,0.0,0.0,0.0,0.0
75,Housing Prices,Home Value 100000 to 124999,16.0,26.0,8.0,31.0,32.0,15.0,12.0,12.0,0.0,34.0,0.0,0.0,0.0,0.0,0.0,0.0
76,Housing Prices,"Home Value 1000000 to 1499999 (1000000 or more, DEC2000 and ACS2009-2014)",321.0,1417.0,1401.0,1189.0,1449.0,1783.0,1459.0,1504.0,1704.0,1407.0,1543.0,84.0,1517.0,1374.0,1183.0,1216.0
77,Housing Prices,Home Value 125000 to 149999,9.0,9.0,6.0,9.0,8.0,8.0,0.0,0.0,0.0,0.0,0.0,0.0,0.0,0.0,0.0,0.0
78,Housing Prices,Home Value 15000 to 19999 ,0.0,0.0,0.0,0.0,0.0,0.0,0.0,0.0,0.0,0.0,0.0,0.0,0.0,0.0,15.0,8.0
79,Housing Prices,Home Value 150000 to 174999,0.0,4.0,2.0,3.0,0.0,23.0,18.0,15.0,20.0,0.0,0.0,0.0,33.0,33.0,0.0,0.0
80,Housing Prices,Home Value 1500000 to 1999999 (ACS2015-),,0.0,0.0,0.0,0.0,0.0,389.0,563.0,793.0,667.0,1173.0,7.0,1348.0,1271.0,1328.0,1289.0
81,Housing Prices,Home Value 175000 to 199999,45.0,7.0,0.0,0.0,0.0,0.0,0.0,0.0,0.0,11.0,0.0,0.0,0.0,0.0,33.0,33.0
82,Housing Prices,Home Value 20000 to 24999 ,0.0,0.0,0.0,0.0,0.0,0.0,0.0,0.0,0.0,0.0,0.0,0.0,0.0,0.0,0.0,0.0
83,Housing Prices,Home Value 200000 to 249999,80.0,39.0,112.0,110.0,85.0,93.0,85.0,78.0,78.0,0.0,59.0,5.0,25.0,28.0,0.0,0.0
84,Housing Prices,Home Value 2000000 or more (ACS2015-),,0.0,0.0,0.0,0.0,0.0,361.0,554.0,800.0,881.0,1236.0,1.0,1184.0,1472.0,1575.0,1721.0
85,Housing Prices,Home Value 25000 to 29999 ,5.0,34.0,9.0,9.0,10.0,0.0,0.0,0.0,0.0,0.0,0.0,0.0,0.0,0.0,0.0,0.0
86,Housing Prices,Home Value 250000 to 299999,106.0,15.0,19.0,14.0,9.0,9.0,0.0,10.0,17.0,87.0,18.0,25.0,0.0,0.0,20.0,15.0
87,Housing Prices,Home Value 30000 to 34999 ,17.0,0.0,0.0,0.0,0.0,0.0,0.0,0.0,0.0,0.0,0.0,0.0,0.0,0.0,0.0,0.0
88,Housing Prices,Home Value 300000 to 399999,694.0,16.0,61.0,83.0,66.0,79.0,100.0,75.0,23.0,131.0,42.0,0.0,37.0,44.0,34.0,34.0
89,Housing Prices,Home Value 35000 to 39999 ,26.0,0.0,0.0,0.0,0.0,0.0,0.0,0.0,0.0,0.0,0.0,0.0,0.0,0.0,0.0,0.0
90,Housing Prices,Home Value 40000 to 49999 ,7.0,0.0,0.0,0.0,0.0,0.0,0.0,0.0,0.0,14.0,0.0,0.0,0.0,0.0,0.0,0.0
91,Housing Prices,Home Value 400000 to 499999,1052.0,206.0,114.0,130.0,139.0,162.0,140.0,147.0,153.0,73.0,138.0,30.0,153.0,94.0,95.0,107.0
92,Housing Prices,Home Value 50000 to 59999 ,39.0,38.0,57.0,47.0,48.0,10.0,0.0,0.0,0.0,0.0,0.0,0.0,0.0,0.0,0.0,0.0
93,Housing Prices,Home Value 500000 to 749999,1587.0,793.0,767.0,699.0,741.0,762.0,729.0,619.0,556.0,816.0,275.0,87.0,166.0,219.0,186.0,113.0
94,Housing Prices,Home Value 60000 to 69999 ,0.0,28.0,27.0,34.0,26.0,28.0,0.0,0.0,0.0,0.0,0.0,0.0,0.0,0.0,0.0,0.0
95,Housing Prices,Home Value 70000 to 79999 ,9.0,0.0,0.0,0.0,0.0,0.0,0.0,0.0,0.0,0.0,0.0,0.0,0.0,0.0,45.0,40.0
96,Housing Prices,Home Value 750000 to 999999,574.0,2052.0,2112.0,2132.0,2098.0,1878.0,1654.0,1578.0,1181.0,1478.0,729.0,95.0,461.0,283.0,195.0,232.0
97,Housing Prices,Home Value 80000 to 89999 ,0.0,17.0,12.0,0.0,0.0,0.0,0.0,0.0,0.0,22.0,0.0,0.0,0.0,0.0,0.0,0.0
98,Housing Prices,Home Value 90000 to 99999 ,34.0,82.0,39.0,0.0,0.0,0.0,0.0,0.0,0.0,0.0,0.0,0.0,0.0,0.0,0.0,0.0
99,Housing Prices,Home Value Less than 10000,0.0,0.0,0.0,0.0,25.0,68.0,101.0,97.0,112.0,30.0,59.0,0.0,35.0,80.0,82.0,84.0
100,Housing Prices,Home Value Total,4621.0,4783.0,4746.0,4490.0,4736.0,4918.0,5048.0,5252.0,5437.0,5651.0,5272.0,334.0,4959.0,4898.0,4791.0,4892.0
101,Housing Prices,Housing Units with a Mortgage,2395.0,3356.0,3400.0,3082.0,3156.0,3451.0,3367.0,3415.0,3622.0,3539.0,3202.0,221.0,3092.0,2982.0,2946.0,3026.0
102,Housing Prices,Housing Units with a Mortgage 0 to 30%,1539.0,1799.0,1924.0,1743.0,1871.0,1983.0,2101.0,2179.0,2383.0,2245.0,2067.0,135.0,1908.0,1823.0,1767.0,1878.0
103,Housing Prices,Housing Units with a Mortgage 30-50%,474.0,692.0,697.0,721.0,784.0,850.0,742.0,788.0,795.0,719.0,706.0,38.0,579.0,502.0,525.0,456.0
104,Housing Prices,Housing Units with a Mortgage 50%+,372.0,865.0,779.0,618.0,501.0,600.0,503.0,426.0,429.0,540.0,402.0,48.0,550.0,602.0,578.0,669.0
105,Housing Prices,Housing Units with a Mortgage Not Computed,10.0,0.0,0.0,0.0,0.0,18.0,21.0,22.0,15.0,35.0,27.0,0.0,55.0,55.0,76.0,23.0
106,Housing Prices,Housing Units without a Mortgage,1124.0,1427.0,1346.0,1408.0,1580.0,1467.0,1681.0,1837.0,1815.0,2112.0,2070.0,113.0,1867.0,1916.0,1845.0,1866.0
107,Housing Prices,Housing Units without a Mortgage 0 to 30%,1018.0,1208.0,1158.0,1258.0,1381.0,1228.0,1388.0,1507.0,1529.0,1815.0,1816.0,83.0,1572.0,1578.0,1528.0,1525.0
108,Housing Prices,Housing Units without a Mortgage 30-50%,29.0,89.0,97.0,90.0,106.0,143.0,175.0,196.0,177.0,163.0,129.0,0.0,112.0,108.0,98.0,132.0
109,Housing Prices,Housing Units without a Mortgage 50%+,60.0,130.0,91.0,50.0,80.0,83.0,104.0,119.0,109.0,120.0,125.0,30.0,140.0,195.0,196.0,186.0
110,Housing Prices,Housing Units without a Mortgage Not Computed,17.0,0.0,0.0,10.0,13.0,13.0,14.0,15.0,0.0,14.0,0.0,0.0,43.0,35.0,23.0,23.0
111,Housing Prices,Median Contract Rent,1003.491620111732,1499.5908346972176,1531.929662193429,1615.598885793872,1610.6024096385545,1823.5034324942792,1711.9932432432431,1793.3060807358202,1848.8200589970504,1982.051282051282,2172.7549467275494,546.9387755102041,2511.3636363636365,2755.4726368159204,2760.5113636363635,2862.893815635939
112,Housing Prices,Median Gross Rent by Bedrooms - 1 Bedroom- COUNTY ONLY,,,,,,,1571.2748314197192,1710.0923005993543,1778.202453453976,2023.178768382353,2145.02296317361,2584.3784626674005,2578.733258440991,2587.2076345361115,2574.478376844495,2586.098587664129
113,Housing Prices,Median Gross Rent by Bedrooms - 2 Bedrooms- COUNTY ONLY,,,,,,,2001.095680699836,1996.717155440971,2213.919610231425,2460.8046875,2529.153846153846,2423.214450745642,2879.8422892092617,3133.2158224631544,3112.726220204313,3185.849828974953
114,Housing Prices,Median Gross Rent by Bedrooms - 3-4 Bedrooms- COUNTY ONLY,,,,,,,4516.0,5146.893780074853,4709.300866369126,4523.0,5103.894398340249,,5710.0,5995.05069124424,6447.264255457804,7002.0
115,Housing Prices,Median Gross Rent by Bedrooms - 5 Bedrooms or more- COUNTY ONLY,,,,,,,1053.0,,,,,,,,,
116,Housing Prices,Median Gross Rent by Bedrooms - No Bedroom- COUNTY ONLY,,,,,,,1137.393074204947,1234.1794730053437,1254.4861086533358,1482.487961741425,1690.2465401785714,529.2360300250208,2135.7401172975856,2330.352829391892,2110.082853749886,2127.309977628636
117,Housing Prices,Median Home Value,527016.3831127915,881274.366471735,884943.1818181819,876172.6078799249,890490.943755958,839989.630457934,952388.1499395404,999207.8580481622,1169747.6525821595,1046019.9004975124,1426441.9961114712,802631.5789473684,1519473.293768546,1615656.9630212432,1691076.8072289156,1718774.2435996896
118,Housing Prices,Median Rent,1070.7637997432605,1564.289432587194,1589.7079276773295,1676.6180492251594,1709.7145488029466,1755.6775244299674,1767.8482895389193,1841.377440347072,1915.5129011957208,2111.5257048092867,2275.318829707426,583.7209302325581,2572.873658133774,2825.654704170708,2885.989010989011,2962.655601659751
119,Housing Prices,Median Rent as % of Household Income,25.58565573770492,24.443875685557582,24.625771324863884,25.67450722733246,26.762392550143268,25.98086574654956,24.86652502360717,24.4463768115942,23.136401098901096,21.85353982300885,21.68968321917808,30.70242494226328,23.23270833333333,23.24757516973812,22.68777777777777,24.11726618705036
120,Housing Prices,Rent 100 to 149,20.0,0.0,0.0,0.0,0.0,0.0,0.0,0.0,0.0,0.0,0.0,83.0,0.0,0.0,0.0,0.0
121,Housing Prices,Rent 1000 to 1249,1558.0,942.0,884.0,720.0,662.0,686.0,703.0,633.0,778.0,721.0,576.0,293.0,356.0,338.0,523.0,462.0
122,Housing Prices,Rent 1250 to 1499,852.0,1308.0,1213.0,1093.0,988.0,796.0,640.0,666.0,554.0,539.0,336.0,262.0,383.0,175.0,279.0,373.0
123,Housing Prices,Rent 150 to 199,24.0,0.0,0.0,0.0,0.0,0.0,0.0,0.0,0.0,0.0,27.0,74.0,21.0,16.0,0.0,0.0
124,Housing Prices,Rent 1500 to 1999,1169.0,1921.0,2157.0,2194.0,2172.0,2149.0,2017.0,1844.0,1589.0,1248.0,1245.0,177.0,1037.0,845.0,794.0,479.0
125,Housing Prices,Rent 200 to 249,0.0,11.0,0.0,0.0,0.0,0.0,0.0,0.0,0.0,7.0,0.0,0.0,0.0,0.0,5.0,0.0
126,Housing Prices,"Rent 2000 to 2499  (Rent 2000 or more, DEC2000 and ACS2009-2014)",547.0,1739.0,1677.0,2056.0,2147.0,2310.0,1135.0,1183.0,1378.0,1206.0,1333.0,83.0,1165.0,1273.0,1187.0,1194.0
127,Housing Prices,Rent 250 to 299,32.0,0.0,15.0,10.0,29.0,23.0,26.0,29.0,45.0,18.0,35.0,509.0,17.0,0.0,0.0,0.0
128,Housing Prices,Rent 2500 to 2999 (ACS2015-),,136.0,253.0,285.0,259.0,256.0,792.0,922.0,866.0,860.0,1220.0,109.0,1211.0,1031.0,910.0,964.0
129,Housing Prices,Rent 300 to 349,43.0,27.0,16.0,11.0,9.0,0.0,0.0,0.0,0.0,0.0,0.0,285.0,0.0,0.0,0.0,0.0
130,Housing Prices,Rent 3000 to 3499 (ACS2015-),,0.0,0.0,0.0,0.0,0.0,335.0,446.0,527.0,1153.0,957.0,32.0,951.0,925.0,1033.0,1037.0
131,Housing Prices,Rent 350 to 399,16.0,14.0,46.0,18.0,10.0,16.0,16.0,17.0,19.0,0.0,0.0,78.0,0.0,0.0,0.0,0.0
132,Housing Prices,Rent 3500 or more (ACS2015-),,0.0,0.0,0.0,0.0,0.0,221.0,247.0,270.0,732.0,613.0,51.0,1475.0,2193.0,2356.0,2376.0
133,Housing Prices,Rent 400 to 449,59.0,86.0,108.0,100.0,75.0,16.0,16.0,12.0,10.0,45.0,10.0,169.0,0.0,0.0,0.0,0.0
134,Housing Prices,Rent 450 to 499,113.0,12.0,12.0,10.0,7.0,3.0,8.0,7.0,9.0,39.0,11.0,81.0,25.0,0.0,0.0,0.0
135,Housing Prices,Rent 500 to 549,83.0,0.0,0.0,0.0,0.0,0.0,11.0,8.0,23.0,51.0,32.0,314.0,0.0,10.0,3.0,0.0
136,Housing Prices,Rent 550 to 599,137.0,29.0,27.0,11.0,10.0,18.0,22.0,20.0,24.0,52.0,9.0,43.0,52.0,0.0,0.0,0.0
137,Housing Prices,Rent 600 to 649,177.0,20.0,29.0,54.0,46.0,32.0,35.0,9.0,0.0,30.0,11.0,145.0,0.0,24.0,13.0,15.0
138,Housing Prices,Rent 650 to 699,154.0,68.0,76.0,43.0,73.0,106.0,105.0,22.0,0.0,25.0,0.0,198.0,0.0,0.0,0.0,0.0
139,Housing Prices,Rent 700 to 749,339.0,92.0,102.0,77.0,80.0,91.0,115.0,113.0,92.0,93.0,0.0,20.0,34.0,0.0,0.0,15.0
140,Housing Prices,Rent 750 to 799,310.0,154.0,130.0,140.0,133.0,146.0,129.0,149.0,130.0,68.0,57.0,19.0,0.0,33.0,0.0,0.0
141,Housing Prices,Rent 800 to 899,834.0,111.0,142.0,174.0,206.0,182.0,227.0,155.0,73.0,294.0,132.0,182.0,128.0,9.0,33.0,34.0
142,Housing Prices,Rent 900 to 999,894.0,292.0,260.0,239.0,169.0,244.0,286.0,284.0,232.0,183.0,174.0,119.0,65.0,82.0,56.0,20.0
143,Housing Prices,Rent Burdened,0.3740641711229946,0.349755817293881,0.3485378480481321,0.3787145818935729,0.4048056537102473,0.3809725756290641,0.3448032717529262,0.3095204008589835,0.2979657544270452,0.2874227888027336,0.2575779342048556,0.4868421052631579,0.3551468491588252,0.3456543456543456,0.3497192934410516,0.3732996774645912
144,Housing Prices,Rent Less than 100,9.0,0.0,0.0,0.0,0.0,0.0,0.0,0.0,0.0,0.0,0.0,82.0,1.0,1.0,1.0,1.0
145,Housing Prices,Rent Total,7480.0,6962.0,7147.0,7235.0,7075.0,7074.0,7091.0,6985.0,6833.0,7609.0,6961.0,3420.0,7014.0,7007.0,7303.0,7131.0
146,Housing Prices,"Rent Total No cash rent  (No cash rent, DEC2000 and ACS2009-2014)",110.0,136.0,253.0,285.0,259.0,256.0,792.0,922.0,866.0,860.0,1220.0,109.0,1211.0,1031.0,910.0,964.0
147,Housing Prices,Rent Total No cash rent (ACS2015-),110.0,0.0,0.0,0.0,0.0,0.0,252.0,219.0,214.0,245.0,183.0,12.0,93.0,52.0,110.0,161.0
148,Housing Prices,Rent Total With cash rent,7370.0,6826.0,6894.0,6950.0,6816.0,6818.0,6839.0,6766.0,6619.0,7364.0,6778.0,3408.0,6921.0,6955.0,7193.0,6970.0
149,Housing Type,10-19 Units,0.105598470972366,0.0882538182963312,0.0989243934992541,0.1005219867130654,0.0963931827189853,0.0905434182506506,0.0862557005818524,0.0855058969584109,0.0786334056399132,0.1056621815449764,0.0819368290987721,0.1222000995520159,0.0942151296608869,0.1044247787610619,0.1000916870415647,0.0915937618866489
150,Housing Type,2-4 Units,0.3312096838416819,0.314753582113053,0.3160084792337285,0.3067858272698513,0.3026555687673404,0.3004968846123511,0.3009907218116056,0.284528243327126,0.2920669352339634,0.2282630967830066,0.303266661518264,0.0149328023892483,0.3174773668866043,0.3255867641400539,0.3252597799511002,0.3182198554583492
151,Housing Type,20 Units or More,0.076929202835072,0.0771532042198079,0.0724660438093742,0.0725245175577349,0.0781609195402298,0.078318479375345,0.0806730618021701,0.0839540657976412,0.0808026030368763,0.1674748992555153,0.0740597729554405,0.7702837232453957,0.0754948595979745,0.0861869949980761,0.0862622249388753,0.0883986306580448
152,Housing Type,5-9 Units,0.1195349207613283,0.1170681782396473,0.1143911439114391,0.1145998101866497,0.1119302417756639,0.1205142361384967,0.1111023745871992,0.1155338299193047,0.1131856213201115,0.1649477494706645,0.1162251911344505,0.0206570433051269,0.1130888445603805,0.1036552520200077,0.1151436430317848,0.103309243058197
153,Housing Type,Other Type,0.0007963685593692,0.0,0.0010206485043573,0.0009490667510281,0.0053904082441537,0.0048111049767331,0.0053467526340619,0.0038019863438857,0.0041059807871087,0.0020490403660952,0.0032434937060776,0.0,0.0053705692803437,0.0046941131204309,0.0014517114914425,0.00684670977558
154,Housing Type,Single Family Housing,0.3659313530301823,0.4027712171311604,0.3971892910418466,0.4046187915216703,0.4054696789536266,0.4053158766464232,0.4156313885831105,0.4266759776536313,0.4312054539820266,0.3316030325797418,0.4212680515869951,0.071926331508213,0.39435323001381,0.3754520969603693,0.3717909535452323,0.3916317991631799
155,Income,Household Income 10000 to 14999,527.0,313.0,320.0,383.0,367.0,334.0,283.0,291.0,275.0,336.0,155.0,1017.0,142.0,193.0,207.0,232.0
156,Income,Household Income 100000 to 124999,1122.0,1559.0,1504.0,1243.0,1211.0,1411.0,1382.0,1369.0,1293.0,1368.0,1218.0,178.0,948.0,791.0,716.0,663.0
157,Income,Household Income 125000 to 149999,669.0,833.0,1063.0,1045.0,1118.0,988.0,939.0,1105.0,1182.0,1220.0,1101.0,133.0,1089.0,922.0,929.0,804.0
158,Income,Household Income 15000 to 19999,426.0,291.0,279.0,221.0,368.0,321.0,271.0,275.0,265.0,238.0,185.0,317.0,110.0,123.0,155.0,172.0
159,Income,Household Income 150000 to 199999,800.0,1175.0,1114.0,1285.0,1418.0,1517.0,1590.0,1587.0,1552.0,1761.0,1811.0,118.0,1617.0,1741.0,1889.0,1652.0
160,Income,Household Income 20000 to 24999,392.0,378.0,370.0,335.0,309.0,268.0,238.0,240.0,216.0,277.0,246.0,144.0,185.0,121.0,93.0,67.0
161,Income,Household Income 25000 to 29999,396.0,255.0,355.0,404.0,349.0,316.0,337.0,185.0,195.0,369.0,303.0,121.0,464.0,365.0,282.0,205.0
162,Income,Household Income 30000 to 34999,501.0,324.0,251.0,295.0,333.0,273.0,167.0,189.0,227.0,327.0,112.0,143.0,117.0,85.0,179.0,284.0
163,Income,Household Income 35000 to 39999,673.0,314.0,301.0,268.0,250.0,207.0,223.0,172.0,191.0,296.0,139.0,84.0,118.0,103.0,98.0,129.0
164,Income,Household Income 40000 to 44999,472.0,469.0,428.0,331.0,270.0,395.0,366.0,277.0,228.0,465.0,234.0,217.0,343.0,153.0,155.0,86.0
165,Income,Household Income 45000 to 49999,551.0,354.0,266.0,233.0,221.0,225.0,255.0,255.0,271.0,311.0,158.0,162.0,156.0,239.0,144.0,153.0
166,Income,Household Income 50000 to 59999,829.0,624.0,579.0,644.0,559.0,594.0,624.0,630.0,588.0,431.0,361.0,85.0,438.0,405.0,431.0,373.0
167,Income,Household Income 60000 to 74999,1357.0,1151.0,1319.0,1226.0,1181.0,1116.0,1061.0,954.0,857.0,606.0,805.0,269.0,459.0,575.0,522.0,554.0
168,Income,Household Income 75000 to 99999,1860.0,1762.0,1598.0,1666.0,1634.0,1605.0,1639.0,1617.0,1430.0,1093.0,1198.0,169.0,1167.0,971.0,1105.0,1182.0
169,Income,Household Income Greater than 200000,786.0,1511.0,1706.0,1599.0,1672.0,1837.0,2256.0,2549.0,3026.0,3679.0,3728.0,176.0,4052.0,4563.0,4646.0,4882.0
170,Income,Household Income Less than 10000,699.0,432.0,440.0,547.0,551.0,585.0,508.0,542.0,474.0,483.0,479.0,421.0,568.0,555.0,543.0,585.0
171,Income,Households Total for Income,12060.0,11745.0,11893.0,11725.0,11811.0,11992.0,12139.0,12237.0,12270.0,13260.0,12233.0,3754.0,11973.0,11905.0,12094.0,12023.0
172,Income,Median Family Income,85380.26721479959,108858.26771653544,119962.0573355818,120143.58108108108,123863.63636363635,122482.4355971897,130852.15605749488,140978.26086956522,149706.37583892618,138505.9612518629,171051.227321238,72127.65957446808,172899.15966386555,192910.447761194,195619.65811965807,201585.63389261745
173,Income,Median Household Income,66234.3404568902,88727.29852440409,91246.87108886108,89638.35534213686,92556.60954712362,96214.95327102803,101763.7481910275,108975.52958363768,117749.41995359628,125614.75409836066,136886.92098092643,24236.11111111111,142711.20293847568,160094.7731188972,162916.88724192695,165814.1646489104
174,Income,Percent in Poverty,0.0841675102163236,0.0752406276918467,0.0812372661604,0.1064726579680398,0.1080649948063511,0.1007294454015615,0.0924098267537631,0.0930837965243087,0.0864153627311522,0.0615133747354543,0.078843078634499,0.2599203187250996,0.0875582804067697,0.0791369591996715,0.078353704542025,0.0903143879632123
175,Journey to Work,Journey to Work by Bike,,0.0332937722531076,0.0323672389391422,0.0322501230920728,0.0383042958676646,0.0407907907907907,0.0323848077152041,0.0349457637056581,0.0359746061603573,0.027323615806684,0.039149699927085,0.0387048753256419,0.0420664206642066,0.039467904875447,0.0317638967048083,0.0348792640858566
176,Journey to Work,Journey to Work by Car,,0.5022175026547567,0.4824933850224601,0.4700886262924668,0.4457513051135292,0.4353103103103103,0.4395166091201333,0.4454998534154207,0.4524453327063249,0.363631325167655,0.4338437377306635,0.1819873464830666,0.3669741697416974,0.3420342598983497,0.3355843181391859,0.323942762233295
177,Journey to Work,Journey to Work by Carpooled,,0.0951339871322381,0.0891637437696141,0.0808714918759231,0.0706333731681237,0.0699449449449449,0.0664960114299321,0.0669598358252711,0.080531389607336,0.0701657152358255,0.0818890571540748,0.0223297357647934,0.059040590405904,0.0586685072472861,0.0573375851935221,0.050083045866871
178,Journey to Work,Journey to Work by Drove Alone,,0.4070835155225186,0.393329641252846,0.3892171344165436,0.3751179319454054,0.3653653653653653,0.3730205976902012,0.3785400175901495,0.3719139430989889,0.2934656099318295,0.3519546805765887,0.1596576107182731,0.3079335793357933,0.2833657526510635,0.2782467329456637,0.2738597163664239
179,Journey to Work,Journey to Work by Other Journey Type,,0.0231744643637953,0.0195064919081902,0.0189561792220581,0.0205044342411472,0.0232732732732732,0.0250029765448267,0.0232189973614775,0.0272160827651069,0.0450036025051266,0.0311851477929216,0.0655005582433941,0.0321033210332103,0.0301813390224007,0.0310135684361908,0.0233167241599591
180,Journey to Work,Journey to Work by Transit,,0.2986445124617403,0.2980124300043074,0.3207163958641063,0.3362475627397949,0.3381506506506506,0.3403381354923205,0.3536206391087657,0.3467552316012227,0.3810896192429197,0.359190083571709,0.4264979531075549,0.2720787207872078,0.231850410993286,0.2005252297880322,0.1627060176312763
181,Journey to Work,Journey to Work by Walk,,0.0770191767130988,0.0880561196234077,0.0860413589364844,0.0754764450594377,0.077515015015015,0.0806643648053339,0.0690120199355027,0.0604279332236068,0.1213212880341406,0.0766728363901508,0.259024934871604,0.0998154981549815,0.1157055907636318,0.1254924029262802,0.1282739235978024
182,Journey to Work,Journey to Work by Worked at Home,,0.0656505715535011,0.0795643345024921,0.0719473165928114,0.0837159569784263,0.0849599599599599,0.0820931063221812,0.073702726473175,0.0771808135433811,0.0616305492434739,0.0599584945874698,0.0282843319687383,0.1869618696186961,0.2407604944468846,0.2756205840055024,0.3268813082918104
238,Journey to Work,Total Workers 16 Years and Older,,16009.0,16251.0,16248.0,15899.0,15984.0,16798.0,17055.0,17012.0,18043.0,17829.0,2687.0,16260.0,15937.0,15993.0,15654.0
239,Language Spoken at Home,Asian/Pacific Islander,0.2246553122465531,0.2330563541133383,0.2110813909056171,0.2015144665461121,0.1971809639284631,0.1983467983243566,0.1937033666969972,0.2176229213159599,0.2143555571651034,0.2584719006524942,0.2226866738120757,0.2946487196323046,0.2057308314218027,0.2009059419131361,0.1736860159316995,0.1834940223679136
240,Language Spoken at Home,English Only,0.6286254972386359,0.6425392824794235,0.6439816583874666,0.658001808318264,0.6592149136101849,0.6476286654697786,0.6572156505914468,0.6491973220070549,0.6433201752797595,0.6047147968848663,0.6443372633083244,0.4729152987524622,0.643251983604708,0.6310380267214799,0.6471395357700956,0.6469340532202082
241,Language Spoken at Home,Other European Languages,0.0885953732669061,0.0816366715236482,0.10760412686282,0.0974608197709463,0.1001439830251591,0.0961998803111909,0.0906278434940855,0.0752645597869123,0.080759062760294,0.0765803690451133,0.0819578420864594,0.0526920551543007,0.0832173880344451,0.090632256099882,0.0886534283645233,0.0831083686849209
242,Language Spoken at Home,Other Languages,0.0091530529486733,0.0088213287126373,0.0096293465800534,0.01292194092827,0.0130342528038799,0.0087522441651705,0.0065514103730664,0.0076308401123029,0.0074602542280809,0.0088051638251596,0.0045730618077884,0.0326657912015758,0.0040612191178129,0.0045297095656807,0.0051454053435987,0.006787504820671
243,Language Spoken at Home,Spanish Only,0.0489707642992314,0.0339463631709526,0.0277034772640428,0.0301009644364074,0.0304258866323128,0.0490724117295032,0.051901728844404,0.0502843567777697,0.054104950566762,0.0514277695923665,0.0464451589853519,0.1470781352593565,0.0637385778212311,0.0728940656998211,0.0853756145900827,0.0796760509062861
183,Nativity,Foreign Born,0.3070699573204676,0.2893505521242747,0.2789957311337819,0.2721984296930764,0.2744496571634789,0.2721530280860783,0.2757406256474,0.2874605136657052,0.281765848245249,0.2970725556350748,0.2830495277429838,0.4228624535315985,0.2823655147844674,0.2777236827869739,0.2616401539914287,0.2462422634836427
184,Population,Total Population,26945.0,26715.0,27642.0,28020.0,27710.0,28021.0,28962.0,29124.0,28836.0,29343.0,29539.0,6456.0,28070.0,27729.0,27534.0,27144.0
185,Race/Ethnicity,Asian,8201.0,8851.0,8607.0,8714.0,8673.0,8592.0,8906.0,9497.0,9778.0,9720.0,10316.0,2355.0,9443.0,9371.0,9239.0,9370.0
186,Race/Ethnicity,"Asian Alone, Not Hispanic or Latino",8178.0,8792.0,8555.0,8639.0,8619.0,8539.0,8854.0,9389.0,9665.0,9657.0,10200.0,2355.0,9402.0,9352.0,9217.0,9341.0
187,Race/Ethnicity,Black/African American,576.0,354.0,372.0,351.0,401.0,366.0,563.0,561.0,585.0,580.0,731.0,849.0,647.0,753.0,664.0,668.0
188,Race/Ethnicity,"Black/African American Alone, Not Hispanic or Latino",491.0,354.0,372.0,351.0,401.0,366.0,562.0,560.0,584.0,542.0,723.0,823.0,629.0,672.0,590.0,593.0
189,Race/Ethnicity,Latino Population (of Any Race),1445.0,1609.0,1507.0,1741.0,1593.0,2331.0,2427.0,2540.0,2484.0,2445.0,2570.0,1200.0,2695.0,2987.0,3484.0,2943.0
190,Race/Ethnicity,Native American Indian,42.0,194.0,78.0,94.0,102.0,86.0,69.0,68.0,44.0,101.0,44.0,512.0,39.0,34.0,46.0,58.0
191,Race/Ethnicity,"Native American Indian Alone, Not Hispanic or Latino",29.0,194.0,78.0,94.0,89.0,67.0,47.0,45.0,28.0,32.0,44.0,461.0,39.0,34.0,46.0,55.0
192,Race/Ethnicity,Native Hawaiian/Pacific Islander,28.0,64.0,77.0,49.0,42.0,50.0,0.0,16.0,29.0,17.0,38.0,0.0,19.0,34.0,27.0,10.0
193,Race/Ethnicity,"Native Hawaiian/Pacific Islander Alone, Not Hispanic or Latino",28.0,64.0,77.0,49.0,42.0,50.0,0.0,16.0,29.0,17.0,38.0,0.0,19.0,34.0,27.0,10.0
194,Race/Ethnicity,Other/Two or More Races,1495.0,1635.0,1954.0,1765.0,1903.0,2365.0,2470.0,2631.0,2677.0,2061.0,2777.0,1096.0,3895.0,3890.0,4439.0,4276.0
195,Race/Ethnicity,"Population, Not Hispanic or Latino",25500.0,25106.0,26135.0,26279.0,26117.0,25690.0,26535.0,26584.0,26352.0,26898.0,26969.0,5256.0,25375.0,24742.0,24050.0,24201.0
196,Race/Ethnicity,Some Other Race Alone,463.0,419.0,439.0,399.0,586.0,836.0,984.0,962.0,1058.0,819.0,1136.0,844.0,1451.0,1375.0,1259.0,1125.0
197,Race/Ethnicity,"Some Other Race Alone, Not Hispanic or Latino",98.0,204.0,195.0,90.0,290.0,303.0,375.0,346.0,412.0,130.0,112.0,12.0,166.0,206.0,195.0,302.0
198,Race/Ethnicity,Two Or More Races,1032.0,1216.0,1515.0,1366.0,1317.0,1529.0,1486.0,1669.0,1619.0,1242.0,1641.0,252.0,2444.0,2515.0,3180.0,3151.0
199,Race/Ethnicity,"Two Or More Races, Not Hispanic or Latino",917.0,1047.0,1352.0,1134.0,1077.0,1256.0,1236.0,1411.0,1371.0,1128.0,1441.0,203.0,1930.0,1910.0,1960.0,1801.0
200,Race/Ethnicity,"White Alone, Not Hispanic or Latino",15759.0,14451.0,15506.0,15922.0,15599.0,15109.0,15461.0,14817.0,14263.0,15392.0,14411.0,1402.0,13190.0,12534.0,12015.0,12099.0
201,Race/Ethnicity,"White, Including Hispanic or Latino",16603.0,15617.0,16554.0,17047.0,16589.0,16562.0,16954.0,16351.0,15723.0,16864.0,15633.0,1644.0,14027.0,13647.0,13119.0,12762.0
202,Sex,Female,0.5185748747448506,0.4995695302264645,0.5090803849214963,0.5046752319771591,0.5009382894261999,0.5125084757860177,0.519611905255162,0.522902073890949,0.5213621861561937,0.4803871451453498,0.510714648430888,0.4854399008674102,0.5260420377627361,0.5287244401168452,0.5331953221471635,0.5282935455349248
203,Sex,Male,0.4814251252551493,0.5004304697735354,0.4909196150785037,0.4953247680228408,0.4990617105738,0.4874915242139824,0.480388094744838,0.4770979261090509,0.4786378138438063,0.5196128548546501,0.489285351569112,0.5145600991325898,0.473957962237264,0.4712755598831548,0.4668046778528364,0.4717064544650751
204,Unit Size,1 Bedroom,3811.0,3301.0,3441.0,3186.0,3320.0,3558.0,3464.0,3467.0,3506.0,4297.0,3199.0,772.0,3356.0,3604.0,3495.0,3560.0
205,Unit Size,2 Bedrooms,3915.0,4348.0,4497.0,4522.0,4256.0,3995.0,4027.0,3936.0,3741.0,4770.0,3857.0,321.0,4083.0,4129.0,4132.0,4251.0
206,Unit Size,3-4 Bedrooms,3690.0,4319.0,4059.0,4001.0,4074.0,4096.0,4147.0,4344.0,4451.0,4360.0,4660.0,281.0,4152.0,3972.0,4328.0,4363.0
207,Unit Size,5 or More Bedrooms,305.0,229.0,283.0,402.0,363.0,429.0,500.0,475.0,418.0,295.0,339.0,54.0,334.0,307.0,201.0,170.0
208,Unit Size,No Bedroom,836.0,505.0,457.0,533.0,602.0,601.0,580.0,666.0,792.0,919.0,894.0,2590.0,1109.0,983.0,932.0,801.0
209,Vehicles Available,Households with no Vehicle,0.1549458722419634,0.1360578969774372,0.1427730597830656,0.1630703624733475,0.1796630259927186,0.1785356904603068,0.1687124145316747,0.1743891476669118,0.167563162184189,0.2507541478129713,0.1751818850649881,0.7349493873201918,0.214399064561931,0.2010079798404032,0.19257483049446,0.1974548781502121
210,Vehicles Available,Percent of No Vehicle Homeowning Households,0.0748755680588617,0.0698306502195274,0.0779603876949009,0.0817371937639198,0.1005067567567567,0.098820658804392,0.0835974643423137,0.0906321401370906,0.0930660290601434,0.1054680587506636,0.0832701062215478,0.1377245508982036,0.0867110304496874,0.0869742752143732,0.0809851805468586,0.0774734260016353
211,Vehicles Available,Percent of No Vehicle Renting Households,0.2044117647058823,0.181557023843723,0.1858122289072338,0.2135452660677263,0.2326501766784452,0.2339553293751767,0.229304752503173,0.2373657838224767,0.2268403336748134,0.358654225259561,0.2447924148829191,0.7932748538011696,0.3046763615625891,0.2807192807192807,0.265781185814049,0.2797644089188052
212,Vehicles Available,Vehicles Available,16323.0,15765.0,15752.0,15147.0,14661.0,14969.0,15540.0,15834.0,16080.0,14729.0,16031.0,1162.0,14407.0,13962.0,14289.0,14134.0
213,Vehicles Available,Vehicles Homeowners,0.4710531152361698,0.4822074215033302,0.4885728796343321,0.4853766422393873,0.5194734329172634,0.5304295544124524,0.5377091377091378,0.5499557913351016,0.5615049751243781,0.5601194921583271,0.562160813423991,0.5908419497784343,0.5631290344971195,0.5552929379745022,0.5228497445587514,0.5373567284562049
214,Vehicles Available,Vehicles Per Capita,0.6057895713490443,0.5901179112857945,0.5698574632805151,0.5405781584582441,0.5290869722121978,0.5342064879911494,0.5365651543401698,0.5436753193242686,0.5576362879733666,0.5019595815015506,0.5427062527506009,0.1869971033150949,0.5132525828286427,0.5035161744022504,0.5189583787317499,0.5207043913940466
215,Vehicles Available,Vehicles Renters,0.5289468847638302,0.5177925784966698,0.5114271203656678,0.5146233577606126,0.4805265670827365,0.4695704455875476,0.4622908622908623,0.4500442086648983,0.4384950248756218,0.4398805078416729,0.437839186576009,0.6557659208261618,0.4368709655028805,0.4447070620254977,0.4771502554412485,0.4626432715437951
