,Category,Attribute,2000_Inner Richmond,2010_Inner Richmond,2011_Inner Richmond,2012_Inner Richmond,2013_Inner Richmond,2014_Inner Richmond,2015_Inner Richmond,2016_Inner Richmond,2017_Inner Richmond,2018_Inner Richmond,2019_Inner Richmond,2020_Inner Richmond,2021_Inner Richmond,2022_Inner Richmond,2023_Inner Richmond,2024_Inner Richmond
11,Affordability,# Units at or below 100 AMI Monthly Affordable Rent,6283.0,6292.0,6279.0,6453.0,6410.0,6566.0,6224.0,5908.0,5826.0,2391.0,5488.0,5421.0,4910.0,4436.0,4142.0,4093
2,Affordability,# Units at or below 30 AMI Monthly Affordable Rent,4369.0,3450.0,3279.0,2971.0,3008.0,2984.0,2893.0,4220.0,3832.0,2029.0,4121.0,5421.0,4910.0,4436.0,4142.0,4093
5,Affordability,# Units at or below 50 AMI Monthly Affordable Rent,5951.0,6052.0,6021.0,6214.0,6410.0,6566.0,6029.0,5908.0,5826.0,2391.0,5488.0,5421.0,4910.0,4436.0,4142.0,4093
8,Affordability,# Units at or below 80 AMI Monthly Affordable Rent,6283.0,6292.0,6279.0,6453.0,6410.0,6566.0,6224.0,5908.0,5826.0,2391.0,5488.0,5421.0,4910.0,4436.0,4142.0,4093
9,Affordability,100 AMI Annual Income,55751.4450867052,66640.19337016574,67601.66840458811,70843.78563283922,72291.66666666667,74733.67697594501,78530.80568720379,87801.48423005566,97055.40037243949,100339.9581589958,116506.24349635796,148346.69338677355,143506.4935064935,163807.18954248363,165692.5343811395,177687.91627021885
10,Affordability,100 AMI Monthly Affordable Rent,4645.953757225433,5553.349447513811,5633.472367049009,5903.648802736602,6024.305555555556,6227.8064146620845,6544.233807266982,7316.790352504639,8087.950031036624,8361.663179916317,9708.853624696496,12362.224448897796,11958.87445887446,13650.599128540302,13807.711198428291,14807.32635585157
0,Affordability,30 AMI Annual Income,16725.43352601156,19992.05801104972,20280.500521376434,21253.135689851766,21687.5,22420.1030927835,23559.241706161134,26340.445269016698,29116.620111731845,30101.98744769874,34951.873048907386,44504.008016032065,43051.94805194805,49142.15686274508,49707.760314341846,53306.374881065654
1,Affordability,30 AMI Monthly Affordable Rent,1393.78612716763,1666.0048342541434,1690.041710114703,1771.0946408209804,1807.2916666666667,1868.3419243986252,1963.2701421800946,2195.0371057513917,2426.3850093109872,2508.498953974895,2912.6560874089487,3708.6673346693387,3587.6623376623374,4095.1797385620903,4142.313359528487,4442.197906755471
3,Affordability,50 AMI Annual Income,27875.7225433526,33320.09668508287,33800.834202294056,35421.89281641961,36145.833333333336,37366.838487972505,39265.40284360189,43900.74211502783,48527.70018621974,50169.9790794979,58253.12174817898,74173.34669338677,71753.24675324676,81903.59477124181,82846.26719056975,88843.95813510942
4,Affordability,50 AMI Monthly Affordable Rent,2322.9768786127165,2776.6747237569057,2816.7361835245047,2951.824401368301,3012.152777777778,3113.9032073310423,3272.116903633491,3658.3951762523193,4043.975015518312,4180.8315899581585,4854.426812348248,6181.112224448898,5979.43722943723,6825.299564270151,6903.8555992141455,7403.663177925785
6,Affordability,80 AMI Annual Income,44601.156069364166,53312.154696132595,54081.334723670494,56675.02850627138,57833.33333333334,59786.941580756014,62824.644549763034,70241.18738404453,77644.32029795159,80271.96652719664,93204.99479708637,118677.35470941884,114805.19480519481,131045.7516339869,132554.02750491162,142150.33301617508
7,Affordability,80 AMI Monthly Affordable Rent,3716.763005780347,4442.679558011049,4506.777893639208,4722.919042189282,4819.444444444445,4982.245131729668,5235.387045813586,5853.432282003711,6470.3600248293,6689.330543933053,7767.082899757198,9889.779559118237,9567.099567099567,10920.479302832242,11046.168958742635,11845.861084681257
0,Age,0-4 Years,0.0365676876315174,0.0451858913250714,0.0432137511467336,0.0459952418715305,0.0459722794016742,0.0451265229615745,0.0427647714604236,0.0393725281073634,0.0436710263799601,0.0678429763370263,0.0406698564593301,0.0226421423380108,0.052970092341618,0.0563071646341463,0.0567592912491979,0.0581892267938779
1,Age,18-34 Years,0.332335749357026,0.3079122974261201,0.3215682487566993,0.3180482343611512,0.3172773432139426,0.320759137769447,0.3282051282051282,0.3234679820468382,0.3392595876745732,0.2531117494186842,0.3378522062732589,0.448649857438363,0.3246198373684936,0.2856326219512195,0.2588223680963427,0.2552176505664877
2,Age,35-59 Years,0.3538461538461538,0.369256434699714,0.3622712568200473,0.3582124364416663,0.3441745574310416,0.3357075913776944,0.3311036789297659,0.3296004977114162,0.320106406561738,0.3502940774175899,0.3115364167995746,0.3640073796612064,0.3230578398493132,0.3315548780487805,0.3560041458960564,0.3667262969588551
3,Age,5-17 Years,0.1014262333411269,0.0860343183984747,0.0736323692723673,0.0775295050613425,0.0774438497781437,0.0792877225866916,0.0786622073578595,0.0924765586810647,0.0880514298381733,0.0951306250854876,0.0930799220272904,0.0498127131436238,0.102035190885285,0.1010384908536585,0.1003899116529292,0.1100178890876565
4,Age,60 and older,0.1758241758241758,0.1916110581506196,0.1993143740041524,0.2002145822643093,0.2151319701751978,0.2191190253045923,0.2192642140468227,0.2150824334533173,0.2089115495455553,0.2336205717412118,0.2168615984405458,0.1148879074187957,0.1973170395552901,0.2254668445121951,0.2280242831054735,0.2098489365931226
5,Educational Attainment,College Degree or higher,0.5148675437015678,0.5616343924296547,0.5518257134090212,0.5450702548225768,0.5459512307338394,0.5863633684954918,0.5877954920285872,0.6035056578655424,0.637682777095658,0.5231985940246046,0.6692658283455054,0.7098529507028568,0.7117332091723897,0.691190533110208,0.691041371231272,0.7232873210633947
7,Educational Attainment,"College Degree or higher by Race, Asian Alone",0.3362243422954611,0.384995064165844,0.3812648331704593,0.3645967166309778,0.3757592117694696,0.408320251177394,0.3831925429653364,0.3578423986740997,0.4167389418907198,0.3570159857904085,0.4774102744546094,0.7136721546170365,0.570180633698549,0.5520865533230294,0.550098231827112,0.602972027972028
8,Educational Attainment,"College Degree or higher by Race, Black or African American Alone",0.2731958762886597,0.3694267515923566,0.4335260115606936,0.388739946380697,0.5254237288135594,0.6304347826086957,0.6771653543307087,0.7198581560283688,0.8126984126984127,0.2188183807439825,0.8208092485549133,0.3337492202121023,0.738562091503268,0.7391304347826086,0.5811320754716981,0.5308056872037915
9,Educational Attainment,"College Degree or higher by Race, Hispanic or Latino",0.3924418604651162,0.6238044633368757,0.6303317535545023,0.5295748613678374,0.4853852967227635,0.5683646112600537,0.5685320356853204,0.4828513786146604,0.5244252873563219,0.2509505703422053,0.5558678847505271,0.4551236749116608,0.6566523605150214,0.6067924528301887,0.6468926553672316,0.6740403383214053
11,Educational Attainment,"College Degree or higher by Race, Some Other Race Alone",0.2248803827751196,0.5921450151057401,0.6246153846153846,0.4349775784753363,0.3820598006644518,0.6210045662100456,0.6806083650190115,0.4803312629399586,0.3811881188118812,0.1557093425605536,0.4375,0.3226277372262773,0.7230769230769231,0.6856435643564357,0.6586538461538461,0.6960600375234521
12,Educational Attainment,"College Degree or higher by Race, Two or More Races",0.3269961977186312,0.4737864077669902,0.4895635673624288,0.477112676056338,0.4770206022187004,0.4992548435171386,0.5216666666666666,0.5462555066079295,0.6723404255319149,0.6160714285714286,0.8391003460207612,0.6247723132969034,0.7747834456207893,0.7104149026248942,0.7164285714285714,0.781187458305537
13,Educational Attainment,"College Degree or higher by Race, White Alone",0.6793727106227107,0.7465608465608465,0.7246432703432317,0.719605044016179,0.7193998109640832,0.7145759811784835,0.7283728372837284,0.7784443314692425,0.8008585488430531,0.7510580992689496,0.8062087458745875,0.8022235822113423,0.8126817917393834,0.7950377562028047,0.7999246893435421,0.8173740053050398
14,Educational Attainment,"College Degree or higher by Race, White Alone, Not Hispanic or Latino",0.6888888888888889,0.7524208700679289,0.7270210409745294,0.7339568719147831,0.7384595602417384,0.7325270380276776,0.7461989574283232,0.8071689346166612,0.8217321387548817,0.8004319654427646,0.8189461883408071,0.8113579166210745,0.8163163163163163,0.795198799699925,0.7972638436482085,0.8182694957288509
16,Educational Attainment,High School or Less,0.2750045053162732,0.2391426959954878,0.2362074255906719,0.2232079066444391,0.2378076834598573,0.1962402027226118,0.1985156679494227,0.2007987574883514,0.1907020872865275,0.2528998242530755,0.1655592773598374,0.1365550301224331,0.1204749156093586,0.1375806837198183,0.1307725507121277,0.1257029652351738
18,Educational Attainment,"High School or Less by Race, Asian Alone",0.4575021682567216,0.4081229727824002,0.4077900321094513,0.3881513204853676,0.3900661357808071,0.3612244897959183,0.3817360908826099,0.390839234593943,0.3849378433073142,0.4005328596802842,0.3277973258268825,0.1717967072297781,0.247557003257329,0.2720247295208655,0.2714472822527832,0.2493006993006993
19,Educational Attainment,"High School or Less by Race, Black or African American Alone",0.3711340206185567,0.0668789808917197,0.0433526011560693,0.1045576407506702,0.1299435028248587,0.1630434782608695,0.1994750656167979,0.2801418439716312,0.0476190476190476,0.4201312910284464,0.0635838150289017,0.3437305053025577,0.0686274509803921,0.0615942028985507,0.120754716981132,0.1753554502369668
20,Educational Attainment,"High School or Less by Race, Hispanic or Latino",0.3037790697674418,0.1370882040382571,0.1421800947867298,0.2079482439926062,0.237378210806023,0.2064343163538874,0.16220600162206,0.2622730329522528,0.1997126436781609,0.3650190114068441,0.1841180604356992,0.3279151943462897,0.044349070100143,0.0966037735849056,0.0889830508474576,0.1021470396877033
22,Educational Attainment,"High School or Less by Race, Some Other Race Alone",0.3205741626794258,0.1299093655589124,0.1661538461538461,0.1883408071748878,0.1926910299003322,0.1232876712328767,0.0608365019011406,0.3664596273291925,0.4405940594059406,0.370242214532872,0.4479166666666667,0.4350364963503649,0.0461538461538461,0.0594059405940594,0.1129807692307692,0.0881801125703564
23,Educational Attainment,"High School or Less by Race, Two or More Races",0.4201520912547528,0.2174757281553398,0.1992409867172675,0.2165492957746478,0.2266244057052298,0.1788375558867362,0.1683333333333333,0.158590308370044,0.0581560283687943,0.25,0.0069204152249134,0.1384335154826958,0.0,0.0584250635055038,0.0664285714285714,0.0340226817878585
24,Educational Attainment,"High School or Less by Race, White Alone",0.1196199633699633,0.0871693121693121,0.0829155418434246,0.0810135617416131,0.0982986767485822,0.0870495134210244,0.0779077907790779,0.0652770716827656,0.0537116532300282,0.0906117737591381,0.045276402640264,0.0717054263565891,0.0414194299011052,0.0517799352750809,0.036525668382076,0.0435013262599469
25,Educational Attainment,"High School or Less by Race, White Alone, Not Hispanic or Latino",0.1105105105105105,0.0833935539817892,0.0797342192691029,0.070407898155365,0.086022888003086,0.0772182811954878,0.0699391833188531,0.0545414315742891,0.0493912244429129,0.0550755939524838,0.0439461883408071,0.060838166101324,0.0402902902902902,0.0503875968992248,0.0367426710097719,0.0451915128134472
27,Educational Attainment,Some College/Associate Degree,0.2101279509821589,0.1992229115748574,0.2119668610003068,0.231721838532984,0.2162410858063032,0.2173964287818964,0.2136888400219901,0.195695584646106,0.1716151356178145,0.2239015817223198,0.165174894294657,0.1535920191747101,0.1677918752182516,0.1712287831699737,0.1781860780566002,0.1510097137014314
29,Educational Attainment,"Some College/Associate Degree by Race, Asian Alone",0.2062734894478173,0.2068819630517557,0.2109451347200893,0.2472519628836545,0.2341746524497233,0.2304552590266876,0.2350713661520536,0.2513183667319572,0.1983232148019658,0.2424511545293073,0.1947923997185081,0.1145311381531854,0.182262363044122,0.1758887171561051,0.1784544859201048,0.1477272727272727
30,Educational Attainment,"Some College/Associate Degree by Race, Black or African American Alone",0.3556701030927835,0.5636942675159236,0.523121387283237,0.5067024128686327,0.3446327683615819,0.2065217391304347,0.1233595800524934,0.0,0.1396825396825396,0.3610503282275711,0.1156069364161849,0.32252027448534,0.1928104575163398,0.1992753623188405,0.2981132075471698,0.2938388625592417
31,Educational Attainment,"Some College/Associate Degree by Race, Hispanic or Latino",0.3037790697674418,0.2391073326248671,0.2274881516587677,0.2624768946395563,0.2772364924712134,0.225201072386059,0.2692619626926196,0.2548755884330868,0.2758620689655172,0.3840304182509506,0.2600140548137737,0.2169611307420494,0.2989985693848355,0.2966037735849056,0.2641242937853107,0.2238126219908913
33,Educational Attainment,"Some College/Associate Degree by Race, Some Other Race Alone",0.4545454545454545,0.2779456193353474,0.2092307692307692,0.3766816143497757,0.4252491694352159,0.2557077625570776,0.2585551330798479,0.1532091097308488,0.1782178217821782,0.4740484429065744,0.1145833333333333,0.2423357664233576,0.2307692307692307,0.2549504950495049,0.2283653846153846,0.2157598499061913
34,Educational Attainment,"Some College/Associate Degree by Race, Two or More Races",0.2528517110266159,0.3087378640776699,0.3111954459203036,0.306338028169014,0.2963549920760697,0.3219076005961251,0.31,0.2951541850220264,0.2695035460992908,0.1339285714285714,0.1539792387543252,0.2367941712204007,0.2252165543792108,0.231160033869602,0.2171428571428571,0.1847898599066044
35,Educational Attainment,"Some College/Associate Degree by Race, White Alone",0.201007326007326,0.1662698412698412,0.1924411878133436,0.1993813942422079,0.1823015122873346,0.1983745054004919,0.1937193719371937,0.1562785968479918,0.1454297979269186,0.1583301269719122,0.1485148514851485,0.1260709914320685,0.1458987783595113,0.1531823085221143,0.1635496422743818,0.1391246684350132
36,Educational Attainment,"Some College/Associate Degree by Race, White Alone, Not Hispanic or Latino",0.2006006006006006,0.1641855759502818,0.1932447397563676,0.1956352299298519,0.1755175517551755,0.1902546807768345,0.1838618592528236,0.1382896338090496,0.1288766368022053,0.1444924406047516,0.1371076233183856,0.1278039172776015,0.1433933933933933,0.1544136034008502,0.1659934853420195,0.1365389914577018
38,Employment,Employed Residents,12254.0,11674.0,11904.0,12339.0,12464.0,12442.0,12950.0,13137.0,13821.0,8281.0,14109.0,13297.0,13628.0,12633.0,12229.0,12386.0
40,Employment,Managerial Professional,0.5251346499102334,0.5393181428816173,0.5362063172043011,0.5215981846178783,0.5395539152759948,0.5568236617907089,0.5784555984555985,0.5763873030372231,0.5853411475291224,0.5176911001086826,0.6023105818980793,0.6530796420245168,0.6441884355738187,0.6756114937069579,0.6724997955679123,0.6978847085419021
42,Employment,Natural Resources,0.0329688265056308,0.0266403974644509,0.0317540322580645,0.0323364940432774,0.0355423620025673,0.0249959813534801,0.0247104247104247,0.0236735936667427,0.022140221402214,0.0381596425552469,0.0206960096392373,0.0385049259231405,0.0165101262107425,0.0125860840655426,0.0155368386621964,0.0099305667689326
44,Employment,Production Transport Materials,0.0554104782111963,0.0448004111701216,0.0394825268817204,0.0432774130804765,0.0409178433889602,0.0339977495579488,0.0451737451737451,0.0456725279744233,0.0452933941104116,0.0742663929477116,0.0589694521227585,0.0415131232608859,0.0504109186968007,0.0534314889574922,0.0570774388748057,0.0426287744227353
46,Employment,Sales and Office,0.2727272727272727,0.2524413225972246,0.2476478494623656,0.2460491125699003,0.2354781771501925,0.2380646198360392,0.2059459459459459,0.1914440130927913,0.1909413211779176,0.1647144064726482,0.1793890424551704,0.1901932766789501,0.1719988259465805,0.1502414311723264,0.1464551475999672,0.1519457451961892
48,Employment,Services,0.1137587726456667,0.1367997258865855,0.1449092741935483,0.1567387956884674,0.1485077021822849,0.1461179874618228,0.1457142857142857,0.1628225622288193,0.1562839157803342,0.2051684579157106,0.1386349138847544,0.0767090321125065,0.1168916935720575,0.1081295020976806,0.1084307792951181,0.0976102050702406
52,Employment,"Unemployment Rate by Race, Asian Alone",0.0327605956471935,0.0231185440236104,0.0253022560139598,0.0453732106339468,0.0516460653530779,0.0662891865764397,0.0649676482239535,0.0672370004010159,0.047581903276131,0.0277948089106887,0.0349271813378012,0.003852327447833,0.0232912796339941,0.017094017094017,0.0170161045274992,0.0127645823234771
53,Employment,"Unemployment Rate by Race, Black or African American Alone",0.0769230769230769,0.0534653465346534,0.0155038759689922,0.0211946050096339,0.0408719346049046,0.0626959247648902,0.0395348837209302,0.0670926517571885,0.0632183908045977,0.0575221238938053,0.0,0.0347259902333152,0.0,0.0,0.0,0.0
54,Employment,"Unemployment Rate by Race, Hispanic or Latino",0.0772532188841201,0.0388751033912324,0.0593525179856115,0.0575221238938053,0.0484848484848484,0.056060606060606,0.0364656381486676,0.0187878787878787,0.0095785440613026,0.0257096946973754,0.0039603960396039,0.0505540166204986,0.0056116722783389,0.0048048048048048,0.0051993067590987,0.0091201716738197
56,Employment,"Unemployment Rate by Race, Some Other Race Alone",0.1893939393939394,0.0316622691292876,0.0160857908847185,0.0122950819672131,0.036827195467422,0.0977443609022556,0.0588235294117647,0.0359168241965973,0.0407725321888412,0.0645454545454545,0.0,0.074074074074074,0.0,0.0,0.0,0.0
57,Employment,"Unemployment Rate by Race, Two or More Races",0.0,0.048076923076923,0.0379362670713201,0.0372492836676217,0.0458115183246073,0.0427135678391959,0.0277777777777777,0.0,0.0,0.0730337078651685,0.0,0.0227617602427921,0.01003861003861,0.0074224021592442,0.0077380952380952,0.013419216317767
58,Employment,"Unemployment Rate by Race, White Alone",0.0277593305883915,0.0508002783576896,0.0551145384440916,0.0544346364018495,0.0487231541831392,0.029184804115552,0.028807731623455,0.0270244552288514,0.0188370975492551,0.0211397058823529,0.0335174252523328,0.0256434882827506,0.0358772954038849,0.0438478747203579,0.0325241574357765,0.0334272070527733
59,Employment,"Unemployment Rate by Race, White Alone, Not Hispanic or Latino",0.0273028130170987,0.056182657773217,0.0569518385539185,0.0553161756143006,0.0464080628149537,0.0251763429191535,0.0262275083867032,0.02632126508531,0.0191311700665891,0.0238886580805982,0.0358326429163214,0.0219554734790191,0.0375028584495769,0.0448965275341985,0.0327446651949963,0.0343773873185637
61,Households,Average Family Household Size,3.123956043956044,2.9997760358342664,3.006155303030303,3.0387578799906607,3.125623367371171,2.956286721504113,3.066697332106716,3.0537540805223067,3.1251419486713603,3.317521781219748,3.072089947089947,2.757959602875728,3.113636363636364,3.0562597287080275,2.961412688031393,2.959548648073238
62,Households,Average Household Size,2.3096816255568835,2.291174196398984,2.294097995545657,2.339951733216323,2.3626684050412865,2.277127830846839,2.350516550706304,2.3541228439209085,2.3757543673901536,2.579819554409869,2.389451251997869,2.1243709561466573,2.412290502793296,2.3697613337901107,2.296521639306624,2.291858856088561
63,Households,Family Households,0.4944039986960774,0.4932066718214956,0.4703786191536748,0.4698332602018429,0.4575184702303346,0.4566920682623162,0.4583596879612059,0.4832772402187631,0.4661725780836421,0.5706131467501381,0.4833244539158231,0.3499880182123173,0.4867039106145251,0.513532031517643,0.526575594076455,0.5416282287822878
64,Households,Households,9203.0,9053.0,8980.0,9116.0,9204.0,9317.0,9486.0,9508.0,9445.0,5431.0,9385.0,8346.0,8950.0,8757.0,8711.0,8672.0
65,Households,"Households with 60 years and older, % of Total (DEC, 65 years and older)",0.3196783657502988,0.2934938694355462,0.320935412026726,0.331834137779728,0.3662538026944806,0.3723301491896533,0.3695973012861058,0.3467606226335717,0.3346744309158285,0.390719941078991,0.354075652637187,0.2021327582075245,0.3293854748603352,0.372844581477675,0.3688439903570198,0.3392527675276753
66,Households,"Households with Children, % of Total",0.1875475388460284,0.2117530100519165,0.1829621380846325,0.1955901711276876,0.1863320295523685,0.1782762691853601,0.1678262702930634,0.1791123264619268,0.1680254102699841,0.2487571349659363,0.1908364411294619,0.1023244668104481,0.2293854748603352,0.2382094324540367,0.2306279416829296,0.2310885608856088
67,Households,Living in Group Quarters,129.0,0.0,0.0,2381.0,2287.0,2178.0,2216.0,2087.0,1894.0,1762.0,147.0,161.0,177.0,240.0,256.0,249.0
68,Households,Non-Family Households,0.5055960013039227,0.5067933281785043,0.5296213808463252,0.5301667397981571,0.5424815297696653,0.5433079317376838,0.541640312038794,0.5167227597812368,0.5338274219163579,0.4293868532498619,0.5166755460841769,0.6500119817876827,0.5132960893854749,0.4864679684823569,0.4734244059235449,0.4583717712177121
69,Households,"Single Person Households, % of Total",0.3241334347495382,0.3242019220148017,0.3396436525612472,0.3206450197455024,0.3402868318122555,0.3582698293442095,0.339763862534261,0.3239377366428271,0.3341450502911593,0.2883446879027803,0.2875865743207245,0.3592139947280134,0.3,0.3018156903048989,0.3088049592469292,0.3134225092250922
70,Housing,Median Year Moved In Owner,1986.270325203252,1993.776408450704,1994.9604743083005,1994.536842105263,1993.7570621468928,2000.2777777777776,1997.2,1996.7450682852807,2000.3994038748135,2000.996978851964,1992.670520231214,2011.0108303249096,2008.8726591760296,1999.5689655172412,2001.366972477064,2004.1906474820144
71,Housing,Median Year Moved In Renter,1996.1927303465768,2003.5645355850424,2001.0353084415583,2004.2016449234256,2004.8680404916847,2010.28192371476,2008.4002006018052,2010.212067861716,2014.222857142857,2010.457070707071,2012.999528968441,2013.2124542124543,2012.432122905028,2013.4701492537315,2014.519881305638,2013.7559785261103
72,Housing,Median Year Structure Built,1939.0,1939.0,1939.0,1939.0,1939.0,1940.0,1939.0,1939.0,1939.0,1952.3358348968104,1939.0,1939.0,1939.0,1939.0,1939.0,1939.0
73,Housing,"Overcrowding, Renter Occupied Housing",0.1326926057975507,0.0321042593769866,0.0387004300047778,0.0480396714706338,0.0469454375874397,0.0417045799211404,0.0562255049743744,0.0603061697850626,0.0450393700787401,0.0773744041070773,0.0399006622516556,0.0343703703703703,0.0169377829951366,0.0209802538787023,0.0243989953354861,0.0368866925520649
74,Housing,Owner Occupied,0.294818539571491,0.3049817739975698,0.3007795100222717,0.2921237384817902,0.3010647544545849,0.2922614575507137,0.3006535947712418,0.3198359276398822,0.3276866066701959,0.4978825262382618,0.3564198188598828,0.1912293314162473,0.3337430167597765,0.3522895968939134,0.3601193892779245,0.3466328413284132
76,Housing,"Owner Occupied by Race, Asian Alone",0.4168184578020643,0.4010477299185099,0.397724039829303,0.386074074074074,0.4016604637847122,0.3374054682955206,0.3428909252143068,0.351423487544484,0.3894973322100533,0.582909460834181,0.4308776049310243,0.2557976106816584,0.4402985074626865,0.4461200125667609,0.4531499840102334,0.4116693679092382
77,Housing,"Owner Occupied by Race, Black or African American Alone",0.0945945945945946,0.1883408071748878,0.3275862068965517,0.2610441767068273,0.3045454545454545,0.248780487804878,0.1948051948051948,0.0,0.0,0.217391304347826,0.0,0.05,0.0,0.0,0.0,0.0
78,Housing,"Owner Occupied by Race, Hispanic or Latino",0.125,0.1974248927038626,0.2228116710875331,0.1814432989690721,0.1988950276243093,0.2325581395348837,0.1616,0.153446033810143,0.128395061728395,0.2265822784810126,0.1260504201680672,0.1066398390342052,0.173076923076923,0.184070796460177,0.2698907956318253,0.3055555555555556
80,Housing,"Owner Occupied by Race, Some Other Race Alone",0.1565217391304348,0.2247706422018348,0.2857142857142857,0.0844155844155844,0.075,0.0642201834862385,0.0615384615384615,0.0497512437810945,0.048780487804878,0.2530413625304136,0.1224489795918367,0.0,0.3048780487804878,0.2396694214876033,0.3238095238095238,0.2699619771863117
81,Housing,"Owner Occupied by Race, Two or More Races",0.1944444444444444,0.1183800623052959,0.0994623655913978,0.1179775280898876,0.0997624703087886,0.1116504854368932,0.1358695652173913,0.0751295336787564,0.106145251396648,0.25,0.1256038647342995,0.1700680272108843,0.2818181818181818,0.2479108635097493,0.2945326278659612,0.3265007320644216
82,Housing,"Owner Occupied by Race, White Alone",0.2320651145182661,0.2597886886264761,0.2446946730186227,0.2477138792928266,0.2539583333333333,0.2806742453939631,0.2922787193973634,0.3322084739407574,0.3149381541389153,0.5129474485910129,0.3362880886426593,0.2076402851398281,0.2779731127197518,0.3181336161187699,0.3205072146917359,0.3255018248175182
83,Housing,"Owner Occupied by Race, White Alone, Not Hispanic or Latino",0.2353057199211045,0.2643729189789123,0.2449817518248175,0.2443820224719101,0.2464507542147293,0.2753988245172124,0.2964905203711174,0.3394811511957843,0.3324889170360988,0.5446772124839675,0.3578520770010132,0.2096128170894526,0.2919351255276605,0.321256038647343,0.3202272727272727,0.3208044050754129
84,Housing,Post 1979 All and Pre 1979 Single Family Renter Occupied by Year Structure Built by Units in Structure,896.0,3402.0,3393.0,3310.0,3400.0,3519.0,975.0,837.0,937.0,1035.0,828.0,1631.0,781.0,677.0,907.0,872.0
85,Housing,Pre 1980 MultiFamily Renter Occupied by Year Structure Built by Units in Structure,5555.0,2777.0,2740.0,2973.0,2949.0,3030.0,5659.0,5630.0,5413.0,1692.0,5212.0,5119.0,5182.0,4995.0,4667.0,4794.0
86,Housing,Renter Occupied,0.7051814604285089,0.6950182260024301,0.6992204899777282,0.7078762615182097,0.6989352455454151,0.7077385424492862,0.6993464052287581,0.6801640723601178,0.6723133933298041,0.5021174737617382,0.6435801811401172,0.8087706685837527,0.6662569832402234,0.6477104031060865,0.6398806107220756,0.6533671586715867
88,Housing,"Renter Occupied by Race, Asian Alone",0.5831815421979356,0.5989522700814901,0.6022759601706971,0.6139259259259259,0.5983395362152877,0.6625945317044794,0.6571090747856931,0.6485765124555161,0.6105026677899467,0.4170905391658189,0.5691223950689757,0.7442023893183415,0.5597014925373134,0.5538799874332391,0.5468500159897666,0.5883306320907618
89,Housing,"Renter Occupied by Race, Black or African American Alone",0.9054054054054054,0.8116591928251121,0.6724137931034483,0.7389558232931727,0.6954545454545454,0.751219512195122,0.8051948051948052,1.0,1.0,0.782608695652174,1.0,0.95,1.0,1.0,1.0,1.0
90,Housing,"Renter Occupied by Race, Hispanic or Latino",0.875,0.8025751072961373,0.7771883289124668,0.8185567010309278,0.8011049723756906,0.7674418604651163,0.8384,0.846553966189857,0.8716049382716049,0.7734177215189874,0.8739495798319328,0.8933601609657947,0.8269230769230769,0.815929203539823,0.7301092043681747,0.6944444444444444
92,Housing,"Renter Occupied by Race, Some Other Race Alone",0.8434782608695652,0.7752293577981652,0.7142857142857143,0.9155844155844156,0.925,0.9357798165137616,0.9384615384615383,0.9502487562189056,0.951219512195122,0.7469586374695864,0.8775510204081632,1.0,0.6951219512195121,0.7603305785123967,0.6761904761904762,0.7300380228136882
93,Housing,"Renter Occupied by Race, Two or More Races",0.8055555555555556,0.881619937694704,0.9005376344086021,0.8820224719101124,0.9002375296912114,0.8883495145631068,0.8641304347826086,0.9248704663212436,0.8938547486033519,0.75,0.8743961352657005,0.8299319727891157,0.7181818181818181,0.7520891364902507,0.7054673721340388,0.6734992679355783
94,Housing,"Renter Occupied by Race, White Alone",0.7679348854817338,0.7402113113735239,0.7553053269813772,0.7522861207071734,0.7460416666666667,0.7193257546060369,0.7077212806026365,0.6677915260592426,0.6850618458610847,0.487052551408987,0.6637119113573408,0.7923597148601718,0.7220268872802482,0.6818663838812301,0.6794927853082641,0.6744981751824818
95,Housing,"Renter Occupied by Race, White Alone, Not Hispanic or Latino",0.7646942800788955,0.7356270810210876,0.7550182481751825,0.7556179775280899,0.7535492457852706,0.7246011754827876,0.7035094796288827,0.6605188488042156,0.6675110829639012,0.4553227875160325,0.6421479229989868,0.7903871829105474,0.7080648744723395,0.678743961352657,0.6797727272727273,0.679195594924587
96,Housing,Total Number of Units,9523.0,9872.0,9910.0,9923.0,9974.0,9984.0,9966.0,9956.0,9912.0,5733.0,9876.0,9548.0,9685.0,9670.0,9648.0,9743.0
97,Housing,Total Vacant Units,375.0,819.0,930.0,807.0,770.0,667.0,480.0,448.0,467.0,302.0,491.0,1202.0,735.0,913.0,937.0,1071.0
98,Housing,Vacancy Rate,0.0393783471595085,0.0829619124797406,0.0938446014127144,0.0813262118310994,0.0772007218768798,0.066806891025641,0.0481637567730282,0.0449979911611088,0.0471146085552865,0.0526774812489098,0.0497164844066423,0.1258902387934646,0.0758905524006195,0.0944157187176835,0.0971185737976782,0.1099250744123986
99,Housing Prices,Contract Rent 100 to 149,18.0,11.0,0.0,0.0,0.0,0.0,0.0,0.0,18.0,6.0,20.0,0.0,13.0,0.0,0.0,0.0
100,Housing Prices,Contract Rent 1000 to 1249,1179.0,1073.0,884.0,766.0,769.0,850.0,874.0,793.0,786.0,373.0,410.0,476.0,327.0,313.0,242.0,159.0
101,Housing Prices,Contract Rent 1250 to 1499,659.0,899.0,790.0,849.0,872.0,900.0,925.0,996.0,930.0,370.0,752.0,389.0,470.0,222.0,251.0,332.0
102,Housing Prices,Contract Rent 150 to 199,76.0,0.0,0.0,0.0,0.0,0.0,0.0,0.0,0.0,0.0,0.0,98.0,0.0,0.0,0.0,0.0
103,Housing Prices,Contract Rent 1500 to 1999,772.0,1639.0,1566.0,1725.0,1543.0,1446.0,1413.0,1393.0,1364.0,404.0,1149.0,802.0,837.0,852.0,781.0,729.0
104,Housing Prices,Contract Rent 200 to 249,40.0,17.0,0.0,18.0,47.0,51.0,46.0,49.0,53.0,0.0,75.0,34.0,45.0,79.0,0.0,0.0
105,Housing Prices,"Contract Rent 2000 to 2499 (Contract Rent 2000 or more, DEC2000 and ACS2009-2014)",265.0,798.0,1027.0,1305.0,1454.0,1769.0,908.0,948.0,1161.0,387.0,1291.0,814.0,1371.0,1199.0,1020.0,1039.0
106,Housing Prices,Contract Rent 250 to 299,42.0,93.0,126.0,90.0,59.0,86.0,70.0,78.0,50.0,118.0,13.0,360.0,40.0,38.0,42.0,0.0
108,Housing Prices,Contract Rent 300 to 349,92.0,46.0,12.0,43.0,48.0,0.0,0.0,0.0,0.0,0.0,0.0,73.0,0.0,0.0,22.0,35.0
110,Housing Prices,Contract Rent 350 to 399,65.0,11.0,20.0,0.0,21.0,129.0,105.0,98.0,46.0,36.0,0.0,35.0,0.0,0.0,0.0,0.0
112,Housing Prices,Contract Rent 400 to 449,90.0,58.0,29.0,13.0,0.0,0.0,0.0,0.0,0.0,44.0,0.0,24.0,11.0,0.0,0.0,0.0
113,Housing Prices,Contract Rent 500 to 549,160.0,13.0,13.0,26.0,0.0,0.0,1.0,6.0,7.0,7.0,9.0,127.0,0.0,17.0,11.0,0.0
114,Housing Prices,Contract Rent 550 to 599,144.0,34.0,37.0,22.0,23.0,8.0,9.0,9.0,0.0,35.0,19.0,67.0,15.0,0.0,0.0,10.0
115,Housing Prices,Contract Rent 600 to 649,165.0,101.0,131.0,92.0,103.0,43.0,44.0,27.0,28.0,0.0,0.0,59.0,3.0,14.0,0.0,16.0
116,Housing Prices,Contract Rent 650 to 699,272.0,118.0,145.0,170.0,165.0,186.0,170.0,134.0,86.0,32.0,0.0,45.0,14.0,19.0,10.0,0.0
117,Housing Prices,Contract Rent 700 to 749,295.0,174.0,141.0,174.0,168.0,136.0,159.0,120.0,50.0,48.0,44.0,28.0,0.0,0.0,13.0,33.0
118,Housing Prices,Contract Rent 750 to 749,273.0,180.0,198.0,144.0,104.0,154.0,92.0,124.0,118.0,14.0,108.0,25.0,39.0,0.0,0.0,20.0
119,Housing Prices,Contract Rent 750 to 799,311.0,119.0,163.0,92.0,186.0,142.0,141.0,101.0,26.0,0.0,18.0,32.0,102.0,13.0,5.0,100.0
120,Housing Prices,Contract Rent 800 to 899,666.0,319.0,404.0,293.0,259.0,122.0,120.0,87.0,186.0,80.0,69.0,214.0,71.0,159.0,136.0,131.0
121,Housing Prices,Contract Rent 900 to 999,681.0,349.0,335.0,340.0,334.0,338.0,375.0,252.0,171.0,133.0,294.0,313.0,127.0,36.0,54.0,50.0
122,Housing Prices,Contract Rent Less than 100,47.0,0.0,0.0,52.0,61.0,84.0,75.0,76.0,21.0,5.0,0.0,0.0,0.0,0.0,0.0,0.0
123,Housing Prices,Contract Rent Total,6451.0,6292.0,6279.0,6453.0,6433.0,6594.0,6634.0,6467.0,6350.0,2727.0,6040.0,6750.0,5963.0,5672.0,5574.0,5666.0
124,Housing Prices,Contract Rent Total No cash Rent (ACS2015-),139.0,0.0,0.0,0.0,0.0,0.0,142.0,142.0,145.0,95.0,167.0,61.0,133.0,99.0,168.0,136.0
125,Housing Prices,"Contract Rent Total No cash Rent (No cash rent, DEC2000 and ACS2009-2014)",139.0,240.0,258.0,239.0,217.0,150.0,543.0,418.0,493.0,221.0,858.0,870.0,1000.0,1093.0,1184.0,1035.0
126,Housing Prices,Contract Rent Total With cash Rent,6312.0,6052.0,6021.0,6214.0,6216.0,6444.0,6492.0,6325.0,6205.0,2632.0,5873.0,6689.0,5830.0,5573.0,5406.0,5530.0
127,Housing Prices,Extremely Rent Burdened,0.1692760812277166,0.2329942784488239,0.2256728778467908,0.2172632883929955,0.1988185916368723,0.1916894146193509,0.1947542960506481,0.2041131900417504,0.201259842519685,0.1606160616061606,0.1874172185430463,0.1171851851851851,0.1447258091564648,0.1480959097320169,0.1541083602439899,0.1260148252735616
137,Housing Prices,Home Value 10000 to 14999 ,0.0,0.0,0.0,0.0,0.0,13.0,13.0,12.0,21.0,0.0,0.0,0.0,0.0,0.0,0.0,0.0
138,Housing Prices,Home Value 100000 to 124999,6.0,12.0,0.0,0.0,35.0,29.0,38.0,38.0,53.0,0.0,6.0,0.0,0.0,0.0,0.0,0.0
139,Housing Prices,"Home Value 1000000 to 1499999 (1000000 or more, DEC2000 and ACS2009-2014)",401.0,1310.0,1327.0,1328.0,1466.0,1393.0,690.0,669.0,633.0,651.0,695.0,436.0,796.0,517.0,609.0,653.0
140,Housing Prices,Home Value 125000 to 149999,0.0,0.0,0.0,15.0,19.0,15.0,13.0,11.0,0.0,0.0,0.0,0.0,0.0,0.0,0.0,0.0
141,Housing Prices,Home Value 15000 to 19999 ,0.0,0.0,0.0,0.0,0.0,0.0,0.0,0.0,0.0,0.0,0.0,0.0,0.0,0.0,0.0,0.0
142,Housing Prices,Home Value 150000 to 174999,25.0,36.0,12.0,13.0,12.0,12.0,15.0,16.0,18.0,25.0,0.0,0.0,0.0,0.0,0.0,0.0
144,Housing Prices,Home Value 175000 to 199999,0.0,0.0,0.0,0.0,0.0,0.0,0.0,0.0,0.0,37.0,0.0,0.0,0.0,0.0,0.0,0.0
145,Housing Prices,Home Value 20000 to 24999 ,0.0,0.0,0.0,0.0,0.0,0.0,0.0,0.0,0.0,0.0,0.0,0.0,0.0,0.0,0.0,0.0
146,Housing Prices,Home Value 200000 to 249999,66.0,19.0,17.0,14.0,0.0,0.0,0.0,0.0,0.0,17.0,18.0,0.0,60.0,63.0,61.0,14.0
148,Housing Prices,Home Value 25000 to 29999 ,9.0,0.0,0.0,0.0,0.0,0.0,0.0,0.0,0.0,0.0,0.0,0.0,0.0,0.0,0.0,0.0
149,Housing Prices,Home Value 250000 to 299999,56.0,0.0,0.0,12.0,11.0,34.0,31.0,39.0,26.0,69.0,12.0,0.0,10.0,0.0,0.0,0.0
150,Housing Prices,Home Value 30000 to 34999 ,0.0,0.0,0.0,13.0,9.0,10.0,10.0,11.0,0.0,11.0,0.0,0.0,0.0,0.0,0.0,0.0
151,Housing Prices,Home Value 300000 to 399999,251.0,23.0,29.0,34.0,54.0,77.0,63.0,40.0,35.0,48.0,0.0,10.0,0.0,0.0,13.0,12.0
152,Housing Prices,Home Value 35000 to 39999 ,18.0,0.0,0.0,0.0,18.0,21.0,20.0,21.0,24.0,0.0,0.0,0.0,0.0,0.0,0.0,0.0
153,Housing Prices,Home Value 40000 to 49999 ,9.0,0.0,0.0,0.0,0.0,0.0,0.0,0.0,0.0,0.0,0.0,0.0,0.0,0.0,0.0,0.0
154,Housing Prices,Home Value 400000 to 499999,370.0,57.0,44.0,82.0,45.0,56.0,57.0,68.0,27.0,117.0,13.0,86.0,22.0,16.0,11.0,9.0
155,Housing Prices,Home Value 50000 to 59999 ,21.0,16.0,15.0,15.0,14.0,0.0,0.0,0.0,0.0,0.0,10.0,0.0,36.0,25.0,34.0,0.0
156,Housing Prices,Home Value 500000 to 749999,910.0,657.0,650.0,569.0,566.0,505.0,516.0,468.0,395.0,597.0,388.0,140.0,190.0,82.0,106.0,91.0
157,Housing Prices,Home Value 60000 to 69999 ,43.0,0.0,0.0,0.0,0.0,0.0,0.0,0.0,0.0,9.0,0.0,0.0,0.0,0.0,0.0,0.0
158,Housing Prices,Home Value 70000 to 79999 ,42.0,0.0,11.0,29.0,32.0,42.0,33.0,12.0,0.0,0.0,0.0,0.0,0.0,0.0,0.0,0.0
159,Housing Prices,Home Value 750000 to 999999,418.0,597.0,527.0,472.0,415.0,423.0,415.0,441.0,394.0,365.0,372.0,217.0,234.0,274.0,234.0,183.0
160,Housing Prices,Home Value 80000 to 89999 ,29.0,0.0,0.0,0.0,0.0,0.0,5.0,7.0,9.0,10.0,10.0,0.0,0.0,0.0,0.0,0.0
161,Housing Prices,Home Value 90000 to 99999 ,23.0,34.0,69.0,67.0,75.0,73.0,66.0,9.0,0.0,0.0,0.0,0.0,0.0,0.0,0.0,0.0
162,Housing Prices,Home Value Less than 10000,0.0,0.0,0.0,0.0,0.0,20.0,32.0,45.0,49.0,26.0,17.0,18.0,0.0,9.0,8.0,58.0
163,Housing Prices,Home Value Total,2697.0,2761.0,2701.0,2663.0,2771.0,2723.0,2852.0,3041.0,3095.0,2704.0,3345.0,1596.0,2987.0,3085.0,3137.0,3006.0
164,Housing Prices,Housing Units with a Mortgage,836.0,1791.0,1667.0,1693.0,1714.0,1802.0,1812.0,1956.0,1863.0,1752.0,1957.0,1296.0,1748.0,1785.0,1779.0,1842.0
165,Housing Prices,Housing Units with a Mortgage 0 to 30%,494.0,763.0,778.0,873.0,925.0,1066.0,1077.0,1155.0,1134.0,1064.0,1420.0,929.0,1357.0,1462.0,1340.0,1349.0
166,Housing Prices,Housing Units with a Mortgage 30-50%,194.0,483.0,399.0,363.0,342.0,285.0,313.0,363.0,322.0,405.0,321.0,221.0,262.0,237.0,268.0,284.0
167,Housing Prices,Housing Units with a Mortgage 50%+,148.0,545.0,490.0,457.0,428.0,436.0,409.0,424.0,383.0,283.0,216.0,146.0,129.0,86.0,171.0,209.0
168,Housing Prices,"Housing Units with a Mortgage 50%+ by Race, American Indian and Alaska Native Alone",0.0,0.0,0.0,0.0,0.0,0.0,0.0,0.0,0.0,0.0,0.0,0.0,0.0,0.0,0.0,0.0
169,Housing Prices,"Housing Units with a Mortgage 50%+ by Race, Asian Alone",57.0,0.0,0.0,0.0,0.0,0.0,0.0,0.0,0.0,0.0,0.0,0.0,0.0,0.0,81.0,78.0
170,Housing Prices,"Housing Units with a Mortgage 50%+ by Race, Black or African American Alone",0.0,0.0,0.0,0.0,0.0,0.0,0.0,0.0,0.0,0.0,0.0,0.0,0.0,0.0,0.0,0.0
171,Housing Prices,"Housing Units with a Mortgage 50%+ by Race, Hispanic or Latino",8.0,0.0,0.0,0.0,0.0,0.0,0.0,0.0,0.0,0.0,0.0,0.0,0.0,0.0,13.0,18.0
172,Housing Prices,"Housing Units with a Mortgage 50%+ by Race, Native Hawaiian and Other Pacific Islander Alone",0.0,0.0,0.0,0.0,0.0,0.0,0.0,0.0,0.0,0.0,0.0,0.0,0.0,0.0,0.0,0.0
173,Housing Prices,"Housing Units with a Mortgage 50%+ by Race, Some Other Race Alone",0.0,0.0,0.0,0.0,0.0,0.0,0.0,0.0,0.0,0.0,0.0,0.0,0.0,0.0,0.0,0.0
174,Housing Prices,"Housing Units with a Mortgage 50%+ by Race, Two or More Races",0.0,0.0,0.0,0.0,0.0,0.0,0.0,0.0,0.0,0.0,0.0,0.0,0.0,0.0,52.0,52.0
175,Housing Prices,"Housing Units with a Mortgage 50%+ by Race, White Alone",91.0,0.0,0.0,0.0,0.0,0.0,0.0,0.0,0.0,0.0,0.0,0.0,0.0,0.0,38.0,79.0
176,Housing Prices,"Housing Units with a Mortgage 50%+ by Race, White Alone, Not Hispanic or Latino",83.0,0.0,0.0,0.0,0.0,0.0,0.0,0.0,0.0,0.0,0.0,0.0,0.0,0.0,38.0,79.0
177,Housing Prices,Housing Units with a Mortgage Not Computed,0.0,0.0,0.0,0.0,19.0,15.0,13.0,14.0,24.0,0.0,0.0,0.0,0.0,0.0,0.0,0.0
178,Housing Prices,"Housing Units with a Mortgage by Race, American Indian and Alaska Native Alone",0.0,0.0,0.0,0.0,0.0,0.0,0.0,0.0,0.0,0.0,0.0,0.0,0.0,0.0,19.0,15.0
179,Housing Prices,"Housing Units with a Mortgage by Race, Asian Alone",0.0,0.0,0.0,0.0,0.0,0.0,0.0,0.0,0.0,0.0,0.0,0.0,0.0,0.0,523.0,543.0
180,Housing Prices,"Housing Units with a Mortgage by Race, Black or African American Alone",0.0,0.0,0.0,0.0,0.0,0.0,0.0,0.0,0.0,0.0,0.0,0.0,0.0,0.0,0.0,0.0
181,Housing Prices,"Housing Units with a Mortgage by Race, Hispanic or Latino",0.0,0.0,0.0,0.0,0.0,0.0,0.0,0.0,0.0,0.0,0.0,0.0,0.0,0.0,144.0,196.0
182,Housing Prices,"Housing Units with a Mortgage by Race, Native Hawaiian and Other Pacific Islander Alone",0.0,0.0,0.0,0.0,0.0,0.0,0.0,0.0,0.0,0.0,0.0,0.0,0.0,0.0,0.0,0.0
183,Housing Prices,"Housing Units with a Mortgage by Race, Some Other Race Alone",0.0,0.0,0.0,0.0,0.0,0.0,0.0,0.0,0.0,0.0,0.0,0.0,0.0,0.0,68.0,71.0
184,Housing Prices,"Housing Units with a Mortgage by Race, Two or More Races",0.0,0.0,0.0,0.0,0.0,0.0,0.0,0.0,0.0,0.0,0.0,0.0,0.0,0.0,128.0,177.0
185,Housing Prices,"Housing Units with a Mortgage by Race, White Alone",0.0,0.0,0.0,0.0,0.0,0.0,0.0,0.0,0.0,0.0,0.0,0.0,0.0,0.0,1041.0,1036.0
186,Housing Prices,"Housing Units with a Mortgage by Race, White Alone, Not Hispanic or Latino",0.0,0.0,0.0,0.0,0.0,0.0,0.0,0.0,0.0,0.0,0.0,0.0,0.0,0.0,997.0,997.0
187,Housing Prices,Housing Units without a Mortgage,359.0,970.0,1034.0,970.0,1057.0,921.0,1040.0,1085.0,1232.0,952.0,1388.0,300.0,1239.0,1300.0,1358.0,1164.0
188,Housing Prices,Housing Units without a Mortgage 0 to 30%,293.0,900.0,902.0,845.0,906.0,774.0,876.0,967.0,1093.0,850.0,1171.0,281.0,1001.0,1087.0,1133.0,965.0
189,Housing Prices,Housing Units without a Mortgage 30-50%,35.0,10.0,14.0,13.0,62.0,67.0,60.0,84.0,101.0,41.0,104.0,6.0,148.0,115.0,145.0,121.0
190,Housing Prices,Housing Units without a Mortgage 50%+,31.0,60.0,118.0,112.0,89.0,80.0,104.0,34.0,38.0,49.0,93.0,13.0,49.0,60.0,49.0,30.0
191,Housing Prices,"Housing Units without a Mortgage 50%+ by Race, American Indian and Alaska Native Alone",0.0,0.0,0.0,0.0,0.0,0.0,0.0,0.0,0.0,0.0,0.0,0.0,0.0,0.0,0.0,0.0
192,Housing Prices,"Housing Units without a Mortgage 50%+ by Race, Asian Alone",15.0,0.0,0.0,0.0,0.0,0.0,0.0,0.0,0.0,0.0,0.0,0.0,0.0,0.0,43.0,23.0
193,Housing Prices,"Housing Units without a Mortgage 50%+ by Race, Black or African American Alone",0.0,0.0,0.0,0.0,0.0,0.0,0.0,0.0,0.0,0.0,0.0,0.0,0.0,0.0,0.0,0.0
194,Housing Prices,"Housing Units without a Mortgage 50%+ by Race, Hispanic or Latino",0.0,0.0,0.0,0.0,0.0,0.0,0.0,0.0,0.0,0.0,0.0,0.0,0.0,0.0,0.0,0.0
195,Housing Prices,"Housing Units without a Mortgage 50%+ by Race, Native Hawaiian and Other Pacific Islander Alone",0.0,0.0,0.0,0.0,0.0,0.0,0.0,0.0,0.0,0.0,0.0,0.0,0.0,0.0,0.0,0.0
196,Housing Prices,"Housing Units without a Mortgage 50%+ by Race, Some Other Race Alone",8.0,0.0,0.0,0.0,0.0,0.0,0.0,0.0,0.0,0.0,0.0,0.0,0.0,0.0,0.0,0.0
197,Housing Prices,"Housing Units without a Mortgage 50%+ by Race, Two or More Races",0.0,0.0,0.0,0.0,0.0,0.0,0.0,0.0,0.0,0.0,0.0,0.0,0.0,0.0,0.0,0.0
198,Housing Prices,"Housing Units without a Mortgage 50%+ by Race, White Alone",8.0,0.0,0.0,0.0,0.0,0.0,0.0,0.0,0.0,0.0,0.0,0.0,0.0,0.0,6.0,7.0
199,Housing Prices,"Housing Units without a Mortgage 50%+ by Race, White Alone, Not Hispanic or Latino",8.0,0.0,0.0,0.0,0.0,0.0,0.0,0.0,0.0,0.0,0.0,0.0,0.0,0.0,6.0,7.0
200,Housing Prices,Housing Units without a Mortgage Not Computed,0.0,0.0,0.0,0.0,0.0,0.0,0.0,0.0,0.0,12.0,20.0,0.0,41.0,38.0,31.0,48.0
201,Housing Prices,"Housing Units without a Mortgage by Race, American Indian and Alaska Native Alone",0.0,0.0,0.0,0.0,0.0,0.0,0.0,0.0,0.0,0.0,0.0,0.0,0.0,0.0,0.0,0.0
202,Housing Prices,"Housing Units without a Mortgage by Race, Asian Alone",0.0,0.0,0.0,0.0,0.0,0.0,0.0,0.0,0.0,0.0,0.0,0.0,0.0,0.0,894.0,727.0
203,Housing Prices,"Housing Units without a Mortgage by Race, Black or African American Alone",0.0,0.0,0.0,0.0,0.0,0.0,0.0,0.0,0.0,0.0,0.0,0.0,0.0,0.0,0.0,0.0
204,Housing Prices,"Housing Units without a Mortgage by Race, Hispanic or Latino",0.0,0.0,0.0,0.0,0.0,0.0,0.0,0.0,0.0,0.0,0.0,0.0,0.0,0.0,29.0,57.0
205,Housing Prices,"Housing Units without a Mortgage by Race, Native Hawaiian and Other Pacific Islander Alone",0.0,0.0,0.0,0.0,0.0,0.0,0.0,0.0,0.0,0.0,0.0,0.0,0.0,0.0,0.0,0.0
206,Housing Prices,"Housing Units without a Mortgage by Race, Some Other Race Alone",0.0,0.0,0.0,0.0,0.0,0.0,0.0,0.0,0.0,0.0,0.0,0.0,0.0,0.0,0.0,0.0
207,Housing Prices,"Housing Units without a Mortgage by Race, Two or More Races",0.0,0.0,0.0,0.0,0.0,0.0,0.0,0.0,0.0,0.0,0.0,0.0,0.0,0.0,39.0,46.0
208,Housing Prices,"Housing Units without a Mortgage by Race, White Alone",0.0,0.0,0.0,0.0,0.0,0.0,0.0,0.0,0.0,0.0,0.0,0.0,0.0,0.0,425.0,391.0
209,Housing Prices,"Housing Units without a Mortgage by Race, White Alone, Not Hispanic or Latino",0.0,0.0,0.0,0.0,0.0,0.0,0.0,0.0,0.0,0.0,0.0,0.0,0.0,0.0,412.0,343.0
210,Housing Prices,Median Contract Rent,958.7371512481644,1336.2068965517242,1367.879746835443,1477.326266195524,1468.176605504587,1252.9288888888889,1514.1542816702051,1576.2742282842785,1692.9985337243402,1518.5643564356435,1981.070496083551,2088.144963144963,2292.1225382932166,2427.231025854879,2548.9864864864867,2553.623188405797
211,Housing Prices,Median Home Value,604532.967032967,970477.3869346734,988851.9924098672,998146.186440678,1000000.1098226468,1000001.0,1071739.1304347827,1211136.023916293,1392180.09478673,1016129.0322580644,1600689.127105666,1375000.0,1638835.8778625955,1831250.0,1808971.1417816808,1852040.8163265309
212,Housing Prices,Median Rent,1001.4011208967174,1398.661567877629,1411.7936925098554,1542.526579111945,1524.7747747747749,1927.222374742622,1603.589420654912,1650.4524886877828,1748.3232729711603,1648.6486486486488,2053.0188679245284,2148.1607629427795,2360.344827586207,2513.8349514563106,2648.1481481481483,2693.119266055046
213,Housing Prices,Median Rent as % of Household Income,24.158095238095235,28.21884236453202,28.856424581005587,28.109590163934424,27.326285714285717,29.010278514588855,27.69496774193548,27.640203761755487,26.38823529411765,28.53157142857143,24.463894523326573,21.591045548654243,22.69931330472103,21.990778251599146,21.78939909297052,20.85458762886598
214,Housing Prices,Rent 100 to 149,28.0,0.0,0.0,52.0,38.0,56.0,51.0,52.0,0.0,11.0,0.0,0.0,0.0,0.0,0.0,0.0
215,Housing Prices,Rent 1000 to 1249,1249.0,968.0,1023.0,928.0,913.0,1044.0,1055.0,840.0,628.0,350.0,430.0,656.0,370.0,300.0,167.0,186.0
216,Housing Prices,Rent 1250 to 1499,738.0,1046.0,761.0,721.0,760.0,811.0,807.0,899.0,931.0,337.0,679.0,365.0,358.0,177.0,313.0,165.0
217,Housing Prices,Rent 150 to 199,60.0,0.0,0.0,0.0,0.0,0.0,0.0,0.0,18.0,0.0,20.0,46.0,13.0,0.0,0.0,0.0
218,Housing Prices,Rent 1500 to 1999,844.0,1544.0,1483.0,1599.0,1554.0,1457.0,1588.0,1547.0,1491.0,518.0,1157.0,824.0,786.0,716.0,702.0,779.0
219,Housing Prices,Rent 200 to 249,29.0,17.0,0.0,0.0,28.0,30.0,26.0,28.0,22.0,0.0,0.0,52.0,0.0,0.0,0.0,0.0
220,Housing Prices,"Rent 2000 to 2499  (Rent 2000 or more, DEC2000 and ACS2009-2014)",332.0,1058.0,1259.0,1644.0,1631.0,1975.0,988.0,986.0,1129.0,349.0,1325.0,734.0,1450.0,1243.0,967.0,878.0
221,Housing Prices,Rent 250 to 299,46.0,46.0,57.0,43.0,70.0,97.0,79.0,82.0,81.0,118.0,13.0,278.0,40.0,38.0,0.0,0.0
223,Housing Prices,Rent 300 to 349,91.0,33.0,0.0,0.0,0.0,0.0,0.0,0.0,0.0,0.0,75.0,107.0,45.0,0.0,22.0,35.0
225,Housing Prices,Rent 350 to 399,43.0,0.0,0.0,6.0,0.0,15.0,18.0,19.0,20.0,20.0,0.0,54.0,0.0,79.0,42.0,0.0
227,Housing Prices,Rent 400 to 449,88.0,58.0,69.0,59.0,20.0,30.0,25.0,33.0,0.0,35.0,0.0,12.0,0.0,0.0,0.0,0.0
228,Housing Prices,Rent 450 to 499,64.0,49.0,25.0,70.0,57.0,94.0,74.0,69.0,33.0,0.0,9.0,45.0,11.0,0.0,0.0,0.0
229,Housing Prices,Rent 500 to 549,189.0,35.0,29.0,21.0,9.0,8.0,9.0,9.0,0.0,25.0,19.0,89.0,0.0,17.0,11.0,0.0
230,Housing Prices,Rent 550 to 599,156.0,57.0,63.0,13.0,28.0,25.0,27.0,0.0,0.0,22.0,0.0,46.0,15.0,0.0,0.0,10.0
231,Housing Prices,Rent 600 to 649,155.0,136.0,148.0,45.0,48.0,44.0,32.0,27.0,28.0,20.0,0.0,85.0,3.0,14.0,0.0,16.0
232,Housing Prices,Rent 650 to 699,273.0,54.0,113.0,208.0,218.0,150.0,105.0,163.0,64.0,57.0,0.0,80.0,0.0,3.0,0.0,0.0
233,Housing Prices,Rent 700 to 749,250.0,148.0,132.0,79.0,62.0,131.0,169.0,36.0,86.0,23.0,50.0,76.0,11.0,0.0,3.0,3.0
234,Housing Prices,Rent 750 to 799,264.0,143.0,117.0,40.0,84.0,93.0,46.0,99.0,104.0,3.0,86.0,20.0,102.0,5.0,5.0,104.0
235,Housing Prices,Rent 800 to 899,675.0,399.0,419.0,319.0,335.0,145.0,157.0,153.0,131.0,18.0,48.0,92.0,13.0,115.0,118.0,35.0
236,Housing Prices,Rent 900 to 999,709.0,261.0,323.0,367.0,338.0,211.0,213.0,164.0,195.0,123.0,210.0,200.0,103.0,51.0,41.0,133.0
237,Housing Prices,Rent Burdened,0.3503332816617578,0.445645263827082,0.4433827042522694,0.4246087091275375,0.4015233949945593,0.4390354868061874,0.4091046126017486,0.4224524509045925,0.4025196850393701,0.4294096076274294,0.3334437086092715,0.2897777777777778,0.2733523394264632,0.2877291960507757,0.2879440258342303,0.2562654429932933
247,Housing Prices,Rent Less than 100,29.0,0.0,0.0,0.0,23.0,28.0,24.0,24.0,21.0,0.0,0.0,0.0,0.0,0.0,0.0,0.0
248,Housing Prices,Rent Total,6451.0,6292.0,6279.0,6453.0,6433.0,6594.0,6634.0,6467.0,6350.0,2727.0,6040.0,6750.0,5963.0,5672.0,5574.0,5666.0
249,Housing Prices,"Rent Total No cash rent  (No cash rent, DEC2000 and ACS2009-2014)",139.0,240.0,258.0,239.0,217.0,150.0,560.0,437.0,545.0,284.0,935.0,894.0,1090.0,1030.0,1053.0,1090.0
250,Housing Prices,Rent Total No cash rent (ACS2015-),139.0,0.0,0.0,0.0,0.0,0.0,142.0,142.0,145.0,95.0,167.0,61.0,133.0,99.0,168.0,136.0
251,Housing Prices,Rent Total With cash rent,6312.0,6052.0,6021.0,6214.0,6216.0,6444.0,6492.0,6325.0,6205.0,2632.0,5873.0,6689.0,5830.0,5573.0,5406.0,5530.0
252,Housing Type,10-19 Units,0.1232804788407014,0.126418152350081,0.1278506559031281,0.1231482414592361,0.1313414878684579,0.1309094551282051,0.1325506722857716,0.125050220972278,0.1296408393866021,0.0627943485086342,0.1247468610773592,0.1762672811059907,0.131853381517811,0.1203722854188211,0.132773631840796,0.1254233808888432
253,Housing Type,2-4 Units,0.46634463929434,0.4838938411669368,0.494954591321897,0.4851355436863852,0.4617004210948466,0.4473157051282051,0.4463174794300622,0.4696665327440739,0.4732647296206618,0.2857142857142857,0.4720534629404617,0.2795349811478844,0.4601961796592669,0.464219234746639,0.4292081260364842,0.4442163604639228
254,Housing Type,20 Units or More,0.0351779901291609,0.0402147487844408,0.0399596367305751,0.0351708152776378,0.0351914978945257,0.0358573717948717,0.0231788079470198,0.0278224186420249,0.0254237288135593,0.0795395081109366,0.0245038477116241,0.322685379136992,0.0243675787299948,0.0289555325749741,0.0261194029850746,0.0255568100174484
255,Housing Type,5-9 Units,0.1670692008820749,0.1533630470016207,0.1382441977800201,0.1427995565857099,0.1522959695207539,0.145332532051282,0.1699779249448123,0.1637203696263559,0.1594027441485068,0.0933193790336647,0.1462130417172944,0.1458944281524926,0.1637583892617449,0.1632885211995863,0.1635572139303482,0.1716103869444729
256,Housing Type,Other Type,0.0009450803318282,0.0,0.0,0.0013100876750982,0.0009023460998596,0.0010016025641025,0.001003411599438,0.0011048613901165,0.0,0.0019187162044304,0.0,0.004817762882279,0.0,0.0,0.0,0.0
257,Housing Type,Single Family Housing,0.2071826105218943,0.1961102106969205,0.1989909182643794,0.2124357553159326,0.218568277521556,0.2395833333333333,0.2269717037928958,0.2126355966251506,0.2122679580306699,0.4767137624280481,0.2324827865532604,0.0708001675743611,0.2198244708311822,0.2231644260599793,0.2483416252072968,0.2331930616853125
258,Income,Household Income 10000 to 14999,440.0,531.0,448.0,349.0,368.0,336.0,322.0,287.0,423.0,291.0,365.0,385.0,340.0,135.0,82.0,35.0
259,Income,"Household Income 10000 to 14999 by Race, American Indian and Alaska Native Alone",0.0,11.0,0.0,0.0,0.0,0.0,0.0,0.0,0.0,0.0,0.0,0.0,0.0,0.0,0.0,0.0
260,Income,"Household Income 10000 to 14999 by Race, Asian Alone",233.0,255.0,271.0,213.0,182.0,187.0,216.0,172.0,331.0,139.0,239.0,0.0,211.0,33.0,37.0,17.0
261,Income,"Household Income 10000 to 14999 by Race, Black or African American Alone",7.0,30.0,13.0,0.0,0.0,0.0,0.0,0.0,0.0,41.0,0.0,76.0,0.0,0.0,0.0,0.0
262,Income,"Household Income 10000 to 14999 by Race, Hispanic or Latino",30.0,51.0,18.0,13.0,14.0,0.0,0.0,0.0,0.0,55.0,24.0,0.0,20.0,15.0,0.0,0.0
263,Income,"Household Income 10000 to 14999 by Race, Native Hawaiian and Other Pacific Islander Alone",0.0,0.0,0.0,0.0,0.0,0.0,0.0,0.0,0.0,0.0,0.0,0.0,0.0,0.0,0.0,0.0
264,Income,"Household Income 10000 to 14999 by Race, Some Other Race Alone",23.0,0.0,0.0,0.0,0.0,0.0,0.0,0.0,0.0,44.0,24.0,0.0,20.0,15.0,0.0,0.0
265,Income,"Household Income 10000 to 14999 by Race, Two or More Races",21.0,49.0,63.0,56.0,63.0,28.0,7.0,22.0,29.0,0.0,0.0,7.0,0.0,0.0,0.0,0.0
266,Income,"Household Income 10000 to 14999 by Race, White Alone",156.0,186.0,101.0,80.0,123.0,121.0,99.0,93.0,63.0,67.0,102.0,302.0,109.0,87.0,45.0,18.0
267,Income,"Household Income 10000 to 14999 by Race, White Alone, Not Hispanic or Latino",156.0,147.0,101.0,80.0,123.0,121.0,99.0,93.0,63.0,56.0,102.0,302.0,109.0,87.0,45.0,18.0
268,Income,Household Income 100000 to 124999,823.0,837.0,746.0,796.0,903.0,792.0,894.0,1043.0,1045.0,478.0,961.0,537.0,822.0,658.0,556.0,528.0
269,Income,"Household Income 100000 to 124999 by Race, American Indian and Alaska Native Alone",0.0,0.0,0.0,0.0,0.0,0.0,0.0,0.0,0.0,0.0,0.0,0.0,0.0,0.0,0.0,0.0
270,Income,"Household Income 100000 to 124999 by Race, Asian Alone",257.0,232.0,198.0,248.0,293.0,207.0,361.0,393.0,387.0,243.0,365.0,90.0,342.0,282.0,313.0,314.0
271,Income,"Household Income 100000 to 124999 by Race, Black or African American Alone",23.0,0.0,0.0,0.0,0.0,0.0,0.0,43.0,37.0,17.0,36.0,0.0,0.0,0.0,0.0,0.0
272,Income,"Household Income 100000 to 124999 by Race, Hispanic or Latino",16.0,0.0,0.0,15.0,10.0,13.0,38.0,71.0,53.0,73.0,117.0,18.0,55.0,19.0,0.0,31.0
273,Income,"Household Income 100000 to 124999 by Race, Native Hawaiian and Other Pacific Islander Alone",0.0,0.0,0.0,0.0,0.0,0.0,0.0,11.0,8.0,0.0,0.0,0.0,0.0,0.0,0.0,0.0
274,Income,"Household Income 100000 to 124999 by Race, Some Other Race Alone",9.0,0.0,0.0,0.0,0.0,0.0,0.0,0.0,0.0,20.0,23.0,29.0,22.0,19.0,0.0,17.0
275,Income,"Household Income 100000 to 124999 by Race, Two or More Races",15.0,31.0,43.0,39.0,68.0,72.0,32.0,33.0,56.0,37.0,59.0,32.0,34.0,32.0,53.0,51.0
276,Income,"Household Income 100000 to 124999 by Race, White Alone",519.0,574.0,505.0,509.0,542.0,513.0,501.0,563.0,557.0,161.0,478.0,386.0,424.0,325.0,190.0,146.0
277,Income,"Household Income 100000 to 124999 by Race, White Alone, Not Hispanic or Latino",512.0,574.0,505.0,494.0,532.0,500.0,484.0,518.0,536.0,156.0,453.0,368.0,424.0,325.0,190.0,146.0
278,Income,Household Income 125000 to 149999,601.0,503.0,539.0,499.0,562.0,608.0,608.0,607.0,718.0,438.0,595.0,499.0,539.0,469.0,441.0,512.0
279,Income,"Household Income 125000 to 149999 by Race, American Indian and Alaska Native Alone",0.0,0.0,0.0,0.0,0.0,0.0,0.0,0.0,0.0,0.0,0.0,0.0,0.0,0.0,0.0,0.0
280,Income,"Household Income 125000 to 149999 by Race, Asian Alone",158.0,203.0,248.0,188.0,243.0,181.0,174.0,198.0,288.0,100.0,212.0,148.0,201.0,214.0,233.0,259.0
281,Income,"Household Income 125000 to 149999 by Race, Black or African American Alone",0.0,0.0,0.0,0.0,0.0,0.0,0.0,0.0,0.0,0.0,0.0,0.0,7.0,0.0,0.0,0.0
282,Income,"Household Income 125000 to 149999 by Race, Hispanic or Latino",40.0,42.0,40.0,44.0,40.0,60.0,35.0,45.0,98.0,144.0,70.0,104.0,166.0,21.0,0.0,0.0
283,Income,"Household Income 125000 to 149999 by Race, Native Hawaiian and Other Pacific Islander Alone",0.0,0.0,0.0,0.0,0.0,0.0,0.0,0.0,0.0,0.0,0.0,0.0,0.0,0.0,0.0,0.0
284,Income,"Household Income 125000 to 149999 by Race, Some Other Race Alone",17.0,0.0,0.0,0.0,0.0,0.0,0.0,0.0,0.0,68.0,24.0,41.0,67.0,0.0,0.0,0.0
285,Income,"Household Income 125000 to 149999 by Race, Two or More Races",14.0,19.0,38.0,46.0,47.0,50.0,45.0,11.0,0.0,0.0,0.0,29.0,38.0,39.0,10.0,25.0
286,Income,"Household Income 125000 to 149999 by Race, White Alone",412.0,281.0,253.0,265.0,272.0,377.0,389.0,398.0,430.0,270.0,359.0,281.0,226.0,216.0,198.0,228.0
287,Income,"Household Income 125000 to 149999 by Race, White Alone, Not Hispanic or Latino",389.0,258.0,231.0,236.0,232.0,317.0,354.0,353.0,332.0,194.0,313.0,233.0,165.0,216.0,198.0,228.0
288,Income,Household Income 15000 to 19999,333.0,407.0,455.0,313.0,304.0,359.0,307.0,279.0,310.0,163.0,265.0,156.0,134.0,184.0,143.0,68.0
289,Income,"Household Income 15000 to 19999 by Race, American Indian and Alaska Native Alone",0.0,0.0,0.0,0.0,0.0,0.0,0.0,0.0,0.0,0.0,0.0,0.0,0.0,0.0,0.0,0.0
290,Income,"Household Income 15000 to 19999 by Race, Asian Alone",171.0,166.0,260.0,203.0,204.0,292.0,249.0,230.0,257.0,45.0,158.0,41.0,35.0,129.0,127.0,53.0
291,Income,"Household Income 15000 to 19999 by Race, Black or African American Alone",7.0,29.0,0.0,0.0,0.0,0.0,0.0,0.0,0.0,8.0,0.0,33.0,0.0,0.0,0.0,0.0
292,Income,"Household Income 15000 to 19999 by Race, Hispanic or Latino",13.0,0.0,41.0,0.0,0.0,0.0,0.0,0.0,0.0,85.0,37.0,9.0,38.0,38.0,0.0,0.0
293,Income,"Household Income 15000 to 19999 by Race, Native Hawaiian and Other Pacific Islander Alone",0.0,0.0,0.0,0.0,0.0,0.0,0.0,0.0,0.0,0.0,0.0,0.0,0.0,0.0,0.0,0.0
294,Income,"Household Income 15000 to 19999 by Race, Some Other Race Alone",0.0,0.0,0.0,0.0,0.0,0.0,0.0,0.0,0.0,50.0,19.0,0.0,15.0,14.0,0.0,0.0
295,Income,"Household Income 15000 to 19999 by Race, Two or More Races",4.0,0.0,0.0,0.0,0.0,0.0,0.0,0.0,0.0,5.0,20.0,0.0,0.0,0.0,0.0,0.0
296,Income,"Household Income 15000 to 19999 by Race, White Alone",151.0,212.0,195.0,110.0,100.0,67.0,58.0,49.0,53.0,55.0,68.0,82.0,84.0,41.0,16.0,15.0
297,Income,"Household Income 15000 to 19999 by Race, White Alone, Not Hispanic or Latino",138.0,212.0,154.0,110.0,100.0,67.0,58.0,49.0,53.0,25.0,50.0,73.0,61.0,17.0,16.0,15.0
298,Income,Household Income 150000 to 199999,584.0,550.0,585.0,657.0,788.0,702.0,770.0,698.0,965.0,683.0,1302.0,1017.0,1071.0,918.0,1018.0,1051.0
299,Income,"Household Income 150000 to 199999 by Race, American Indian and Alaska Native Alone",11.0,0.0,0.0,0.0,0.0,0.0,0.0,0.0,0.0,0.0,0.0,0.0,0.0,0.0,0.0,0.0
300,Income,"Household Income 150000 to 199999 by Race, Asian Alone",210.0,177.0,154.0,176.0,262.0,196.0,247.0,197.0,353.0,238.0,469.0,107.0,314.0,213.0,292.0,378.0
301,Income,"Household Income 150000 to 199999 by Race, Black or African American Alone",0.0,0.0,19.0,17.0,20.0,15.0,21.0,8.0,10.0,17.0,52.0,142.0,9.0,15.0,28.0,28.0
302,Income,"Household Income 150000 to 199999 by Race, Hispanic or Latino",8.0,55.0,17.0,37.0,57.0,51.0,52.0,34.0,57.0,35.0,130.0,96.0,107.0,107.0,115.0,151.0
303,Income,"Household Income 150000 to 199999 by Race, Native Hawaiian and Other Pacific Islander Alone",0.0,0.0,0.0,0.0,0.0,0.0,0.0,0.0,0.0,0.0,0.0,0.0,0.0,0.0,0.0,0.0
304,Income,"Household Income 150000 to 199999 by Race, Some Other Race Alone",0.0,37.0,40.0,34.0,38.0,15.0,29.0,34.0,19.0,6.0,30.0,62.0,0.0,91.0,74.0,51.0
305,Income,"Household Income 150000 to 199999 by Race, Two or More Races",2.0,24.0,24.0,21.0,0.0,0.0,0.0,9.0,40.0,22.0,45.0,37.0,52.0,38.0,68.0,63.0
306,Income,"Household Income 150000 to 199999 by Race, White Alone",361.0,312.0,348.0,409.0,468.0,476.0,473.0,450.0,543.0,400.0,706.0,669.0,696.0,561.0,556.0,531.0
307,Income,"Household Income 150000 to 199999 by Race, White Alone, Not Hispanic or Latino",353.0,257.0,331.0,393.0,452.0,458.0,473.0,450.0,505.0,376.0,617.0,635.0,599.0,561.0,556.0,465.0
308,Income,Household Income 20000 to 24999,368.0,110.0,241.0,500.0,436.0,420.0,524.0,384.0,228.0,219.0,178.0,422.0,138.0,151.0,120.0,132.0
309,Income,"Household Income 20000 to 24999 by Race, American Indian and Alaska Native Alone",12.0,0.0,0.0,0.0,0.0,0.0,0.0,0.0,0.0,0.0,0.0,0.0,0.0,0.0,0.0,0.0
310,Income,"Household Income 20000 to 24999 by Race, Asian Alone",206.0,25.0,103.0,257.0,248.0,234.0,256.0,232.0,125.0,102.0,89.0,107.0,104.0,76.0,68.0,85.0
311,Income,"Household Income 20000 to 24999 by Race, Black or African American Alone",0.0,0.0,0.0,0.0,0.0,0.0,0.0,0.0,0.0,43.0,0.0,127.0,0.0,0.0,0.0,0.0
312,Income,"Household Income 20000 to 24999 by Race, Hispanic or Latino",0.0,0.0,0.0,0.0,0.0,0.0,18.0,0.0,0.0,20.0,0.0,83.0,0.0,0.0,15.0,0.0
313,Income,"Household Income 20000 to 24999 by Race, Native Hawaiian and Other Pacific Islander Alone",0.0,0.0,0.0,0.0,0.0,0.0,0.0,0.0,0.0,0.0,0.0,0.0,0.0,0.0,0.0,0.0
314,Income,"Household Income 20000 to 24999 by Race, Some Other Race Alone",0.0,0.0,0.0,0.0,0.0,7.0,26.0,10.0,8.0,8.0,0.0,0.0,0.0,0.0,0.0,0.0
315,Income,"Household Income 20000 to 24999 by Race, Two or More Races",12.0,0.0,0.0,32.0,20.0,23.0,21.0,20.0,0.0,0.0,0.0,8.0,0.0,0.0,0.0,0.0
316,Income,"Household Income 20000 to 24999 by Race, White Alone",138.0,85.0,138.0,211.0,168.0,156.0,221.0,122.0,95.0,66.0,89.0,180.0,34.0,75.0,52.0,47.0
317,Income,"Household Income 20000 to 24999 by Race, White Alone, Not Hispanic or Latino",138.0,85.0,138.0,211.0,168.0,156.0,221.0,122.0,95.0,46.0,89.0,154.0,34.0,75.0,37.0,47.0
318,Income,Household Income 25000 to 29999,406.0,533.0,455.0,301.0,228.0,312.0,282.0,381.0,293.0,111.0,184.0,197.0,67.0,147.0,144.0,73.0
319,Income,"Household Income 25000 to 29999 by Race, American Indian and Alaska Native Alone",0.0,0.0,0.0,0.0,0.0,0.0,0.0,0.0,0.0,0.0,0.0,0.0,0.0,0.0,0.0,0.0
320,Income,"Household Income 25000 to 29999 by Race, Asian Alone",116.0,182.0,177.0,89.0,77.0,116.0,88.0,129.0,98.0,48.0,80.0,20.0,27.0,77.0,92.0,60.0
321,Income,"Household Income 25000 to 29999 by Race, Black or African American Alone",0.0,0.0,0.0,0.0,0.0,0.0,0.0,0.0,0.0,7.0,0.0,73.0,0.0,0.0,0.0,0.0
322,Income,"Household Income 25000 to 29999 by Race, Hispanic or Latino",34.0,14.0,19.0,13.0,12.0,13.0,0.0,21.0,23.0,18.0,25.0,28.0,0.0,19.0,17.0,0.0
323,Income,"Household Income 25000 to 29999 by Race, Native Hawaiian and Other Pacific Islander Alone",0.0,0.0,0.0,0.0,0.0,0.0,0.0,0.0,0.0,0.0,0.0,0.0,0.0,0.0,0.0,0.0
324,Income,"Household Income 25000 to 29999 by Race, Some Other Race Alone",15.0,0.0,0.0,0.0,0.0,0.0,0.0,21.0,23.0,18.0,25.0,0.0,0.0,0.0,0.0,0.0
325,Income,"Household Income 25000 to 29999 by Race, Two or More Races",11.0,27.0,30.0,13.0,21.0,53.0,46.0,76.0,64.0,0.0,0.0,20.0,0.0,0.0,0.0,0.0
326,Income,"Household Income 25000 to 29999 by Race, White Alone",264.0,324.0,248.0,199.0,130.0,143.0,148.0,155.0,108.0,38.0,79.0,84.0,40.0,70.0,52.0,13.0
327,Income,"Household Income 25000 to 29999 by Race, White Alone, Not Hispanic or Latino",245.0,324.0,248.0,199.0,130.0,143.0,148.0,155.0,108.0,38.0,79.0,56.0,40.0,70.0,52.0,13.0
328,Income,Household Income 30000 to 34999,529.0,214.0,354.0,346.0,378.0,311.0,334.0,233.0,176.0,158.0,115.0,85.0,121.0,65.0,132.0,222.0
329,Income,"Household Income 30000 to 34999 by Race, American Indian and Alaska Native Alone",0.0,0.0,0.0,0.0,0.0,0.0,11.0,8.0,7.0,0.0,0.0,0.0,0.0,0.0,0.0,0.0
330,Income,"Household Income 30000 to 34999 by Race, Asian Alone",240.0,82.0,163.0,139.0,218.0,134.0,160.0,94.0,69.0,50.0,83.0,24.0,104.0,24.0,59.0,111.0
331,Income,"Household Income 30000 to 34999 by Race, Black or African American Alone",4.0,13.0,8.0,11.0,15.0,0.0,0.0,0.0,0.0,11.0,0.0,33.0,0.0,0.0,39.0,35.0
332,Income,"Household Income 30000 to 34999 by Race, Hispanic or Latino",32.0,14.0,12.0,13.0,0.0,29.0,32.0,33.0,34.0,47.0,0.0,2.0,0.0,0.0,0.0,16.0
333,Income,"Household Income 30000 to 34999 by Race, Native Hawaiian and Other Pacific Islander Alone",0.0,0.0,0.0,0.0,0.0,0.0,0.0,0.0,0.0,0.0,0.0,0.0,0.0,0.0,0.0,0.0
334,Income,"Household Income 30000 to 34999 by Race, Some Other Race Alone",8.0,14.0,12.0,13.0,0.0,0.0,0.0,0.0,0.0,0.0,0.0,2.0,0.0,0.0,0.0,0.0
335,Income,"Household Income 30000 to 34999 by Race, Two or More Races",23.0,15.0,21.0,18.0,0.0,0.0,0.0,0.0,0.0,21.0,0.0,0.0,7.0,0.0,0.0,0.0
336,Income,"Household Income 30000 to 34999 by Race, White Alone",254.0,90.0,150.0,165.0,145.0,177.0,163.0,131.0,100.0,76.0,32.0,26.0,10.0,41.0,34.0,76.0
337,Income,"Household Income 30000 to 34999 by Race, White Alone, Not Hispanic or Latino",222.0,90.0,150.0,165.0,145.0,148.0,131.0,98.0,66.0,50.0,32.0,26.0,10.0,41.0,34.0,76.0
338,Income,Household Income 35000 to 39999,496.0,366.0,161.0,189.0,242.0,292.0,353.0,324.0,368.0,170.0,212.0,134.0,48.0,137.0,253.0,190.0
339,Income,"Household Income 35000 to 39999 by Race, American Indian and Alaska Native Alone",0.0,0.0,0.0,0.0,0.0,0.0,0.0,0.0,0.0,0.0,6.0,0.0,0.0,0.0,0.0,0.0
340,Income,"Household Income 35000 to 39999 by Race, Asian Alone",244.0,186.0,71.0,73.0,57.0,96.0,116.0,120.0,163.0,97.0,145.0,28.0,32.0,128.0,182.0,148.0
341,Income,"Household Income 35000 to 39999 by Race, Black or African American Alone",0.0,13.0,29.0,56.0,55.0,70.0,47.0,0.0,0.0,0.0,0.0,11.0,0.0,0.0,0.0,0.0
342,Income,"Household Income 35000 to 39999 by Race, Hispanic or Latino",24.0,53.0,0.0,0.0,0.0,0.0,42.0,56.0,84.0,2.0,37.0,19.0,0.0,0.0,0.0,15.0
343,Income,"Household Income 35000 to 39999 by Race, Native Hawaiian and Other Pacific Islander Alone",0.0,0.0,0.0,0.0,0.0,0.0,0.0,0.0,0.0,11.0,0.0,0.0,0.0,0.0,0.0,0.0
344,Income,"Household Income 35000 to 39999 by Race, Some Other Race Alone",14.0,41.0,0.0,0.0,0.0,0.0,0.0,0.0,0.0,15.0,0.0,67.0,0.0,0.0,0.0,15.0
345,Income,"Household Income 35000 to 39999 by Race, Two or More Races",11.0,14.0,0.0,0.0,15.0,20.0,16.0,20.0,14.0,0.0,0.0,0.0,0.0,7.0,7.0,0.0
346,Income,"Household Income 35000 to 39999 by Race, White Alone",227.0,112.0,61.0,60.0,115.0,106.0,174.0,184.0,191.0,47.0,61.0,28.0,16.0,2.0,64.0,27.0
347,Income,"Household Income 35000 to 39999 by Race, White Alone, Not Hispanic or Latino",217.0,59.0,61.0,60.0,115.0,106.0,132.0,128.0,107.0,45.0,24.0,28.0,16.0,2.0,64.0,27.0
348,Income,Household Income 40000 to 44999,435.0,621.0,725.0,427.0,447.0,296.0,203.0,207.0,206.0,113.0,259.0,153.0,294.0,182.0,36.0,115.0
349,Income,"Household Income 40000 to 44999 by Race, American Indian and Alaska Native Alone",0.0,0.0,0.0,0.0,0.0,0.0,0.0,0.0,0.0,0.0,0.0,0.0,0.0,0.0,0.0,0.0
350,Income,"Household Income 40000 to 44999 by Race, Asian Alone",184.0,264.0,366.0,257.0,204.0,186.0,92.0,75.0,75.0,35.0,134.0,61.0,209.0,123.0,36.0,47.0
351,Income,"Household Income 40000 to 44999 by Race, Black or African American Alone",24.0,12.0,10.0,0.0,0.0,0.0,0.0,0.0,0.0,33.0,0.0,10.0,0.0,0.0,0.0,0.0
352,Income,"Household Income 40000 to 44999 by Race, Hispanic or Latino",8.0,37.0,78.0,79.0,127.0,34.0,40.0,43.0,44.0,22.0,64.0,0.0,32.0,43.0,0.0,37.0
353,Income,"Household Income 40000 to 44999 by Race, Native Hawaiian and Other Pacific Islander Alone",0.0,0.0,0.0,0.0,0.0,0.0,0.0,0.0,0.0,0.0,0.0,0.0,0.0,0.0,0.0,0.0
354,Income,"Household Income 40000 to 44999 by Race, Some Other Race Alone",0.0,52.0,94.0,60.0,103.0,34.0,40.0,43.0,44.0,6.0,0.0,0.0,0.0,0.0,0.0,0.0
355,Income,"Household Income 40000 to 44999 by Race, Two or More Races",0.0,0.0,13.0,15.0,12.0,0.0,0.0,0.0,0.0,0.0,0.0,0.0,9.0,19.0,0.0,44.0
356,Income,"Household Income 40000 to 44999 by Race, White Alone",227.0,293.0,242.0,95.0,128.0,76.0,71.0,89.0,87.0,39.0,125.0,82.0,76.0,40.0,0.0,24.0
357,Income,"Household Income 40000 to 44999 by Race, White Alone, Not Hispanic or Latino",227.0,293.0,212.0,76.0,104.0,76.0,71.0,89.0,87.0,23.0,61.0,82.0,53.0,16.0,0.0,24.0
358,Income,Household Income 45000 to 49999,481.0,286.0,204.0,316.0,207.0,211.0,237.0,162.0,195.0,103.0,101.0,58.0,150.0,168.0,306.0,226.0
359,Income,"Household Income 45000 to 49999 by Race, American Indian and Alaska Native Alone",0.0,0.0,0.0,0.0,0.0,0.0,0.0,0.0,0.0,0.0,0.0,0.0,0.0,0.0,0.0,0.0
360,Income,"Household Income 45000 to 49999 by Race, Asian Alone",201.0,92.0,87.0,149.0,119.0,129.0,115.0,51.0,65.0,46.0,31.0,40.0,82.0,113.0,182.0,140.0
361,Income,"Household Income 45000 to 49999 by Race, Black or African American Alone",14.0,0.0,0.0,0.0,0.0,0.0,0.0,0.0,0.0,12.0,0.0,0.0,0.0,0.0,0.0,0.0
362,Income,"Household Income 45000 to 49999 by Race, Hispanic or Latino",35.0,27.0,0.0,0.0,0.0,0.0,19.0,21.0,40.0,7.0,17.0,16.0,0.0,15.0,80.0,32.0
363,Income,"Household Income 45000 to 49999 by Race, Native Hawaiian and Other Pacific Islander Alone",0.0,0.0,0.0,0.0,0.0,0.0,0.0,0.0,0.0,0.0,0.0,0.0,0.0,0.0,0.0,0.0
364,Income,"Household Income 45000 to 49999 by Race, Some Other Race Alone",12.0,0.0,0.0,0.0,0.0,0.0,0.0,0.0,0.0,7.0,0.0,0.0,0.0,0.0,0.0,0.0
365,Income,"Household Income 45000 to 49999 by Race, Two or More Races",7.0,26.0,16.0,15.0,0.0,0.0,0.0,0.0,0.0,0.0,0.0,0.0,0.0,9.0,71.0,28.0
366,Income,"Household Income 45000 to 49999 by Race, White Alone",247.0,168.0,101.0,152.0,88.0,82.0,122.0,111.0,130.0,38.0,70.0,18.0,68.0,46.0,53.0,58.0
367,Income,"Household Income 45000 to 49999 by Race, White Alone, Not Hispanic or Latino",224.0,150.0,101.0,152.0,88.0,82.0,103.0,90.0,90.0,38.0,53.0,18.0,68.0,40.0,25.0,54.0
368,Income,Household Income 50000 to 59999,865.0,661.0,573.0,634.0,619.0,586.0,499.0,468.0,347.0,227.0,405.0,191.0,220.0,217.0,347.0,460.0
369,Income,"Household Income 50000 to 59999 by Race, American Indian and Alaska Native Alone",0.0,0.0,0.0,0.0,0.0,0.0,0.0,0.0,0.0,0.0,0.0,0.0,0.0,0.0,0.0,0.0
370,Income,"Household Income 50000 to 59999 by Race, Asian Alone",283.0,382.0,243.0,270.0,211.0,168.0,129.0,162.0,124.0,144.0,162.0,13.0,127.0,103.0,152.0,199.0
371,Income,"Household Income 50000 to 59999 by Race, Black or African American Alone",18.0,0.0,0.0,0.0,0.0,0.0,0.0,0.0,0.0,6.0,0.0,61.0,0.0,0.0,0.0,0.0
372,Income,"Household Income 50000 to 59999 by Race, Hispanic or Latino",31.0,33.0,0.0,31.0,26.0,26.0,31.0,40.0,0.0,19.0,68.0,0.0,30.0,0.0,0.0,36.0
373,Income,"Household Income 50000 to 59999 by Race, Native Hawaiian and Other Pacific Islander Alone",0.0,0.0,0.0,33.0,27.0,38.0,40.0,54.0,0.0,0.0,0.0,0.0,0.0,0.0,0.0,0.0
374,Income,"Household Income 50000 to 59999 by Race, Some Other Race Alone",0.0,19.0,0.0,0.0,0.0,0.0,0.0,0.0,0.0,7.0,0.0,0.0,0.0,0.0,0.0,18.0
375,Income,"Household Income 50000 to 59999 by Race, Two or More Races",49.0,0.0,21.0,25.0,41.0,38.0,25.0,0.0,0.0,14.0,14.0,0.0,26.0,12.0,12.0,41.0
376,Income,"Household Income 50000 to 59999 by Race, White Alone",515.0,260.0,309.0,306.0,340.0,342.0,305.0,252.0,223.0,56.0,229.0,117.0,67.0,102.0,183.0,202.0
377,Income,"Household Income 50000 to 59999 by Race, White Alone, Not Hispanic or Latino",489.0,246.0,309.0,296.0,330.0,333.0,295.0,241.0,223.0,44.0,175.0,117.0,50.0,102.0,183.0,202.0
378,Income,Household Income 60000 to 74999,789.0,724.0,959.0,877.0,936.0,873.0,817.0,781.0,743.0,388.0,517.0,362.0,553.0,472.0,356.0,270.0
379,Income,"Household Income 60000 to 74999 by Race, American Indian and Alaska Native Alone",0.0,0.0,0.0,9.0,14.0,6.0,7.0,0.0,0.0,0.0,0.0,0.0,0.0,18.0,19.0,15.0
380,Income,"Household Income 60000 to 74999 by Race, Asian Alone",250.0,281.0,393.0,321.0,355.0,360.0,361.0,401.0,344.0,130.0,209.0,64.0,107.0,156.0,90.0,83.0
381,Income,"Household Income 60000 to 74999 by Race, Black or African American Alone",16.0,30.0,19.0,17.0,37.0,22.0,22.0,16.0,12.0,39.0,16.0,49.0,16.0,0.0,0.0,0.0
382,Income,"Household Income 60000 to 74999 by Race, Hispanic or Latino",58.0,85.0,87.0,91.0,104.0,43.0,32.0,36.0,63.0,91.0,44.0,0.0,101.0,87.0,94.0,0.0
383,Income,"Household Income 60000 to 74999 by Race, Native Hawaiian and Other Pacific Islander Alone",0.0,0.0,0.0,0.0,0.0,0.0,0.0,0.0,0.0,0.0,0.0,0.0,0.0,0.0,0.0,0.0
384,Income,"Household Income 60000 to 74999 by Race, Some Other Race Alone",15.0,0.0,0.0,0.0,0.0,0.0,0.0,0.0,0.0,73.0,0.0,0.0,18.0,17.0,17.0,0.0
385,Income,"Household Income 60000 to 74999 by Race, Two or More Races",24.0,85.0,70.0,25.0,21.0,22.0,23.0,21.0,19.0,3.0,0.0,8.0,12.0,46.0,65.0,6.0
386,Income,"Household Income 60000 to 74999 by Race, White Alone",484.0,328.0,477.0,505.0,509.0,463.0,404.0,343.0,368.0,143.0,292.0,241.0,400.0,235.0,165.0,166.0
387,Income,"Household Income 60000 to 74999 by Race, White Alone, Not Hispanic or Latino",448.0,243.0,390.0,414.0,421.0,436.0,390.0,328.0,326.0,128.0,248.0,241.0,329.0,206.0,146.0,166.0
388,Income,Household Income 75000 to 99999,929.0,1131.0,988.0,1056.0,960.0,995.0,1055.0,1078.0,1074.0,625.0,1139.0,655.0,957.0,933.0,916.0,655.0
389,Income,"Household Income 75000 to 99999 by Race, American Indian and Alaska Native Alone",0.0,0.0,0.0,0.0,0.0,0.0,0.0,12.0,0.0,0.0,0.0,0.0,0.0,0.0,0.0,0.0
390,Income,"Household Income 75000 to 99999 by Race, Asian Alone",265.0,470.0,416.0,371.0,263.0,240.0,226.0,238.0,310.0,235.0,442.0,107.0,496.0,430.0,360.0,243.0
391,Income,"Household Income 75000 to 99999 by Race, Black or African American Alone",0.0,0.0,0.0,0.0,0.0,0.0,48.0,0.0,0.0,0.0,31.0,107.0,38.0,74.0,62.0,7.0
392,Income,"Household Income 75000 to 99999 by Race, Hispanic or Latino",28.0,0.0,11.0,13.0,67.0,97.0,134.0,169.0,185.0,102.0,105.0,37.0,25.0,62.0,65.0,73.0
393,Income,"Household Income 75000 to 99999 by Race, Native Hawaiian and Other Pacific Islander Alone",0.0,6.0,13.0,19.0,29.0,7.0,6.0,0.0,0.0,0.0,0.0,0.0,0.0,0.0,0.0,0.0
394,Income,"Household Income 75000 to 99999 by Race, Some Other Race Alone",4.0,35.0,36.0,21.0,30.0,27.0,11.0,62.0,59.0,52.0,51.0,37.0,25.0,25.0,24.0,12.0
395,Income,"Household Income 75000 to 99999 by Race, Two or More Races",54.0,31.0,33.0,35.0,53.0,28.0,56.0,62.0,44.0,22.0,40.0,18.0,31.0,42.0,67.0,64.0
396,Income,"Household Income 75000 to 99999 by Race, White Alone",606.0,589.0,490.0,610.0,585.0,693.0,708.0,704.0,661.0,316.0,575.0,386.0,367.0,362.0,403.0,329.0
397,Income,"Household Income 75000 to 99999 by Race, White Alone, Not Hispanic or Latino",582.0,589.0,479.0,597.0,528.0,607.0,610.0,618.0,568.0,299.0,558.0,386.0,367.0,334.0,375.0,297.0
398,Income,Household Income Greater than 200000,508.0,1102.0,1159.0,1307.0,1220.0,1546.0,1565.0,1880.0,1868.0,1123.0,2469.0,3123.0,3264.0,3714.0,3657.0,3867.0
399,Income,"Household Income Greater than 200000 by Race, American Indian and Alaska Native Alone",0.0,11.0,20.0,0.0,0.0,0.0,0.0,0.0,0.0,0.0,0.0,0.0,0.0,0.0,0.0,78.0
400,Income,"Household Income Greater than 200000 by Race, Asian Alone",37.0,209.0,224.0,226.0,226.0,321.0,185.0,287.0,258.0,246.0,412.0,502.0,847.0,958.0,811.0,844.0
401,Income,"Household Income Greater than 200000 by Race, Black or African American Alone",0.0,26.0,27.0,21.0,17.0,17.0,0.0,0.0,33.0,9.0,19.0,52.0,96.0,122.0,58.0,66.0
402,Income,"Household Income Greater than 200000 by Race, Hispanic or Latino",6.0,43.0,41.0,21.0,0.0,49.0,63.0,96.0,129.0,59.0,95.0,60.0,102.0,139.0,244.0,413.0
403,Income,"Household Income Greater than 200000 by Race, Native Hawaiian and Other Pacific Islander Alone",0.0,0.0,0.0,0.0,0.0,0.0,0.0,0.0,0.0,0.0,0.0,0.0,23.0,29.0,27.0,28.0
404,Income,"Household Income Greater than 200000 by Race, Some Other Race Alone",0.0,20.0,28.0,0.0,0.0,0.0,0.0,0.0,0.0,37.0,0.0,0.0,79.0,61.0,95.0,150.0
405,Income,"Household Income Greater than 200000 by Race, Two or More Races",5.0,0.0,0.0,0.0,14.0,35.0,54.0,56.0,69.0,40.0,29.0,124.0,94.0,92.0,191.0,324.0
406,Income,"Household Income Greater than 200000 by Race, White Alone",466.0,836.0,860.0,1060.0,963.0,1173.0,1326.0,1537.0,1508.0,791.0,2009.0,2445.0,2125.0,2452.0,2475.0,2377.0
407,Income,"Household Income Greater than 200000 by Race, White Alone, Not Hispanic or Latino",460.0,813.0,847.0,1039.0,963.0,1143.0,1302.0,1512.0,1440.0,769.0,1940.0,2405.0,2083.0,2402.0,2402.0,2296.0
408,Income,Household Income Less than 10000,616.0,477.0,388.0,549.0,606.0,678.0,716.0,696.0,486.0,141.0,318.0,372.0,232.0,207.0,204.0,268.0
409,Income,"Household Income Less than 10000 by Race, American Indian and Alaska Native Alone",0.0,0.0,0.0,0.0,0.0,0.0,0.0,0.0,0.0,0.0,0.0,0.0,0.0,0.0,0.0,0.0
410,Income,"Household Income Less than 10000 by Race, Asian Alone",262.0,230.0,141.0,195.0,331.0,391.0,408.0,393.0,314.0,68.0,177.0,71.0,112.0,124.0,93.0,104.0
411,Income,"Household Income Less than 10000 by Race, Black or African American Alone",31.0,70.0,107.0,127.0,76.0,81.0,93.0,63.0,0.0,10.0,0.0,146.0,0.0,0.0,0.0,0.0
412,Income,"Household Income Less than 10000 by Race, Hispanic or Latino",38.0,12.0,13.0,115.0,86.0,101.0,89.0,104.0,0.0,11.0,0.0,25.0,0.0,0.0,11.0,24.0
413,Income,"Household Income Less than 10000 by Race, Native Hawaiian and Other Pacific Islander Alone",0.0,0.0,0.0,0.0,0.0,0.0,0.0,0.0,0.0,0.0,0.0,0.0,0.0,0.0,0.0,0.0
414,Income,"Household Income Less than 10000 by Race, Some Other Race Alone",10.0,0.0,0.0,26.0,29.0,26.0,24.0,31.0,11.0,0.0,0.0,0.0,0.0,0.0,0.0,0.0
415,Income,"Household Income Less than 10000 by Race, Two or More Races",16.0,0.0,0.0,16.0,46.0,43.0,43.0,56.0,23.0,0.0,0.0,11.0,27.0,23.0,23.0,37.0
416,Income,"Household Income Less than 10000 by Race, White Alone",297.0,177.0,140.0,185.0,124.0,137.0,148.0,153.0,138.0,63.0,141.0,144.0,93.0,60.0,88.0,127.0
417,Income,"Household Income Less than 10000 by Race, White Alone, Not Hispanic or Latino",269.0,165.0,127.0,106.0,77.0,71.0,87.0,90.0,138.0,52.0,141.0,119.0,93.0,60.0,77.0,103.0
418,Income,Households Total for Income,9203.0,9053.0,8980.0,9116.0,9204.0,9317.0,9486.0,9508.0,9445.0,5431.0,9385.0,8346.0,8950.0,8757.0,8711.0,8672.0
419,Income,"Households Total for Income by Race, American Indian and Alaska Native Alone",23.0,22.0,20.0,9.0,14.0,6.0,18.0,20.0,7.0,0.0,6.0,0.0,0.0,18.0,19.0,93.0
420,Income,"Households Total for Income by Race, Asian Alone",3317.0,3436.0,3515.0,3375.0,3493.0,3438.0,3383.0,3372.0,3561.0,1966.0,3407.0,1423.0,3350.0,3183.0,3127.0,3085.0
421,Income,"Households Total for Income by Race, Black or African American Alone",144.0,223.0,232.0,249.0,220.0,205.0,231.0,130.0,92.0,253.0,154.0,920.0,166.0,211.0,187.0,136.0
422,Income,"Households Total for Income by Race, Hispanic or Latino",401.0,466.0,377.0,485.0,543.0,516.0,625.0,769.0,810.0,790.0,833.0,497.0,676.0,565.0,641.0,828.0
423,Income,"Households Total for Income by Race, Native Hawaiian and Other Pacific Islander Alone",0.0,6.0,13.0,52.0,56.0,45.0,46.0,65.0,8.0,11.0,0.0,0.0,23.0,29.0,27.0,28.0
424,Income,"Households Total for Income by Race, Some Other Race Alone",127.0,218.0,210.0,154.0,200.0,109.0,130.0,201.0,164.0,411.0,196.0,238.0,246.0,242.0,210.0,263.0
425,Income,"Households Total for Income by Race, Two or More Races",268.0,321.0,372.0,356.0,421.0,412.0,368.0,386.0,358.0,164.0,207.0,294.0,330.0,359.0,567.0,683.0
426,Income,"Households Total for Income by Race, White Alone",5324.0,4827.0,4618.0,4921.0,4800.0,5102.0,5310.0,5334.0,5255.0,2626.0,5415.0,5471.0,4835.0,4715.0,4574.0,4384.0
427,Income,"Households Total for Income by Race, White Alone, Not Hispanic or Latino",5069.0,4505.0,4384.0,4628.0,4508.0,4764.0,4958.0,4934.0,4737.0,2339.0,4935.0,5243.0,4501.0,4554.0,4400.0,4177.0
428,Income,Median Family Income,67967.2131147541,90497.21189591078,88521.12676056338,96119.79166666669,99266.43192488264,106664.45623342176,101115.0234741784,106944.44444444444,121794.28044280443,115744.83775811207,151630.4347826087,180833.3333333333,190754.039497307,203867.6146901929,200227.87369791663,204131.024609375
429,Income,Median Household Income,55751.4450867052,66640.19337016574,67601.66840458811,70843.78563283922,72291.66666666667,74733.67697594501,78530.80568720379,87801.48423005566,97055.40037243949,100339.9581589958,116506.24349635796,148346.69338677355,143506.4935064935,163807.18954248363,165692.5343811395,177687.91627021885
430,Income,"Median Household Income by Race, American Indian and Alaska Native Alone",24791.666666666668,250002.0,225001.0,67500.0,67500.0,67500.0,34090.90909090909,79166.66666666667,32500.0,0.0,37500.0,0.0,0.0,67500.0,67500.0,220193.11538461535
431,Income,"Median Household Income by Race, Asian Alone",45062.18905472637,56178.01047120419,54876.54320987655,54166.66666666666,55047.39336492891,48217.05426356589,49630.434782608696,61047.38154613466,66954.94186046511,83404.25531914894,86114.25339366516,132685.8108108108,102119.88304093567,106693.26241134752,106829.07348242812,120103.50318471338
432,Income,"Median Household Income by Race, Black or African American Alone",44791.66666666666,16982.758620689656,13461.53846153846,9999.0,36727.27272727273,36535.71428571428,37393.617021276594,61875.0,122972.97297297296,40984.84848484849,120833.33333333334,30757.57575757576,206771.10416666663,206762.5655737705,96975.80645161292,196428.57142857145
433,Income,"Median Household Income by Race, Hispanic or Latino",48071.42857142857,57575.757575757576,61293.10344827586,53064.51612903226,60937.5,78092.78350515464,76772.3880597015,79511.83431952662,90810.8108108108,79411.76470588235,98928.57142857143,127764.42307692308,130572.2891566265,104605.26315789472,166739.1304347826,199668.87417218543
434,Income,"Median Household Income by Race, Native Hawaiian and Other Pacific Islander Alone",0.0,87500.0,87500.0,57878.78787878788,75862.06896551725,55921.05263157895,55750.0,56018.51851851852,112500.0,37500.0,0.0,0.0,225001.0,225001.0,225001.0,225001.0
435,Income,"Median Household Income by Race, Some Other Race Alone",37678.57142857143,51052.63157894737,44946.8085106383,43166.66666666666,43446.601941747576,43161.76470588235,41875.0,44476.74418604651,44545.454545454544,70376.71232876713,89705.88235294117,111206.89655172414,133582.08955223882,167032.96703296702,193243.24324324325,206166.91333333333
436,Income,"Median Household Income by Race, Two or More Races",55918.36734693877,65205.882352941175,64714.28571428571,55200.0,58170.73170731707,60681.81818181818,76339.28571428571,39750.0,92045.45454545454,111486.48648648648,112500.0,168918.9189189189,137500.0,116796.875,118160.37735849056,186111.11111111112
437,Income,"Median Household Income by Race, White Alone",65764.46280991736,82576.40067911714,82500.0,91086.0655737705,93376.06837606838,99567.09956709956,101696.60678642716,112477.7975133215,118424.59605026928,138703.7037037037,150531.16147308782,178288.490284006,178987.06896551725,201927.07544861335,203798.13171717167,203891.6154816996
438,Income,"Median Household Income by Race, White Alone, Not Hispanic or Latino",67014.50892857143,85123.08998302207,85490.60542797495,93634.84087102178,96448.86363636365,101800.0,106921.48760330578,117664.09266409266,120732.276119403,146842.78350515463,157252.83630470018,182952.75590551185,186018.36393989983,202602.10241465445,204204.9975020816,204518.90897212544
439,Income,Percent in Poverty,0.0808009754267492,0.1229672852496652,0.1215247505570086,0.148720108568487,0.1432968850500781,0.1423258003766478,0.1402141289253236,0.1262495537308104,0.0946276761472381,0.0897073377633253,0.0858313660861431,0.0944167553340426,0.0620660927520133,0.0616234390009606,0.0534069981583793,0.0401881787698313
440,Income,"Percent in Poverty by Race, American Indian and Alaska Native Alone",0.1142857142857142,0.4337349397590361,0.3571428571428571,0.3333333333333333,0.0,0.0,0.0,0.0,0.0,0.1428571428571428,0.0,1.0,0.0,0.0,0.0,0.0
441,Income,"Percent in Poverty by Race, Asian Alone",0.0973402494205937,0.1339837398373983,0.1153165117308543,0.1689554254840162,0.1833096357869408,0.2212749713704033,0.2049391817176557,0.1930324820233077,0.1299744432274552,0.0764565337254181,0.097233764691915,0.0448361162646876,0.062796504369538,0.0679077084425799,0.0632504886903099,0.0552101835405565
442,Income,"Percent in Poverty by Race, Black or African American Alone",0.1245421245421245,0.682,0.683495145631068,0.6698113207547169,0.4615384615384615,0.3609467455621302,0.329646017699115,0.3866279069767442,0.0863636363636363,0.410941475826972,0.0488997555012225,0.1902372262773722,0.0341207349081364,0.0302013422818791,0.0452961672473867,0.0692640692640692
443,Income,"Percent in Poverty by Race, Hispanic or Latino",0.1177856301531213,0.1082437275985663,0.1297468354430379,0.2048267326732673,0.1984971822166562,0.159369527145359,0.1731875719217491,0.1720860430215107,0.0806900389538119,0.0865290068829891,0.0648351648351648,0.0756035578144853,0.0489651691065118,0.0888071466106148,0.0847633905356214,0.0280511811023622
445,Income,"Percent in Poverty by Race, Some Other Race Alone",0.0627177700348432,0.0576036866359447,0.08816120906801,0.2589928057553957,0.1674757281553398,0.1786833855799373,0.1478260869565217,0.1041009463722397,0.0274223034734917,0.0970464135021097,0.07008547008547,0.0653846153846153,0.0567484662576687,0.0993589743589743,0.0946166394779771,0.0
446,Income,"Percent in Poverty by Race, Two or More Races",0.0495495495495495,0.1123260437375745,0.1617647058823529,0.1684434968017057,0.1853658536585365,0.1188940092165898,0.1159962581852198,0.1640167364016736,0.1110217216411906,0.0034246575342465,0.0859106529209622,0.1934065934065934,0.0351872871736662,0.0677710843373494,0.0619349005424954,0.0329166666666666
447,Income,"Percent in Poverty by Race, White Alone",0.068634755075433,0.0823269977948125,0.0934685850326053,0.1003639149588201,0.0955553440563433,0.0844948489308285,0.0929966495055977,0.072725764988805,0.072280116715298,0.0673863264638534,0.0799763533485347,0.0833410932116584,0.0679075858198484,0.0550901744357938,0.0425092860090796,0.0345967158938345
448,Income,"Percent in Poverty by Race, White Alone, Not Hispanic or Latino",0.0644282238442822,0.0856679786987728,0.0984976844007681,0.0976699648898819,0.0909662544539928,0.0782692307692307,0.086541921554516,0.0628243649276154,0.0684244138308548,0.065016623568526,0.0815895741556534,0.0798444976076555,0.0668272125225767,0.0552058611082447,0.0412657686551208,0.0332087560064068
459,Language Spoken at Home,Asian/Pacific Islander,0.3507256224821627,0.3263777955271565,0.3297840129188534,0.3089335484817368,0.306578442654392,0.260931442312411,0.2627410789154942,0.2684923902484156,0.264997681965693,0.2792369772560528,0.2707582894615313,0.0932959615604621,0.2579800135830018,0.2654719838465421,0.2663910836690911,0.2347913259114652
461,Language Spoken at Home,English Only,0.5068679318545842,0.5503194888178914,0.5516754138070247,0.5751796978142878,0.577819332566168,0.6254110026009717,0.6308115158855865,0.6146088726465282,0.6285118219749652,0.5404255319148936,0.6244111942366306,0.767475117263471,0.6270980886775978,0.6155981827359919,0.6115326251896813,0.6423785152746267
463,Language Spoken at Home,Other European Languages,0.1043537348929767,0.0807707667731629,0.0751917642309245,0.070265512688866,0.0699079401611047,0.0526083329243755,0.0445821298798099,0.0505157977517694,0.0465461288827074,0.0490095377842993,0.0513530987346448,0.0697288639743736,0.0581158436014359,0.0655729429581019,0.0591805766312594,0.0558750593573576
465,Language Spoken at Home,Other Languages,0.0050478085715672,0.0080371405750798,0.0053492127573677,0.0045963522566133,0.0039317222861526,0.0063306669283996,0.004518773874965,0.0037007910440856,0.0051460361613351,0.0217168011738811,0.0050798928604414,0.0265987873241047,0.0067429902008343,0.0046945986875315,0.0044477002773271,0.0054872579538859
467,Language Spoken at Home,Spanish Only,0.0330049021987089,0.0344948083067092,0.0379995962858296,0.0410248887584959,0.0417625623321825,0.054718555233842,0.0573465014441442,0.062682148309201,0.054798331015299,0.109611151870873,0.0483975247067516,0.0429012698775883,0.0500630639371301,0.0486622917718324,0.0584480142326408,0.0614678415026644
469,Nativity,Foreign Born,0.404348842646715,0.3557197330791229,0.3503935106947998,0.3272379530717917,0.3269749782718082,0.288331771321462,0.2940468227424749,0.3066702217482113,0.3061848814010197,0.3418137053754616,0.2982899167109693,0.2204394252809302,0.2875453668397115,0.2865853658536585,0.2671635161147031,0.2569071755118267
470,Population,Total Population,21385.0,20980.0,20711.0,21437.0,21861.0,21340.0,22425.0,22503.0,22555.0,14622.0,22572.0,17887.0,21767.0,20992.0,20261.0,20124.0
471,Race/Ethnicity,Asian,9088.0,9225.0,9054.0,8896.0,9183.0,7894.0,8183.0,8103.0,8254.0,5521.0,8460.0,3234.0,8102.0,7727.0,7271.0,6845.0
472,Race/Ethnicity,"Asian Alone, Not Hispanic or Latino",9072.0,9205.0,9038.0,8848.0,9102.0,7794.0,8062.0,7979.0,8112.0,7885.0,8368.0,8850.0,8025.0,7587.0,7139.0,6792.0
473,Race/Ethnicity,Black/African American,273.0,505.0,517.0,532.0,392.0,339.0,453.0,344.0,440.0,874.0,424.0,2192.0,390.0,306.0,291.0,239.0
474,Race/Ethnicity,"Black/African American Alone, Not Hispanic or Latino",273.0,505.0,517.0,520.0,368.0,320.0,431.0,313.0,440.0,403.0,424.0,444.0,383.0,300.0,284.0,231.0
475,Race/Ethnicity,Latino Population (of Any Race),10772.0,1400.0,1266.0,1618.0,1606.0,1718.0,1746.0,2005.0,1803.0,2148.0,1833.0,1574.0,1993.0,1923.0,1942.0,2049.0
476,Race/Ethnicity,Native American Indian,70.0,166.0,126.0,132.0,70.0,6.0,18.0,20.0,7.0,7.0,29.0,2.0,45.0,51.0,53.0,105.0
477,Race/Ethnicity,"Native American Indian Alone, Not Hispanic or Latino",62.0,103.0,78.0,77.0,70.0,6.0,18.0,20.0,7.0,5.0,29.0,36.0,45.0,51.0,46.0,15.0
478,Race/Ethnicity,Native Hawaiian/Pacific Islander,7.0,54.0,95.0,165.0,219.0,82.0,63.0,90.0,18.0,29.0,0.0,0.0,65.0,80.0,72.0,72.0
479,Race/Ethnicity,"Native Hawaiian/Pacific Islander Alone, Not Hispanic or Latino",7.0,54.0,95.0,144.0,203.0,65.0,42.0,61.0,18.0,0.0,0.0,57.0,65.0,80.0,72.0,72.0
480,Race/Ethnicity,Other/Two or More Races,1175.0,1440.0,1219.0,1224.0,1439.0,1406.0,1418.0,1831.0,1792.0,1865.0,1752.0,1690.0,2425.0,2636.0,2848.0,3155.0
481,Race/Ethnicity,"Population, Not Hispanic or Latino",20536.0,19580.0,19445.0,19819.0,20255.0,19622.0,20679.0,20498.0,20752.0,20494.0,20739.0,20946.0,19774.0,19069.0,18319.0,18075.0
482,Race/Ethnicity,Some Other Race Alone,287.0,434.0,399.0,280.0,414.0,321.0,349.0,636.0,549.0,1263.0,588.0,780.0,657.0,628.0,617.0,738.0
483,Race/Ethnicity,"Some Other Race Alone, Not Hispanic or Latino",14.0,171.0,169.0,88.0,149.0,109.0,119.0,106.0,91.0,40.0,44.0,109.0,106.0,83.0,84.0,110.0
484,Race/Ethnicity,Two Or More Races,888.0,1006.0,820.0,944.0,1025.0,1085.0,1069.0,1195.0,1243.0,602.0,1164.0,910.0,1768.0,2008.0,2231.0,2417.0
485,Race/Ethnicity,"Two Or More Races, Not Hispanic or Latino",799.0,842.0,656.0,697.0,770.0,866.0,838.0,980.0,1074.0,993.0,922.0,920.0,1142.0,1240.0,1310.0,1468.0
486,Race/Ethnicity,"White Alone, Not Hispanic or Latino",10309.0,8700.0,8892.0,9445.0,9593.0,10462.0,11169.0,11039.0,11010.0,11168.0,10952.0,10530.0,10008.0,9728.0,9384.0,9387.0
487,Race/Ethnicity,"White, Including Hispanic or Latino",10772.0,9590.0,9700.0,10488.0,10558.0,11613.0,12290.0,12115.0,12044.0,6326.0,11907.0,10769.0,10740.0,10192.0,9726.0,9708.0
488,Sex,Female,0.525929389759177,0.5377979027645376,0.5131572594273575,0.5098194710080701,0.5227574218928686,0.5281630740393627,0.5220958751393534,0.5304626049860018,0.5459543338505874,0.5127205580631925,0.5478911926280348,0.4316542740537821,0.5360407956999127,0.5316310975609756,0.5380287251369626,0.5249950308089842
489,Sex,Male,0.474070610240823,0.4622020972354623,0.4868427405726425,0.4901805289919298,0.4772425781071314,0.4718369259606373,0.4779041248606466,0.4695373950139981,0.4540456661494125,0.4872794419368075,0.4521088073719653,0.5683457259462179,0.4639592043000873,0.4683689024390244,0.4619712748630373,0.4750049691910157
490,Unit Size,1 Bedroom,3111.0,2731.0,2850.0,2809.0,2770.0,2766.0,2741.0,2449.0,2316.0,1198.0,2229.0,2968.0,2357.0,2299.0,2278.0,2235.0
491,Unit Size,2 Bedrooms,2903.0,3755.0,3535.0,3476.0,3573.0,3339.0,3501.0,3462.0,3539.0,1759.0,3581.0,2829.0,3405.0,3228.0,3307.0,3412.0
492,Unit Size,3-4 Bedrooms,2419.0,2592.0,2642.0,2662.0,2617.0,2789.0,2687.0,2921.0,2962.0,2312.0,3106.0,2056.0,2964.0,3191.0,3139.0,2953.0
493,Unit Size,5 or More Bedrooms,189.0,306.0,339.0,450.0,444.0,400.0,420.0,462.0,442.0,201.0,365.0,101.0,331.0,353.0,369.0,512.0
494,Unit Size,No Bedroom,901.0,488.0,544.0,526.0,570.0,690.0,617.0,662.0,653.0,263.0,595.0,1594.0,628.0,599.0,555.0,631.0
495,Vehicles Available,Households with no Vehicle,0.2336029733275032,0.2679774660333591,0.3086859688195991,0.3086880210618692,0.2888961321164711,0.283567671997424,0.2682901117436221,0.2441102229701304,0.2183165696135521,0.188731357024489,0.2182205647309536,0.4306254493170381,0.2360893854748603,0.2431197898823798,0.2330386867179428,0.2406595940959409
496,Vehicles Available,Percent of No Vehicle Homeowning Households,0.160919540229885,0.1133647229264759,0.1306923361717882,0.1359369132557266,0.1234211476001443,0.1314726404700697,0.1535764375876578,0.1308780006576784,0.1331179321486268,0.0776627218934911,0.1611360239162929,0.1654135338345864,0.1606963508536993,0.1549432739059967,0.1498246732547019,0.1287425149700598
497,Vehicles Available,Percent of No Vehicle Renting Households,0.2639900790575105,0.3358232676414495,0.3852524287306896,0.3799783046644971,0.3601741022850925,0.3463754928723082,0.3176062707265601,0.2973558064017318,0.2598425196850393,0.2988632196552989,0.2498344370860927,0.4933333333333333,0.2738554418916653,0.2910789844851904,0.2798708288482239,0.3000352982703848
498,Vehicles Available,Vehicles Available,10821.0,9979.0,9477.0,9793.0,10504.0,10199.0,10517.0,11042.0,11144.0,7036.0,10923.0,6065.0,9769.0,9188.0,9310.0,9106.0
499,Vehicles Available,Vehicles Homeowners,0.3585620552629147,0.4350135284096603,0.4268228342302416,0.4118247727968957,0.4165079969535415,0.39798019413668,0.3849006370638014,0.4105234558956711,0.4017408470926059,0.6385730528709495,0.4057493362629314,0.2896949711459192,0.3818200429931416,0.4096647801480191,0.4069817400644468,0.4326817482978256
500,Vehicles Available,Vehicles Per Capita,0.506008884732289,0.4756434699714013,0.4575829269470329,0.456826981387321,0.4804903709802845,0.4779287722586691,0.4689855072463768,0.4906901302048616,0.4940811350033252,0.4811927232936671,0.4839181286549707,0.3390730698272488,0.4487986401433362,0.4376905487804878,0.4595034795913331,0.4524945338898827
501,Vehicles Available,Vehicles Renters,0.6414379447370853,0.5649864715903398,0.5731771657697584,0.5881752272031042,0.5834920030464585,0.6020198058633199,0.6150993629361985,0.5894765441043289,0.5982591529073941,0.3614269471290506,0.5942506637370686,0.7103050288540808,0.6181799570068585,0.5903352198519809,0.5930182599355531,0.5673182517021744
502,,"Housing Units with a Mortgage 30%+ by Race, American Indian and Alaska Native Alone",0.0,0.0,0.0,0.0,0.0,0.0,0.0,0.0,0.0,0.0,0.0,0.0,0.0,0.0,19.0,15.0
503,,"Housing Units with a Mortgage 30%+ by Race, Asian Alone",122.0,0.0,0.0,0.0,0.0,0.0,0.0,0.0,0.0,0.0,0.0,0.0,0.0,0.0,158.0,156.0
504,,"Housing Units with a Mortgage 30%+ by Race, Black or African American Alone",7.0,0.0,0.0,0.0,0.0,0.0,0.0,0.0,0.0,0.0,0.0,0.0,0.0,0.0,0.0,0.0
505,,"Housing Units with a Mortgage 30%+ by Race, Hispanic or Latino",8.0,0.0,0.0,0.0,0.0,0.0,0.0,0.0,0.0,0.0,0.0,0.0,0.0,0.0,13.0,18.0
506,,"Housing Units with a Mortgage 30%+ by Race, Native Hawaiian and Other Pacific Islander Alone",0.0,0.0,0.0,0.0,0.0,0.0,0.0,0.0,0.0,0.0,0.0,0.0,0.0,0.0,0.0,0.0
507,,"Housing Units with a Mortgage 30%+ by Race, Some Other Race Alone",0.0,0.0,0.0,0.0,0.0,0.0,0.0,0.0,0.0,0.0,0.0,0.0,0.0,0.0,0.0,0.0
508,,"Housing Units with a Mortgage 30%+ by Race, Two or More Races",0.0,0.0,0.0,0.0,0.0,0.0,0.0,0.0,0.0,0.0,0.0,0.0,0.0,0.0,68.0,65.0
509,,"Housing Units with a Mortgage 30%+ by Race, White Alone",213.0,0.0,0.0,0.0,0.0,0.0,0.0,0.0,0.0,0.0,0.0,0.0,0.0,0.0,189.0,244.0
510,,"Housing Units with a Mortgage 30%+ by Race, White Alone, Not Hispanic or Latino",205.0,0.0,0.0,0.0,0.0,0.0,0.0,0.0,0.0,0.0,0.0,0.0,0.0,0.0,189.0,244.0
511,,"Housing Units with a Mortgage Not Calculated by Race, American Indian and Alaska Native Alone",0.0,0.0,0.0,0.0,0.0,0.0,0.0,0.0,0.0,0.0,0.0,0.0,0.0,0.0,0.0,0.0
512,,"Housing Units with a Mortgage Not Calculated by Race, Asian Alone",0.0,0.0,0.0,0.0,0.0,0.0,0.0,0.0,0.0,0.0,0.0,0.0,0.0,0.0,0.0,0.0
513,,"Housing Units with a Mortgage Not Calculated by Race, Black or African American Alone",0.0,0.0,0.0,0.0,0.0,0.0,0.0,0.0,0.0,0.0,0.0,0.0,0.0,0.0,0.0,0.0
514,,"Housing Units with a Mortgage Not Calculated by Race, Hispanic or Latino",0.0,0.0,0.0,0.0,0.0,0.0,0.0,0.0,0.0,0.0,0.0,0.0,0.0,0.0,0.0,0.0
515,,"Housing Units with a Mortgage Not Calculated by Race, Native Hawaiian and Other Pacific Islander Alone",0.0,0.0,0.0,0.0,0.0,0.0,0.0,0.0,0.0,0.0,0.0,0.0,0.0,0.0,0.0,0.0
516,,"Housing Units with a Mortgage Not Calculated by Race, Some Other Race Alone",0.0,0.0,0.0,0.0,0.0,0.0,0.0,0.0,0.0,0.0,0.0,0.0,0.0,0.0,0.0,0.0
517,,"Housing Units with a Mortgage Not Calculated by Race, Two or More Races",0.0,0.0,0.0,0.0,0.0,0.0,0.0,0.0,0.0,0.0,0.0,0.0,0.0,0.0,0.0,0.0
518,,"Housing Units with a Mortgage Not Calculated by Race, White Alone",0.0,0.0,0.0,0.0,0.0,0.0,0.0,0.0,0.0,0.0,0.0,0.0,0.0,0.0,0.0,0.0
519,,"Housing Units with a Mortgage Not Calculated by Race, White Alone, Not Hispanic or Latino",0.0,0.0,0.0,0.0,0.0,0.0,0.0,0.0,0.0,0.0,0.0,0.0,0.0,0.0,0.0,0.0
520,,"Housing Units without a Mortgage 30%+ by Race, American Indian and Alaska Native Alone",0.0,0.0,0.0,0.0,0.0,0.0,0.0,0.0,0.0,0.0,0.0,0.0,0.0,0.0,0.0,0.0
521,,"Housing Units without a Mortgage 30%+ by Race, Asian Alone",32.0,0.0,0.0,0.0,0.0,0.0,0.0,0.0,0.0,0.0,0.0,0.0,0.0,0.0,110.0,116.0
522,,"Housing Units without a Mortgage 30%+ by Race, Black or African American Alone",0.0,0.0,0.0,0.0,0.0,0.0,0.0,0.0,0.0,0.0,0.0,0.0,0.0,0.0,0.0,0.0
523,,"Housing Units without a Mortgage 30%+ by Race, Hispanic or Latino",0.0,0.0,0.0,0.0,0.0,0.0,0.0,0.0,0.0,0.0,0.0,0.0,0.0,0.0,0.0,0.0
524,,"Housing Units without a Mortgage 30%+ by Race, Native Hawaiian and Other Pacific Islander Alone",0.0,0.0,0.0,0.0,0.0,0.0,0.0,0.0,0.0,0.0,0.0,0.0,0.0,0.0,0.0,0.0
525,,"Housing Units without a Mortgage 30%+ by Race, Some Other Race Alone",8.0,0.0,0.0,0.0,0.0,0.0,0.0,0.0,0.0,0.0,0.0,0.0,0.0,0.0,0.0,0.0
526,,"Housing Units without a Mortgage 30%+ by Race, Two or More Races",10.0,0.0,0.0,0.0,0.0,0.0,0.0,0.0,0.0,0.0,0.0,0.0,0.0,0.0,0.0,0.0
527,,"Housing Units without a Mortgage 30%+ by Race, White Alone",16.0,0.0,0.0,0.0,0.0,0.0,0.0,0.0,0.0,0.0,0.0,0.0,0.0,0.0,44.0,35.0
528,,"Housing Units without a Mortgage 30%+ by Race, White Alone, Not Hispanic or Latino",16.0,0.0,0.0,0.0,0.0,0.0,0.0,0.0,0.0,0.0,0.0,0.0,0.0,0.0,44.0,35.0
529,,"Housing Units without a Mortgage Not Calculated by Race, American Indian and Alaska Native Alone",0.0,0.0,0.0,0.0,0.0,0.0,0.0,0.0,0.0,0.0,0.0,0.0,0.0,0.0,0.0,0.0
530,,"Housing Units without a Mortgage Not Calculated by Race, Asian Alone",0.0,0.0,0.0,0.0,0.0,0.0,0.0,0.0,0.0,0.0,0.0,0.0,0.0,0.0,8.0,11.0
531,,"Housing Units without a Mortgage Not Calculated by Race, Black or African American Alone",0.0,0.0,0.0,0.0,0.0,0.0,0.0,0.0,0.0,0.0,0.0,0.0,0.0,0.0,0.0,0.0
532,,"Housing Units without a Mortgage Not Calculated by Race, Hispanic or Latino",0.0,0.0,0.0,0.0,0.0,0.0,0.0,0.0,0.0,0.0,0.0,0.0,0.0,0.0,0.0,0.0
533,,"Housing Units without a Mortgage Not Calculated by Race, Native Hawaiian and Other Pacific Islander Alone",0.0,0.0,0.0,0.0,0.0,0.0,0.0,0.0,0.0,0.0,0.0,0.0,0.0,0.0,0.0,0.0
534,,"Housing Units without a Mortgage Not Calculated by Race, Some Other Race Alone",0.0,0.0,0.0,0.0,0.0,0.0,0.0,0.0,0.0,0.0,0.0,0.0,0.0,0.0,0.0,0.0
535,,"Housing Units without a Mortgage Not Calculated by Race, Two or More Races",0.0,0.0,0.0,0.0,0.0,0.0,0.0,0.0,0.0,0.0,0.0,0.0,0.0,0.0,23.0,37.0
536,,"Housing Units without a Mortgage Not Calculated by Race, White Alone",0.0,0.0,0.0,0.0,0.0,0.0,0.0,0.0,0.0,0.0,0.0,0.0,0.0,0.0,0.0,0.0
537,,"Housing Units without a Mortgage Not Calculated by Race, White Alone, Not Hispanic or Latino",0.0,0.0,0.0,0.0,0.0,0.0,0.0,0.0,0.0,0.0,0.0,0.0,0.0,0.0,0.0,0.0
