,Category,Attribute,2024_Lone Mountain/USF,2024_San Francisco,2023_Lone Mountain/USF,2023_San Francisco,2022_Lone Mountain/USF,2022_San Francisco,2021_Lone Mountain/USF,2021_San Francisco,2020_Lone Mountain/USF,2020_San Francisco,2019_Lone Mountain/USF,2019_San Francisco,2018_Lone Mountain/USF,2018_San Francisco,2017_Lone Mountain/USF,2017_San Francisco,2016_Lone Mountain/USF,2016_San Francisco,2015_Lone Mountain/USF,2015_San Francisco,2014_Lone Mountain/USF,2014_San Francisco,2013_Lone Mountain/USF,2013_San Francisco,2012_Lone Mountain/USF,2012_San Francisco,2011_Lone Mountain/USF,2011_San Francisco,2010_Lone Mountain/USF,2010_San Francisco,2000_Lone Mountain/USF,2000_San Francisco
0,Affordability,# Units at or below 100 AMI Monthly Affordable Rent,2759,156904,2939.0,158878.0,3012.0,164391.0,3165.0,177267.0,1592.0,179637.0,3831.0,194605.0,1992.0,196852.0,4117.0,201554.0,4468.0,206125.0,4597.0,208027.0,4898.0,219759.0,4662.0,217742.0,4489.0,213982.0,4318.0,212110.0,4124.0,209068.0,4536.0,209020.0
1,Affordability,# Units at or below 30 AMI Monthly Affordable Rent,2759,156904,2939.0,158878.0,3012.0,142404.0,3165.0,155085.0,1123.0,133315.0,3305.0,146746.0,1398.0,152803.0,3150.0,131265.0,3616.0,139452.0,3161.0,146046.0,3389.0,103611.0,2156.0,106717.0,3419.0,108966.0,3385.0,114525.0,3272.0,119019.0,2987.0,147066.0
2,Affordability,# Units at or below 50 AMI Monthly Affordable Rent,2759,156904,2939.0,158878.0,3012.0,164391.0,3165.0,177267.0,1592.0,179637.0,3831.0,194605.0,1992.0,196852.0,4117.0,201554.0,4468.0,206125.0,4597.0,195487.0,4898.0,219759.0,4662.0,217742.0,4489.0,213982.0,4318.0,212110.0,4124.0,203005.0,4148.0,193235.0
3,Affordability,# Units at or below 80 AMI Monthly Affordable Rent,2759,156904,2939.0,158878.0,3012.0,164391.0,3165.0,177267.0,1592.0,179637.0,3831.0,194605.0,1992.0,196852.0,4117.0,201554.0,4468.0,206125.0,4597.0,208027.0,4898.0,219759.0,4662.0,217742.0,4489.0,213982.0,4318.0,212110.0,4124.0,209068.0,4536.0,209020.0
4,Affordability,100 AMI Annual Income,155671.96531791906,140630.3486172417,161015.19337016574,140840.72978303747,165176.39902676395,136440.23367285798,146734.23423423423,126479.8932723461,94260.40061633282,117453.07472291742,133445.94594594595,113537.43350844154,112088.66544789764,104995.55809378768,110551.76336746302,96817.47583985272,100907.02947845803,88612.28084661327,86388.03680981595,81982.65550239234,82545.87155963303,78773.52733781732,79025.1572327044,75789.09138932911,83949.0674318508,73882.86576506091,84747.02380952382,73015.850789739,87752.39107332625,71436.31988152536,56778.84615384616,55915.28958767848
5,Affordability,100 AMI Monthly Affordable Rent,12972.663776493255,11719.195718103474,13417.932780847144,11736.72748191979,13764.699918896995,11370.019472738166,12227.852852852853,10539.991106028841,7855.033384694401,9787.756226909785,11120.495495495496,9461.452792370128,9340.722120658136,8749.629841148973,9212.646947288586,8068.122986654394,8408.919123204836,7384.356737217772,7199.003067484663,6831.887958532695,6878.822629969419,6564.460611484777,6585.429769392033,6315.7576157774265,6995.755619320899,6156.905480421742,7062.251984126985,6084.6542324782495,7312.699256110521,5953.02665679378,4731.570512820514,4659.607465639873
6,Affordability,30 AMI Annual Income,46701.58959537572,42189.10458517251,48304.55801104972,42252.21893491124,49552.919708029185,40932.0701018574,44020.270270270266,37943.96798170383,28278.120184899843,35235.922416875226,40033.78378378378,34061.23005253246,33626.59963436929,31498.6674281363,33165.529010238904,29045.242751955815,30272.108843537408,26583.68425398398,25916.411042944786,24594.7966507177,24763.761467889908,23632.058201345193,23707.547169811318,22736.727416798734,25184.720229555238,22164.859729518274,25424.107142857145,21904.755236921697,26325.717321997872,21430.895964457606,17033.653846153848,16774.586876303543
7,Affordability,30 AMI Monthly Affordable Rent,3891.799132947977,3515.758715431042,4025.379834254143,3521.0182445759365,4129.4099756690985,3411.00584182145,3668.3558558558557,3161.9973318086522,2356.51001540832,2936.3268680729357,3336.1486486486483,2838.4358377110384,2802.216636197441,2624.888952344692,2763.794084186575,2420.436895996318,2522.6757369614506,2215.3070211653317,2159.7009202453987,2049.5663875598084,2063.646788990826,1969.3381834454328,1975.62893081761,1894.7272847332279,2098.72668579627,1847.0716441265229,2118.6755952380954,1825.3962697434747,2193.809776833156,1785.9079970381338,1419.471153846154,1397.882239691962
8,Affordability,50 AMI Annual Income,77835.98265895953,70315.17430862084,80507.59668508287,70420.36489151874,82588.19951338197,68220.11683642899,73367.11711711712,63239.94663617305,47130.20030816641,58726.53736145871,66722.97297297297,56768.71675422077,56044.33272394882,52497.77904689384,55275.88168373151,48408.73791992636,50453.51473922902,44306.140423306635,43194.018404907976,40991.32775119617,41272.935779816515,39386.76366890866,39512.5786163522,37894.54569466456,41974.5337159254,36941.432882530455,42373.51190476191,36507.9253948695,43876.19553666312,35718.15994076268,28389.42307692308,27957.64479383924
9,Affordability,50 AMI Monthly Affordable Rent,6486.331888246627,5859.597859051737,6708.966390423572,5868.363740959895,6882.349959448497,5685.009736369083,6113.926426426427,5269.995553014421,3927.5166923472007,4893.878113454893,5560.247747747748,4730.726396185064,4670.361060329068,4374.814920574487,4606.323473644293,4034.061493327197,4204.459561602418,3692.178368608886,3599.5015337423315,3415.9439792663475,3439.4113149847094,3282.2303057423883,3292.7148846960167,3157.8788078887133,3497.8778096604497,3078.452740210871,3531.1259920634925,3042.3271162391247,3656.3496280552604,2976.51332839689,2365.785256410257,2329.8037328199366
10,Affordability,80 AMI Annual Income,124537.57225433526,112504.27889379335,128812.1546961326,112672.58382642998,132141.11922141115,109152.1869382864,117387.3873873874,101183.91461787689,75408.32049306626,93962.45977833394,106756.75675675676,90829.94680675323,89670.93235831812,83996.44647503016,88441.41069397042,77453.98067188218,80725.62358276643,70889.82467729061,69110.42944785276,65586.12440191388,66036.69724770643,63018.82187025386,63220.125786163524,60631.27311146329,67159.25394548064,59106.29261204873,67797.61904761905,58412.6806317912,70201.912858661,57149.05590522029,45423.07692307694,44732.23167014279
11,Affordability,80 AMI Monthly Affordable Rent,10378.131021194606,9375.35657448278,10734.346224677716,9389.381985535832,11011.759935117596,9096.015578190532,9782.282282282284,8431.992884823074,6284.026707755522,7830.204981527829,8896.396396396396,7569.162233896102,7472.57769652651,6999.70387291918,7370.1175578308685,6454.498389323515,6727.13529856387,5907.485389774218,5759.20245398773,5465.510366826157,5503.058103975535,5251.568489187822,5268.343815513627,5052.606092621941,5596.60449545672,4925.524384337395,5649.8015873015875,4867.7233859826,5850.159404888417,4762.421325435024,3785.2564102564115,3727.6859725118993
12,Age,0-2 Years,0.2976939203354298,0.5478517844964764,0.3385214007782101,0.5406992325496406,0.4770797962648557,0.5435105855696382,0.506631299734748,0.5452634434122194,0.5343007915567283,0.5463237718430597,0.5741687979539642,0.5439706576294453,0.5744920993227991,0.5485122061580229,0.6116625310173698,0.5440728159567982,0.6842751842751843,0.5398601090002427,0.6230661040787623,0.5406174484518621,0.5914127423822715,0.5405688483381436,0.5535211267605634,0.5284299122869234,0.5712270803949224,0.5306792579454485,0.5634146341463414,0.537271756021756,0.6421052631578947,0.5470185194379623,0.542713567839196,0.5067081678651927
13,Age,0-4 Years,0.0265177512946902,0.0410560088487774,0.0271556721791664,0.0420818720739854,0.0315681047018904,0.0429241305894045,0.0404975241688281,0.044113206543054,0.033859910581222,0.0449551586788678,0.0397126209198393,0.0451682212163969,0.0494555873925501,0.0454203559955169,0.0423991726990692,0.045376638858545,0.0436538674338829,0.0455484248199895,0.0371687507169897,0.0453526040368801,0.0369141193595342,0.0451965654091783,0.03876217324449,0.0448415927988704,0.0383804840666709,0.0443776522702378,0.0436917974231407,0.0442509760598566,0.0501012476321118,0.0440338149220979,0.0238914760072889,0.0400176122296851
14,Age,18-34 Years,0.4569164534847444,0.2720516049880636,0.45578812473302,0.2751838010561819,0.4623121667474552,0.2839780215639264,0.4638057062013676,0.2937872454640216,0.2119821162444113,0.305727332987868,0.4807942524183968,0.3058618588627659,0.4111747851002865,0.3066219589313914,0.4941490230229141,0.3056840821116546,0.480303197963926,0.3052043890961046,0.4523345187564529,0.3044161499051527,0.462707423580786,0.3034690431088777,0.4487442337262942,0.3032975760903671,0.4565425633820806,0.303876826740466,0.471361143002934,0.3034485355963694,0.5029721079103795,0.3029564563668388,0.5015185260174124,0.3214952885998148
15,Age,3-5 Years,0.7023060796645703,0.4521482155035235,0.6614785992217899,0.4593007674503593,0.5229202037351444,0.4564894144303618,0.493368700265252,0.4547365565877805,0.4656992084432718,0.4536762281569403,0.4258312020460358,0.4560293423705546,0.4255079006772009,0.4514877938419771,0.3883374689826303,0.4559271840432018,0.3157248157248157,0.4601398909997573,0.3769338959212377,0.4593825515481379,0.4085872576177285,0.4594311516618564,0.4464788732394366,0.4715700877130765,0.4287729196050776,0.4693207420545515,0.4365853658536585,0.4627282439782439,0.3578947368421052,0.4529814805620376,0.457286432160804,0.4932918321348073
16,Age,35-59 Years,0.2898858176826605,0.3571679565096113,0.2937084274119729,0.3582532487301127,0.2799321376635967,0.3555327627544171,0.2718108936571563,0.3533718894867573,0.3607153502235469,0.3441166739989114,0.2622051253040674,0.3477087189166407,0.2849283667621776,0.3498157591311249,0.2570619931421107,0.3530123918927381,0.2818413190217992,0.3570726313357319,0.2990707812320752,0.3598353198993224,0.2995633187772926,0.3612654748190046,0.3140056381342901,0.3645669909005334,0.3191136087872789,0.3666356963787091,0.3120295956116851,0.3702449251164367,0.3059638121366516,0.3732403935169017,0.2873051224944321,0.3578295244311752
17,Age,5-17 Years,0.0507892930679478,0.0956109919010985,0.0616342222493439,0.0950096245352536,0.0679835191468734,0.0925993527995892,0.0646663522754067,0.0923392494160466,0.1333532041728763,0.0893695890108821,0.058607229733552,0.0891075388026607,0.0896848137535816,0.0888260994267166,0.0551352528166331,0.0887436248895444,0.0485227398472944,0.089276704499908,0.0623494321440862,0.0887033409362156,0.0587481804949053,0.088993279990716,0.0563813429010763,0.0893044497176027,0.0503224982438214,0.0898952923094862,0.0517923204490368,0.0902896167317373,0.041413547586387,0.0908309342788169,0.0570290882094891,0.1041181461325835
18,Age,60 and older,0.1758906844699569,0.2341134377524491,0.1617135534264966,0.2294714536044663,0.1582040717401842,0.2249657322926627,0.1592195236972412,0.2163884090901202,0.2600894187779434,0.2158312453234706,0.1586807716241443,0.2121536622015356,0.164756446991404,0.2093158265152501,0.1512545583192728,0.2071832622475178,0.1456788757330972,0.2028978502482659,0.1490765171503957,0.201692585222429,0.1420669577874818,0.2010756366722233,0.1421066119938493,0.1979893904926263,0.1356408455201481,0.1952145323011006,0.1211251435132032,0.1917659464955999,0.0995492847344699,0.1889384009153445,0.1302557872713774,0.1765394286067413
19,Age,Under 18 Years,1184.0,112981.0,1402.0,114067.0,1583.0,114689.0,1693.0,117386.0,1519.0,116553.0,1650.0,116625.0,1664.0,116002.0,1691.0,115114.0,1566.0,113760.0,1662.0,111913.0,1565.0,110271.0,1411.0,108795.0,1363.0,107603.0,1482.0,106642.0,1401.0,105626.0,1199.0,111955.0
20,Age,Under 6 Years,477.0,39591.0,514.0,41045.0,589.0,42369.0,754.0,44241.0,758.0,45495.0,782.0,46622.0,886.0,46411.0,806.0,45924.0,814.0,45321.0,711.0,44279.0,722.0,42964.0,710.0,42297.0,709.0,41722.0,820.0,41184.0,855.0,40282.0,398.0,37268.0
21,Educational Attainment,College Degree or higher,0.7137069547602971,0.6037814737779744,0.7337612974068756,0.6015770791834534,0.739547404727854,0.5981580544247345,0.7404861281610606,0.5954773065649281,0.2404121794375145,0.5817083849870736,0.7482753088400449,0.5809853065788942,0.5452671362308882,0.5718184592579675,0.7271178565897476,0.5583391409602758,0.6916122946309252,0.5483582916944467,0.6600470130501743,0.5386867457615273,0.6377418544266689,0.5295800684635643,0.6628686942938528,0.5241250965981674,0.650889779185689,0.5198689199853714,0.6436903499469777,0.5138067991451463,0.6613173181057399,0.5124188366490302,0.5952630077047465,0.4497981722207769
22,Educational Attainment,High School or Less,0.1496455097906819,0.2226179457153548,0.1264464904130416,0.2249546945438751,0.117943972406831,0.2277040043832001,0.1242327522710532,0.2256737658772623,0.4486712636553808,0.2350681531009399,0.1375742018289748,0.2355443598360608,0.26928362824257,0.2375143509031986,0.1352021062412885,0.2434933793052855,0.1436993947016744,0.2497404280502513,0.1471994812353084,0.2564566535550907,0.1478348270374403,0.2634329941120096,0.1390241661306625,0.2697919788036021,0.1615578123544209,0.2777815204768412,0.1564638966547768,0.2867029253043871,0.1418726001772176,0.2866962090560432,0.1903357747550651,0.3267562373595388
23,Educational Attainment,Some College/Associate Degree,0.1366475354490209,0.1736005805066708,0.1397922121800827,0.1734682262726714,0.142508622865315,0.1741379411920654,0.135281119567886,0.1788489275578095,0.3109165569071047,0.1832234619119865,0.1141504893309802,0.1834703335850449,0.1854492355265418,0.1906671898388339,0.1376800371689639,0.1981674797344386,0.1646883106674003,0.2019012802553019,0.1927535057145173,0.204856600683382,0.2144233185358907,0.2069869374244261,0.1981071395754847,0.2060829245982304,0.18755240845989,0.2023495595377873,0.1998457533982454,0.1994902755504666,0.1968100817170424,0.2008849542949266,0.2144012175401883,0.2234455904196843
24,Employment,"6-17, Living with One Parent",170.0,20099.0,241.0,20175.0,249.0,19426.0,138.0,20458.0,136.0,20445.0,224.0,19973.0,152.0,20256.0,263.0,20087.0,391.0,19772.0,369.0,19777.0,308.0,19907.0,271.0,19719.0,275.0,20009.0,235.0,20335.0,206.0,20089.0,281.0,19204.0
25,Employment,"6-17, Living with One Parent, Parent Not in Labor Force",0.2,0.1659286531668242,0.0663900414937759,0.1765551425030979,0.072289156626506,0.1788839699371975,0.217391304347826,0.1864796167758334,0.25,0.1962827097089753,0.1294642857142857,0.1985680668903019,0.1578947368421052,0.1812302527646129,0.0950570342205323,0.165181460646189,0.1432225063938619,0.1608335019219097,0.1273712737127371,0.1700965768316731,0.2077922077922078,0.1591400010046717,0.0,0.1724732491505654,0.0,0.1948123344494977,0.0,0.1800835997049422,0.0,0.1810443526307929,0.4021352313167259,0.2812955634242866
26,Employment,"6-17, Living with One Parent, Parent in Labor Force",0.8,0.8340713468331757,0.933609958506224,0.8234448574969021,0.927710843373494,0.8211160300628024,0.782608695652174,0.8135203832241665,0.75,0.8037172902910247,0.8705357142857143,0.8014319331096981,0.8421052631578947,0.8187697472353871,0.9049429657794676,0.8348185393538109,0.8567774936061381,0.8391664980780902,0.8726287262872628,0.8299034231683269,0.7922077922077922,0.8408599989953283,1.0,0.8275267508494345,1.0,0.8051876655505023,1.0,0.8199164002950577,1.0,0.818955647369207,0.597864768683274,0.7187044365757134
27,Employment,"6-17, Living with Two Parents",494.0,49075.0,587.0,48594.0,668.0,48739.0,777.0,48247.0,607.0,46389.0,644.0,46832.0,626.0,46257.0,622.0,45768.0,361.0,45467.0,582.0,44455.0,535.0,43591.0,430.0,43379.0,379.0,42049.0,427.0,41463.0,340.0,41539.0,457.0,48312.0
28,Employment,"6-17, Living with Two Parents, One Parent in Labor Force",0.0445344129554655,0.2628018339276617,0.0885860306643952,0.251903527184426,0.1781437125748503,0.2531237817764008,0.2406692406692406,0.2552697577051422,0.2619439868204283,0.261117937442066,0.2577639751552795,0.2751323881106935,0.2348242811501597,0.2824869749443327,0.2459807073954984,0.2922128998426848,0.3047091412742382,0.2958849275298568,0.4054982817869416,0.3079743560904285,0.3775700934579439,0.299786653208231,0.413953488372093,0.2915927061481362,0.3245382585751979,0.2885918809008537,0.351288056206089,0.3013047777536599,0.2676470588235294,0.303762729001661,0.2735229759299781,0.3014571948998178
29,Employment,"6-17, Living with Two Parents, Parents Not in Labor Force",0.020242914979757,0.0145287824758023,0.0,0.0186854344157714,0.0,0.0172346580766942,0.0218790218790218,0.0200841503098638,0.0065897858319604,0.0181508547284916,0.0232919254658385,0.0196873932353946,0.060702875399361,0.0202347752772553,0.0739549839228295,0.0196206956825729,0.0581717451523545,0.018540919787978,0.0343642611683848,0.0182881565628163,0.0355140186915887,0.0207841068110389,0.0232558139534883,0.0210009451577952,0.0,0.0214036005612499,0.0,0.0210066806550418,0.0,0.0248681961530128,0.0,0.1003477396920019
30,Employment,"6-17, Living with Two Parents, Parents in Labor Force",0.9352226720647774,0.7226693835965359,0.9114139693356048,0.7294110383998025,0.8218562874251497,0.729641560146905,0.7374517374517374,0.7246460919849939,0.7314662273476112,0.7207312078294423,0.718944099378882,0.7051802186539119,0.7044728434504792,0.6972782497784119,0.680064308681672,0.6881664044747422,0.6371191135734072,0.685574152682165,0.5601374570446735,0.6737374873467551,0.5869158878504673,0.67942923998073,0.5627906976744186,0.6874063486940686,0.6754617414248021,0.6900045185378962,0.6487119437939111,0.6776885415912983,0.7323529411764705,0.671369074845326,0.7264770240700219,0.5981950654081801
31,Employment,Employed Residents,9842.0,475344.0,10150.0,483955.0,10174.0,496966.0,10084.0,511122.0,8677.0,500641.0,10239.0,522693.0,9611.0,514605.0,10652.0,504143.0,10305.0,487737.0,9918.0,477522.0,9678.0,465885.0,8849.0,456055.0,9077.0,449117.0,9150.0,446684.0,9281.0,443834.0,9418.0,427823.0
32,Employment,Managerial Professional,0.6954887218045113,0.636263421858696,0.6685714285714286,0.6344990753272515,0.6786907804206802,0.6206521170462366,0.6563863546211821,0.6037599633746933,0.3140486343206177,0.584368839148212,0.638831917179412,0.5758313197230497,0.4990115492664655,0.5636459031684495,0.6182876455125798,0.5504787332165675,0.6026200873362445,0.5458249015350486,0.5574712643678161,0.5345366286788881,0.5480471171729696,0.5232213958380287,0.5781444230986552,0.5170692131431516,0.5862068965517241,0.5124611181496136,0.5769398907103825,0.5045401223236113,0.5828035772007327,0.5047833198898687,0.5381184964960714,0.4833868211853968
33,Employment,Natural Resources,0.0071123755334281,0.0307777104581103,0.0096551724137931,0.029322974243473,0.0085512089640259,0.0278288655561949,0.0049583498611662,0.0286017819620364,0.0806730436786908,0.029214546950809,0.0125012208223459,0.0309416808719458,0.0510872958068879,0.0325375773651635,0.0091062711227938,0.0350297435449862,0.0087336244541484,0.0354781367827333,0.0215769308328292,0.0365072185155867,0.019942136805125,0.0367000440022752,0.0263306588315063,0.0406288715176897,0.027872645147075,0.0417508132624683,0.0349726775956284,0.0447967690806028,0.0395431526775131,0.0460577603338185,0.0219791887874283,0.042050100158243
34,Employment,Production Transport Materials,0.0354602723023775,0.0523683900501531,0.0253201970443349,0.0536682129536837,0.0231963829368979,0.0556396212215725,0.0258825862752875,0.0568063984723803,0.1280396450386078,0.0570708351892873,0.0320343783572614,0.058803159789781,0.0763708250962438,0.0599275172219469,0.0244085617724371,0.0545757850451161,0.0236778262979136,0.0526451755761814,0.0304496874369832,0.0536205661728674,0.030584831576772,0.0548161026862852,0.0228274381286021,0.0521801098551709,0.0288641621681172,0.0528949026645617,0.0287431693989071,0.056415721180969,0.0343712961965305,0.058440768395391,0.0414100658313867,0.0745331597412948
35,Employment,Sales and Office,0.1545417598049177,0.1501544144871924,0.1675862068965517,0.1525885671188437,0.1563790053076469,0.1615362016717441,0.1849464498214994,0.1689498788938844,0.2126310936959778,0.1773106876983707,0.2117394276784842,0.1802453830451144,0.2063260846946207,0.1825788711730356,0.2293466015771686,0.1954723163864221,0.2286268801552644,0.1998392576326995,0.2236337971365194,0.2054271845066824,0.2259764414135152,0.2118033420264657,0.217086676460617,0.2171952944272072,0.2105321141346259,0.2180166860751207,0.2204371584699453,0.220927993839045,0.2351039758646697,0.2243113416277256,0.2832873221490762,0.2555168843189824
36,Employment,Services,0.1073968705547653,0.130436063145848,0.1288669950738916,0.129921170356748,0.1331826223707489,0.1343431945042518,0.1278262594208647,0.1418819772970054,0.2646075832661058,0.1520350910133209,0.1048930559624963,0.154178456570109,0.1672042451357819,0.1613101310714043,0.1188509200150206,0.1644434218069079,0.1363415817564289,0.166212528473337,0.166868320225852,0.1699084021259753,0.1754494730316181,0.173459115446945,0.1556108034806193,0.1729265110567804,0.1465241819984576,0.1748764798482355,0.1389071038251366,0.1733193935757717,0.1081779980605538,0.166406809753196,0.1120195370566999,0.1434331487554432
37,Employment,"Under 6 Years, Living with One Parent",13.0,6580.0,0.0,6745.0,0.0,7242.0,0.0,7622.0,0.0,8015.0,42.0,8712.0,49.0,8972.0,48.0,9280.0,31.0,9061.0,60.0,9277.0,138.0,9251.0,288.0,9029.0,325.0,9269.0,360.0,9025.0,306.0,8317.0,71.0,8668.0
38,Employment,"Under 6 Years, Living with One Parent, Parent Not in Labor Force",1.0,0.2427051671732522,,0.2317272053372868,,0.2346037006351836,,0.2332721070585148,,0.2331877729257642,0.0,0.1887052341597796,0.0,0.1754346856888096,0.0,0.1479525862068965,0.0,0.1351947908619357,0.0,0.1384068125471596,0.0797101449275362,0.1318776348502864,0.0451388888888888,0.1348986598737401,0.0369230769230769,0.1807098931923616,0.0333333333333333,0.1905817174515235,0.0261437908496732,0.2776241433209089,0.4225352112676056,0.3289109367789571
39,Employment,"Under 6 Years, Living with One Parent, Parent in Labor Force",0.0,0.7572948328267477,,0.7682727946627131,,0.7653962993648163,,0.7667278929414851,,0.7668122270742358,1.0,0.8112947658402204,1.0,0.8245653143111904,1.0,0.8520474137931034,1.0,0.8648052091380642,1.0,0.8615931874528403,0.9202898550724636,0.8681223651497135,0.9548611111111112,0.8651013401262598,0.963076923076923,0.8192901068076384,0.9666666666666668,0.8094182825484765,0.9738562091503268,0.722375856679091,0.5774647887323944,0.6710890632210429
40,Employment,"Under 6 Years, Living with Two Parents",464.0,31178.0,514.0,32695.0,589.0,33144.0,754.0,34687.0,751.0,35920.0,732.0,36371.0,826.0,36135.0,748.0,35287.0,774.0,34710.0,651.0,33503.0,584.0,32018.0,408.0,31593.0,371.0,30861.0,446.0,30505.0,523.0,30522.0,311.0,25388.0
41,Employment,"Under 6 Years, Living with Two Parents, One Parent in Labor Force",0.2887931034482758,0.2492783372891141,0.1984435797665369,0.249365346383239,0.2156196943972835,0.2557325609461742,0.3156498673740053,0.2829878628881137,0.2982689747003995,0.2931514476614699,0.3920765027322404,0.2815154931126447,0.3547215496368038,0.2911304829113048,0.4064171122994652,0.3134015359764219,0.3527131782945736,0.3202823393834629,0.2980030721966206,0.3241799241858938,0.3561643835616438,0.3401836466987319,0.3455882352941176,0.3268445541733928,0.3315363881401617,0.3272739055766177,0.3878923766816143,0.3348631371906245,0.3690248565965583,0.3595111722691829,0.472668810289389,0.370174885772806
42,Employment,"Under 6 Years, Living with Two Parents, Parents Not in Labor Force",0.0,0.0162614664186285,0.0,0.0166386297599021,0.0,0.0095341539946898,0.0,0.009484821402831,0.0,0.0053452115812917,0.0,0.0075884633361744,0.0,0.0085789400857894,0.0,0.0100036840762887,0.0,0.01120714491501,0.0,0.0139688983076142,0.0,0.0153663564245112,0.0,0.0175671826037413,0.0,0.0194420141926703,0.0,0.024356662842157,0.0,0.0238844112443483,0.0578778135048231,0.0863793918386639
43,Employment,"Under 6 Years, Living with Two Parents, Parents in Labor Force",0.7112068965517241,0.7344601962922573,0.8015564202334631,0.7339960238568588,0.7843803056027164,0.7347332850591359,0.6843501326259946,0.7075273157090552,0.7017310252996005,0.7015033407572383,0.6079234972677595,0.7108960435511809,0.6452784503631961,0.7002905770029058,0.5935828877005348,0.6765947799472893,0.6472868217054264,0.668510515701527,0.7019969278033794,0.6618511775064919,0.6438356164383562,0.6444499968767569,0.6544117647058824,0.6555882632228658,0.6684636118598383,0.6532840802307119,0.6121076233183856,0.6407801999672185,0.6309751434034416,0.6166044164864688,0.4694533762057878,0.5434457223885301
44,Employment,Unemployment Rate,0.0561701316040434,0.0608135844766881,0.049776702642352,0.0562046654080624,0.0315088053307948,0.0535574280864409,0.0406241080772524,0.0528643499003607,0.0620473462328396,0.0473714538922793,0.0696892604034163,0.0421464851369989,0.080726924916308,0.0467561898167262,0.0806145347833592,0.0542882955154614,0.0814689366253676,0.0616593070488925,0.083956774729842,0.0674995414830973,0.0742299598239908,0.0756142580428994,0.0683301747736365,0.0824785173449569,0.0696935533463154,0.0804399877212729,0.0652773521299417,0.0751930879380297,0.0591991890522047,0.0714463457119018,0.0574459567654123,0.0459336392752786
45,Employment,Worked in place of residence,0.8376146788990826,0.8253169561041847,0.8562636489974191,0.823000162549794,0.8585122316525212,0.8150015822719782,0.8627529956701239,0.8033030688796547,0.8411735941320293,0.787710045863901,0.8251832513304549,0.7662421676810082,0.8078021869766525,0.763732761445209,0.778063410454156,0.758829095879553,0.7496790757381258,0.75375162546046,0.7538604076590488,0.7547692840780026,0.7551106427818757,0.7585445293737045,0.7665709362435382,0.7619994669640917,0.7812852311161218,0.7654151647580465,0.8150829898629832,0.7678917094340922,0.8166292134831461,0.7633115045678713,0.7954545454545454,0.7693386500634328
46,Employment,Worked outside place of residence,0.1623853211009174,0.1746830438958153,0.1437363510025809,0.1769998374502059,0.1414877683474787,0.1849984177280218,0.1372470043298761,0.1966969311203452,0.1588264058679706,0.2122899541360989,0.1748167486695451,0.2337578323189918,0.1921978130233474,0.236267238554791,0.221936589545844,0.2411709041204469,0.2503209242618742,0.24624837453954,0.2461395923409512,0.2452307159219974,0.2448893572181243,0.2414554706262954,0.2334290637564618,0.2380005330359082,0.2187147688838782,0.2345848352419535,0.1849170101370168,0.2321082905659077,0.1833707865168539,0.2366884954321287,0.2045454545454545,0.2306613499365671
47,Households,Average Family Household Size,2.670760697305864,3.1319983337300643,2.678334561532793,3.144151117308533,2.7997685185185186,3.2018118894912773,2.928515928515929,3.2615402697381954,4.004326663061114,3.28706601556316,2.871604019352437,3.2517095916023706,3.607254970352285,3.268945126068028,2.844404332129964,3.289369891655579,2.759970728137578,3.2672108135580915,2.8635312259059367,3.2838383338079966,2.9168032786885245,3.298934193677973,2.714654061022776,3.2995935115235646,2.829629629629629,3.334838052183911,2.942604856512141,3.339890688687735,2.9431321084864392,3.344840920606982,2.769890424011434,3.3800225564931448
48,Households,Average Household Size,2.1310980454473225,2.209471781902731,2.193866200540283,2.237901330812144,2.2846667752973766,2.2943849561823813,2.3132081579799286,2.3444979393966285,3.314564265817748,2.3684053111240844,2.284925890886156,2.359117045903988,2.8954275169161368,2.362153216954271,2.284767190872649,2.352446654005139,2.234130634774609,2.326626108742424,2.222325150532654,2.3229749890800586,2.221082089552239,2.320853188109825,2.065413050466088,2.3119669277632724,2.107474352711285,2.314770502501632,2.133673973957475,2.3034212201512974,2.1773324351633545,2.304953708122554,2.072780678851175,2.2949552827042594
49,Households,Family Households,0.4010805657079294,0.4629277618913811,0.4312728428412521,0.4678741837925105,0.4223562000977676,0.4703304028998791,0.4166396892198122,0.4719280924304026,0.7357739753282929,0.4723127316858534,0.423683380637023,0.479277241058859,0.5878613901988927,0.478662290843646,0.4270736971939562,0.4702044464305664,0.4190432382704692,0.4642084744715392,0.4004940558900726,0.4581213162925523,0.3793532338308458,0.4576034099950309,0.37399549983928,0.4539077458659704,0.3737176355642403,0.4499820682113482,0.3733311356518872,0.4474618425143229,0.3849781071067699,0.4473728166459864,0.3425261096605744,0.4462210095497954
50,Households,Households,6293.0,362994.0,6293.0,361734.0,6137.0,360015.0,6178.0,360574.0,5026.0,347723.0,6342.0,361559.0,4877.0,358942.0,6486.0,358040.0,6522.0,356034.0,6477.0,352566.0,6432.0,348153.0,6222.0,344700.0,6141.0,340178.0,6067.0,337745.0,5938.0,335264.0,6128.0,329850.0
51,Households,"Households with 60 years and older, % of Total (DEC, 65 years and older)",0.3114571746384872,0.3636754326517794,0.2930239949149849,0.3620035716852715,0.3003095975232198,0.3581128564087607,0.3156361281968274,0.3537359876197396,0.5382013529645842,0.3558723466667433,0.3098391674550615,0.3504075406780083,0.3418084888250974,0.3465239509447209,0.2920135676842429,0.3435649648084013,0.2632628028212205,0.3372374548498177,0.2530492511965416,0.3331659887794058,0.2422263681592039,0.3313887859647913,0.2414014786242365,0.3244067304902814,0.2255333007653476,0.3196943952871732,0.2071864183286632,0.3131090023538468,0.1695857190973391,0.3084285816550539,0.2320496083550914,0.3122601182355616
52,Households,"Households with Children, % of Total",0.1198156682027649,0.1813693890257139,0.1455585571269664,0.1835188287526193,0.1652273097604693,0.1840395539074761,0.1519909355778569,0.1862308430447009,0.2745722244329486,0.1853199241925325,0.1543677073478398,0.1872280872554687,0.2386713143325815,0.1872252341603936,0.169750231267345,0.1849988828063903,0.1740263722784422,0.1852800575225961,0.1756986259070557,0.1858971086264699,0.1705534825870646,0.1885119473334999,0.1475409836065573,0.1874963736582535,0.1408565380231232,0.1873430968492965,0.1486731498269325,0.1865963966898103,0.1522398113843044,0.1864709601985301,0.1026436031331592,0.1723874488403819
53,Households,Living in Group Quarters,2616.0,26112.0,2581.0,24801.0,2483.0,23183.0,2673.0,19002.0,116.0,19758.0,3186.0,20176.0,982.0,99313.0,1731.0,100859.0,1735.0,101563.0,1674.0,101403.0,1705.0,99865.0,1711.0,98556.0,1712.0,97294.0,0.0,0.0,0.0,0.0,2115.0,19742.0
54,Households,Non-Family Households,0.5989194342920705,0.5370722381086189,0.5687271571587478,0.5321258162074894,0.5776437999022324,0.5296695971001208,0.5833603107801878,0.5280719075695973,0.2642260246717071,0.5276872683141466,0.576316619362977,0.520722758941141,0.4121386098011072,0.5213377091563539,0.5729263028060438,0.5297955535694335,0.5809567617295308,0.5357915255284608,0.5995059441099274,0.5418786837074476,0.6206467661691543,0.5423965900049691,0.6260045001607201,0.5460922541340296,0.6262823644357597,0.5500179317886518,0.6266688643481128,0.552538157485677,0.6150218928932301,0.5526271833540135,0.6574738903394256,0.5537789904502046
55,Households,"Single Person Households, % of Total",0.3508660416335611,0.3880752849909364,0.3249642459876052,0.3795468493423344,0.3139970669708326,0.370431787564407,0.3381353188734218,0.3656974712541669,0.2037405491444488,0.3628462885687745,0.3273415326395459,0.3559889257354954,0.2216526553208939,0.3597628586233987,0.335800185013876,0.3665847391352921,0.3351732597362772,0.3708775004634388,0.359734444959086,0.3779462568710539,0.3627176616915423,0.3823635011043995,0.3878174220507875,0.3869567740063823,0.4022146230255659,0.3940848614548853,0.3942640514257458,0.4006306533035278,0.3762209498147524,0.4016058986351055,0.3653720626631854,0.3861755343337881
56,Housing,Median Year Moved In Owner,2011.5806451612905,2007.6477461846248,2010.6479250334671,2006.3591026631293,2010.26075619296,2005.251952191235,2002.2033898305085,2005.4737919483905,1996.6869565217391,2003.1260388697096,2006.307839388145,2007.0089461238213,2003.0926594464504,2001.7370067504528,2009.6676829268288,2009.146091310434,2001.742700729927,2000.187938712356,2001.2820512820515,1999.6412538848176,2009.1437908496728,2000.6779985725557,2000.4184704184704,1997.5284754672896,2001.0274790919952,1997.1416645945085,2002.4306049822064,1993.848383462497,2001.3516483516485,1995.6842698438252,1990.879446640316,1987.6388952189964
57,Housing,Median Year Moved In Renter,2016.7096774193549,2015.9938834595152,2017.0592734225625,2016.5115832671431,2014.651226158038,2014.5253318985476,2011.5106382978724,2011.535989556136,2011.144781144781,2013.023803462322,2012.6650631389057,2012.8029277571784,2011.028311965812,2011.2591798383655,2014.586835844568,2014.2607703428332,2010.7795166402536,2010.163989518698,2010.1771814829988,2008.6635687491075,2010.4639273769708,2010.36722362394,2005.7533077251387,2005.421611492817,2004.08937920718,2004.352184865961,2005.690232938292,2005.622983870968,2005.003373493976,2004.8217412659092,1996.3011904761904,1996.148247771288
58,Housing,Median Year Structure Built,1939.0,1945.566896353718,1939.0,1945.1754582655976,1939.0,1944.5780497258984,1939.0,1944.236438679245,1941.3294117647056,1945.37322767794,1939.0,1943.4359038418831,1941.4867617107943,1942.3594918609767,1939.0,1942.047870171528,1939.0,1941.6269704596637,1939.0,1941.7023507482008,1940.0,1949.2994290710835,1939.0,1941.2592200959407,1939.0,1941.074692243788,1939.0,1948.3707559981888,1939.0,1939.0,1939.0,1940.100117657312
59,Housing,"Overcrowding, Renter Occupied Housing",0.0336053768602976,0.0734325271237664,0.0542372881355932,0.0787509157344527,0.0519385515727871,0.0820756891618869,0.0481986368062317,0.082845229599508,0.1478463329452852,0.0810068776808164,0.0476080956761729,0.0811220554467032,0.0620900743331875,0.0790011969201636,0.0376786487656994,0.0744354303381849,0.0310891496808729,0.0737345626872705,0.0203108808290155,0.0743386762815936,0.0189873417721519,0.0740940461031634,0.0115830115830115,0.0721038566434206,0.0089106705279572,0.0716439754459395,0.0115446779034864,0.0702590000517717,0.0096711798839458,0.06915216052771,0.0596498811324832,0.1382092963593535
60,Housing,Owner Occupied,0.3379945971714603,0.3819677460233502,0.3437152391546162,0.38490990617415,0.3317581880397588,0.3854506062247406,0.3350598899320168,0.3820935508383855,0.6581774771189813,0.3778035965409248,0.3144118574582151,0.3760741677015369,0.5310641787984417,0.3762000546049222,0.2880049337033611,0.3730784269913976,0.2552897884084636,0.3682007898122089,0.2550563532499614,0.3643856753061838,0.2384950248756218,0.366143620764434,0.2507232401157184,0.3660226283724978,0.2690115616349128,0.3693095967405299,0.2861381242788858,0.3709129668832995,0.3034691815426069,0.3750924644459292,0.2449412532637075,0.3497573551713679
61,Housing,Post 1979 All and Pre 1979 Single Family Renter Occupied by Year Structure Built by Units in Structure,683.0,82164.0,711.0,77998.0,719.0,73992.0,790.0,73349.0,1449.0,69953.0,941.0,70573.0,986.0,68451.0,927.0,67616.0,876.0,65448.0,820.0,65701.0,2405.0,114951.0,2332.0,114749.0,2245.0,113799.0,2104.0,113725.0,1940.0,111672.0,532.0,42099.0
62,Housing,Pre 1980 MultiFamily Renter Occupied by Year Structure Built by Units in Structure,3483.0,141862.0,3419.0,144178.0,3382.0,146950.0,3318.0,149184.0,269.0,146145.0,3407.0,154965.0,1301.0,155386.0,3691.0,156751.0,3981.0,159388.0,4005.0,158259.0,2279.0,90725.0,2115.0,89862.0,2069.0,88408.0,2056.0,87105.0,2050.0,88150.0,4095.0,172030.0
63,Housing,Renter Occupied,0.6620054028285397,0.6180322539766497,0.6562847608453838,0.6150900938258499,0.6682418119602411,0.6145493937752594,0.6649401100679831,0.6179064491616145,0.3418225228810187,0.6221964034590752,0.6855881425417849,0.623925832298463,0.4689358212015583,0.6237999453950778,0.7119950662966389,0.6269215730086024,0.7447102115915364,0.6317992101877911,0.7449436467500385,0.6356143246938162,0.7615049751243781,0.6338563792355659,0.7492767598842816,0.6339773716275022,0.7309884383650871,0.63069040325947,0.7138618757211143,0.6290870331167004,0.6965308184573931,0.6249075355540709,0.7550587467362925,0.6502426448286321
64,Housing,Total Number of Units,6918.0,413571.0,6895.0,410552.0,6784.0,407284.0,6812.0,403943.0,5207.0,382814.0,6900.0,396851.0,5178.0,393098.0,6929.0,389511.0,6933.0,385944.0,6835.0,382915.0,6791.0,379773.0,6631.0,377499.0,6630.0,375132.0,6581.0,374229.0,6643.0,371781.0,6378.0,346527.0
65,Housing,Total Vacant Units,625.0,50577.0,602.0,48818.0,647.0,47269.0,634.0,43369.0,181.0,35091.0,558.0,35292.0,301.0,34156.0,443.0,31471.0,411.0,29910.0,358.0,30349.0,359.0,31620.0,409.0,32799.0,489.0,34954.0,514.0,36484.0,705.0,36517.0,250.0,16827.0
66,Housing,Vacancy Rate,0.0903440300664932,0.1222933909776072,0.0873096446700507,0.1189082016407178,0.0953714622641509,0.1160590644366093,0.0930710510863182,0.1073641578143451,0.0347608987900902,0.0916659265335123,0.0808695652173913,0.0889301022298041,0.0581305523368095,0.0868892744302947,0.0639341896377543,0.0807961777716162,0.0592816962353959,0.077498289907344,0.0523774689100219,0.0792577987281772,0.0528640848181416,0.0832602633678539,0.0616799879354546,0.0868849983708566,0.0737556561085972,0.0931778680571105,0.0781036316669199,0.0974911083855072,0.1061267499623664,0.0982218026203598,0.0391972405142677,0.0485589867456215
67,Housing Prices,Contract Rent 100 to 149,0.0,735.0,0.0,669.0,0.0,561.0,0.0,710.0,0.0,848.0,0.0,795.0,0.0,762.0,0.0,965.0,69.0,1047.0,71.0,1198.0,69.0,1115.0,55.0,1235.0,45.0,1291.0,0.0,1188.0,0.0,1189.0,62.0,2218.0
68,Housing Prices,Contract Rent 1000 to 1249,209.0,12360.0,245.0,12735.0,260.0,13883.0,381.0,15685.0,248.0,16005.0,299.0,17491.0,113.0,18314.0,368.0,20972.0,305.0,22300.0,375.0,23989.0,402.0,24438.0,460.0,25594.0,510.0,25189.0,681.0,26334.0,630.0,27887.0,831.0,29768.0
69,Housing Prices,Contract Rent 1250 to 1499,141.0,11850.0,378.0,12425.0,396.0,13053.0,467.0,15334.0,138.0,14963.0,325.0,17640.0,129.0,19616.0,352.0,19477.0,438.0,21110.0,535.0,22981.0,645.0,23214.0,516.0,23799.0,595.0,25427.0,471.0,25043.0,604.0,24253.0,489.0,17994.0
70,Housing Prices,Contract Rent 150 to 199,13.0,1248.0,14.0,1131.0,0.0,1144.0,0.0,1263.0,68.0,1219.0,0.0,1059.0,0.0,880.0,0.0,811.0,0.0,898.0,0.0,1082.0,0.0,1157.0,0.0,1037.0,0.0,988.0,0.0,959.0,0.0,834.0,23.0,6640.0
71,Housing Prices,Contract Rent 1500 to 1999,616.0,27125.0,484.0,27134.0,493.0,28583.0,526.0,31884.0,482.0,31616.0,793.0,34159.0,497.0,35576.0,1025.0,38851.0,1089.0,42047.0,1411.0,43104.0,1409.0,44214.0,1454.0,44733.0,1093.0,43113.0,1137.0,43130.0,976.0,40401.0,458.0,23743.0
72,Housing Prices,Contract Rent 200 to 249,0.0,1262.0,0.0,1483.0,83.0,2141.0,114.0,2304.0,23.0,3011.0,145.0,3326.0,0.0,3487.0,104.0,3469.0,101.0,3989.0,93.0,3926.0,88.0,3442.0,102.0,4052.0,92.0,4233.0,138.0,3905.0,142.0,4157.0,35.0,4167.0
73,Housing Prices,"Contract Rent 2000 to 2499 (Contract Rent 2000 or more, DEC2000 and ACS2009-2014)",681.0,30319.0,595.0,29598.0,522.0,30033.0,412.0,28406.0,100.0,27086.0,525.0,29234.0,410.0,29473.0,766.0,28761.0,888.0,28746.0,653.0,28844.0,1160.0,60838.0,880.0,54800.0,828.0,49997.0,655.0,43369.0,665.0,38455.0,388.0,14053.0
74,Housing Prices,Contract Rent 250 to 299,17.0,2653.0,12.0,3199.0,45.0,4040.0,34.0,6816.0,0.0,6796.0,89.0,6530.0,0.0,6214.0,6.0,6238.0,28.0,5584.0,30.0,5431.0,20.0,5289.0,15.0,4617.0,13.0,4912.0,0.0,5107.0,0.0,4943.0,29.0,3338.0
75,Housing Prices,Contract Rent 2500 to 2999 (ACS2015-),582.0,22846.0,586.0,23891.0,599.0,23653.0,565.0,24685.0,78.0,24242.0,557.0,25265.0,271.0,24192.0,495.0,22868.0,418.0,20913.0,274.0,17655.0,78.0,5684.0,78.0,5764.0,111.0,5769.0,107.0,5919.0,108.0,6063.0,,
76,Housing Prices,Contract Rent 300 to 349,0.0,5250.0,0.0,5449.0,26.0,5715.0,21.0,3379.0,33.0,3005.0,45.0,2602.0,0.0,2405.0,47.0,2698.0,37.0,2768.0,20.0,2640.0,0.0,2310.0,0.0,2483.0,0.0,2392.0,0.0,2351.0,0.0,3015.0,71.0,5346.0
77,Housing Prices,Contract Rent 3000 to 3499 (ACS2015-),352.0,23443.0,382.0,21301.0,306.0,21499.0,296.0,22343.0,223.0,21710.0,534.0,21726.0,293.0,19059.0,399.0,16228.0,443.0,13638.0,270.0,11377.0,0.0,0.0,0.0,0.0,0.0,0.0,0.0,0.0,0.0,0.0,,
78,Housing Prices,Contract Rent 350 to 399,0.0,2168.0,39.0,2685.0,0.0,1786.0,0.0,1491.0,12.0,1795.0,0.0,2458.0,0.0,2398.0,20.0,2479.0,30.0,2277.0,32.0,2357.0,26.0,2308.0,8.0,2073.0,10.0,2135.0,0.0,2003.0,0.0,1992.0,43.0,5235.0
79,Housing Prices,Contract Rent 3500 or more (ACS2015-),1131.0,54106.0,999.0,51935.0,964.0,46454.0,755.0,35189.0,13.0,27172.0,399.0,21699.0,202.0,17755.0,431.0,14008.0,204.0,10639.0,115.0,8074.0,0.0,0.0,0.0,0.0,0.0,0.0,0.0,0.0,0.0,0.0,,
80,Housing Prices,Contract Rent 400 to 449,0.0,1585.0,0.0,1400.0,0.0,1212.0,42.0,2155.0,8.0,2320.0,47.0,2476.0,0.0,3090.0,35.0,4110.0,33.0,4150.0,37.0,4019.0,48.0,4073.0,32.0,3501.0,58.0,3185.0,30.0,3064.0,29.0,3259.0,103.0,5503.0
81,Housing Prices,Contract Rent 500 to 549,8.0,1258.0,30.0,1460.0,83.0,1687.0,78.0,2081.0,74.0,2161.0,27.0,2627.0,0.0,2418.0,0.0,2233.0,0.0,2209.0,0.0,2307.0,11.0,2353.0,21.0,2688.0,16.0,3496.0,63.0,4026.0,54.0,4323.0,139.0,5711.0
82,Housing Prices,Contract Rent 550 to 599,53.0,2419.0,30.0,2363.0,26.0,1747.0,26.0,2690.0,13.0,3590.0,64.0,4301.0,70.0,4313.0,43.0,4226.0,64.0,4420.0,57.0,4412.0,43.0,4282.0,90.0,4787.0,78.0,5226.0,30.0,4891.0,94.0,4718.0,64.0,8537.0
83,Housing Prices,Contract Rent 600 to 649,0.0,1843.0,6.0,2304.0,12.0,2531.0,0.0,2173.0,0.0,1783.0,0.0,2201.0,45.0,2096.0,22.0,2260.0,23.0,2602.0,17.0,2951.0,24.0,2960.0,10.0,3458.0,9.0,3042.0,30.0,3149.0,46.0,3226.0,86.0,6972.0
84,Housing Prices,Contract Rent 650 to 699,0.0,1902.0,0.0,1485.0,0.0,1653.0,0.0,2130.0,11.0,2732.0,21.0,3097.0,0.0,3068.0,0.0,3347.0,0.0,3600.0,10.0,3924.0,8.0,3730.0,62.0,3853.0,73.0,4307.0,88.0,4354.0,87.0,4837.0,183.0,9456.0
85,Housing Prices,Contract Rent 700 to 749,15.0,1346.0,0.0,1294.0,0.0,1477.0,6.0,1778.0,0.0,1317.0,0.0,1934.0,0.0,2353.0,32.0,2499.0,84.0,2715.0,75.0,2941.0,117.0,3324.0,52.0,3669.0,46.0,3191.0,91.0,3798.0,40.0,3340.0,169.0,8024.0
86,Housing Prices,Contract Rent 750 to 749,34.0,1231.0,25.0,1843.0,3.0,2128.0,0.0,1856.0,0.0,2719.0,62.0,3140.0,0.0,2883.0,122.0,3171.0,139.0,3493.0,149.0,3794.0,134.0,3669.0,125.0,3703.0,183.0,4732.0,111.0,4357.0,153.0,5126.0,224.0,8938.0
87,Housing Prices,Contract Rent 750 to 799,40.0,1971.0,37.0,1628.0,24.0,1410.0,22.0,2216.0,0.0,1943.0,72.0,2186.0,11.0,2598.0,31.0,2683.0,57.0,3147.0,21.0,2939.0,69.0,3463.0,162.0,3307.0,150.0,2749.0,121.0,3763.0,59.0,4187.0,160.0,8550.0
88,Housing Prices,Contract Rent 800 to 899,63.0,3330.0,58.0,3236.0,62.0,3578.0,119.0,5227.0,12.0,6009.0,143.0,6448.0,120.0,6990.0,117.0,8196.0,138.0,8259.0,233.0,8930.0,312.0,9029.0,346.0,9095.0,342.0,8873.0,323.0,10206.0,267.0,10955.0,445.0,18041.0
89,Housing Prices,Contract Rent 900 to 999,48.0,4376.0,65.0,4635.0,72.0,5326.0,103.0,5184.0,145.0,6380.0,173.0,7088.0,96.0,7599.0,154.0,7175.0,171.0,7452.0,262.0,8051.0,235.0,8357.0,194.0,8953.0,237.0,9207.0,242.0,10760.0,170.0,11497.0,534.0,16283.0
90,Housing Prices,Contract Rent Less than 100,17.0,1142.0,13.0,951.0,0.0,653.0,0.0,705.0,0.0,907.0,0.0,903.0,0.0,1057.0,0.0,1232.0,0.0,1465.0,0.0,1505.0,0.0,1430.0,0.0,1331.0,0.0,1093.0,13.0,795.0,12.0,852.0,0.0,1385.0
91,Housing Prices,Contract Rent Total,4166.0,224342.0,4130.0,222499.0,4101.0,221247.0,4108.0,222801.0,1718.0,216352.0,4348.0,225586.0,2287.0,223908.0,4618.0,224463.0,4857.0,224942.0,4825.0,224096.0,4898.0,220679.0,4662.0,218532.0,4489.0,214547.0,4331.0,212471.0,4136.0,209509.0,4627.0,214198.0
92,Housing Prices,Contract Rent Total No cash Rent (ACS2015-),146.0,6574.0,132.0,6265.0,125.0,5300.0,141.0,5117.0,37.0,5023.0,28.0,5201.0,30.0,5312.0,49.0,5506.0,98.0,5474.0,85.0,5665.0,0.0,0.0,0.0,0.0,0.0,0.0,0.0,0.0,0.0,0.0,91.0,4296.0
93,Housing Prices,"Contract Rent Total No cash Rent (No cash rent, DEC2000 and ACS2009-2014)",582.0,22846.0,586.0,23891.0,599.0,23653.0,565.0,24685.0,78.0,24242.0,557.0,25265.0,271.0,24192.0,495.0,22868.0,418.0,20913.0,274.0,17655.0,78.0,5684.0,78.0,5764.0,111.0,5769.0,107.0,5919.0,108.0,6063.0,91.0,4296.0
94,Housing Prices,Contract Rent Total With cash Rent,4020.0,217768.0,3998.0,216234.0,3976.0,215947.0,3967.0,217684.0,1681.0,211329.0,4320.0,220385.0,2257.0,218596.0,4569.0,218957.0,4759.0,219468.0,4740.0,218431.0,4820.0,214995.0,4584.0,212768.0,4378.0,208778.0,4224.0,206552.0,4028.0,203446.0,4536.0,209902.0
95,Housing Prices,Extremely Rent Burdened,0.2069131060969755,0.188364193953874,0.1709443099273608,0.1762300055281147,0.1528895391367959,0.1729740968239117,0.1672346640701071,0.1710943846751136,0.2223515715948777,0.1711285312823546,0.1453541858325667,0.1712694936742528,0.1753388718845649,0.1823114850742269,0.1844954525768731,0.189639272396787,0.2065060737080502,0.2033368601683989,0.1970984455958549,0.2083660574039697,0.1994691710902409,0.2156344736019285,0.2192192192192192,0.2184851646440795,0.2256627311205168,0.221047136524864,0.180327868852459,0.2104240108061806,0.1813346228239845,0.2075137583588294,0.1614437000216122,0.1636709959943603
96,Housing Prices,Home Value 10000 to 14999 ,0.0,212.0,0.0,183.0,21.0,205.0,30.0,175.0,0.0,144.0,20.0,79.0,15.0,98.0,0.0,82.0,0.0,59.0,0.0,74.0,0.0,76.0,0.0,71.0,0.0,59.0,0.0,74.0,0.0,45.0,0.0,62.0
97,Housing Prices,Home Value 100000 to 124999,10.0,786.0,0.0,984.0,0.0,893.0,0.0,644.0,8.0,582.0,0.0,462.0,0.0,422.0,0.0,524.0,0.0,482.0,0.0,477.0,0.0,560.0,0.0,706.0,0.0,668.0,0.0,667.0,0.0,726.0,5.0,663.0
98,Housing Prices,"Home Value 1000000 to 1499999 (1000000 or more, DEC2000 and ACS2009-2014)",513.0,44558.0,620.0,46265.0,697.0,46445.0,661.0,43297.0,1371.0,41084.0,566.0,37869.0,531.0,33886.0,610.0,29448.0,540.0,25127.0,434.0,20784.0,506.0,33662.0,499.0,30888.0,494.0,30973.0,541.0,32270.0,601.0,33403.0,63.0,9895.0
99,Housing Prices,Home Value 125000 to 149999,0.0,376.0,0.0,182.0,0.0,99.0,0.0,153.0,0.0,98.0,0.0,59.0,12.0,74.0,0.0,102.0,0.0,122.0,0.0,166.0,0.0,211.0,0.0,247.0,0.0,189.0,0.0,159.0,0.0,149.0,0.0,708.0
100,Housing Prices,Home Value 15000 to 19999 ,0.0,71.0,0.0,103.0,0.0,88.0,0.0,54.0,0.0,89.0,0.0,49.0,0.0,54.0,0.0,51.0,0.0,46.0,0.0,29.0,0.0,187.0,0.0,159.0,0.0,198.0,0.0,191.0,0.0,158.0,0.0,117.0
101,Housing Prices,Home Value 150000 to 174999,0.0,434.0,0.0,319.0,0.0,333.0,0.0,265.0,0.0,197.0,0.0,307.0,6.0,463.0,0.0,490.0,0.0,440.0,0.0,438.0,0.0,484.0,0.0,485.0,0.0,405.0,0.0,503.0,0.0,536.0,0.0,1269.0
102,Housing Prices,Home Value 1500000 to 1999999 (ACS2015-),593.0,29091.0,500.0,28389.0,462.0,28361.0,456.0,24715.0,149.0,20876.0,401.0,19365.0,203.0,15807.0,304.0,12388.0,146.0,9489.0,148.0,7792.0,0.0,0.0,0.0,0.0,0.0,0.0,0.0,0.0,0.0,0.0,,
103,Housing Prices,Home Value 175000 to 199999,0.0,106.0,0.0,160.0,0.0,84.0,0.0,59.0,0.0,50.0,0.0,104.0,0.0,184.0,0.0,187.0,0.0,288.0,0.0,337.0,0.0,418.0,0.0,309.0,0.0,401.0,0.0,318.0,0.0,361.0,9.0,2042.0
104,Housing Prices,Home Value 20000 to 24999 ,0.0,103.0,0.0,76.0,0.0,8.0,0.0,28.0,0.0,47.0,0.0,25.0,9.0,18.0,0.0,39.0,0.0,37.0,0.0,23.0,0.0,26.0,0.0,29.0,0.0,139.0,0.0,143.0,0.0,142.0,5.0,411.0
105,Housing Prices,Home Value 200000 to 249999,0.0,573.0,0.0,506.0,0.0,556.0,0.0,627.0,0.0,537.0,0.0,756.0,16.0,731.0,18.0,877.0,15.0,1051.0,11.0,1321.0,9.0,1541.0,8.0,1595.0,0.0,1551.0,0.0,1776.0,9.0,1667.0,21.0,6734.0
106,Housing Prices,Home Value 2000000 or more (ACS2015-),484.0,33698.0,503.0,33776.0,463.0,30680.0,357.0,24626.0,6.0,20385.0,389.0,21444.0,156.0,18798.0,223.0,15408.0,214.0,12454.0,131.0,10149.0,0.0,0.0,0.0,0.0,0.0,0.0,0.0,0.0,0.0,0.0,,
107,Housing Prices,Home Value 25000 to 29999 ,0.0,11.0,0.0,27.0,0.0,71.0,0.0,82.0,0.0,75.0,0.0,59.0,0.0,49.0,0.0,68.0,0.0,7.0,0.0,12.0,0.0,9.0,0.0,26.0,0.0,19.0,0.0,51.0,0.0,74.0,0.0,777.0
108,Housing Prices,Home Value 250000 to 299999,0.0,419.0,0.0,480.0,0.0,426.0,0.0,749.0,8.0,833.0,0.0,799.0,0.0,1039.0,0.0,977.0,0.0,1075.0,0.0,1169.0,22.0,1519.0,30.0,1456.0,32.0,1495.0,32.0,1421.0,48.0,1463.0,48.0,10611.0
109,Housing Prices,Home Value 30000 to 34999 ,0.0,8.0,0.0,12.0,0.0,0.0,0.0,0.0,0.0,0.0,0.0,10.0,0.0,34.0,0.0,38.0,0.0,64.0,0.0,84.0,0.0,77.0,0.0,58.0,0.0,45.0,0.0,45.0,0.0,21.0,0.0,955.0
110,Housing Prices,Home Value 300000 to 399999,2.0,1602.0,0.0,1818.0,0.0,2252.0,0.0,2573.0,37.0,2432.0,14.0,2460.0,46.0,2805.0,48.0,3145.0,68.0,3943.0,56.0,4767.0,46.0,5129.0,27.0,5243.0,32.0,4933.0,21.0,4397.0,19.0,3406.0,245.0,25189.0
111,Housing Prices,Home Value 35000 to 39999 ,0.0,12.0,0.0,9.0,0.0,5.0,0.0,29.0,0.0,58.0,0.0,45.0,0.0,53.0,0.0,110.0,0.0,84.0,0.0,80.0,0.0,83.0,0.0,101.0,0.0,64.0,0.0,81.0,0.0,123.0,0.0,1056.0
112,Housing Prices,Home Value 40000 to 49999 ,0.0,75.0,0.0,68.0,0.0,65.0,0.0,49.0,0.0,41.0,0.0,74.0,0.0,75.0,0.0,85.0,14.0,208.0,13.0,211.0,11.0,228.0,14.0,279.0,14.0,305.0,0.0,240.0,0.0,225.0,0.0,831.0
113,Housing Prices,Home Value 400000 to 499999,0.0,2288.0,0.0,2258.0,0.0,2266.0,27.0,2185.0,84.0,2168.0,37.0,2820.0,134.0,3895.0,44.0,5230.0,0.0,6965.0,11.0,8565.0,36.0,9354.0,51.0,9796.0,64.0,9546.0,66.0,8321.0,51.0,7079.0,214.0,20035.0
114,Housing Prices,Home Value 50000 to 59999 ,0.0,117.0,0.0,88.0,0.0,91.0,0.0,91.0,0.0,101.0,0.0,91.0,0.0,129.0,0.0,153.0,0.0,195.0,0.0,202.0,0.0,296.0,0.0,398.0,0.0,380.0,0.0,400.0,0.0,402.0,0.0,411.0
115,Housing Prices,Home Value 500000 to 749999,193.0,6702.0,224.0,6738.0,116.0,6778.0,115.0,11672.0,762.0,14124.0,101.0,18502.0,508.0,22866.0,220.0,28879.0,332.0,33939.0,404.0,37576.0,407.0,39490.0,439.0,41232.0,438.0,40918.0,457.0,39818.0,435.0,39479.0,566.0,22252.0
116,Housing Prices,Home Value 60000 to 69999 ,0.0,31.0,0.0,20.0,0.0,14.0,0.0,13.0,12.0,34.0,0.0,67.0,0.0,57.0,0.0,115.0,0.0,191.0,0.0,227.0,0.0,233.0,0.0,299.0,0.0,332.0,0.0,386.0,0.0,505.0,0.0,303.0
117,Housing Prices,Home Value 70000 to 79999 ,0.0,127.0,0.0,191.0,0.0,46.0,0.0,158.0,11.0,201.0,0.0,186.0,0.0,194.0,0.0,223.0,0.0,271.0,0.0,314.0,0.0,258.0,0.0,242.0,0.0,258.0,0.0,437.0,0.0,458.0,7.0,281.0
118,Housing Prices,Home Value 750000 to 999999,296.0,15913.0,281.0,15324.0,242.0,17664.0,376.0,24204.0,843.0,26087.0,412.0,28869.0,907.0,31656.0,316.0,33015.0,296.0,32795.0,389.0,31905.0,448.0,32153.0,479.0,31352.0,565.0,32015.0,604.0,32698.0,639.0,34403.0,304.0,10032.0
119,Housing Prices,Home Value 80000 to 89999 ,0.0,71.0,0.0,89.0,0.0,43.0,0.0,60.0,17.0,100.0,0.0,148.0,7.0,188.0,0.0,222.0,0.0,247.0,0.0,296.0,0.0,253.0,0.0,263.0,0.0,222.0,0.0,352.0,0.0,425.0,0.0,262.0
120,Housing Prices,Home Value 90000 to 99999 ,0.0,105.0,0.0,16.0,0.0,80.0,0.0,104.0,0.0,92.0,0.0,162.0,0.0,140.0,0.0,110.0,0.0,139.0,0.0,218.0,0.0,202.0,0.0,252.0,0.0,227.0,0.0,295.0,0.0,309.0,7.0,303.0
121,Housing Prices,Home Value Less than 10000,36.0,1163.0,35.0,1154.0,35.0,1215.0,48.0,1161.0,0.0,936.0,54.0,1162.0,40.0,1319.0,85.0,1611.0,40.0,1374.0,55.0,1254.0,49.0,1025.0,13.0,682.0,13.0,289.0,15.0,231.0,0.0,196.0,7.0,116.0
122,Housing Prices,Home Value Total,2127.0,138652.0,2163.0,139235.0,2036.0,138768.0,2070.0,137773.0,3308.0,131371.0,1994.0,135973.0,2590.0,135034.0,1868.0,133577.0,1665.0,131092.0,1652.0,128470.0,1534.0,127474.0,1560.0,126168.0,1652.0,125631.0,1736.0,125274.0,1802.0,125755.0,1501.0,115315.0
123,Housing Prices,Housing Units with a Mortgage,1446.0,88796.0,1519.0,89491.0,1408.0,88696.0,1422.0,89064.0,1786.0,85383.0,1265.0,89744.0,1760.0,89454.0,1231.0,89845.0,1202.0,89772.0,1173.0,89459.0,1126.0,88893.0,1200.0,88729.0,1322.0,89798.0,1330.0,89583.0,1385.0,89788.0,454.0,54435.0
124,Housing Prices,Housing Units with a Mortgage 0 to 30%,1033.0,56203.0,1041.0,56372.0,1013.0,56525.0,980.0,56227.0,1031.0,52776.0,821.0,55849.0,1056.0,55122.0,807.0,54107.0,770.0,52499.0,715.0,49874.0,655.0,47633.0,644.0,45780.0,679.0,45483.0,657.0,44283.0,693.0,44917.0,243.0,33318.0
125,Housing Prices,Housing Units with a Mortgage 30-50%,218.0,17093.0,234.0,17431.0,214.0,16639.0,219.0,17385.0,433.0,17385.0,280.0,18446.0,383.0,18515.0,279.0,19655.0,274.0,20586.0,265.0,21780.0,252.0,22368.0,299.0,22998.0,316.0,23568.0,285.0,23760.0,335.0,23833.0,97.0,12389.0
126,Housing Prices,Housing Units with a Mortgage 50%+,195.0,15053.0,244.0,15121.0,181.0,15048.0,223.0,14934.0,322.0,14686.0,164.0,14985.0,321.0,15396.0,145.0,15684.0,158.0,16367.0,193.0,17528.0,219.0,18638.0,257.0,19680.0,327.0,20452.0,388.0,21220.0,357.0,20755.0,114.0,8506.0
127,Housing Prices,Housing Units with a Mortgage Not Computed,0.0,447.0,0.0,567.0,0.0,484.0,0.0,518.0,0.0,536.0,0.0,464.0,0.0,421.0,0.0,399.0,0.0,320.0,0.0,277.0,0.0,254.0,0.0,271.0,0.0,295.0,0.0,320.0,0.0,283.0,0.0,222.0
128,Housing Prices,Housing Units without a Mortgage,681.0,49856.0,644.0,49744.0,628.0,50072.0,648.0,48709.0,1522.0,45988.0,729.0,46229.0,830.0,45580.0,637.0,43732.0,463.0,41320.0,479.0,39011.0,408.0,38581.0,360.0,37439.0,330.0,35833.0,406.0,35691.0,417.0,35967.0,236.0,25110.0
129,Housing Prices,Housing Units without a Mortgage 0 to 30%,493.0,40976.0,502.0,41425.0,487.0,41739.0,537.0,40617.0,1402.0,38954.0,639.0,39447.0,771.0,38837.0,513.0,37150.0,350.0,35094.0,345.0,32810.0,322.0,32577.0,244.0,31893.0,222.0,30836.0,309.0,30586.0,343.0,30951.0,196.0,22071.0
130,Housing Prices,Housing Units without a Mortgage 30-50%,34.0,2743.0,14.0,2665.0,16.0,2816.0,29.0,2897.0,37.0,2760.0,55.0,3105.0,24.0,3226.0,106.0,3285.0,77.0,2912.0,74.0,2896.0,33.0,2709.0,51.0,2344.0,33.0,1947.0,38.0,2118.0,33.0,2067.0,16.0,1335.0
131,Housing Prices,Housing Units without a Mortgage 50%+,94.0,5474.0,53.0,4908.0,41.0,4660.0,3.0,4383.0,65.0,3539.0,14.0,3062.0,29.0,2949.0,18.0,2804.0,36.0,2727.0,60.0,2774.0,53.0,2743.0,56.0,2569.0,60.0,2440.0,46.0,2470.0,30.0,2459.0,7.0,1231.0
132,Housing Prices,Housing Units without a Mortgage Not Computed,60.0,663.0,75.0,746.0,84.0,857.0,79.0,812.0,18.0,735.0,21.0,615.0,6.0,568.0,0.0,493.0,0.0,587.0,0.0,531.0,0.0,552.0,9.0,633.0,15.0,610.0,13.0,517.0,11.0,490.0,17.0,473.0
133,Housing Prices,Median Contract Rent,2547.2508591065293,2360.0052772189056,2473.109243697479,2314.345563889452,2386.015325670498,2227.5080744514366,2054.004854368932,2031.349010772372,1557.5726141078835,1913.7382970647773,1908.575031525851,1820.420679762288,2057.9268292682927,1735.5098943107714,1905.6097560975609,1644.6230470258165,1804.178145087236,1574.3097010488264,1625.0885896527286,1498.2431138766808,1942.8026969481905,1277.125786163522,1514.4429160935351,1428.0326904491783,1387.3949579831933,1389.1041019388838,1330.1486199575372,1332.518068921455,1345.612582781457,1264.2868923432152,980.8988764044944,841.380743861205
134,Housing Prices,Median Gross Rent by Bedrooms - 1 Bedroom- COUNTY ONLY,2238.4602732088097,2527.9544131073585,2241.660030775149,2527.763279799277,2165.825706940874,2431.3887613866423,2019.722183987153,2332.782505826766,1231.4707947654006,2236.9238444897705,1851.9059455828012,1987.3592815457653,1992.0,1879.697100817997,1619.825252698304,1773.904183048578,1447.1701459449473,1702.3081390250975,1560.1420256111758,1615.6187887418328,,,,,,,,,,,,
135,Housing Prices,Median Gross Rent by Bedrooms - 2 Bedrooms- COUNTY ONLY,3105.0841929188737,3037.3912325463225,2875.722158107328,2974.0977105440743,2877.589203084833,2888.7137188599822,2864.0440467997246,2686.888502338676,1863.681150456162,2478.535920269136,2426.669297950957,2357.3725121002717,2419.7364638236704,2259.758818197654,2558.1108446119583,2163.1152869029315,2338.3951598004805,2064.7827937154125,2105.8422584400464,2040.4539020537125,,,,,,,,,,,,
136,Housing Prices,Median Gross Rent by Bedrooms - 3-4 Bedrooms- COUNTY ONLY,7002.0,6430.173012770701,6900.5468969929625,6439.977962507547,6294.058741258741,6172.378898796101,4974.0,5879.461080366243,6345.0,5407.014069372479,5356.868653158522,5141.023766261463,,5049.50689427445,,4804.605713132323,5140.5509494517255,4725.432584904807,4642.0,4900.870439210516,,,,,,,,,,,,
137,Housing Prices,Median Gross Rent by Bedrooms - 5 Bedrooms or more- COUNTY ONLY,,2236.218649701972,,1969.8453809326795,,2070.645886936705,,2411.8356148287407,,2445.470040582478,,1831.595673876872,,1608.7699591836736,2097.0,1489.3307520612218,1767.0,1810.520923520924,,1406.267073943865,,,,,,,,,,,,
138,Housing Prices,Median Gross Rent by Bedrooms - No Bedroom- COUNTY ONLY,1734.536474305362,2056.9530122877245,1461.4362377380266,2019.7694670479325,1477.161796151105,2009.441433506406,1376.0154852030282,1869.028631857237,,1853.5116718054253,1408.0036949949613,1656.6306397444298,1591.0,1578.3927933074528,1383.718969555035,1444.259250117122,1434.4565916398717,1351.2930499794438,1317.2997671711291,1307.3434908332092,,,,,,,,,,,,
139,Housing Prices,Median Home Value,1511382.7993254638,1426646.1690381076,1436693.5483870967,1419458.553982492,1433285.5093256815,1388653.245774572,1332072.617246596,1274285.747280412,962040.3321470936,1202749.2454483495,1317137.809187279,1141164.276849138,888368.2469680265,1014371.7169332468,1166393.4426229508,927726.0336210814,1062500.0,859155.3590486355,927377.8920308484,800109.7006738755,895647.15625,983842.0055049296,853340.2922755741,744882.6154443151,853097.3451327434,751347.0248321099,864652.3178807948,767822.1909596918,882629.1079812206,785814.4638548964,580609.5406360424,422742.7002745196
140,Housing Prices,Median Rent,2744.167962674961,2477.560434224673,2596.888260254597,2420.0504501979467,2461.13074204947,2316.617543624611,2145.647321428572,2130.896266987786,1661.2709832134292,1990.7136894824707,2010.8225108225108,1896.5871467423435,2182.193396226415,1806.484197708529,1982.479079497908,1710.554971943939,1865.8592321755027,1632.989666060664,1693.885448916409,1558.9823431996829,1880.4101167315173,1965.3573282929492,1551.243406179352,1488.3549711725911,1449.0662139219016,1447.190041902884,1445.7627118644068,1387.895407670619,1455.568720379147,1328.375972442621,1054.4069640914038,927.747476647232
141,Housing Prices,Median Rent as % of Household Income,26.397368421052636,25.094034253511204,23.369453125,25.122283722837228,22.292954545454545,24.78552434711643,21.992266462480856,24.74661730346344,33.764761904761905,24.884884489661,21.33124165554072,24.816020014044945,23.587663755458514,25.01581448239451,24.192941810344827,26.056794397037518,25.341402251791195,27.20303856565577,26.13602484472049,27.92436527127097,26.428616352201256,28.632000471809388,26.498046875,28.963136085198386,25.74532908704883,28.994228655185047,23.9708446866485,28.385966623770184,24.304402515723268,28.285377898351065,24.75225080385852,25.37444913267698
142,Housing Prices,Rent 100 to 149,0.0,399.0,0.0,333.0,0.0,251.0,0.0,321.0,0.0,458.0,0.0,694.0,0.0,750.0,0.0,972.0,69.0,1113.0,71.0,1137.0,69.0,1000.0,55.0,1037.0,45.0,1015.0,0.0,796.0,0.0,792.0,10.0,1888.0
143,Housing Prices,Rent 1000 to 1249,165.0,10990.0,146.0,11140.0,244.0,12152.0,202.0,14128.0,130.0,15829.0,252.0,16887.0,115.0,17905.0,330.0,19380.0,352.0,20684.0,430.0,23176.0,416.0,23850.0,492.0,24688.0,566.0,25259.0,547.0,26026.0,640.0,27324.0,919.0,31472.0
144,Housing Prices,Rent 1250 to 1499,190.0,11993.0,298.0,12954.0,288.0,13260.0,576.0,15788.0,200.0,15049.0,352.0,17442.0,171.0,18871.0,388.0,19847.0,375.0,22179.0,499.0,23455.0,610.0,23527.0,539.0,24109.0,589.0,24342.0,590.0,25891.0,422.0,25837.0,591.0,20419.0
145,Housing Prices,Rent 150 to 199,0.0,656.0,0.0,664.0,0.0,549.0,0.0,680.0,0.0,652.0,0.0,504.0,0.0,436.0,0.0,530.0,0.0,562.0,0.0,622.0,0.0,558.0,0.0,607.0,0.0,702.0,0.0,721.0,0.0,782.0,67.0,5637.0
146,Housing Prices,Rent 1500 to 1999,583.0,26179.0,590.0,25819.0,517.0,27908.0,559.0,30793.0,417.0,31148.0,744.0,33828.0,425.0,36134.0,956.0,39029.0,1094.0,41804.0,1292.0,42873.0,1285.0,43912.0,1327.0,44764.0,1110.0,44086.0,1158.0,42781.0,1195.0,40777.0,570.0,25750.0
147,Housing Prices,Rent 200 to 249,13.0,1114.0,14.0,1291.0,0.0,1363.0,37.0,1752.0,68.0,2198.0,93.0,2088.0,0.0,2115.0,0.0,2279.0,57.0,2726.0,66.0,2892.0,64.0,2835.0,81.0,3427.0,92.0,3379.0,138.0,3218.0,122.0,3222.0,35.0,4434.0
148,Housing Prices,"Rent 2000 to 2499  (Rent 2000 or more, DEC2000 and ACS2009-2014)",498.0,28833.0,511.0,28543.0,566.0,29857.0,448.0,29065.0,231.0,27648.0,462.0,30072.0,424.0,30181.0,832.0,30039.0,943.0,29992.0,853.0,30192.0,1431.0,66552.0,1101.0,60497.0,959.0,55161.0,826.0,48885.0,744.0,43209.0,388.0,15785.0
149,Housing Prices,Rent 250 to 299,17.0,2073.0,12.0,2439.0,78.0,3153.0,41.0,5803.0,0.0,6828.0,44.0,6752.0,0.0,6408.0,96.0,6332.0,36.0,6101.0,35.0,6246.0,24.0,5723.0,21.0,5209.0,0.0,5168.0,0.0,5356.0,20.0,5328.0,29.0,3433.0
150,Housing Prices,Rent 2500 to 2999 (ACS2015-),643.0,24391.0,707.0,23658.0,513.0,23861.0,523.0,25262.0,38.0,24434.0,693.0,25889.0,333.0,24624.0,458.0,23011.0,421.0,21664.0,300.0,19249.0,78.0,5684.0,78.0,5764.0,111.0,5769.0,107.0,5919.0,108.0,6063.0,,
151,Housing Prices,Rent 300 to 349,0.0,4729.0,0.0,4995.0,0.0,6496.0,70.0,4202.0,0.0,3376.0,73.0,2910.0,0.0,2456.0,0.0,2707.0,21.0,2713.0,22.0,2489.0,20.0,2480.0,15.0,2326.0,13.0,2344.0,0.0,2147.0,0.0,2557.0,51.0,4508.0
152,Housing Prices,Rent 3000 to 3499 (ACS2015-),437.0,23089.0,383.0,23165.0,467.0,21987.0,341.0,22182.0,200.0,21888.0,526.0,21970.0,261.0,19425.0,509.0,17239.0,431.0,15017.0,283.0,12540.0,0.0,0.0,0.0,0.0,0.0,0.0,0.0,0.0,0.0,0.0,,
153,Housing Prices,Rent 350 to 399,0.0,2940.0,0.0,3246.0,76.0,2204.0,21.0,1664.0,34.0,1675.0,28.0,1848.0,0.0,2357.0,27.0,2210.0,17.0,1989.0,0.0,2084.0,0.0,1863.0,0.0,1785.0,0.0,1994.0,0.0,2073.0,0.0,2051.0,30.0,4710.0
154,Housing Prices,Rent 3500 or more (ACS2015-),1244.0,60110.0,1046.0,56730.0,964.0,51175.0,802.0,39942.0,89.0,31116.0,489.0,25265.0,265.0,21083.0,452.0,16596.0,291.0,12376.0,143.0,9419.0,0.0,0.0,0.0,0.0,0.0,0.0,0.0,0.0,0.0,0.0,,
155,Housing Prices,Rent 400 to 449,0.0,1973.0,39.0,1771.0,0.0,1557.0,42.0,2041.0,0.0,2130.0,18.0,2476.0,0.0,2654.0,52.0,3520.0,44.0,3748.0,41.0,3531.0,15.0,3364.0,0.0,3022.0,0.0,2909.0,0.0,2693.0,29.0,2957.0,90.0,4998.0
156,Housing Prices,Rent 450 to 499,0.0,1146.0,30.0,1365.0,36.0,1344.0,38.0,1820.0,30.0,2017.0,36.0,2634.0,0.0,2839.0,23.0,2806.0,21.0,2819.0,30.0,3015.0,50.0,3140.0,36.0,3012.0,50.0,3707.0,50.0,3919.0,39.0,3851.0,96.0,5235.0
157,Housing Prices,Rent 500 to 549,31.0,1595.0,11.0,2090.0,26.0,1941.0,47.0,2545.0,26.0,3108.0,58.0,3890.0,51.0,3635.0,29.0,3587.0,31.0,3490.0,14.0,3377.0,0.0,3189.0,48.0,3382.0,62.0,3717.0,43.0,3839.0,28.0,4185.0,75.0,6882.0
158,Housing Prices,Rent 550 to 599,11.0,2054.0,19.0,1848.0,38.0,1935.0,0.0,1999.0,45.0,2113.0,40.0,2503.0,45.0,2441.0,0.0,2450.0,14.0,2452.0,14.0,2731.0,31.0,2730.0,31.0,3361.0,29.0,3581.0,16.0,3762.0,72.0,3904.0,106.0,7125.0
159,Housing Prices,Rent 600 to 649,19.0,1502.0,6.0,1609.0,0.0,1676.0,0.0,1974.0,15.0,2322.0,0.0,2561.0,0.0,2668.0,28.0,3093.0,46.0,3223.0,49.0,3152.0,53.0,3149.0,48.0,3230.0,57.0,3283.0,59.0,3458.0,58.0,3487.0,96.0,8197.0
160,Housing Prices,Rent 650 to 699,0.0,1645.0,0.0,1681.0,0.0,1518.0,0.0,1884.0,0.0,2004.0,13.0,2473.0,0.0,2328.0,0.0,2515.0,18.0,2842.0,14.0,3314.0,44.0,3478.0,32.0,4046.0,0.0,3694.0,61.0,3713.0,46.0,3331.0,171.0,8174.0
161,Housing Prices,Rent 700 to 749,15.0,1246.0,0.0,1264.0,0.0,1597.0,0.0,1848.0,0.0,2276.0,20.0,2656.0,19.0,2923.0,65.0,2996.0,81.0,2989.0,81.0,3496.0,70.0,3495.0,113.0,3322.0,112.0,3793.0,100.0,3586.0,117.0,4533.0,179.0,8384.0
162,Housing Prices,Rent 750 to 799,0.0,1523.0,36.0,1563.0,0.0,1657.0,6.0,2450.0,0.0,2100.0,28.0,2412.0,0.0,2399.0,102.0,2728.0,169.0,3363.0,151.0,3196.0,165.0,3461.0,104.0,3629.0,129.0,3511.0,65.0,4044.0,107.0,4164.0,175.0,8123.0
163,Housing Prices,Rent 800 to 899,56.0,3410.0,16.0,3411.0,27.0,3519.0,124.0,4242.0,13.0,4916.0,200.0,5728.0,99.0,5821.0,124.0,6618.0,72.0,7523.0,133.0,8037.0,183.0,7956.0,297.0,8269.0,334.0,8259.0,332.0,9338.0,224.0,9785.0,438.0,17915.0
164,Housing Prices,Rent 900 to 999,81.0,3424.0,121.0,4029.0,136.0,4606.0,90.0,4824.0,145.0,5468.0,151.0,6388.0,49.0,7482.0,98.0,7666.0,156.0,7132.0,219.0,7223.0,290.0,7813.0,244.0,8256.0,231.0,8309.0,226.0,9945.0,153.0,10929.0,420.0,15951.0
165,Housing Prices,Rent Burdened,0.4131060969755161,0.3773702650417666,0.3426150121065375,0.3624825280113618,0.2965130455986345,0.3544816426889404,0.2979552093476144,0.3563897828106696,0.519790454016298,0.3563544593994971,0.280588776448942,0.3529297030844112,0.3209444687363358,0.3699197884845561,0.3583802511909917,0.3878991192312319,0.3907761992999794,0.4067626321451752,0.4103626943005181,0.4173791589318863,0.4103715802368313,0.4319849192718836,0.4009009009009009,0.4383156700162905,0.385832033860548,0.4389853971390884,0.3241745555299007,0.428152547877122,0.3360735009671179,0.4262060341083199,0.3311000648368273,0.3576130496083063
166,Housing Prices,Rent Less than 100,17.0,754.0,13.0,626.0,0.0,381.0,0.0,475.0,0.0,576.0,0.0,515.0,0.0,661.0,0.0,807.0,0.0,967.0,0.0,985.0,0.0,920.0,0.0,790.0,0.0,565.0,13.0,361.0,12.0,441.0,0.0,882.0
167,Housing Prices,Rent Total,4166.0,224342.0,4130.0,222499.0,4101.0,221247.0,4108.0,222801.0,1718.0,216352.0,4348.0,225586.0,2287.0,223908.0,4618.0,224463.0,4857.0,224942.0,4825.0,224096.0,4898.0,220679.0,4662.0,218532.0,4489.0,214547.0,4331.0,212471.0,4136.0,209509.0,4627.0,214198.0
168,Housing Prices,"Rent Total No cash rent  (No cash rent, DEC2000 and ACS2009-2014)",643.0,24391.0,707.0,23658.0,513.0,23861.0,523.0,25262.0,38.0,24434.0,693.0,25889.0,333.0,24624.0,458.0,23011.0,421.0,21664.0,300.0,19249.0,78.0,5684.0,78.0,5764.0,111.0,5769.0,107.0,5919.0,108.0,6063.0,91.0,4296.0
169,Housing Prices,Rent Total No cash rent (ACS2015-),146.0,6574.0,132.0,6265.0,125.0,5300.0,141.0,5117.0,37.0,5023.0,28.0,5201.0,30.0,5312.0,49.0,5506.0,98.0,5474.0,85.0,5665.0,0.0,0.0,0.0,0.0,0.0,0.0,0.0,0.0,0.0,0.0,91.0,4296.0
170,Housing Prices,Rent Total With cash rent,4020.0,217768.0,3998.0,216234.0,3976.0,215947.0,3967.0,217684.0,1681.0,211329.0,4320.0,220385.0,2257.0,218596.0,4569.0,218957.0,4759.0,219468.0,4740.0,218431.0,4820.0,214995.0,4584.0,212768.0,4378.0,208778.0,4224.0,206552.0,4028.0,203446.0,4536.0,209902.0
171,Housing Type,10-19 Units,0.143394044521538,0.0925379197284142,0.1244379985496736,0.0923999883084237,0.1391509433962264,0.0900771942919437,0.1396065766294774,0.0930403547035101,0.0599193393508738,0.0962190515498388,0.1285507246376811,0.0935187261717874,0.0782155272305909,0.0946685050547191,0.1246933179390965,0.0985825817499377,0.1256310399538439,0.0992631055282631,0.1271397220190197,0.0998890093101602,0.1307613017228685,0.0989643813541247,0.1277333735484843,0.1030360345325418,0.132579185520362,0.1013723169444355,0.113812490502963,0.10052668285996,0.1159114857744994,0.1009007991263674,0.1009720915647538,0.1011609484975196
172,Housing Type,2-4 Units,0.4452153801676785,0.2017718843922809,0.4680203045685279,0.2021278668719187,0.4893867924528302,0.2101162824957523,0.4768056371109806,0.2096360130018344,0.1033224505473401,0.2022287586138438,0.441159420289855,0.2142365774560225,0.2790652761684047,0.2153279843703097,0.4253138981093953,0.2133649627353271,0.4355978652819847,0.2122846837883216,0.4127286027798098,0.2137759032683493,0.4510381387130025,0.2160211494761344,0.4231639270095008,0.2171740852293648,0.4760180995475113,0.2192934753633387,0.4672542166843945,0.2190690726800969,0.4674093030257414,0.2143170307250774,0.4774223894637817,0.2333180387098263
173,Housing Type,20 Units or More,0.0897658282740676,0.3071685393801789,0.0973168963016678,0.3055252440616536,0.088001179245283,0.3019416426866756,0.1007046388725778,0.2920684353980636,0.0238140964086806,0.2945817028635316,0.1126086956521739,0.2800774094055451,0.0579374275782155,0.2735017730947499,0.1102612209554048,0.2661850371363068,0.1275061301024087,0.2659349542938872,0.1234820775420629,0.2614392228040165,0.1179502282432631,0.2584728245557214,0.1179309304780576,0.2548589532687503,0.1052790346907994,0.2540519070620475,0.1053031454186293,0.2523401446707764,0.1095890410958904,0.2510832990389503,0.0647538413295704,0.2294308957166397
174,Housing Type,5-9 Units,0.1552471812662619,0.0921437915134281,0.1599709934735315,0.0930332820203043,0.1653891509433962,0.0927362724781724,0.1676453317674691,0.0943524210098949,0.0455156520069137,0.0946569352218048,0.1833333333333333,0.0983492545060992,0.0720355349555813,0.0986598761631959,0.1933900995814692,0.1020946776856109,0.1769796624837732,0.1036549343946272,0.1913679590343818,0.1040544246112061,0.1728758651155941,0.1046335574145608,0.189413361483939,0.1019472899265958,0.1515837104072398,0.0992397342802,0.1808235830420908,0.100793898922852,0.1603191329218726,0.0996500628057915,0.1952022577610536,0.1129839810462099
175,Housing Type,Other Type,0.0,0.0023091561062066,0.0,0.0018901381554589,0.0,0.0019715972147199,0.0,0.0020002822180357,0.0030727866333781,0.0019957472819698,0.0,0.0018596400160261,0.0013518733101583,0.0020529231896371,0.0,0.0020589919155043,0.0,0.0023319445308127,0.0,0.00235039107896,0.0,0.0021433856540617,0.0,0.0020211974071454,0.0,0.0017513835130034,0.0,0.0016540674293013,0.0,0.0015116426068034,0.0,0.0016160356913025
176,Housing Type,Single Family Housing,0.1663775657704539,0.304068708879491,0.150253807106599,0.3050234805822405,0.1180719339622641,0.3031570108327359,0.115237815619495,0.3089024936686612,0.7643556750528135,0.3103178044690111,0.1343478260869565,0.3119583924445195,0.511394360757049,0.315788938127388,0.1463414634146341,0.317713748777313,0.1342853021779893,0.3165303774640881,0.1452816386247256,0.3184910489273076,0.1273744662052716,0.3197647015453969,0.141758407480018,0.3209624396356016,0.1345399698340874,0.3242911828369747,0.1328065643519222,0.3256161334370132,0.146771037181996,0.3325371656970098,0.1616494198808404,0.3214901003385018
177,Income,Household Income 10000 to 14999,247.0,15308.0,193.0,15529.0,294.0,16000.0,294.0,16766.0,205.0,17288.0,238.0,18085.0,56.0,18491.0,252.0,19887.0,343.0,20617.0,389.0,21438.0,412.0,21208.0,400.0,21150.0,442.0,21154.0,274.0,20189.0,281.0,20010.0,303.0,16394.0
178,Income,Household Income 100000 to 124999,494.0,26735.0,501.0,26209.0,488.0,25620.0,503.0,27559.0,547.0,27970.0,670.0,30267.0,547.0,31518.0,879.0,33643.0,882.0,33784.0,708.0,33451.0,676.0,33454.0,600.0,32521.0,601.0,32239.0,487.0,32711.0,475.0,33163.0,484.0,27331.0
179,Income,Household Income 125000 to 149999,377.0,22202.0,447.0,22308.0,403.0,23366.0,444.0,26235.0,361.0,25181.0,296.0,25995.0,339.0,26865.0,371.0,26092.0,344.0,24878.0,295.0,24220.0,236.0,24036.0,267.0,22511.0,317.0,22628.0,397.0,22421.0,518.0,20872.0,351.0,16203.0
180,Income,Household Income 15000 to 19999,153.0,9038.0,144.0,8663.0,121.0,8641.0,108.0,8796.0,154.0,9914.0,142.0,10648.0,64.0,11261.0,236.0,11817.0,239.0,12624.0,167.0,13153.0,156.0,13637.0,142.0,13054.0,106.0,13720.0,87.0,14251.0,161.0,14661.0,181.0,13984.0
181,Income,Household Income 150000 to 199999,692.0,40776.0,724.0,41831.0,822.0,41397.0,999.0,42044.0,608.0,41573.0,1084.0,43041.0,808.0,40710.0,862.0,38845.0,833.0,37112.0,809.0,34042.0,735.0,32900.0,687.0,32129.0,818.0,30817.0,741.0,29802.0,626.0,29308.0,341.0,17613.0
182,Income,Household Income 20000 to 24999,90.0,7934.0,181.0,8692.0,130.0,8944.0,232.0,9052.0,67.0,8831.0,259.0,10249.0,215.0,11101.0,183.0,11901.0,141.0,12088.0,123.0,12936.0,78.0,13469.0,131.0,13963.0,167.0,13745.0,185.0,13822.0,195.0,13280.0,272.0,14158.0
183,Income,Household Income 25000 to 29999,111.0,7042.0,97.0,6819.0,150.0,8370.0,123.0,9408.0,65.0,8838.0,110.0,8990.0,85.0,9442.0,125.0,9524.0,75.0,10116.0,43.0,10420.0,64.0,11209.0,126.0,11514.0,138.0,11528.0,143.0,12108.0,121.0,12023.0,227.0,14381.0
184,Income,Household Income 30000 to 34999,120.0,7458.0,66.0,7237.0,0.0,6572.0,25.0,6759.0,193.0,7459.0,169.0,8892.0,103.0,9029.0,176.0,9868.0,138.0,10295.0,149.0,10782.0,63.0,10978.0,39.0,12185.0,64.0,12069.0,101.0,11743.0,26.0,11157.0,248.0,15215.0
185,Income,Household Income 35000 to 39999,33.0,5089.0,35.0,5673.0,57.0,5733.0,130.0,7482.0,156.0,6850.0,74.0,6979.0,104.0,7686.0,83.0,8432.0,137.0,9028.0,205.0,10040.0,231.0,10577.0,268.0,10063.0,261.0,9882.0,187.0,10401.0,138.0,10462.0,321.0,14898.0
186,Income,Household Income 40000 to 44999,134.0,6774.0,61.0,6485.0,36.0,6629.0,35.0,7242.0,187.0,7180.0,96.0,8401.0,109.0,8703.0,132.0,9090.0,240.0,9521.0,249.0,10048.0,264.0,10111.0,219.0,10533.0,195.0,11229.0,155.0,11813.0,184.0,12388.0,280.0,15386.0
187,Income,Household Income 45000 to 49999,110.0,7018.0,89.0,6578.0,22.0,6266.0,32.0,6862.0,130.0,6867.0,55.0,6892.0,189.0,7473.0,113.0,8105.0,182.0,8397.0,181.0,8882.0,159.0,9158.0,217.0,9786.0,192.0,9577.0,160.0,9415.0,194.0,10300.0,220.0,13500.0
188,Income,Household Income 50000 to 59999,46.0,11035.0,33.0,11474.0,82.0,13172.0,173.0,13729.0,205.0,13496.0,224.0,14334.0,161.0,14470.0,144.0,15341.0,121.0,17317.0,179.0,18365.0,220.0,19378.0,249.0,19492.0,221.0,19646.0,382.0,20395.0,300.0,20695.0,624.0,24932.0
189,Income,Household Income 60000 to 74999,294.0,17650.0,233.0,17737.0,261.0,17182.0,319.0,19022.0,464.0,20959.0,305.0,21137.0,331.0,23398.0,624.0,24553.0,736.0,25900.0,802.0,26979.0,819.0,26252.0,712.0,26291.0,569.0,26841.0,556.0,26781.0,460.0,27010.0,602.0,33365.0
190,Income,Household Income 75000 to 99999,489.0,29418.0,607.0,30304.0,504.0,30936.0,499.0,29804.0,649.0,30297.0,601.0,32723.0,686.0,33589.0,643.0,34768.0,640.0,36333.0,978.0,36784.0,1090.0,36872.0,795.0,37860.0,697.0,37058.0,840.0,37903.0,941.0,38689.0,701.0,39969.0
191,Income,Household Income Greater than 200000,2533.0,132400.0,2582.0,130863.0,2496.0,125937.0,2032.0,113561.0,848.0,98664.0,1891.0,97866.0,1009.0,86676.0,1502.0,76014.0,1234.0,65693.0,894.0,58060.0,808.0,52380.0,890.0,48524.0,887.0,45348.0,896.0,42493.0,889.0,39183.0,384.0,20260.0
192,Income,Household Income Less than 10000,370.0,17117.0,300.0,15332.0,271.0,15250.0,230.0,16253.0,187.0,16356.0,128.0,17060.0,71.0,18530.0,161.0,20160.0,237.0,22331.0,306.0,22966.0,421.0,22534.0,480.0,23124.0,466.0,22697.0,476.0,21497.0,429.0,22063.0,589.0,32261.0
193,Income,Households Total for Income,6293.0,362994.0,6293.0,361734.0,6137.0,360015.0,6178.0,360574.0,5026.0,347723.0,6342.0,361559.0,4877.0,358942.0,6486.0,358040.0,6522.0,356034.0,6477.0,352566.0,6432.0,348153.0,6222.0,344700.0,6141.0,340178.0,6067.0,337745.0,5938.0,335264.0,6128.0,329850.0
194,Income,Median Family Income,203637.17707567965,173217.40919847722,203812.26957113683,168157.06857647406,201351.4054054054,162072.2573065061,182019.70443349757,147571.96998698416,104149.15966386556,136237.13751169317,153911.04294478527,131782.45925697073,110966.66666666669,123389.0414629245,124642.85714285714,114544.38509474756,115386.77130044842,104226.22450924336,104126.213592233,96832.0036998497,105533.85416666669,94375.29425612051,105688.85448916408,91412.3330491617,114522.0588235294,89631.6362975967,114742.36641221374,88215.45859723199,116666.66666666666,86703.84419407802,66009.31677018633,63964.11709159584
195,Income,Median Household Income,155671.96531791906,140630.3486172417,161015.19337016574,140840.72978303747,165176.39902676395,136440.23367285798,146734.23423423423,126479.8932723461,94260.40061633282,117453.07472291742,133445.94594594595,113537.43350844154,112088.66544789764,104995.55809378768,110551.76336746302,96817.47583985272,100907.02947845803,88612.28084661327,86388.03680981595,81982.65550239234,82545.87155963303,78773.52733781732,79025.1572327044,75789.09138932911,83949.0674318508,73882.86576506091,84747.02380952382,73015.850789739,87752.39107332625,71436.31988152536,56778.84615384616,55915.28958767848
196,Income,Percent in Poverty,0.1489803220035778,0.1113604023552502,0.1297688666109718,0.1056659306523586,0.1287509441735906,0.1047756967547361,0.0963074192887857,0.1030257299879177,0.0949945854891108,0.1025115875378968,0.0931923776176688,0.1031213469423362,0.0937521912909333,0.1082799641527579,0.1060675933855985,0.1161249583248412,0.1170405088717777,0.1241638395338585,0.1177228058285327,0.1320454925572838,0.1418618946793252,0.13237241619923,0.1345424191834876,0.1342626531666365,0.140647400588546,0.1315243500198909,0.1365009820214534,0.1229353033059334,0.1261858153892486,0.1186272068431713,0.1285473232090811,0.1131303602506546
197,Journey to Work,Journey to Work by Bike,0.0380224260958205,0.0329879276302361,0.0387135199523525,0.0328941674178437,0.0416375436844732,0.0341092630722379,0.0598127076830127,0.0335150801847893,0.0044168556762564,0.0360319321482704,0.0637614218295009,0.0395593184563246,0.041850683491062,0.0402347124177166,0.0639817195087118,0.0391703298703084,0.0699121161252098,0.0413504597283024,0.0750463248919085,0.040321010944916,0.0748155953635405,0.0380119973241799,0.059506031016657,0.0349765620975634,0.0774520856820744,0.0337878173375318,0.0651665367049125,0.0309165432438948,0.0589887640449438,0.0296686416502084,,
198,Journey to Work,Journey to Work by Car,0.2593272171253822,0.3452646188684758,0.2598769108596386,0.3458510748341253,0.2658012980529206,0.3510609441848422,0.2953378310341355,0.3588679653159753,0.5829055747881103,0.37429372183569,0.3241289286072898,0.3901755455750085,0.4371188222923238,0.4020433086110863,0.3051509092640198,0.4114097840900359,0.3415621605608768,0.4221576916161781,0.361951822112415,0.4308964478752917,0.3858798735511064,0.4365885488062991,0.3975875933371625,0.4452395190134804,0.4183765501691093,0.4531176660909666,0.4013590286287178,0.4547285273080058,0.3902247191011236,0.4605014841250592,,
199,Journey to Work,Journey to Work by Carpooled,0.0494393476044852,0.0594444432508384,0.046059162199722,0.0598689890880534,0.0335496754867698,0.0644066891061601,0.0405800020138958,0.0648023603071281,0.1087501492180971,0.0687035531460274,0.0466914348830203,0.0694032388569016,0.0778128286014721,0.0727092207031444,0.0475102351709035,0.0681800719025877,0.0568776537967808,0.0718422163963489,0.0635165740168828,0.0725140795212214,0.0724973656480505,0.0751203570684417,0.0722573233773693,0.075151344123951,0.0811724915445321,0.0802577434686911,0.0794251977275259,0.0780284503840457,0.0752808988764044,0.0793273506346511,,
200,Journey to Work,Journey to Work by Drove Alone,0.209887869520897,0.2858201756176374,0.2138177486599166,0.2859820857460718,0.2322516225661507,0.2866542550786821,0.2547578290202396,0.2940656050088471,0.4741554255700131,0.3055901686896625,0.2774374937242695,0.3207723067181068,0.3593059936908517,0.3293340879079419,0.2576406740931162,0.3432297121874482,0.2846845067640959,0.3503154752198291,0.2984352480955322,0.3583823683540703,0.3133825079030558,0.3614681917378574,0.3253302699597932,0.3700881748895294,0.3372040586245772,0.3728599226222754,0.3219338309011919,0.37670007692396,0.3149438202247191,0.3811741334904081,,
201,Journey to Work,Journey to Work by Other Journey Type,0.0257900101936799,0.0305493905805866,0.0277943220170736,0.0324318504710777,0.0463305042436345,0.0361559421504925,0.0512536501862853,0.0391636442245334,0.0149218097170824,0.0399008861416274,0.0693844763530475,0.0388361848251384,0.0413249211356466,0.035435220762716,0.0469389698181471,0.0315392734522543,0.0360422632566406,0.0280143667707797,0.0272802141239448,0.0243859660380344,0.024236037934668,0.0231721626986302,0.031476163124641,0.0223852685000414,0.0277339346110484,0.0208049470705376,0.0272919683635958,0.0207005820962353,0.0298876404494382,0.0203019068408348,,
202,Journey to Work,Journey to Work by Transit,0.1951070336391437,0.1874601186396615,0.2421083978558665,0.2143989563036599,0.273489765351972,0.2393217190460338,0.2808377806867385,0.2776723592662871,0.3342485376626477,0.3125722620103036,0.3846771764233356,0.3476826498743311,0.3492113564668769,0.3422055421519276,0.3385699324002666,0.340200744907574,0.3155919818307495,0.3361264075128678,0.3229359687049619,0.33148957377498,0.3112750263435195,0.3290030377137092,0.3026995979322228,0.3261373485718893,0.3047350620067643,0.3235692184302985,0.3377520329731536,0.3268556470223538,0.3464044943820225,0.3255488952796738,,
203,Journey to Work,Journey to Work by Walk,0.1416921508664627,0.0936462681789177,0.1350009926543577,0.0997802411225646,0.1353969046430354,0.1054430156049005,0.1086496828113986,0.1105132947421516,0.0213680315148621,0.1202991391883776,0.1028215684305653,0.1177632890462844,0.0946372239747634,0.1145086825723051,0.1616680948300485,0.1107756825286417,0.1654981732003554,0.1061221844516083,0.1451513279802347,0.1036997110302594,0.1329820864067439,0.1026067312226523,0.11889718552556,0.1009229583940837,0.0914317925591882,0.0987910300169064,0.0857747577141584,0.0984351140656035,0.1070786516853932,0.0979984523520783,,
204,Journey to Work,Journey to Work by Worked at Home,0.3400611620795107,0.310091676102122,0.2965058566607107,0.2746437098507286,0.237343984023964,0.2339091159414929,0.2041083475984291,0.1802676562662631,0.0421391906410409,0.116902058675731,0.0552264283562606,0.0659830122229127,0.035856992639327,0.0655725334842482,0.083690374178806,0.0669041851511855,0.0713933050261676,0.0662288899202635,0.0676343421865349,0.0692072903365182,0.0708113804004215,0.070617522234529,0.0898334290637564,0.0703383434229416,0.0802705749718151,0.0699293210537588,0.0826556756154617,0.0683635862639066,0.0674157303370786,0.0659806197521453,,
205,Journey to Work,Total Workers 16 Years and Older,9810.0,465443.0,10074.0,473701.0,10015.0,486642.0,9931.0,499596.0,8377.0,489538.0,9959.0,511662.0,9510.0,503595.0,10503.0,494558.0,10127.0,478326.0,9714.0,467523.0,9490.0,455935.0,8705.0,446499.0,8870.0,438886.0,8977.0,435495.0,8900.0,432915.0,,
206,Language Spoken at Home,Asian/Pacific Islander,0.1138956544032816,0.2470039804215141,0.1233220424037134,0.2459647954995896,0.120252768566602,0.247097183003279,0.1341156232721017,0.2481442975804763,0.5074967606589745,0.2558145309884826,0.1439764359351988,0.2516018990089936,0.2500753602218605,0.2531708347159793,0.1413550073888825,0.2568026549790575,0.1382123228232571,0.2561885070759319,0.1455379482902418,0.2592387211354363,0.1475726981440058,0.260963254722774,0.1307071918949543,0.2613799537269324,0.1402576703413467,0.2653853842419396,0.1484692856666444,0.2665288360625807,0.1519735937285105,0.2677287629452116,0.1241097974140911,0.2609588949238919
207,Language Spoken at Home,English Only,0.7210614023843097,0.5640374393838846,0.6898130723874043,0.5661986246521591,0.6982418819996246,0.5709539892586235,0.6808379922590158,0.5733330751346163,0.3130128956623681,0.5682819383259912,0.7237702503681885,0.5713939580039774,0.5471754988846688,0.5691634740112824,0.7300215982721382,0.5625054664191796,0.7293028637547007,0.5601954434407136,0.7272727272727273,0.5575280480692013,0.710174717368962,0.5543380140103793,0.7209891355062321,0.550138780705953,0.7213441360074379,0.547604150711213,0.7137330754352031,0.546699749514331,0.7065052950075643,0.5455905248223936,0.7354629053446726,0.5425749346208006
208,Language Spoken at Home,Other European Languages,0.0796692731701064,0.0673309517123619,0.1068874670681219,0.0655517407058917,0.0887818306951135,0.0624193320168072,0.1023530134545677,0.059645113932201,0.0214105016350959,0.059691133305852,0.0772901325478645,0.0600565192671686,0.0376801109302465,0.0599342363268876,0.0720700238717744,0.0608971244205595,0.0716227943303442,0.062842279218325,0.0652925056594781,0.0620848055213137,0.071579711021099,0.0625744610004773,0.0749850029994001,0.0644114427675554,0.0649488643910213,0.0638871509163081,0.0627626225571933,0.0637733623530679,0.0695227616558932,0.0625979691493488,0.0777155500241996,0.0667712733856367
209,Language Spoken at Home,Other Languages,0.0151262658633508,0.0104100425997025,0.0134236607702923,0.0108631458829653,0.0143902896827879,0.0116678663049295,0.0126558948209129,0.0104836747809647,0.0014191398778305,0.0109883833542754,0.0040648011782032,0.0097013546871888,0.0093446675107011,0.0099188512473981,0.0060247811754007,0.0098431988027327,0.0045704367949088,0.0101513500962148,0.0042892886929584,0.0100414772961448,0.0065896862342059,0.0091828376019031,0.0075318269679397,0.0077827552621819,0.006973037587993,0.0074262630877989,0.0056026145534582,0.0068748924566641,0.0037133819282079,0.0074376849790379,0.0127221185092995,0.0093180446590223
210,Language Spoken at Home,Spanish Only,0.0702474041789514,0.1112175858825366,0.0665537573704679,0.1114216932593942,0.0783332290558718,0.1078616294163606,0.0700374761934017,0.1083938385717415,0.1566607021657308,0.1052240140253986,0.0508983799705449,0.1072462690326713,0.155724362452523,0.1078126036984524,0.050528589291804,0.1099515553784705,0.0562915822967891,0.1106224201688145,0.0576075300845943,0.1111069479779037,0.0640831872317272,0.1129414326644662,0.0657868426314737,0.1162870675373771,0.0664762916722008,0.1156970510427402,0.0694324017875008,0.1161231596133562,0.0682849676798239,0.116645058104008,0.0499896287077369,0.1203768524106484
211,Nativity,Foreign Born,0.1966057278342796,0.3403494832376768,0.2232867516934155,0.342062934632266,0.2170382937469704,0.3385720139991239,0.2344965809950483,0.3411085800360263,0.5475409836065573,0.3453368702026664,0.2046727385868643,0.3428171556321123,0.2928939828080229,0.3443893212863572,0.1996952049202634,0.3476908126511878,0.1979085979860573,0.3491118540488798,0.2180222553630836,0.3513759706790252,0.2167103347889374,0.3552538529141195,0.2145053818554587,0.3557249176341387,0.2132320071524363,0.3570791503803887,0.2051282051282051,0.3563440752225165,0.1885818799399046,0.3562922956380173,0.2011878247958426,0.3676179588095266
212,Population,Total Population,16027.0,828137.0,16387.0,834326.0,16504.0,849196.0,16964.0,864367.0,16775.0,843307.0,17677.0,873136.0,17450.0,868157.0,18373.0,862338.0,18074.0,848284.0,17434.0,838717.0,17175.0,827231.0,15608.0,815872.0,15659.0,806149.0,15678.0,796570.0,15309.0,787463.0,14817.0,776733.0
213,Race/Ethnicity,Asian,3422.0,291269.0,3688.0,291587.0,3358.0,295301.0,3711.0,297045.0,10101.0,295594.0,4048.0,300424.0,5871.0,297109.0,4090.0,294766.0,4059.0,287268.0,3937.0,283839.0,3841.0,277746.0,3440.0,272144.0,3569.0,270041.0,3545.0,266890.0,3565.0,264325.0,3170.0,239938.0
214,Race/Ethnicity,"Asian Alone, Not Hispanic or Latino",3301.0,289132.0,3590.0,289226.0,3289.0,293206.0,3653.0,294750.0,10061.0,292611.0,3996.0,297514.0,5831.0,294288.0,4048.0,292113.0,4020.0,284461.0,3923.0,281309.0,3826.0,275566.0,3422.0,270166.0,3530.0,268086.0,3479.0,265286.0,3498.0,262894.0,3157.0,238597.0
215,Race/Ethnicity,Black/African American,624.0,40938.0,603.0,42187.0,775.0,43734.0,864.0,44783.0,559.0,44310.0,931.0,45141.0,796.0,44954.0,830.0,45225.0,1036.0,45129.0,1196.0,46350.0,1319.0,47181.0,909.0,47596.0,856.0,48063.0,831.0,49025.0,732.0,48716.0,1289.0,59060.0
216,Race/Ethnicity,"Black/African American Alone, Not Hispanic or Latino",598.0,38533.0,565.0,39883.0,732.0,41610.0,837.0,42290.0,473.0,42212.0,906.0,43367.0,775.0,43171.0,779.0,43532.0,975.0,43280.0,1109.0,44404.0,1206.0,45223.0,816.0,45513.0,741.0,45937.0,723.0,47110.0,659.0,47512.0,1260.0,57819.0
217,Race/Ethnicity,Latino Population (of Any Race),1858.0,134409.0,2015.0,133028.0,2297.0,131258.0,2213.0,133033.0,4100.0,128095.0,2071.0,133007.0,3936.0,132320.0,2212.0,131645.0,2188.0,129630.0,2221.0,128337.0,2144.0,126317.0,1612.0,123998.0,1633.0,121482.0,1683.0,118832.0,1804.0,115660.0,1050.0,109565.0
218,Race/Ethnicity,Native American Indian,226.0,6014.0,211.0,5476.0,208.0,4682.0,216.0,4168.0,183.0,3742.0,22.0,3223.0,86.0,2746.0,0.0,3306.0,11.0,2922.0,11.0,2854.0,50.0,3124.0,40.0,3430.0,41.0,3690.0,29.0,3733.0,38.0,3994.0,98.0,3524.0
219,Race/Ethnicity,"Native American Indian Alone, Not Hispanic or Latino",59.0,1520.0,36.0,1691.0,33.0,1758.0,43.0,1675.0,124.0,1780.0,14.0,1634.0,72.0,1363.0,0.0,1435.0,11.0,1427.0,11.0,1520.0,50.0,1680.0,40.0,1942.0,41.0,2044.0,29.0,2064.0,38.0,2092.0,85.0,2054.0
220,Race/Ethnicity,Native Hawaiian/Pacific Islander,0.0,2928.0,0.0,3141.0,0.0,3312.0,0.0,3111.0,27.0,3159.0,10.0,3154.0,24.0,2876.0,98.0,3108.0,104.0,3046.0,124.0,3520.0,89.0,3454.0,76.0,3365.0,52.0,3437.0,82.0,3237.0,79.0,3266.0,43.0,3581.0
221,Race/Ethnicity,"Native Hawaiian/Pacific Islander Alone, Not Hispanic or Latino",0.0,2714.0,0.0,2825.0,0.0,3010.0,0.0,2847.0,27.0,3002.0,10.0,2900.0,24.0,2659.0,54.0,2807.0,60.0,2800.0,85.0,3241.0,61.0,3297.0,60.0,3266.0,52.0,3374.0,82.0,3194.0,79.0,3259.0,25.0,3379.0
222,Race/Ethnicity,Other/Two or More Races,2847.0,163040.0,2860.0,153653.0,2812.0,145963.0,2728.0,139467.0,3476.0,125071.0,2365.0,115689.0,3280.0,114521.0,2031.0,108266.0,1628.0,101232.0,1581.0,93165.0,1476.0,86057.0,1307.0,78343.0,1631.0,72083.0,1723.0,65327.0,1663.0,61023.0,1029.0,85305.0
223,Race/Ethnicity,"Population, Not Hispanic or Latino",14169.0,693728.0,14372.0,701298.0,14207.0,717938.0,14751.0,731334.0,12675.0,715212.0,15606.0,740129.0,13514.0,735837.0,16161.0,730693.0,15886.0,718654.0,15213.0,710380.0,15031.0,700914.0,13996.0,691874.0,14026.0,684667.0,13995.0,677738.0,13505.0,671803.0,13767.0,667168.0
224,Race/Ethnicity,Some Other Race Alone,978.0,64723.0,1062.0,64679.0,1108.0,65376.0,1159.0,67048.0,2651.0,65222.0,806.0,67055.0,2121.0,67260.0,857.0,64657.0,737.0,59600.0,636.0,54310.0,726.0,49468.0,600.0,43764.0,839.0,38956.0,857.0,35292.0,819.0,33147.0,420.0,49990.0
225,Race/Ethnicity,"Some Other Race Alone, Not Hispanic or Latino",554.0,6455.0,505.0,6437.0,537.0,5958.0,697.0,5572.0,0.0,4507.0,304.0,3626.0,380.0,4163.0,306.0,4369.0,62.0,4217.0,44.0,3941.0,26.0,4109.0,1.0,3747.0,61.0,3178.0,82.0,2895.0,125.0,2817.0,98.0,2211.0
226,Race/Ethnicity,Two Or More Races,1869.0,98317.0,1798.0,88974.0,1704.0,80587.0,1569.0,72419.0,825.0,59849.0,1559.0,48634.0,1159.0,47261.0,1174.0,43609.0,891.0,41632.0,945.0,38855.0,750.0,36589.0,707.0,34579.0,792.0,33127.0,866.0,30035.0,844.0,27876.0,609.0,35315.0
227,Race/Ethnicity,"Two Or More Races, Not Hispanic or Latino",1139.0,50101.0,1065.0,48020.0,1059.0,46750.0,1037.0,45411.0,335.0,41578.0,1168.0,37097.0,753.0,36981.0,1028.0,33881.0,734.0,32874.0,769.0,29746.0,651.0,28138.0,623.0,26593.0,717.0,25118.0,760.0,22816.0,723.0,21598.0,450.0,24222.0
228,Race/Ethnicity,"White Alone, Not Hispanic or Latino",8518.0,305273.0,8611.0,313216.0,8557.0,325646.0,8484.0,338789.0,1655.0,329522.0,9208.0,353991.0,5679.0,353212.0,9946.0,352556.0,10024.0,349595.0,9272.0,346219.0,9211.0,342901.0,9034.0,340647.0,8884.0,336930.0,8840.0,334373.0,8383.0,331631.0,8692.0,338886.0
229,Race/Ethnicity,"White, Including Hispanic or Latino",8908.0,323948.0,9025.0,338282.0,9351.0,356204.0,9445.0,375793.0,2429.0,371431.0,10301.0,405505.0,7393.0,405951.0,11324.0,407667.0,11236.0,408687.0,10585.0,408989.0,10400.0,409669.0,9836.0,410994.0,9510.0,408835.0,9468.0,408358.0,9232.0,406139.0,9188.0,385325.0
230,Sex,Female,0.524302739127722,0.4867226074912725,0.5245621529261,0.4860857746252663,0.5322952011633544,0.4853108116383026,0.5334237208205612,0.4877187583514872,0.4904321907600596,0.4904346815572502,0.5447191265486225,0.4899431474592732,0.5124355300859599,0.4898284526877051,0.5354596418657813,0.4902520821302088,0.5407768064623215,0.4905255786977003,0.5353906160376276,0.4911024815283343,0.5328093158660844,0.4916014994602475,0.5403639159405433,0.4920342896925008,0.5281946484449838,0.4927835921151052,0.5336139813751754,0.4931933163438241,0.5281207133058985,0.4936320817613018,0.5209556590402915,0.4914455803989273
231,Sex,Male,0.475697260872278,0.5132773925087274,0.4754378470739,0.5139142253747336,0.4677047988366457,0.5146891883616974,0.4665762791794388,0.5122812416485127,0.5095678092399404,0.5095653184427498,0.4552808734513775,0.5100568525407267,0.4875644699140401,0.5101715473122949,0.4645403581342187,0.5097479178697912,0.4592231935376784,0.5094744213022997,0.4646093839623724,0.5088975184716656,0.4671906841339155,0.5083985005397526,0.4596360840594566,0.5079657103074993,0.4718053515550163,0.5072164078848947,0.4663860186248246,0.5068066836561759,0.4718792866941015,0.5063679182386982,0.4790443409597084,0.5085544196010727
232,Unit Size,1 Bedroom,1993.0,105697.0,2049.0,104704.0,2201.0,103595.0,2158.0,101827.0,616.0,95564.0,1994.0,99415.0,859.0,101416.0,1982.0,101729.0,2280.0,104137.0,2493.0,104433.0,2503.0,104092.0,2390.0,101808.0,2270.0,101489.0,2197.0,101201.0,2132.0,101611.0,2073.0,96929.0
233,Unit Size,2 Bedrooms,2539.0,122995.0,2630.0,121577.0,2384.0,120854.0,2328.0,120274.0,1975.0,115121.0,2259.0,118913.0,1889.0,117901.0,2617.0,118927.0,2636.0,118990.0,2503.0,117520.0,2539.0,118564.0,2477.0,118579.0,2492.0,115977.0,2475.0,115281.0,2563.0,114638.0,2137.0,103199.0
234,Unit Size,3-4 Bedrooms,1691.0,110262.0,1588.0,109923.0,1676.0,109063.0,1664.0,108530.0,2352.0,102574.0,1883.0,106979.0,2011.0,104785.0,1678.0,102199.0,1494.0,99363.0,1428.0,97922.0,1256.0,96723.0,1251.0,96440.0,1333.0,96404.0,1329.0,95490.0,1439.0,94350.0,1476.0,78124.0
235,Unit Size,5 or More Bedrooms,109.0,11223.0,157.0,11034.0,93.0,10909.0,88.0,11065.0,193.0,10155.0,159.0,10137.0,177.0,10298.0,140.0,10185.0,168.0,9548.0,116.0,9881.0,147.0,9979.0,130.0,9700.0,144.0,9647.0,94.0,9581.0,94.0,9450.0,119.0,5997.0
236,Unit Size,No Bedroom,586.0,63394.0,471.0,63314.0,430.0,62863.0,574.0,62247.0,71.0,59400.0,605.0,61407.0,242.0,58698.0,512.0,56471.0,355.0,53906.0,295.0,53159.0,346.0,50415.0,383.0,50972.0,391.0,51615.0,486.0,52676.0,415.0,51732.0,573.0,62278.0
237,Vehicles Available,Households with no Vehicle,0.2507548069283331,0.3018066414320898,0.2428094708406165,0.2997340587282368,0.2185106729672478,0.2992847520242212,0.247491097442538,0.3057846655610221,0.1496219657779546,0.3133212355811954,0.2464522232734153,0.3084199259318673,0.1211810539265942,0.3056426943628775,0.2391304347826087,0.304463188470562,0.2250843299601349,0.3036563923670211,0.2397714991508414,0.3048450502884566,0.2644589552238806,0.3040444861885435,0.2777242044358727,0.3023730780388743,0.2475166910926559,0.3051961032165513,0.271138948409428,0.301301277591082,0.259514988211519,0.2969421112914002,0.2129569190600522,0.2856475583864118
238,Vehicles Available,Percent of No Vehicle Homeowning Households,0.1349318288669487,0.1134494994662897,0.1474803513638465,0.1080978202319819,0.1267190569744597,0.1070707944194627,0.0700483091787439,0.1070238726020337,0.0807134220072551,0.1080527665923225,0.1028084252758274,0.1051164569436579,0.0714285714285714,0.1053216227024304,0.0963597430406852,0.1083345186671358,0.1033033033033033,0.1061925975650688,0.0847457627118644,0.1004670351054721,0.0697522816166884,0.0974002541694777,0.0762820512820512,0.0958404666793481,0.0575060532687651,0.0943477326456049,0.0679723502304147,0.0921579896866069,0.0538290788013318,0.0918134467814401,0.0906062624916722,0.110965615921606
239,Vehicles Available,Percent of No Vehicle Renting Households,0.3098895823331733,0.4182186126538945,0.2927360774818402,0.4196558186778367,0.2640819312362838,0.4198429809217752,0.3369036027263875,0.4286919717595522,0.2823050058207217,0.4379622097322881,0.312327506899724,0.4309620277854122,0.1775251421075644,0.4264519356164138,0.2968817669987007,0.4211785461300971,0.2668313773934527,0.4187346071431747,0.2928497409326425,0.4220111023846922,0.3254389546753777,0.4234113803307066,0.3451308451308451,0.4216133106364285,0.3174426375584763,0.4286613189650752,0.3525744631724775,0.4246132413364647,0.3491295938104449,0.4200678729792038,0.2526475037821483,0.3796067821909182
240,Vehicles Available,Vehicles Available,6467.0,373023.0,6285.0,379835.0,6388.0,380150.0,6293.0,378485.0,8604.0,362471.0,6819.0,390320.0,7571.0,388399.0,7122.0,388467.0,7384.0,383323.0,7099.0,375627.0,6814.0,375369.0,6565.0,372514.0,6665.0,367044.0,6359.0,365371.0,6351.0,364274.0,7379.0,367151.0
241,Vehicles Available,Vehicles Homeowners,0.4171949899489717,0.5594742078283287,0.4182975338106603,0.5657608681083313,0.3968378209142141,0.5700790731788274,0.4601938662005402,0.5711481528289051,0.7869595536959554,0.5648345409473915,0.4324681038275407,0.5565533206654033,0.6358473121120063,0.5553809836475627,0.409435551811289,0.5525262094558169,0.3519772481040086,0.5462797370659164,0.3707564445696577,0.5469251903942424,0.354857646022894,0.5457791173118576,0.3428789032749428,0.5444027840510228,0.3639909977494374,0.5523627146343226,0.3848089322220475,0.552667437902535,0.3974177294914187,0.5531967258448095,0.3247052446130912,0.4896650152117249
242,Vehicles Available,Vehicles Per Capita,0.4035065826417919,0.4719904241198807,0.3835357295417099,0.4724768416875745,0.3870576829859428,0.4671478849008562,0.3709620372553643,0.4563546130417693,0.5129061102831595,0.4449784613193777,0.3857555014991231,0.4511556297361401,0.4338681948424068,0.4534357418958659,0.3876340281935448,0.4552685550880729,0.4085426579617129,0.4580212232841963,0.407192841573936,0.4559055920884947,0.3967394468704512,0.4571076118234303,0.4206176319835981,0.463882067553634,0.4256338208059263,0.4631452499233441,0.4056002041076668,0.4659102356642171,0.4148540074466,0.4783266956335622,0.4980090436660592,0.4726862383856486
243,Vehicles Available,Vehicles Renters,0.5828050100510282,0.4467231243113695,0.5817024661893397,0.4443587347137573,0.6031621790857858,0.4397764040510324,0.5398061337994597,0.4387994240194459,0.2130404463040446,0.445563920975747,0.5675318961724594,0.4499615699938512,0.3641526878879936,0.4512009557182176,0.590564448188711,0.456509819366896,0.6480227518959913,0.4621141961218085,0.6292435554303423,0.4610451325383958,0.645142353977106,0.461623096206666,0.6571210967250571,0.4628926698056986,0.6360090022505627,0.4585417552119092,0.6151910677779525,0.4560679419001508,0.6025822705085814,0.450833713084107,0.6752947553869088,0.5103349847882751
