,Category,Attribute,2000_Mission Bay,2010_Mission Bay,2011_Mission Bay,2012_Mission Bay,2013_Mission Bay,2014_Mission Bay,2015_Mission Bay,2016_Mission Bay,2017_Mission Bay,2018_Mission Bay,2019_Mission Bay,2020_Mission Bay,2021_Mission Bay,2022_Mission Bay,2023_Mission Bay,2024_Mission Bay
11,Affordability,# Units at or below 100 AMI Monthly Affordable Rent,224.0,1985.0,2406.0,2750.0,3008.0,3024.0,2731.0,2806.0,2705.0,990.0,2425.0,2415.0,2914.0,2672.0,2641.0,2480
2,Affordability,# Units at or below 30 AMI Monthly Affordable Rent,125.0,1932.0,2352.0,2703.0,2966.0,2989.0,1432.0,1440.0,2705.0,990.0,2425.0,2126.0,2914.0,2672.0,2641.0,2480
5,Affordability,# Units at or below 50 AMI Monthly Affordable Rent,146.0,1985.0,2406.0,2750.0,3008.0,3024.0,2731.0,2806.0,2705.0,990.0,2425.0,2415.0,2914.0,2672.0,2641.0,2480
8,Affordability,# Units at or below 80 AMI Monthly Affordable Rent,173.0,1985.0,2406.0,2750.0,3008.0,3024.0,2731.0,2806.0,2705.0,990.0,2425.0,2415.0,2914.0,2672.0,2641.0,2480
9,Affordability,100 AMI Annual Income,34000.0,102854.33070866142,110057.003257329,103664.65863453817,109936.90851735017,113812.6491646778,106508.87573964497,111896.55172413791,143049.45054945056,152754.2372881356,167267.8088367899,130816.83168316832,164115.6462585034,203332.1257709842,186504.42477876105,181474.35897435897
10,Affordability,100 AMI Monthly Affordable Rent,2833.3333333333335,8571.194225721785,9171.41693811075,8638.72155287818,9161.409043112513,9484.387430389817,8875.739644970414,9324.71264367816,11920.787545787547,12729.5197740113,13938.98406973249,10901.402640264027,13676.303854875283,16944.34381424868,15542.035398230088,15122.863247863248
0,Affordability,30 AMI Annual Income,10200.0,30856.299212598424,33017.100977198694,31099.39759036145,32981.07255520505,34143.794749403336,31952.66272189349,33568.96551724137,42914.83516483517,45826.27118644068,50180.34265103697,39245.0495049505,49234.69387755102,60999.63773129525,55951.327433628314,54442.30769230769
1,Affordability,30 AMI Monthly Affordable Rent,850.0,2571.3582677165355,2751.4250814332245,2591.616465863454,2748.422712933754,2845.3162291169447,2662.721893491124,2797.4137931034475,3576.236263736264,3818.8559322033902,4181.695220919747,3270.4207920792082,4102.891156462585,5083.303144274604,4662.6106194690265,4536.858974358974
3,Affordability,50 AMI Annual Income,17000.0,51427.16535433071,55028.5016286645,51832.32931726908,54968.45425867508,56906.3245823389,53254.43786982248,55948.27586206896,71524.72527472528,76377.1186440678,83633.90441839494,65408.41584158416,82057.8231292517,101666.0628854921,93252.21238938053,90737.17948717948
4,Affordability,50 AMI Monthly Affordable Rent,1416.6666666666667,4285.597112860893,4585.708469055375,4319.36077643909,4580.704521556257,4742.193715194909,4437.869822485207,4662.35632183908,5960.3937728937735,6364.75988700565,6969.492034866245,5450.701320132013,6838.1519274376415,8472.17190712434,7771.017699115044,7561.431623931624
6,Affordability,80 AMI Annual Income,27200.0,82283.46456692915,88045.6026058632,82931.72690763054,87949.52681388013,91050.11933174224,85207.10059171598,89517.24137931033,114439.56043956045,122203.38983050849,133814.2470694319,104653.46534653466,131292.51700680272,162665.70061678736,149203.53982300885,145179.4871794872
7,Affordability,80 AMI Monthly Affordable Rent,2266.6666666666665,6856.955380577429,7337.1335504886,6910.977242302545,7329.127234490011,7587.509944311853,7100.591715976331,7459.7701149425275,9536.630036630037,10183.61581920904,11151.187255785992,8721.122112211222,10941.043083900227,13555.475051398947,12433.628318584071,12098.2905982906
0,Age,0-4 Years,0.0,0.0416114058355437,0.0438522278623801,0.0415671285236502,0.0367527834828667,0.034985720114239,0.0378795470488024,0.0405546585620666,0.059781181619256,0.0593761743705373,0.0549084858569051,0.0327913279132791,0.0655880773361976,0.0753109452736318,0.0873728306403351,0.0852369587453119
1,Age,18-34 Years,0.346218487394958,0.4696618037135278,0.4871686407219402,0.5076445293836598,0.5024321694951898,0.4883720930232558,0.4966429501954104,0.4699401652578592,0.4413129102844639,0.4633596392333709,0.4270155800937831,0.4506775067750677,0.3908431793770139,0.3969527363184079,0.3906044284859366,0.4056142743493579
2,Age,35-59 Years,0.3865546218487395,0.3260941644562334,0.326565143824027,0.3214285714285714,0.3406118257485677,0.3414932680538555,0.3327988776430504,0.3533099059739766,0.3434573304157549,0.3167981961668545,0.3610648918469218,0.3297199638663053,0.3589554242749731,0.3607587064676616,0.3434470377019749,0.3290146607569042
3,Age,5-17 Years,0.0739495798319327,0.0359748010610079,0.0353919909757473,0.0363115145723841,0.0477786185277267,0.0538555691554467,0.0518087984768012,0.0466331085573178,0.0596936542669584,0.0319428786170612,0.0602783240054454,0.0754290876242095,0.0900241675617615,0.0659825870646766,0.0620586475164572,0.0571655869985225
4,Age,60 and older,0.1932773109243697,0.126657824933687,0.1070219966159052,0.0930482560917343,0.0724246027456491,0.0812933496532027,0.0808698266359354,0.0895621616487795,0.0957549234135667,0.1285231116121758,0.0967327181969444,0.1113821138211382,0.0945891514500537,0.1009950248756219,0.1165170556552962,0.1229685191499034
5,Educational Attainment,College Degree or higher,0.4688888888888889,0.7059424137226874,0.742525501231094,0.7691970802919708,0.7783875604338168,0.7704414115332595,0.7594129676410442,0.7296935933147632,0.6861650745948267,0.8734762505254309,0.6813994603145064,0.5879770759663455,0.7078438147892191,0.7559481743227326,0.7451191391237509,0.7591246236322244
7,Educational Attainment,"College Degree or higher by Race, Asian Alone",0.4496124031007752,0.6961832061068702,0.7108482871125612,0.7359494512803458,0.7515055467511886,0.7478644254615596,0.7263695713880216,0.6587545378385926,0.6219713656387665,0.8057851239669421,0.6198123044838373,0.717201166180758,0.7642292490118577,0.7853286757700857,0.7472543781537548,0.7619586753467308
12,Educational Attainment,"College Degree or higher by Race, Two or More Races",1.0,0.7183098591549296,0.7692307692307693,0.5877192982456141,0.7129629629629629,0.7333333333333333,0.7892156862745098,0.8445945945945946,0.8829113924050633,0.8617021276595744,0.9433333333333334,0.6072106261859582,0.9733606557377048,0.9831824062095732,0.8826923076923077,0.8193172356369692
13,Educational Attainment,"College Degree or higher by Race, White Alone",0.4908424908424908,0.7591125198098256,0.8176972281449894,0.8383413461538461,0.8412913727618014,0.8481573843169853,0.8358907672301691,0.8487579152459815,0.8,0.8879177377892031,0.7955812512905224,0.6459279038718291,0.7025162337662337,0.7575150300601202,0.7778958554729012,0.7949848443097272
14,Educational Attainment,"College Degree or higher by Race, White Alone, Not Hispanic or Latino",0.4908424908424908,0.7583514099783081,0.8253719655442443,0.8555484693877551,0.8625823074720871,0.8750373692077728,0.8531567080045096,0.8629348679047868,0.8185409533842507,0.8859743040685225,0.8279855247285887,0.6790123456790124,0.7070048871305562,0.769047050394077,0.7887855897733875,0.800233304170312
16,Educational Attainment,High School or Less,0.2577777777777778,0.144578313253012,0.1341892367217727,0.1327007299270073,0.0989154579903306,0.1088159350793065,0.1054974136894021,0.123008356545961,0.1321240742728346,0.0542244640605296,0.1738159486368289,0.1987562492378978,0.1711299239806496,0.1610522182960345,0.1522674865488086,0.1368142762723066
18,Educational Attainment,"High School or Less by Race, Asian Alone",0.4806201550387597,0.2015267175572519,0.197389885807504,0.199534419687396,0.1657686212361331,0.1727748691099476,0.1915980698268521,0.2192125104719352,0.2268722466960352,0.1942148760330578,0.2508863399374348,0.1478550603915035,0.1812252964426877,0.1678310574785646,0.2016918967052537,0.1878007359184828
23,Educational Attainment,"High School or Less by Race, Two or More Races",0.0,0.2816901408450704,0.2307692307692307,0.4122807017543859,0.1851851851851851,0.1692307692307692,0.1225490196078431,0.081081081081081,0.0,0.0,0.0,0.2675521821631879,0.0,0.0,0.0201923076923076,0.0283097418817651
24,Educational Attainment,"High School or Less by Race, White Alone",0.1721611721611721,0.0804278922345483,0.068230277185501,0.0603966346153846,0.0336408030385241,0.0324189526184538,0.0070221066319895,0.0146127618119824,0.0350634371395617,0.042159383033419,0.0842453024984513,0.1401869158878504,0.1467126623376623,0.1269205076820307,0.0512752391073326,0.0581427390465693
25,Educational Attainment,"High School or Less by Race, White Alone, Not Hispanic or Latino",0.1721611721611721,0.0728850325379609,0.062255285826155,0.050063775510204,0.0354995705697108,0.0275037369207772,0.0,0.0073240910279884,0.0139583882012114,0.041220556745182,0.0788902291917973,0.094753086419753,0.1521992087502909,0.1361356579890136,0.0560720511330621,0.0522018081073199
27,Educational Attainment,Some College/Associate Degree,0.2733333333333333,0.1494792730243005,0.1232852620471333,0.0981021897810218,0.1226969815758526,0.1207426533874339,0.1350896186695537,0.1472980501392757,0.1817108511323387,0.0722992854140395,0.1447845910486647,0.2132666747957566,0.1210262612301313,0.0829996073812328,0.1026133743274404,0.1040611000954689
29,Educational Attainment,"Some College/Associate Degree by Race, Asian Alone",0.0697674418604651,0.1022900763358778,0.0917618270799347,0.064516129032258,0.0827258320126782,0.0793607054284927,0.0820323587851263,0.1220329516894722,0.1511563876651982,0.0,0.1293013555787278,0.1349437734277384,0.0545454545454545,0.0468402667513496,0.0510537251409913,0.0502405887347863
34,Educational Attainment,"Some College/Associate Degree by Race, Two or More Races",0.0,0.0,0.0,0.0,0.1018518518518518,0.0974358974358974,0.088235294117647,0.0743243243243243,0.1170886075949367,0.1382978723404255,0.0566666666666666,0.1252371916508539,0.026639344262295,0.0168175937904269,0.0971153846153846,0.1523730224812656
35,Educational Attainment,"Some College/Associate Degree by Race, White Alone",0.336996336996337,0.1604595879556259,0.1140724946695096,0.1012620192307692,0.1250678241996744,0.1194236630645608,0.1570871261378413,0.136629322942036,0.1649365628604382,0.0699228791773779,0.1201734462110262,0.2138851802403204,0.1507711038961039,0.115564462257849,0.1708289054197662,0.1468724166437035
36,Educational Attainment,"Some College/Associate Degree by Race, White Alone, Not Hispanic or Latino",0.336996336996337,0.168763557483731,0.1123727486296006,0.0943877551020408,0.1019181219582021,0.0974588938714499,0.1468432919954904,0.1297410410672247,0.1675006584145378,0.0728051391862955,0.0931242460796139,0.2262345679012345,0.1407959041191529,0.0948172916169094,0.1551423590935502,0.147564887722368
38,Employment,Employed Residents,296.0,4002.0,4627.0,5429.0,6270.0,6585.0,6509.0,7071.0,7411.0,2010.0,8762.0,6635.0,9972.0,11143.0,11380.0,12088.0
40,Employment,Managerial Professional,0.6790540540540541,0.6149425287356322,0.6488005186946185,0.6899981580401547,0.694896331738437,0.714958238420653,0.7497311414963896,0.774572196294725,0.7527998920523546,0.7676616915422886,0.7368180780643688,0.5807083647324793,0.773967107902126,0.8136946962218433,0.8334797891036907,0.8313203176704169
42,Employment,Natural Resources,0.0337837837837837,0.0147426286856571,0.0123189971904041,0.0077362313501565,0.0068580542264752,0.0154897494305239,0.0244277154708864,0.0270117380851364,0.0267170422345162,0.0124378109452736,0.0295594613102031,0.0129615674453654,0.0068190934616927,0.0075383648927577,0.0105448154657293,0.0088517538054268
44,Employment,Production Transport Materials,0.0304054054054054,0.036231884057971,0.0332829046898638,0.0285503776017682,0.0322169059011164,0.0365983295368261,0.0342602550314948,0.0236175929854334,0.0292807988125759,0.0039800995024875,0.0547820132389865,0.0978146194423511,0.038608102687525,0.0265637620030512,0.0263620386643233,0.0170416942422236
46,Employment,Sales and Office,0.1216216216216216,0.2418790604697651,0.2154743894532094,0.1956161355682446,0.1837320574162679,0.1650721336370539,0.1353510523889998,0.1241691415641352,0.1454594521656996,0.1865671641791045,0.1306779274138324,0.1443858327053504,0.1180304853590052,0.0729606030691914,0.0761862917398945,0.0852084712111184
48,Employment,Services,0.1351351351351351,0.0922038980509745,0.090123189971904,0.0780990974396758,0.0822966507177033,0.067881548974943,0.0562298356122292,0.0506293310705699,0.0457428147348535,0.0293532338308457,0.0481625199726089,0.1641296156744536,0.062575210589651,0.0792425738131562,0.053427065026362,0.057577763070814
52,Employment,"Unemployment Rate by Race, Asian Alone",0.0,0.0559006211180124,0.0574629562703288,0.0407921962754951,0.0352112676056338,0.0298434442270058,0.022022022022022,0.0180405913304936,0.0192400192400192,0.0206611570247933,0.0061010486177311,0.0256684491978609,0.0036169807728916,0.0117647058823529,0.0089564970145009,0.0297145836048481
53,Employment,"Unemployment Rate by Race, Black or African American Alone",0.0,0.1111111111111111,0.1124260355029585,0.1328125,0.4285714285714285,0.1935483870967742,0.1900826446280991,0.1506129597197898,0.1282051282051282,0.0,0.0153374233128834,0.0972461273666093,0.0150375939849624,0.1064718162839248,0.1290322580645161,0.1153262518968133
57,Employment,"Unemployment Rate by Race, Two or More Races",0.0,0.0,0.0,0.0806451612903225,0.0304347826086956,0.0292682926829268,0.0271493212669683,0.021875,0.0,0.0,0.0,0.0888324873096446,0.0,0.1253101736972704,0.1200369344413665,0.0894941634241245
58,Employment,"Unemployment Rate by Race, White Alone",0.0,0.0324580598103574,0.0318369945877109,0.0362666666666666,0.03,0.0393900889453621,0.0432262738468968,0.0399628252788104,0.023276240667545,0.0407239819004524,0.0184979652238253,0.0547445255474452,0.024254674077817,0.0303430079155672,0.0203675005534646,0.0246033570935847
59,Employment,"Unemployment Rate by Race, White Alone, Not Hispanic or Latino",0.0,0.0353736089030206,0.025130890052356,0.0330415136966958,0.0273689646269042,0.0364983534577387,0.0409448818897637,0.0432052248178849,0.0203925567167983,0.0424750917671735,0.0127809607756721,0.059228650137741,0.0083043646195442,0.0279975654290931,0.016437031665458,0.0201017195446839
61,Households,Average Family Household Size,2.9587628865979383,2.818541996830428,2.77029840388619,2.6548463356974,2.610990206746464,2.565684899485741,2.5397350993377485,2.5488907148726376,2.7500977708251857,2.4871244635193133,2.728786926461345,2.976076555023924,2.8358291735995564,2.834400222655163,2.9604845687914625,2.8978201634877383
62,Households,Average Household Size,1.875,1.97124183006536,1.9483870967741936,1.9831912302070644,2.014176417641764,2.0033919864320544,2.000208594075928,1.9743540300809872,2.025049918315484,1.7713903743315509,2.040557667934094,2.193959061407888,2.183047790802525,2.198965665852608,2.097913322632424,2.061880559085133
63,Households,Family Households,0.3566176470588235,0.4124183006535947,0.4042075736325385,0.4121802679658952,0.4135913591359136,0.4534661861352554,0.440967876512307,0.4693405322020825,0.464149573425304,0.3114973262032086,0.5041191381495564,0.3652021967049426,0.5419296663660956,0.5161614710530096,0.4637506688068485,0.4663278271918678
64,Households,Households,272.0,3060.0,3565.0,4105.0,4444.0,4717.0,4794.0,5186.0,5509.0,1496.0,6312.0,4006.0,6654.0,6961.0,7476.0,7870.0
65,Households,"Households with 60 years and older, % of Total (DEC, 65 years and older)",0.4227941176470588,0.1588235294117647,0.1343618513323983,0.1237515225334957,0.092034203420342,0.1062115751536993,0.1141009595327492,0.1228306980331662,0.1270648030495552,0.1851604278074866,0.1505069708491761,0.1894658012980529,0.1574992485722873,0.1646315184599913,0.1627875869448903,0.158576874205845
66,Households,"Households with Children, % of Total",0.0698529411764705,0.1156862745098039,0.1155680224403927,0.1052375152253349,0.123087308730873,0.110875556497774,0.1134751773049645,0.1185885075202468,0.1617353421673625,0.106283422459893,0.1538339670468948,0.1345481777333999,0.2179140366696723,0.1791409280275822,0.1698769395398608,0.1770012706480305
67,Households,Living in Group Quarters,85.0,0.0,0.0,1693.0,1828.0,1641.0,1844.0,1840.0,1903.0,1848.0,342.0,321.0,370.0,773.0,1026.0,1371.0
68,Households,Non-Family Households,0.6433823529411765,0.5875816993464053,0.5957924263674614,0.5878197320341048,0.5864086408640864,0.5465338138647445,0.5590321234876929,0.5306594677979175,0.535850426574696,0.6885026737967914,0.4958808618504436,0.6347978032950574,0.4580703336339044,0.4838385289469903,0.5362493311931514,0.5336721728081322
69,Households,"Single Person Households, % of Total",0.4742647058823529,0.4392156862745098,0.4516129032258064,0.415347137637028,0.3717371737173717,0.3693025227899088,0.3671255736337088,0.3532587736212881,0.3732074786712652,0.4792780748663101,0.3575728770595691,0.4068896655017474,0.3258190562067929,0.3123114495043815,0.3846976993044408,0.3843710292249047
70,Housing,Median Year Moved In Owner,1988.076923076923,2005.346901579587,2007.3128313891837,2006.4171974522292,2006.776519052523,2010.5123574144488,2008.3461117196057,2009.741573033708,2010.6992481203008,2008.684210526316,2012.9666666666667,2012.3333333333333,2011.316159250585,2014.4018475750577,2014.6069868995637,2013.703056768559
71,Housing,Median Year Moved In Renter,1996.578947368421,2005.410979228487,2007.603294117647,2006.923076923077,2008.926799007444,2010.6128266033252,2011.218236173393,2011.8709377901575,2015.1806282722516,2011.0750507099392,2016.0,2015.0035682426403,2018.3306336350645,2017.7354497354495,2019.464377406932,2018.8187579214195
72,Housing,Median Year Structure Built,1996.9649122807016,2004.2776203966005,2001.0235997482691,2004.513836948392,2004.379667549988,2009.855177238806,2004.3188745603752,2004.4903916322064,2004.8365585774056,1939.0,2006.644279203646,1997.9268292682927,2007.3196276183087,2008.0526169265036,2007.632693745328,2008.7452107279692
73,Housing,"Overcrowding, Renter Occupied Housing",0.0535714285714285,0.0508816120906801,0.0473815461346633,0.049090909090909,0.0694813829787234,0.0532407407407407,0.0553516819571865,0.0466396292004635,0.0545798432855984,0.0094664371772805,0.0380264741275571,0.1204608938547486,0.0755915863277826,0.0998665480427046,0.1257547366229439,0.1148936170212766
74,Housing,Owner Occupied,0.0857142857142857,0.3513071895424836,0.3251051893408134,0.3300852618757612,0.3231323132313231,0.3589145643417426,0.3178973717146433,0.3343617431546471,0.3281902341622799,0.2232620320855615,0.3417300380228137,0.2850723914128806,0.3140967838893898,0.3541157879614998,0.3575441412520064,0.3430749682337992
76,Housing,"Owner Occupied by Race, Asian Alone",0.0,0.3739612188365651,0.3513713862120089,0.3236205827650341,0.3854479855682501,0.4336654431043524,0.4255431902490726,0.4909933093154915,0.5568295114656032,0.3790849673202614,0.5237104825291181,0.3174962292609351,0.4815677143965852,0.5261301699262584,0.4846425659146507,0.4312039312039312
81,Housing,"Owner Occupied by Race, Two or More Races",0.0,0.7837837837837838,1.0,0.2765957446808511,0.2753623188405797,0.213235294117647,0.1139240506329113,0.2038461538461538,0.2012987012987013,0.0,0.1296296296296296,0.3908794788273615,0.2761194029850746,0.2292993630573248,0.3349282296650718,0.375
82,Housing,"Owner Occupied by Race, White Alone",0.1288343558282208,0.3741973146526561,0.3387259858442871,0.3698691926026161,0.3232280102476516,0.3466898954703832,0.2809278350515464,0.2761011419249592,0.2130703789636504,0.2273476112026359,0.2845367622815694,0.3116100766703176,0.2110180412371134,0.2098138747884941,0.2354021300036724,0.2313317936874518
83,Housing,"Owner Occupied by Race, White Alone, Not Hispanic or Latino",0.1288343558282208,0.3800761421319797,0.3495254048017867,0.3863305865244789,0.308457711442786,0.3358526216343883,0.2574766355140186,0.2531371700562527,0.1881533101045296,0.2387543252595155,0.2506908803789972,0.3324824505424378,0.194141945174615,0.193873739260366,0.228287841191067,0.245406288280931
84,Housing,Post 1979 All and Pre 1979 Single Family Renter Occupied by Year Structure Built by Units in Structure,177.0,174.0,153.0,180.0,337.0,362.0,3223.0,3407.0,3599.0,42.0,4006.0,1648.0,4483.0,4382.0,4722.0,5074.0
85,Housing,Pre 1980 MultiFamily Renter Occupied by Year Structure Built by Units in Structure,25.0,0.0,0.0,0.0,0.0,0.0,47.0,45.0,102.0,1120.0,149.0,1216.0,81.0,114.0,81.0,96.0
86,Housing,Renter Occupied,0.9142857142857144,0.6486928104575164,0.6748948106591866,0.6699147381242387,0.6768676867686768,0.6410854356582574,0.6821026282853567,0.6656382568453528,0.6718097658377201,0.7767379679144385,0.6582699619771863,0.7149276085871193,0.6859032161106101,0.6458842120385002,0.6424558587479936,0.6569250317662008
88,Housing,"Renter Occupied by Race, Asian Alone",1.0,0.6260387811634349,0.6486286137879911,0.6763794172349659,0.6145520144317499,0.5663345568956476,0.5744568097509274,0.5090066906845085,0.4431704885343968,0.6209150326797386,0.4762895174708819,0.6825037707390649,0.5184322856034148,0.4738698300737415,0.5153574340853493,0.5687960687960688
93,Housing,"Renter Occupied by Race, Two or More Races",1.0,0.2162162162162162,0.0,0.723404255319149,0.7246376811594203,0.7867647058823529,0.8860759493670886,0.7961538461538461,0.7987012987012987,1.0,0.8703703703703703,0.6091205211726385,0.7238805970149254,0.7707006369426752,0.6650717703349283,0.625
94,Housing,"Renter Occupied by Race, White Alone",0.8711656441717791,0.6258026853473438,0.6612740141557129,0.6301308073973838,0.6767719897523484,0.6533101045296167,0.7190721649484536,0.7238988580750407,0.7869296210363496,0.7726523887973641,0.7154632377184306,0.6883899233296824,0.7889819587628866,0.7901861252115059,0.7645978699963276,0.7686682063125481
95,Housing,"Renter Occupied by Race, White Alone, Not Hispanic or Latino",0.8711656441717791,0.6199238578680203,0.6504745951982133,0.6136694134755211,0.6915422885572139,0.6641473783656117,0.7425233644859813,0.7468628299437473,0.8118466898954704,0.7612456747404844,0.7493091196210028,0.6675175494575623,0.8058580548253849,0.8061262607396339,0.771712158808933,0.754593711719069
96,Housing,Total Number of Units,350.0,3324.0,3913.0,4401.0,4666.0,5001.0,5206.0,5536.0,5895.0,1700.0,7244.0,4650.0,7343.0,7805.0,8138.0,8435.0
97,Housing,Total Vacant Units,105.0,264.0,348.0,296.0,222.0,284.0,412.0,350.0,386.0,204.0,932.0,644.0,689.0,844.0,662.0,565.0
98,Housing,Vacancy Rate,0.3,0.0794223826714801,0.088934321492461,0.0672574414905703,0.0475782254607801,0.0567886422715456,0.079139454475605,0.0632225433526011,0.0654792196776929,0.12,0.1286581998895637,0.1384946236559139,0.093830859321803,0.1081358103779628,0.0813467682477267,0.0669828097213989
99,Housing Prices,Contract Rent 100 to 149,0.0,0.0,0.0,0.0,0.0,0.0,0.0,0.0,0.0,0.0,0.0,0.0,0.0,0.0,0.0,0.0
100,Housing Prices,Contract Rent 1000 to 1249,14.0,224.0,258.0,289.0,188.0,132.0,95.0,109.0,137.0,33.0,293.0,142.0,152.0,173.0,45.0,42.0
101,Housing Prices,Contract Rent 1250 to 1499,0.0,28.0,117.0,98.0,297.0,285.0,301.0,289.0,408.0,145.0,296.0,259.0,205.0,273.0,402.0,267.0
102,Housing Prices,Contract Rent 150 to 199,11.0,0.0,0.0,0.0,0.0,0.0,0.0,0.0,0.0,0.0,184.0,0.0,222.0,66.0,42.0,65.0
103,Housing Prices,Contract Rent 1500 to 1999,27.0,316.0,363.0,403.0,369.0,366.0,219.0,247.0,199.0,290.0,222.0,361.0,659.0,506.0,609.0,728.0
104,Housing Prices,Contract Rent 200 to 249,7.0,18.0,0.0,0.0,0.0,0.0,72.0,76.0,81.0,0.0,168.0,0.0,180.0,380.0,326.0,90.0
105,Housing Prices,"Contract Rent 2000 to 2499 (Contract Rent 2000 or more, DEC2000 and ACS2009-2014)",51.0,1039.0,1321.0,1619.0,1778.0,1779.0,308.0,284.0,154.0,136.0,149.0,366.0,271.0,317.0,375.0,389.0
106,Housing Prices,Contract Rent 250 to 299,0.0,0.0,15.0,11.0,0.0,98.0,113.0,134.0,116.0,0.0,0.0,77.0,0.0,0.0,0.0,0.0
108,Housing Prices,Contract Rent 300 to 349,0.0,0.0,33.0,34.0,35.0,34.0,41.0,0.0,65.0,0.0,0.0,6.0,0.0,0.0,25.0,18.0
110,Housing Prices,Contract Rent 350 to 399,48.0,0.0,0.0,0.0,35.0,54.0,57.0,63.0,211.0,0.0,274.0,0.0,95.0,0.0,0.0,0.0
112,Housing Prices,Contract Rent 400 to 449,0.0,55.0,49.0,50.0,0.0,0.0,0.0,0.0,0.0,0.0,51.0,25.0,137.0,0.0,0.0,0.0
113,Housing Prices,Contract Rent 500 to 549,11.0,48.0,35.0,39.0,39.0,0.0,0.0,0.0,0.0,0.0,0.0,0.0,126.0,0.0,0.0,0.0
114,Housing Prices,Contract Rent 550 to 599,6.0,0.0,30.0,77.0,0.0,0.0,104.0,112.0,0.0,0.0,0.0,21.0,6.0,36.0,0.0,0.0
115,Housing Prices,Contract Rent 600 to 649,31.0,0.0,0.0,36.0,148.0,165.0,146.0,127.0,109.0,0.0,31.0,79.0,0.0,21.0,6.0,6.0
116,Housing Prices,Contract Rent 650 to 699,11.0,0.0,0.0,0.0,0.0,0.0,0.0,32.0,34.0,13.0,0.0,60.0,0.0,0.0,16.0,54.0
117,Housing Prices,Contract Rent 700 to 749,0.0,12.0,0.0,0.0,0.0,0.0,0.0,0.0,0.0,0.0,27.0,63.0,0.0,0.0,0.0,0.0
118,Housing Prices,Contract Rent 750 to 749,7.0,0.0,0.0,0.0,64.0,0.0,0.0,0.0,0.0,0.0,0.0,42.0,0.0,0.0,0.0,0.0
119,Housing Prices,Contract Rent 750 to 799,0.0,35.0,13.0,0.0,0.0,61.0,64.0,78.0,68.0,0.0,0.0,37.0,0.0,0.0,0.0,0.0
120,Housing Prices,Contract Rent 800 to 899,0.0,63.0,59.0,8.0,0.0,0.0,48.0,44.0,0.0,18.0,0.0,133.0,0.0,7.0,13.0,27.0
121,Housing Prices,Contract Rent 900 to 999,0.0,94.0,59.0,39.0,13.0,15.0,0.0,0.0,43.0,21.0,79.0,38.0,0.0,36.0,0.0,40.0
122,Housing Prices,Contract Rent Less than 100,0.0,0.0,0.0,0.0,0.0,0.0,0.0,0.0,0.0,0.0,0.0,30.0,0.0,0.0,0.0,16.0
123,Housing Prices,Contract Rent Total,224.0,1985.0,2406.0,2750.0,3008.0,3024.0,3270.0,3452.0,3701.0,1162.0,4155.0,2864.0,4564.0,4496.0,4803.0,5170.0
124,Housing Prices,Contract Rent Total No cash Rent (ACS2015-),0.0,0.0,0.0,0.0,0.0,0.0,0.0,29.0,28.0,30.0,53.0,14.0,40.0,63.0,77.0,97.0
125,Housing Prices,"Contract Rent Total No cash Rent (No cash rent, DEC2000 and ACS2009-2014)",0.0,53.0,54.0,47.0,42.0,35.0,386.0,266.0,432.0,207.0,328.0,481.0,273.0,438.0,204.0,207.0
126,Housing Prices,Contract Rent Total With cash Rent,224.0,1932.0,2352.0,2703.0,2966.0,2989.0,3270.0,3423.0,3673.0,1132.0,4102.0,2850.0,4524.0,4433.0,4726.0,5073.0
127,Housing Prices,Extremely Rent Burdened,0.2455357142857142,0.1939546599496221,0.1733167082294264,0.1676363636363636,0.1476063829787234,0.1531084656084656,0.146788990825688,0.1541135573580533,0.1421237503377465,0.1179001721170395,0.1354993983152828,0.2290502793296089,0.1386941279579316,0.1534697508896797,0.1580262336039975,0.1984526112185686
137,Housing Prices,Home Value 10000 to 14999 ,0.0,0.0,0.0,0.0,0.0,0.0,0.0,0.0,0.0,0.0,0.0,0.0,0.0,0.0,0.0,0.0
138,Housing Prices,Home Value 100000 to 124999,0.0,8.0,0.0,0.0,0.0,0.0,0.0,0.0,0.0,0.0,0.0,4.0,0.0,0.0,0.0,0.0
139,Housing Prices,"Home Value 1000000 to 1499999 (1000000 or more, DEC2000 and ACS2009-2014)",0.0,176.0,138.0,142.0,96.0,190.0,243.0,282.0,338.0,124.0,472.0,338.0,574.0,765.0,641.0,687.0
140,Housing Prices,Home Value 125000 to 149999,0.0,0.0,0.0,0.0,0.0,0.0,0.0,0.0,0.0,0.0,0.0,0.0,0.0,0.0,0.0,0.0
141,Housing Prices,Home Value 15000 to 19999 ,0.0,0.0,0.0,0.0,0.0,0.0,0.0,31.0,34.0,0.0,35.0,0.0,0.0,0.0,0.0,0.0
142,Housing Prices,Home Value 150000 to 174999,0.0,36.0,27.0,36.0,39.0,45.0,0.0,0.0,0.0,0.0,0.0,0.0,0.0,0.0,0.0,0.0
144,Housing Prices,Home Value 175000 to 199999,0.0,0.0,0.0,30.0,20.0,20.0,20.0,20.0,0.0,0.0,0.0,0.0,0.0,0.0,0.0,0.0
145,Housing Prices,Home Value 20000 to 24999 ,0.0,0.0,0.0,0.0,0.0,0.0,0.0,0.0,0.0,0.0,0.0,0.0,0.0,0.0,0.0,0.0
146,Housing Prices,Home Value 200000 to 249999,0.0,45.0,45.0,33.0,103.0,80.0,79.0,182.0,196.0,0.0,138.0,0.0,100.0,98.0,34.0,88.0
148,Housing Prices,Home Value 25000 to 29999 ,0.0,0.0,0.0,0.0,0.0,0.0,0.0,0.0,0.0,0.0,0.0,0.0,0.0,0.0,0.0,0.0
149,Housing Prices,Home Value 250000 to 299999,0.0,13.0,11.0,40.0,33.0,25.0,30.0,29.0,0.0,0.0,0.0,0.0,0.0,0.0,0.0,20.0
150,Housing Prices,Home Value 30000 to 34999 ,0.0,0.0,0.0,0.0,0.0,0.0,0.0,0.0,0.0,0.0,0.0,0.0,0.0,0.0,12.0,8.0
151,Housing Prices,Home Value 300000 to 399999,0.0,29.0,47.0,66.0,72.0,67.0,75.0,72.0,112.0,0.0,327.0,25.0,334.0,187.0,163.0,86.0
152,Housing Prices,Home Value 35000 to 39999 ,0.0,0.0,0.0,0.0,0.0,0.0,0.0,0.0,0.0,0.0,0.0,0.0,0.0,0.0,0.0,0.0
153,Housing Prices,Home Value 40000 to 49999 ,0.0,0.0,0.0,0.0,0.0,0.0,0.0,0.0,0.0,0.0,0.0,0.0,0.0,0.0,0.0,0.0
154,Housing Prices,Home Value 400000 to 499999,0.0,120.0,173.0,181.0,164.0,240.0,133.0,56.0,34.0,0.0,0.0,87.0,0.0,156.0,257.0,285.0
155,Housing Prices,Home Value 50000 to 59999 ,0.0,0.0,0.0,0.0,0.0,0.0,0.0,0.0,0.0,0.0,0.0,0.0,0.0,0.0,0.0,0.0
156,Housing Prices,Home Value 500000 to 749999,4.0,387.0,490.0,501.0,608.0,632.0,448.0,413.0,410.0,66.0,229.0,200.0,130.0,107.0,190.0,154.0
157,Housing Prices,Home Value 60000 to 69999 ,0.0,0.0,0.0,0.0,0.0,0.0,0.0,0.0,0.0,0.0,0.0,0.0,0.0,0.0,0.0,0.0
158,Housing Prices,Home Value 70000 to 79999 ,0.0,0.0,0.0,0.0,0.0,0.0,0.0,0.0,0.0,0.0,0.0,0.0,0.0,0.0,0.0,0.0
159,Housing Prices,Home Value 750000 to 999999,4.0,261.0,228.0,326.0,301.0,394.0,441.0,554.0,554.0,20.0,409.0,322.0,199.0,192.0,334.0,409.0
160,Housing Prices,Home Value 80000 to 89999 ,0.0,0.0,0.0,0.0,0.0,0.0,0.0,0.0,0.0,0.0,0.0,0.0,0.0,0.0,0.0,0.0
161,Housing Prices,Home Value 90000 to 99999 ,13.0,0.0,0.0,0.0,0.0,0.0,0.0,0.0,0.0,0.0,0.0,0.0,0.0,0.0,0.0,0.0
162,Housing Prices,Home Value Less than 10000,0.0,0.0,0.0,0.0,0.0,0.0,0.0,13.0,16.0,10.0,80.0,0.0,32.0,32.0,13.0,0.0
163,Housing Prices,Home Value Total,21.0,1075.0,1159.0,1355.0,1436.0,1693.0,1524.0,1734.0,1808.0,334.0,2157.0,1142.0,2090.0,2465.0,2673.0,2700.0
164,Housing Prices,Housing Units with a Mortgage,0.0,925.0,1011.0,1206.0,1293.0,1540.0,1465.0,1623.0,1587.0,235.0,1810.0,849.0,1698.0,1913.0,2083.0,1940.0
165,Housing Prices,Housing Units with a Mortgage 0 to 30%,0.0,416.0,390.0,424.0,480.0,645.0,706.0,875.0,1033.0,120.0,974.0,605.0,924.0,1273.0,1305.0,1381.0
166,Housing Prices,Housing Units with a Mortgage 30-50%,0.0,424.0,446.0,439.0,413.0,405.0,230.0,281.0,271.0,86.0,625.0,162.0,656.0,468.0,669.0,474.0
167,Housing Prices,Housing Units with a Mortgage 50%+,0.0,70.0,161.0,330.0,388.0,490.0,529.0,467.0,283.0,29.0,211.0,71.0,118.0,172.0,109.0,85.0
168,Housing Prices,"Housing Units with a Mortgage 50%+ by Race, American Indian and Alaska Native Alone",0.0,0.0,0.0,0.0,0.0,0.0,0.0,0.0,0.0,0.0,0.0,0.0,0.0,0.0,0.0,0.0
169,Housing Prices,"Housing Units with a Mortgage 50%+ by Race, Asian Alone",0.0,0.0,0.0,0.0,0.0,0.0,0.0,0.0,0.0,0.0,0.0,0.0,0.0,0.0,96.0,69.0
170,Housing Prices,"Housing Units with a Mortgage 50%+ by Race, Black or African American Alone",0.0,0.0,0.0,0.0,0.0,0.0,0.0,0.0,0.0,0.0,0.0,0.0,0.0,0.0,0.0,0.0
171,Housing Prices,"Housing Units with a Mortgage 50%+ by Race, Hispanic or Latino",0.0,0.0,0.0,0.0,0.0,0.0,0.0,0.0,0.0,0.0,0.0,0.0,0.0,0.0,0.0,0.0
172,Housing Prices,"Housing Units with a Mortgage 50%+ by Race, Native Hawaiian and Other Pacific Islander Alone",0.0,0.0,0.0,0.0,0.0,0.0,0.0,0.0,0.0,0.0,0.0,0.0,0.0,0.0,0.0,0.0
173,Housing Prices,"Housing Units with a Mortgage 50%+ by Race, Some Other Race Alone",0.0,0.0,0.0,0.0,0.0,0.0,0.0,0.0,0.0,0.0,0.0,0.0,0.0,0.0,0.0,0.0
174,Housing Prices,"Housing Units with a Mortgage 50%+ by Race, Two or More Races",0.0,0.0,0.0,0.0,0.0,0.0,0.0,0.0,0.0,0.0,0.0,0.0,0.0,0.0,0.0,0.0
175,Housing Prices,"Housing Units with a Mortgage 50%+ by Race, White Alone",0.0,0.0,0.0,0.0,0.0,0.0,0.0,0.0,0.0,0.0,0.0,0.0,0.0,0.0,13.0,16.0
176,Housing Prices,"Housing Units with a Mortgage 50%+ by Race, White Alone, Not Hispanic or Latino",0.0,0.0,0.0,0.0,0.0,0.0,0.0,0.0,0.0,0.0,0.0,0.0,0.0,0.0,13.0,16.0
177,Housing Prices,Housing Units with a Mortgage Not Computed,0.0,15.0,14.0,13.0,12.0,0.0,0.0,0.0,0.0,0.0,0.0,11.0,0.0,0.0,0.0,0.0
178,Housing Prices,"Housing Units with a Mortgage by Race, American Indian and Alaska Native Alone",0.0,0.0,0.0,0.0,0.0,0.0,0.0,0.0,0.0,0.0,0.0,0.0,0.0,0.0,0.0,0.0
179,Housing Prices,"Housing Units with a Mortgage by Race, Asian Alone",0.0,0.0,0.0,0.0,0.0,0.0,0.0,0.0,0.0,0.0,0.0,0.0,0.0,0.0,1252.0,1085.0
180,Housing Prices,"Housing Units with a Mortgage by Race, Black or African American Alone",0.0,0.0,0.0,0.0,0.0,0.0,0.0,0.0,0.0,0.0,0.0,0.0,0.0,0.0,160.0,184.0
181,Housing Prices,"Housing Units with a Mortgage by Race, Hispanic or Latino",0.0,0.0,0.0,0.0,0.0,0.0,0.0,0.0,0.0,0.0,0.0,0.0,0.0,0.0,126.0,92.0
182,Housing Prices,"Housing Units with a Mortgage by Race, Native Hawaiian and Other Pacific Islander Alone",0.0,0.0,0.0,0.0,0.0,0.0,0.0,0.0,0.0,0.0,0.0,0.0,0.0,0.0,19.0,19.0
183,Housing Prices,"Housing Units with a Mortgage by Race, Some Other Race Alone",0.0,0.0,0.0,0.0,0.0,0.0,0.0,0.0,0.0,0.0,0.0,0.0,0.0,0.0,0.0,0.0
184,Housing Prices,"Housing Units with a Mortgage by Race, Two or More Races",0.0,0.0,0.0,0.0,0.0,0.0,0.0,0.0,0.0,0.0,0.0,0.0,0.0,0.0,70.0,121.0
185,Housing Prices,"Housing Units with a Mortgage by Race, White Alone",0.0,0.0,0.0,0.0,0.0,0.0,0.0,0.0,0.0,0.0,0.0,0.0,0.0,0.0,582.0,531.0
186,Housing Prices,"Housing Units with a Mortgage by Race, White Alone, Not Hispanic or Latino",0.0,0.0,0.0,0.0,0.0,0.0,0.0,0.0,0.0,0.0,0.0,0.0,0.0,0.0,493.0,531.0
187,Housing Prices,Housing Units without a Mortgage,0.0,150.0,148.0,149.0,143.0,153.0,59.0,111.0,221.0,99.0,347.0,293.0,392.0,552.0,590.0,760.0
188,Housing Prices,Housing Units without a Mortgage 0 to 30%,0.0,119.0,74.0,79.0,79.0,93.0,24.0,98.0,206.0,83.0,347.0,284.0,330.0,474.0,505.0,660.0
189,Housing Prices,Housing Units without a Mortgage 30-50%,0.0,17.0,35.0,28.0,25.0,37.0,14.0,13.0,15.0,0.0,0.0,9.0,0.0,0.0,0.0,17.0
190,Housing Prices,Housing Units without a Mortgage 50%+,0.0,0.0,24.0,28.0,25.0,23.0,21.0,0.0,0.0,16.0,0.0,0.0,62.0,78.0,85.0,83.0
191,Housing Prices,"Housing Units without a Mortgage 50%+ by Race, American Indian and Alaska Native Alone",0.0,0.0,0.0,0.0,0.0,0.0,0.0,0.0,0.0,0.0,0.0,0.0,0.0,0.0,0.0,0.0
192,Housing Prices,"Housing Units without a Mortgage 50%+ by Race, Asian Alone",0.0,0.0,0.0,0.0,0.0,0.0,0.0,0.0,0.0,0.0,0.0,0.0,0.0,0.0,85.0,83.0
193,Housing Prices,"Housing Units without a Mortgage 50%+ by Race, Black or African American Alone",0.0,0.0,0.0,0.0,0.0,0.0,0.0,0.0,0.0,0.0,0.0,0.0,0.0,0.0,0.0,0.0
194,Housing Prices,"Housing Units without a Mortgage 50%+ by Race, Hispanic or Latino",0.0,0.0,0.0,0.0,0.0,0.0,0.0,0.0,0.0,0.0,0.0,0.0,0.0,0.0,0.0,0.0
195,Housing Prices,"Housing Units without a Mortgage 50%+ by Race, Native Hawaiian and Other Pacific Islander Alone",0.0,0.0,0.0,0.0,0.0,0.0,0.0,0.0,0.0,0.0,0.0,0.0,0.0,0.0,0.0,0.0
196,Housing Prices,"Housing Units without a Mortgage 50%+ by Race, Some Other Race Alone",0.0,0.0,0.0,0.0,0.0,0.0,0.0,0.0,0.0,0.0,0.0,0.0,0.0,0.0,0.0,0.0
197,Housing Prices,"Housing Units without a Mortgage 50%+ by Race, Two or More Races",0.0,0.0,0.0,0.0,0.0,0.0,0.0,0.0,0.0,0.0,0.0,0.0,0.0,0.0,0.0,0.0
198,Housing Prices,"Housing Units without a Mortgage 50%+ by Race, White Alone",0.0,0.0,0.0,0.0,0.0,0.0,0.0,0.0,0.0,0.0,0.0,0.0,0.0,0.0,0.0,0.0
199,Housing Prices,"Housing Units without a Mortgage 50%+ by Race, White Alone, Not Hispanic or Latino",0.0,0.0,0.0,0.0,0.0,0.0,0.0,0.0,0.0,0.0,0.0,0.0,0.0,0.0,0.0,0.0
200,Housing Prices,Housing Units without a Mortgage Not Computed,0.0,14.0,15.0,14.0,14.0,0.0,0.0,0.0,0.0,0.0,0.0,0.0,0.0,0.0,0.0,0.0
201,Housing Prices,"Housing Units without a Mortgage by Race, American Indian and Alaska Native Alone",0.0,0.0,0.0,0.0,0.0,0.0,0.0,0.0,0.0,0.0,0.0,0.0,0.0,0.0,0.0,0.0
202,Housing Prices,"Housing Units without a Mortgage by Race, Asian Alone",0.0,0.0,0.0,0.0,0.0,0.0,0.0,0.0,0.0,0.0,0.0,0.0,0.0,0.0,531.0,670.0
203,Housing Prices,"Housing Units without a Mortgage by Race, Black or African American Alone",0.0,0.0,0.0,0.0,0.0,0.0,0.0,0.0,0.0,0.0,0.0,0.0,0.0,0.0,0.0,0.0
204,Housing Prices,"Housing Units without a Mortgage by Race, Hispanic or Latino",0.0,0.0,0.0,0.0,0.0,0.0,0.0,0.0,0.0,0.0,0.0,0.0,0.0,0.0,0.0,20.0
205,Housing Prices,"Housing Units without a Mortgage by Race, Native Hawaiian and Other Pacific Islander Alone",0.0,0.0,0.0,0.0,0.0,0.0,0.0,0.0,0.0,0.0,0.0,0.0,0.0,0.0,0.0,0.0
206,Housing Prices,"Housing Units without a Mortgage by Race, Some Other Race Alone",0.0,0.0,0.0,0.0,0.0,0.0,0.0,0.0,0.0,0.0,0.0,0.0,0.0,0.0,0.0,0.0
207,Housing Prices,"Housing Units without a Mortgage by Race, Two or More Races",0.0,0.0,0.0,0.0,0.0,0.0,0.0,0.0,0.0,0.0,0.0,0.0,0.0,0.0,0.0,20.0
208,Housing Prices,"Housing Units without a Mortgage by Race, White Alone",0.0,0.0,0.0,0.0,0.0,0.0,0.0,0.0,0.0,0.0,0.0,0.0,0.0,0.0,59.0,70.0
209,Housing Prices,"Housing Units without a Mortgage by Race, White Alone, Not Hispanic or Latino",0.0,0.0,0.0,0.0,0.0,0.0,0.0,0.0,0.0,0.0,0.0,0.0,0.0,0.0,59.0,70.0
210,Housing Prices,Median Contract Rent,596.7741935483871,2000.14051973051,2000.219530658592,2000.3304508956144,2000.3318335208096,2001.0,2586.7875647668398,2718.9849624060157,2744.7916666666665,2169.1176470588234,2922.256097560976,2071.03825136612,2882.7838827838827,2958.333333333333,3229.357798165138,3380.50518134715
211,Housing Prices,Median Home Value,98076.92307692308,685077.5193798449,641071.4285714286,645459.0818363273,618009.8684210526,603837.1946202532,737165.1785714286,773014.440433213,796028.880866426,1286290.322580645,914731.0513447432,947981.3664596272,1217770.0348432057,1300980.392156863,1260140.4056162247,1218340.6113537117
212,Housing Prices,Median Rent,641.4285714285714,2000.1582459485223,2000.219530658592,2000.378524295141,2000.368536853685,2001.0,2774.324324324324,2841.939546599496,2780.5882352941176,2223.9263803680983,3131.163708086785,2142.682926829268,2900.9287925696594,3065.362595419848,3287.461773700306,3500.043578866178
213,Housing Prices,Median Rent as % of Household Income,29.98690476190476,27.493961352657003,26.49797507788162,25.83310185185185,25.689285714285717,25.790186125211505,25.608365758754864,25.453846153846158,25.61485061511424,19.69785522788204,23.7047514619883,26.08340707964602,25.239668874172185,22.516623711340205,25.366152815013404,25.639416666666666
214,Housing Prices,Rent 100 to 149,0.0,0.0,0.0,0.0,0.0,0.0,0.0,0.0,0.0,0.0,0.0,0.0,0.0,0.0,0.0,0.0
215,Housing Prices,Rent 1000 to 1249,21.0,212.0,240.0,205.0,157.0,97.0,76.0,74.0,48.0,38.0,179.0,94.0,81.0,36.0,31.0,76.0
216,Housing Prices,Rent 1250 to 1499,0.0,99.0,163.0,190.0,341.0,313.0,297.0,309.0,432.0,139.0,216.0,238.0,162.0,386.0,375.0,260.0
217,Housing Prices,Rent 150 to 199,0.0,0.0,0.0,0.0,0.0,0.0,0.0,0.0,0.0,0.0,0.0,0.0,0.0,0.0,22.0,37.0
218,Housing Prices,Rent 1500 to 1999,27.0,306.0,363.0,355.0,329.0,366.0,232.0,218.0,264.0,274.0,416.0,368.0,773.0,566.0,429.0,634.0
219,Housing Prices,Rent 200 to 249,18.0,0.0,0.0,0.0,0.0,0.0,27.0,30.0,29.0,0.0,220.0,0.0,240.0,261.0,219.0,134.0
220,Housing Prices,"Rent 2000 to 2499  (Rent 2000 or more, DEC2000 and ACS2009-2014)",51.0,1049.0,1321.0,1667.0,1818.0,1801.0,182.0,173.0,127.0,163.0,131.0,410.0,221.0,272.0,521.0,371.0
221,Housing Prices,Rent 250 to 299,0.0,18.0,15.0,11.0,0.0,22.0,80.0,70.0,42.0,0.0,122.0,57.0,0.0,61.0,33.0,0.0
223,Housing Prices,Rent 300 to 349,0.0,0.0,33.0,0.0,0.0,76.0,78.0,110.0,38.0,0.0,10.0,26.0,162.0,124.0,0.0,0.0
225,Housing Prices,Rent 350 to 399,17.0,0.0,0.0,34.0,70.0,59.0,68.0,0.0,231.0,0.0,126.0,0.0,0.0,0.0,119.0,18.0
227,Housing Prices,Rent 400 to 449,13.0,55.0,49.0,33.0,0.0,29.0,30.0,63.0,121.0,0.0,109.0,0.0,211.0,0.0,0.0,0.0
228,Housing Prices,Rent 450 to 499,0.0,34.0,0.0,17.0,0.0,0.0,0.0,0.0,12.0,0.0,72.0,10.0,16.0,0.0,0.0,0.0
229,Housing Prices,Rent 500 to 549,11.0,14.0,35.0,39.0,39.0,0.0,0.0,0.0,0.0,0.0,18.0,15.0,131.0,30.0,0.0,0.0
230,Housing Prices,Rent 550 to 599,24.0,0.0,30.0,36.0,37.0,58.0,140.0,112.0,109.0,0.0,0.0,52.0,0.0,0.0,0.0,0.0
231,Housing Prices,Rent 600 to 649,35.0,0.0,0.0,34.0,23.0,23.0,25.0,24.0,0.0,13.0,31.0,52.0,0.0,21.0,0.0,19.0
232,Housing Prices,Rent 650 to 699,0.0,12.0,0.0,0.0,0.0,0.0,0.0,32.0,34.0,0.0,0.0,76.0,6.0,0.0,16.0,35.0
233,Housing Prices,Rent 700 to 749,7.0,0.0,0.0,0.0,0.0,0.0,0.0,0.0,0.0,0.0,27.0,20.0,0.0,0.0,0.0,0.0
234,Housing Prices,Rent 750 to 799,0.0,14.0,13.0,43.0,152.0,84.0,85.0,0.0,0.0,0.0,0.0,86.0,0.0,6.0,6.0,0.0
235,Housing Prices,Rent 800 to 899,0.0,66.0,27.0,8.0,0.0,61.0,64.0,181.0,68.0,14.0,0.0,126.0,0.0,0.0,0.0,6.0
236,Housing Prices,Rent 900 to 999,0.0,53.0,63.0,31.0,0.0,0.0,48.0,44.0,43.0,15.0,79.0,58.0,0.0,7.0,13.0,33.0
237,Housing Prices,Rent Burdened,0.4598214285714285,0.4065491183879093,0.3686616791354946,0.3214545454545454,0.3101728723404255,0.3323412698412698,0.3214067278287462,0.3441483198146002,0.3477438530126993,0.2263339070567986,0.3215403128760529,0.4259776536312849,0.3781770376862401,0.3403024911032028,0.3947532792004997,0.4282398452611218
247,Housing Prices,Rent Less than 100,0.0,0.0,0.0,0.0,0.0,0.0,0.0,0.0,0.0,0.0,0.0,30.0,0.0,0.0,0.0,0.0
248,Housing Prices,Rent Total,224.0,1985.0,2406.0,2750.0,3008.0,3024.0,3270.0,3452.0,3701.0,1162.0,4155.0,2864.0,4564.0,4496.0,4803.0,5170.0
249,Housing Prices,"Rent Total No cash rent  (No cash rent, DEC2000 and ACS2009-2014)",0.0,53.0,54.0,47.0,42.0,35.0,370.0,397.0,425.0,99.0,162.0,438.0,323.0,378.0,203.0,225.0
250,Housing Prices,Rent Total No cash rent (ACS2015-),0.0,0.0,0.0,0.0,0.0,0.0,0.0,29.0,28.0,30.0,53.0,14.0,40.0,63.0,77.0,97.0
251,Housing Prices,Rent Total With cash rent,224.0,1932.0,2352.0,2703.0,2966.0,2989.0,3270.0,3423.0,3673.0,1132.0,4102.0,2850.0,4524.0,4433.0,4726.0,5073.0
252,Housing Type,10-19 Units,0.0742857142857142,0.0120336943441636,0.0127779197546639,0.003181095205635,0.0025717959708529,0.0017996400719856,0.0032654629273914,0.0088511560693641,0.0089906700593723,0.4305882352941176,0.0158752070679182,0.1182795698924731,0.0012256570883834,0.0069186418962203,0.0029491275497665,0.0045050385299347
253,Housing Type,2-4 Units,0.0,0.0048134777376654,0.0051111679018655,0.0059077482390365,0.0100728675525075,0.0107978404319136,0.0115251632731463,0.0115606936416184,0.0186598812553011,0.2888235294117647,0.011043622308117,0.1772043010752688,0.0091243361024104,0.0094811018577834,0.009953305480462,0.0144635447540011
254,Housing Type,20 Units or More,0.7571428571428571,0.944043321299639,0.9575773064145158,0.966144058168598,0.9620660094299186,0.9578084383123376,0.9733000384172108,0.9701950867052024,0.9621713316369804,0.1429411764705882,0.9730811706239648,0.4649462365591398,0.9739888329020836,0.9683536194746956,0.9649791103465224,0.953764078245406
255,Housing Type,5-9 Units,0.0685714285714285,0.0,0.0,0.0,0.0,0.0,0.0,0.0,0.0,0.0864705882352941,0.0,0.1341935483870967,0.0,0.0,0.0,0.0
256,Housing Type,Other Type,0.1,0.0024067388688327,0.0,0.0,0.0,0.0,0.0,0.0,0.0,0.0,0.0,0.0,0.0,0.0,0.0,0.0
257,Housing Type,Single Family Housing,0.0,0.0367027677496991,0.0245336059289547,0.0247670983867302,0.0252893270467209,0.0295940811837632,0.0119093353822512,0.009393063583815,0.010178117048346,0.0511764705882352,0.0,0.1053763440860215,0.0156611739071224,0.0152466367713004,0.0221184566232489,0.0272673384706579
258,Income,Household Income 10000 to 14999,29.0,65.0,133.0,122.0,87.0,102.0,103.0,106.0,119.0,14.0,306.0,189.0,466.0,493.0,369.0,218.0
259,Income,"Household Income 10000 to 14999 by Race, American Indian and Alaska Native Alone",0.0,0.0,0.0,0.0,0.0,0.0,0.0,0.0,0.0,0.0,0.0,0.0,0.0,0.0,0.0,0.0
260,Income,"Household Income 10000 to 14999 by Race, Asian Alone",19.0,7.0,12.0,0.0,0.0,0.0,0.0,34.0,40.0,0.0,32.0,82.0,19.0,116.0,105.0,190.0
261,Income,"Household Income 10000 to 14999 by Race, Black or African American Alone",0.0,0.0,0.0,0.0,0.0,0.0,0.0,0.0,0.0,0.0,0.0,10.0,0.0,0.0,0.0,0.0
262,Income,"Household Income 10000 to 14999 by Race, Hispanic or Latino",0.0,0.0,0.0,0.0,0.0,0.0,0.0,0.0,0.0,0.0,108.0,23.0,186.0,195.0,170.0,28.0
263,Income,"Household Income 10000 to 14999 by Race, Native Hawaiian and Other Pacific Islander Alone",0.0,0.0,0.0,0.0,0.0,0.0,0.0,0.0,0.0,0.0,0.0,0.0,0.0,0.0,0.0,0.0
264,Income,"Household Income 10000 to 14999 by Race, Some Other Race Alone",0.0,0.0,0.0,0.0,0.0,0.0,0.0,0.0,0.0,0.0,224.0,0.0,348.0,319.0,264.0,28.0
265,Income,"Household Income 10000 to 14999 by Race, Two or More Races",0.0,0.0,0.0,0.0,0.0,0.0,0.0,0.0,10.0,0.0,17.0,0.0,13.0,0.0,0.0,0.0
266,Income,"Household Income 10000 to 14999 by Race, White Alone",10.0,58.0,121.0,122.0,87.0,102.0,103.0,72.0,69.0,14.0,33.0,97.0,86.0,58.0,0.0,0.0
267,Income,"Household Income 10000 to 14999 by Race, White Alone, Not Hispanic or Latino",10.0,58.0,121.0,122.0,87.0,102.0,103.0,72.0,69.0,14.0,33.0,74.0,86.0,58.0,0.0,0.0
268,Income,Household Income 100000 to 124999,30.0,254.0,307.0,249.0,317.0,419.0,338.0,435.0,431.0,221.0,294.0,237.0,472.0,420.0,736.0,686.0
269,Income,"Household Income 100000 to 124999 by Race, American Indian and Alaska Native Alone",0.0,0.0,0.0,0.0,0.0,0.0,0.0,0.0,0.0,0.0,0.0,0.0,0.0,0.0,0.0,0.0
270,Income,"Household Income 100000 to 124999 by Race, Asian Alone",0.0,126.0,108.0,143.0,139.0,206.0,124.0,130.0,203.0,15.0,147.0,136.0,273.0,306.0,559.0,521.0
271,Income,"Household Income 100000 to 124999 by Race, Black or African American Alone",0.0,0.0,0.0,0.0,0.0,0.0,0.0,0.0,0.0,0.0,0.0,8.0,0.0,0.0,0.0,0.0
272,Income,"Household Income 100000 to 124999 by Race, Hispanic or Latino",0.0,44.0,38.0,8.0,0.0,0.0,0.0,0.0,0.0,0.0,0.0,24.0,0.0,0.0,39.0,39.0
273,Income,"Household Income 100000 to 124999 by Race, Native Hawaiian and Other Pacific Islander Alone",0.0,0.0,0.0,0.0,0.0,0.0,0.0,0.0,0.0,0.0,0.0,0.0,0.0,0.0,0.0,0.0
274,Income,"Household Income 100000 to 124999 by Race, Some Other Race Alone",0.0,30.0,26.0,0.0,0.0,0.0,0.0,0.0,0.0,0.0,0.0,11.0,0.0,0.0,0.0,0.0
275,Income,"Household Income 100000 to 124999 by Race, Two or More Races",0.0,9.0,0.0,0.0,0.0,0.0,0.0,0.0,0.0,21.0,0.0,5.0,0.0,0.0,11.0,16.0
276,Income,"Household Income 100000 to 124999 by Race, White Alone",30.0,89.0,173.0,106.0,178.0,213.0,214.0,305.0,228.0,185.0,147.0,77.0,199.0,114.0,166.0,149.0
277,Income,"Household Income 100000 to 124999 by Race, White Alone, Not Hispanic or Latino",30.0,75.0,161.0,98.0,178.0,213.0,214.0,305.0,228.0,185.0,147.0,64.0,199.0,114.0,138.0,126.0
278,Income,Household Income 125000 to 149999,0.0,307.0,354.0,452.0,447.0,523.0,432.0,382.0,455.0,136.0,514.0,202.0,459.0,241.0,244.0,457.0
279,Income,"Household Income 125000 to 149999 by Race, American Indian and Alaska Native Alone",0.0,0.0,0.0,0.0,0.0,0.0,0.0,0.0,0.0,0.0,0.0,0.0,0.0,0.0,0.0,0.0
280,Income,"Household Income 125000 to 149999 by Race, Asian Alone",0.0,63.0,101.0,150.0,135.0,190.0,230.0,200.0,80.0,22.0,91.0,73.0,107.0,41.0,98.0,271.0
281,Income,"Household Income 125000 to 149999 by Race, Black or African American Alone",0.0,0.0,0.0,0.0,0.0,0.0,0.0,0.0,0.0,0.0,0.0,8.0,0.0,0.0,0.0,29.0
282,Income,"Household Income 125000 to 149999 by Race, Hispanic or Latino",0.0,33.0,41.0,30.0,28.0,68.0,30.0,35.0,37.0,12.0,51.0,0.0,59.0,45.0,64.0,54.0
283,Income,"Household Income 125000 to 149999 by Race, Native Hawaiian and Other Pacific Islander Alone",0.0,0.0,0.0,0.0,0.0,0.0,0.0,0.0,0.0,0.0,0.0,0.0,0.0,0.0,0.0,0.0
284,Income,"Household Income 125000 to 149999 by Race, Some Other Race Alone",0.0,0.0,0.0,0.0,0.0,0.0,0.0,0.0,0.0,0.0,0.0,0.0,0.0,0.0,0.0,0.0
285,Income,"Household Income 125000 to 149999 by Race, Two or More Races",0.0,0.0,0.0,0.0,0.0,0.0,22.0,20.0,27.0,0.0,51.0,0.0,9.0,0.0,0.0,70.0
286,Income,"Household Income 125000 to 149999 by Race, White Alone",0.0,244.0,253.0,302.0,312.0,333.0,180.0,162.0,348.0,114.0,372.0,121.0,343.0,200.0,146.0,87.0
287,Income,"Household Income 125000 to 149999 by Race, White Alone, Not Hispanic or Latino",0.0,211.0,212.0,272.0,284.0,265.0,150.0,127.0,311.0,102.0,372.0,121.0,293.0,155.0,82.0,87.0
288,Income,Household Income 15000 to 19999,21.0,205.0,94.0,71.0,63.0,59.0,68.0,29.0,51.0,25.0,45.0,142.0,151.0,170.0,153.0,164.0
289,Income,"Household Income 15000 to 19999 by Race, American Indian and Alaska Native Alone",0.0,0.0,0.0,0.0,0.0,0.0,0.0,0.0,0.0,0.0,0.0,0.0,0.0,0.0,0.0,0.0
290,Income,"Household Income 15000 to 19999 by Race, Asian Alone",18.0,33.0,16.0,17.0,0.0,0.0,0.0,0.0,22.0,0.0,45.0,0.0,72.0,0.0,0.0,0.0
291,Income,"Household Income 15000 to 19999 by Race, Black or African American Alone",0.0,45.0,39.0,28.0,0.0,0.0,0.0,0.0,0.0,0.0,0.0,43.0,0.0,30.0,32.0,48.0
292,Income,"Household Income 15000 to 19999 by Race, Hispanic or Latino",0.0,0.0,0.0,0.0,0.0,0.0,0.0,0.0,0.0,0.0,0.0,0.0,0.0,21.0,16.0,22.0
293,Income,"Household Income 15000 to 19999 by Race, Native Hawaiian and Other Pacific Islander Alone",0.0,0.0,0.0,0.0,0.0,0.0,0.0,0.0,0.0,0.0,0.0,0.0,0.0,0.0,0.0,0.0
294,Income,"Household Income 15000 to 19999 by Race, Some Other Race Alone",0.0,21.0,0.0,0.0,0.0,0.0,0.0,0.0,0.0,0.0,0.0,12.0,0.0,0.0,0.0,0.0
295,Income,"Household Income 15000 to 19999 by Race, Two or More Races",0.0,0.0,0.0,0.0,0.0,0.0,0.0,0.0,0.0,0.0,0.0,0.0,0.0,0.0,0.0,0.0
296,Income,"Household Income 15000 to 19999 by Race, White Alone",3.0,106.0,39.0,26.0,63.0,59.0,68.0,29.0,29.0,25.0,0.0,87.0,79.0,140.0,121.0,116.0
297,Income,"Household Income 15000 to 19999 by Race, White Alone, Not Hispanic or Latino",3.0,106.0,39.0,26.0,63.0,59.0,68.0,29.0,29.0,25.0,0.0,87.0,79.0,119.0,105.0,94.0
298,Income,Household Income 150000 to 199999,12.0,375.0,558.0,590.0,660.0,683.0,648.0,661.0,898.0,236.0,1109.0,482.0,882.0,447.0,678.0,780.0
299,Income,"Household Income 150000 to 199999 by Race, American Indian and Alaska Native Alone",0.0,0.0,0.0,0.0,0.0,0.0,0.0,0.0,0.0,0.0,0.0,0.0,0.0,0.0,0.0,28.0
300,Income,"Household Income 150000 to 199999 by Race, Asian Alone",0.0,133.0,278.0,227.0,292.0,288.0,283.0,257.0,404.0,37.0,498.0,199.0,431.0,236.0,393.0,387.0
301,Income,"Household Income 150000 to 199999 by Race, Black or African American Alone",0.0,0.0,0.0,0.0,0.0,0.0,0.0,0.0,0.0,0.0,0.0,6.0,0.0,0.0,0.0,0.0
302,Income,"Household Income 150000 to 199999 by Race, Hispanic or Latino",0.0,0.0,14.0,15.0,16.0,57.0,66.0,29.0,202.0,23.0,251.0,74.0,209.0,66.0,56.0,105.0
303,Income,"Household Income 150000 to 199999 by Race, Native Hawaiian and Other Pacific Islander Alone",0.0,0.0,0.0,0.0,0.0,0.0,0.0,0.0,0.0,0.0,0.0,8.0,0.0,0.0,0.0,0.0
304,Income,"Household Income 150000 to 199999 by Race, Some Other Race Alone",0.0,0.0,0.0,0.0,0.0,41.0,49.0,0.0,105.0,12.0,123.0,0.0,105.0,26.0,15.0,18.0
305,Income,"Household Income 150000 to 199999 by Race, Two or More Races",0.0,0.0,0.0,0.0,0.0,0.0,0.0,29.0,29.0,0.0,70.0,0.0,0.0,40.0,0.0,0.0
306,Income,"Household Income 150000 to 199999 by Race, White Alone",12.0,242.0,280.0,363.0,368.0,354.0,316.0,375.0,360.0,187.0,418.0,269.0,346.0,145.0,270.0,347.0
307,Income,"Household Income 150000 to 199999 by Race, White Alone, Not Hispanic or Latino",12.0,242.0,266.0,348.0,352.0,338.0,299.0,375.0,292.0,176.0,336.0,195.0,242.0,145.0,229.0,288.0
308,Income,Household Income 20000 to 24999,10.0,73.0,132.0,117.0,88.0,62.0,74.0,109.0,66.0,39.0,64.0,48.0,79.0,17.0,109.0,85.0
309,Income,"Household Income 20000 to 24999 by Race, American Indian and Alaska Native Alone",0.0,0.0,0.0,0.0,0.0,0.0,0.0,0.0,0.0,0.0,0.0,0.0,0.0,0.0,0.0,0.0
310,Income,"Household Income 20000 to 24999 by Race, Asian Alone",0.0,31.0,32.0,26.0,10.0,0.0,0.0,32.0,34.0,0.0,27.0,10.0,79.0,17.0,84.0,20.0
311,Income,"Household Income 20000 to 24999 by Race, Black or African American Alone",0.0,0.0,0.0,0.0,0.0,23.0,21.0,20.0,0.0,0.0,0.0,23.0,0.0,0.0,0.0,13.0
312,Income,"Household Income 20000 to 24999 by Race, Hispanic or Latino",0.0,0.0,0.0,34.0,23.0,23.0,25.0,24.0,0.0,0.0,0.0,0.0,0.0,0.0,0.0,0.0
313,Income,"Household Income 20000 to 24999 by Race, Native Hawaiian and Other Pacific Islander Alone",0.0,0.0,0.0,0.0,0.0,0.0,0.0,0.0,0.0,0.0,0.0,0.0,0.0,0.0,0.0,0.0
314,Income,"Household Income 20000 to 24999 by Race, Some Other Race Alone",0.0,0.0,27.0,0.0,0.0,0.0,0.0,0.0,0.0,0.0,0.0,0.0,0.0,0.0,0.0,0.0
315,Income,"Household Income 20000 to 24999 by Race, Two or More Races",0.0,0.0,0.0,34.0,23.0,23.0,25.0,24.0,0.0,0.0,0.0,0.0,0.0,0.0,25.0,52.0
316,Income,"Household Income 20000 to 24999 by Race, White Alone",10.0,42.0,73.0,57.0,55.0,16.0,28.0,33.0,32.0,39.0,37.0,15.0,0.0,0.0,0.0,0.0
317,Income,"Household Income 20000 to 24999 by Race, White Alone, Not Hispanic or Latino",10.0,42.0,73.0,57.0,55.0,16.0,28.0,33.0,32.0,39.0,37.0,15.0,0.0,0.0,0.0,0.0
318,Income,Household Income 25000 to 29999,37.0,77.0,67.0,121.0,95.0,85.0,46.0,42.0,54.0,0.0,168.0,181.0,57.0,156.0,116.0,286.0
319,Income,"Household Income 25000 to 29999 by Race, American Indian and Alaska Native Alone",0.0,0.0,0.0,0.0,0.0,0.0,0.0,0.0,0.0,0.0,0.0,0.0,0.0,0.0,0.0,0.0
320,Income,"Household Income 25000 to 29999 by Race, Asian Alone",10.0,23.0,21.0,55.0,43.0,42.0,46.0,42.0,28.0,0.0,134.0,105.0,57.0,156.0,116.0,248.0
321,Income,"Household Income 25000 to 29999 by Race, Black or African American Alone",21.0,0.0,0.0,0.0,0.0,0.0,0.0,0.0,26.0,0.0,34.0,0.0,0.0,0.0,0.0,0.0
322,Income,"Household Income 25000 to 29999 by Race, Hispanic or Latino",0.0,0.0,0.0,0.0,0.0,0.0,0.0,0.0,0.0,0.0,0.0,20.0,0.0,0.0,0.0,0.0
323,Income,"Household Income 25000 to 29999 by Race, Native Hawaiian and Other Pacific Islander Alone",0.0,0.0,0.0,0.0,0.0,0.0,0.0,0.0,0.0,0.0,0.0,0.0,0.0,0.0,0.0,0.0
324,Income,"Household Income 25000 to 29999 by Race, Some Other Race Alone",0.0,0.0,0.0,0.0,0.0,0.0,0.0,0.0,0.0,0.0,0.0,0.0,0.0,0.0,0.0,0.0
325,Income,"Household Income 25000 to 29999 by Race, Two or More Races",0.0,0.0,0.0,0.0,0.0,0.0,0.0,0.0,0.0,0.0,0.0,0.0,0.0,0.0,0.0,0.0
326,Income,"Household Income 25000 to 29999 by Race, White Alone",6.0,54.0,46.0,66.0,52.0,43.0,0.0,0.0,0.0,0.0,0.0,76.0,0.0,0.0,0.0,38.0
327,Income,"Household Income 25000 to 29999 by Race, White Alone, Not Hispanic or Latino",6.0,54.0,46.0,66.0,52.0,43.0,0.0,0.0,0.0,0.0,0.0,56.0,0.0,0.0,0.0,38.0
328,Income,Household Income 30000 to 34999,30.0,14.0,43.0,151.0,196.0,241.0,238.0,231.0,90.0,49.0,28.0,221.0,78.0,173.0,49.0,59.0
329,Income,"Household Income 30000 to 34999 by Race, American Indian and Alaska Native Alone",0.0,0.0,0.0,0.0,0.0,0.0,0.0,0.0,0.0,0.0,0.0,0.0,0.0,0.0,0.0,0.0
330,Income,"Household Income 30000 to 34999 by Race, Asian Alone",9.0,0.0,0.0,105.0,148.0,189.0,189.0,179.0,44.0,0.0,0.0,15.0,4.0,74.0,12.0,59.0
331,Income,"Household Income 30000 to 34999 by Race, Black or African American Alone",8.0,14.0,13.0,13.0,11.0,0.0,0.0,0.0,0.0,0.0,0.0,27.0,20.0,32.0,24.0,0.0
332,Income,"Household Income 30000 to 34999 by Race, Hispanic or Latino",0.0,0.0,0.0,0.0,0.0,0.0,0.0,0.0,0.0,0.0,0.0,119.0,54.0,60.0,0.0,0.0
333,Income,"Household Income 30000 to 34999 by Race, Native Hawaiian and Other Pacific Islander Alone",0.0,0.0,0.0,0.0,0.0,0.0,0.0,0.0,0.0,0.0,0.0,9.0,0.0,0.0,0.0,0.0
334,Income,"Household Income 30000 to 34999 by Race, Some Other Race Alone",0.0,0.0,0.0,0.0,0.0,0.0,0.0,0.0,0.0,0.0,0.0,149.0,54.0,60.0,0.0,0.0
335,Income,"Household Income 30000 to 34999 by Race, Two or More Races",0.0,0.0,0.0,0.0,0.0,0.0,0.0,0.0,0.0,11.0,0.0,0.0,0.0,0.0,0.0,0.0
336,Income,"Household Income 30000 to 34999 by Race, White Alone",13.0,0.0,30.0,33.0,37.0,52.0,49.0,52.0,46.0,38.0,28.0,21.0,0.0,7.0,13.0,0.0
337,Income,"Household Income 30000 to 34999 by Race, White Alone, Not Hispanic or Latino",13.0,0.0,30.0,33.0,37.0,52.0,49.0,52.0,46.0,38.0,28.0,21.0,0.0,7.0,13.0,0.0
338,Income,Household Income 35000 to 39999,0.0,59.0,61.0,47.0,74.0,40.0,131.0,226.0,233.0,15.0,124.0,79.0,244.0,19.0,66.0,77.0
339,Income,"Household Income 35000 to 39999 by Race, American Indian and Alaska Native Alone",0.0,0.0,0.0,0.0,0.0,0.0,0.0,0.0,0.0,0.0,0.0,0.0,0.0,0.0,0.0,0.0
340,Income,"Household Income 35000 to 39999 by Race, Asian Alone",0.0,44.0,47.0,35.0,42.0,13.0,0.0,25.0,65.0,15.0,7.0,0.0,0.0,19.0,15.0,26.0
341,Income,"Household Income 35000 to 39999 by Race, Black or African American Alone",0.0,15.0,14.0,12.0,13.0,0.0,0.0,0.0,0.0,0.0,0.0,13.0,0.0,0.0,0.0,0.0
342,Income,"Household Income 35000 to 39999 by Race, Hispanic or Latino",0.0,0.0,0.0,0.0,0.0,0.0,0.0,0.0,0.0,0.0,0.0,10.0,0.0,0.0,51.0,40.0
343,Income,"Household Income 35000 to 39999 by Race, Native Hawaiian and Other Pacific Islander Alone",0.0,0.0,0.0,0.0,0.0,0.0,0.0,0.0,0.0,0.0,0.0,0.0,0.0,0.0,0.0,0.0
344,Income,"Household Income 35000 to 39999 by Race, Some Other Race Alone",0.0,0.0,0.0,0.0,0.0,0.0,0.0,0.0,0.0,0.0,0.0,10.0,0.0,0.0,51.0,40.0
345,Income,"Household Income 35000 to 39999 by Race, Two or More Races",0.0,0.0,0.0,0.0,0.0,0.0,0.0,0.0,0.0,0.0,0.0,23.0,0.0,0.0,0.0,0.0
346,Income,"Household Income 35000 to 39999 by Race, White Alone",0.0,0.0,0.0,0.0,19.0,27.0,131.0,201.0,168.0,0.0,117.0,33.0,244.0,0.0,0.0,11.0
347,Income,"Household Income 35000 to 39999 by Race, White Alone, Not Hispanic or Latino",0.0,0.0,0.0,0.0,19.0,27.0,131.0,201.0,168.0,0.0,117.0,33.0,244.0,0.0,0.0,11.0
348,Income,Household Income 40000 to 44999,30.0,136.0,99.0,52.0,58.0,99.0,81.0,51.0,84.0,0.0,35.0,73.0,0.0,295.0,252.0,224.0
349,Income,"Household Income 40000 to 44999 by Race, American Indian and Alaska Native Alone",0.0,0.0,0.0,0.0,0.0,0.0,0.0,0.0,0.0,0.0,0.0,0.0,0.0,0.0,0.0,0.0
350,Income,"Household Income 40000 to 44999 by Race, Asian Alone",15.0,117.0,54.0,19.0,36.0,34.0,32.0,30.0,32.0,0.0,0.0,10.0,0.0,32.0,26.0,10.0
351,Income,"Household Income 40000 to 44999 by Race, Black or African American Alone",0.0,0.0,0.0,0.0,0.0,15.0,0.0,0.0,0.0,0.0,0.0,0.0,0.0,0.0,0.0,0.0
352,Income,"Household Income 40000 to 44999 by Race, Hispanic or Latino",0.0,0.0,0.0,0.0,0.0,0.0,0.0,0.0,0.0,0.0,0.0,40.0,0.0,0.0,0.0,0.0
353,Income,"Household Income 40000 to 44999 by Race, Native Hawaiian and Other Pacific Islander Alone",0.0,0.0,0.0,0.0,0.0,0.0,0.0,0.0,0.0,0.0,0.0,0.0,0.0,0.0,0.0,0.0
354,Income,"Household Income 40000 to 44999 by Race, Some Other Race Alone",0.0,0.0,0.0,0.0,0.0,0.0,0.0,0.0,0.0,0.0,0.0,10.0,0.0,0.0,0.0,0.0
355,Income,"Household Income 40000 to 44999 by Race, Two or More Races",0.0,0.0,0.0,0.0,0.0,0.0,0.0,0.0,0.0,0.0,0.0,0.0,0.0,0.0,0.0,0.0
356,Income,"Household Income 40000 to 44999 by Race, White Alone",15.0,19.0,45.0,33.0,22.0,50.0,49.0,21.0,52.0,0.0,35.0,53.0,0.0,263.0,226.0,214.0
357,Income,"Household Income 40000 to 44999 by Race, White Alone, Not Hispanic or Latino",15.0,19.0,45.0,33.0,22.0,50.0,49.0,21.0,52.0,0.0,35.0,23.0,0.0,263.0,226.0,214.0
358,Income,Household Income 45000 to 49999,0.0,52.0,87.0,114.0,83.0,68.0,25.0,51.0,54.0,5.0,14.0,91.0,0.0,142.0,297.0,190.0
359,Income,"Household Income 45000 to 49999 by Race, American Indian and Alaska Native Alone",0.0,0.0,0.0,0.0,0.0,0.0,0.0,0.0,0.0,0.0,0.0,0.0,0.0,0.0,0.0,0.0
360,Income,"Household Income 45000 to 49999 by Race, Asian Alone",0.0,40.0,73.0,88.0,65.0,34.0,0.0,16.0,23.0,0.0,14.0,22.0,0.0,45.0,52.0,71.0
361,Income,"Household Income 45000 to 49999 by Race, Black or African American Alone",0.0,0.0,0.0,0.0,0.0,0.0,0.0,0.0,0.0,0.0,0.0,31.0,0.0,49.0,163.0,35.0
362,Income,"Household Income 45000 to 49999 by Race, Hispanic or Latino",0.0,0.0,0.0,0.0,0.0,0.0,0.0,0.0,0.0,0.0,0.0,38.0,0.0,0.0,0.0,0.0
363,Income,"Household Income 45000 to 49999 by Race, Native Hawaiian and Other Pacific Islander Alone",0.0,0.0,0.0,0.0,0.0,0.0,0.0,0.0,0.0,0.0,0.0,0.0,0.0,0.0,0.0,0.0
364,Income,"Household Income 45000 to 49999 by Race, Some Other Race Alone",0.0,0.0,0.0,0.0,0.0,0.0,0.0,0.0,0.0,0.0,0.0,0.0,0.0,0.0,0.0,0.0
365,Income,"Household Income 45000 to 49999 by Race, Two or More Races",0.0,0.0,0.0,0.0,0.0,0.0,0.0,0.0,0.0,0.0,0.0,0.0,0.0,0.0,0.0,0.0
366,Income,"Household Income 45000 to 49999 by Race, White Alone",0.0,12.0,14.0,26.0,18.0,34.0,25.0,35.0,31.0,5.0,0.0,38.0,0.0,48.0,82.0,84.0
367,Income,"Household Income 45000 to 49999 by Race, White Alone, Not Hispanic or Latino",0.0,12.0,14.0,26.0,18.0,34.0,25.0,35.0,31.0,5.0,0.0,0.0,0.0,48.0,82.0,84.0
368,Income,Household Income 50000 to 59999,39.0,126.0,204.0,214.0,269.0,248.0,238.0,209.0,182.0,12.0,98.0,75.0,64.0,30.0,174.0,200.0
369,Income,"Household Income 50000 to 59999 by Race, American Indian and Alaska Native Alone",0.0,0.0,0.0,0.0,0.0,0.0,0.0,0.0,0.0,0.0,0.0,0.0,0.0,0.0,0.0,0.0
370,Income,"Household Income 50000 to 59999 by Race, Asian Alone",0.0,46.0,103.0,172.0,160.0,148.0,145.0,74.0,15.0,0.0,0.0,10.0,30.0,30.0,116.0,68.0
371,Income,"Household Income 50000 to 59999 by Race, Black or African American Alone",0.0,0.0,0.0,0.0,0.0,0.0,0.0,32.0,69.0,0.0,62.0,29.0,0.0,0.0,0.0,84.0
372,Income,"Household Income 50000 to 59999 by Race, Hispanic or Latino",0.0,43.0,57.0,22.0,18.0,11.0,0.0,0.0,39.0,0.0,32.0,0.0,0.0,0.0,0.0,0.0
373,Income,"Household Income 50000 to 59999 by Race, Native Hawaiian and Other Pacific Islander Alone",0.0,0.0,0.0,0.0,0.0,0.0,0.0,0.0,0.0,0.0,0.0,0.0,0.0,0.0,0.0,0.0
374,Income,"Household Income 50000 to 59999 by Race, Some Other Race Alone",0.0,43.0,57.0,22.0,18.0,11.0,0.0,0.0,0.0,0.0,0.0,0.0,0.0,0.0,0.0,0.0
375,Income,"Household Income 50000 to 59999 by Race, Two or More Races",19.0,0.0,0.0,0.0,77.0,84.0,93.0,103.0,98.0,0.0,0.0,17.0,0.0,0.0,0.0,0.0
376,Income,"Household Income 50000 to 59999 by Race, White Alone",20.0,37.0,44.0,20.0,14.0,5.0,0.0,0.0,0.0,12.0,36.0,19.0,34.0,0.0,58.0,48.0
377,Income,"Household Income 50000 to 59999 by Race, White Alone, Not Hispanic or Latino",20.0,37.0,44.0,20.0,14.0,5.0,0.0,0.0,0.0,12.0,36.0,19.0,34.0,0.0,58.0,48.0
378,Income,Household Income 60000 to 74999,0.0,202.0,183.0,306.0,391.0,386.0,406.0,366.0,256.0,85.0,188.0,160.0,229.0,187.0,206.0,246.0
379,Income,"Household Income 60000 to 74999 by Race, American Indian and Alaska Native Alone",0.0,0.0,0.0,0.0,0.0,0.0,0.0,15.0,19.0,0.0,24.0,0.0,0.0,0.0,0.0,0.0
380,Income,"Household Income 60000 to 74999 by Race, Asian Alone",0.0,74.0,126.0,168.0,149.0,162.0,179.0,113.0,126.0,32.0,140.0,26.0,76.0,80.0,109.0,128.0
381,Income,"Household Income 60000 to 74999 by Race, Black or African American Alone",0.0,0.0,0.0,0.0,21.0,29.0,31.0,32.0,29.0,0.0,18.0,9.0,90.0,0.0,0.0,20.0
382,Income,"Household Income 60000 to 74999 by Race, Hispanic or Latino",0.0,7.0,5.0,116.0,196.0,183.0,198.0,220.0,90.0,0.0,24.0,65.0,42.0,0.0,0.0,57.0
383,Income,"Household Income 60000 to 74999 by Race, Native Hawaiian and Other Pacific Islander Alone",0.0,0.0,0.0,0.0,0.0,0.0,0.0,0.0,0.0,0.0,0.0,0.0,0.0,0.0,0.0,0.0
384,Income,"Household Income 60000 to 74999 by Race, Some Other Race Alone",0.0,0.0,0.0,109.0,164.0,122.0,128.0,141.0,0.0,0.0,0.0,0.0,0.0,0.0,0.0,36.0
385,Income,"Household Income 60000 to 74999 by Race, Two or More Races",0.0,20.0,15.0,13.0,17.0,10.0,0.0,0.0,0.0,0.0,0.0,73.0,0.0,0.0,0.0,0.0
386,Income,"Household Income 60000 to 74999 by Race, White Alone",0.0,108.0,42.0,16.0,40.0,63.0,68.0,65.0,82.0,53.0,6.0,52.0,63.0,107.0,97.0,62.0
387,Income,"Household Income 60000 to 74999 by Race, White Alone, Not Hispanic or Latino",0.0,101.0,37.0,9.0,8.0,25.0,24.0,27.0,36.0,53.0,6.0,52.0,63.0,107.0,97.0,41.0
388,Income,Household Income 75000 to 99999,8.0,317.0,312.0,354.0,340.0,319.0,386.0,484.0,290.0,73.0,534.0,337.0,546.0,361.0,341.0,392.0
389,Income,"Household Income 75000 to 99999 by Race, American Indian and Alaska Native Alone",0.0,0.0,0.0,0.0,0.0,0.0,0.0,0.0,0.0,0.0,0.0,0.0,0.0,0.0,0.0,0.0
390,Income,"Household Income 75000 to 99999 by Race, Asian Alone",0.0,157.0,181.0,118.0,135.0,120.0,149.0,242.0,189.0,0.0,289.0,55.0,380.0,181.0,133.0,151.0
391,Income,"Household Income 75000 to 99999 by Race, Black or African American Alone",0.0,0.0,0.0,0.0,0.0,0.0,0.0,0.0,32.0,0.0,0.0,20.0,0.0,0.0,52.0,42.0
392,Income,"Household Income 75000 to 99999 by Race, Hispanic or Latino",0.0,0.0,0.0,0.0,0.0,0.0,0.0,0.0,0.0,11.0,196.0,139.0,138.0,101.0,89.0,28.0
393,Income,"Household Income 75000 to 99999 by Race, Native Hawaiian and Other Pacific Islander Alone",0.0,0.0,0.0,0.0,0.0,0.0,0.0,0.0,0.0,0.0,0.0,18.0,28.0,24.0,19.0,19.0
394,Income,"Household Income 75000 to 99999 by Race, Some Other Race Alone",0.0,0.0,0.0,0.0,0.0,0.0,0.0,0.0,0.0,0.0,0.0,28.0,0.0,0.0,0.0,0.0
395,Income,"Household Income 75000 to 99999 by Race, Two or More Races",0.0,0.0,0.0,0.0,0.0,0.0,0.0,0.0,0.0,0.0,0.0,76.0,0.0,18.0,24.0,56.0
396,Income,"Household Income 75000 to 99999 by Race, White Alone",8.0,160.0,131.0,236.0,205.0,199.0,237.0,242.0,69.0,73.0,245.0,140.0,138.0,138.0,113.0,124.0
397,Income,"Household Income 75000 to 99999 by Race, White Alone, Not Hispanic or Latino",8.0,160.0,131.0,236.0,205.0,199.0,237.0,242.0,69.0,62.0,49.0,92.0,0.0,37.0,24.0,124.0
398,Income,Household Income Greater than 200000,11.0,623.0,687.0,798.0,924.0,965.0,1067.0,1322.0,1730.0,525.0,2430.0,1366.0,2694.0,3729.0,3555.0,3646.0
399,Income,"Household Income Greater than 200000 by Race, American Indian and Alaska Native Alone",0.0,0.0,0.0,0.0,0.0,0.0,0.0,0.0,0.0,25.0,0.0,0.0,0.0,0.0,0.0,0.0
400,Income,"Household Income Greater than 200000 by Race, Asian Alone",0.0,106.0,86.0,127.0,171.0,326.0,344.0,435.0,572.0,32.0,933.0,499.0,1020.0,1772.0,1810.0,1852.0
401,Income,"Household Income Greater than 200000 by Race, Black or African American Alone",0.0,15.0,14.0,11.0,10.0,0.0,23.0,23.0,27.0,0.0,40.0,19.0,129.0,144.0,208.0,331.0
402,Income,"Household Income Greater than 200000 by Race, Hispanic or Latino",0.0,83.0,87.0,75.0,38.0,35.0,74.0,118.0,207.0,39.0,208.0,50.0,196.0,168.0,119.0,87.0
403,Income,"Household Income Greater than 200000 by Race, Native Hawaiian and Other Pacific Islander Alone",0.0,0.0,0.0,0.0,0.0,0.0,0.0,0.0,0.0,0.0,0.0,0.0,0.0,0.0,0.0,0.0
404,Income,"Household Income Greater than 200000 by Race, Some Other Race Alone",0.0,0.0,0.0,0.0,0.0,0.0,0.0,50.0,117.0,15.0,44.0,35.0,59.0,21.0,16.0,25.0
405,Income,"Household Income Greater than 200000 by Race, Two or More Races",0.0,8.0,0.0,0.0,21.0,19.0,18.0,84.0,144.0,34.0,132.0,99.0,112.0,80.0,128.0,160.0
406,Income,"Household Income Greater than 200000 by Race, White Alone",11.0,494.0,587.0,660.0,722.0,620.0,682.0,730.0,870.0,419.0,1281.0,714.0,1374.0,1712.0,1393.0,1278.0
407,Income,"Household Income Greater than 200000 by Race, White Alone, Not Hispanic or Latino",11.0,411.0,500.0,585.0,684.0,585.0,608.0,662.0,780.0,395.0,1117.0,709.0,1297.0,1624.0,1350.0,1278.0
408,Income,Household Income Less than 10000,15.0,175.0,244.0,347.0,352.0,418.0,513.0,482.0,516.0,61.0,361.0,123.0,233.0,81.0,131.0,160.0
409,Income,"Household Income Less than 10000 by Race, American Indian and Alaska Native Alone",0.0,0.0,0.0,0.0,0.0,0.0,0.0,0.0,0.0,0.0,0.0,0.0,0.0,0.0,0.0,0.0
410,Income,"Household Income Less than 10000 by Race, Asian Alone",0.0,83.0,111.0,163.0,138.0,155.0,166.0,134.0,129.0,0.0,47.0,84.0,29.0,14.0,51.0,68.0
411,Income,"Household Income Less than 10000 by Race, Black or African American Alone",0.0,44.0,33.0,33.0,64.0,137.0,142.0,188.0,156.0,0.0,0.0,0.0,6.0,25.0,21.0,30.0
412,Income,"Household Income Less than 10000 by Race, Hispanic or Latino",0.0,0.0,28.0,19.0,17.0,22.0,50.0,30.0,78.0,11.0,94.0,19.0,72.0,23.0,24.0,24.0
413,Income,"Household Income Less than 10000 by Race, Native Hawaiian and Other Pacific Islander Alone",0.0,0.0,0.0,0.0,0.0,0.0,0.0,0.0,0.0,0.0,0.0,0.0,0.0,0.0,0.0,0.0
414,Income,"Household Income Less than 10000 by Race, Some Other Race Alone",0.0,0.0,0.0,0.0,0.0,0.0,27.0,30.0,29.0,11.0,36.0,11.0,0.0,0.0,0.0,0.0
415,Income,"Household Income Less than 10000 by Race, Two or More Races",0.0,0.0,0.0,0.0,0.0,0.0,0.0,0.0,0.0,0.0,0.0,14.0,0.0,19.0,21.0,22.0
416,Income,"Household Income Less than 10000 by Race, White Alone",15.0,48.0,100.0,151.0,150.0,126.0,178.0,130.0,202.0,50.0,278.0,14.0,198.0,23.0,38.0,40.0
417,Income,"Household Income Less than 10000 by Race, White Alone, Not Hispanic or Latino",15.0,48.0,72.0,132.0,133.0,104.0,155.0,130.0,153.0,50.0,220.0,6.0,126.0,0.0,14.0,16.0
418,Income,Households Total for Income,272.0,3060.0,3565.0,4105.0,4444.0,4717.0,4794.0,5186.0,5509.0,1496.0,6312.0,4006.0,6654.0,6961.0,7476.0,7870.0
419,Income,"Households Total for Income by Race, American Indian and Alaska Native Alone",0.0,0.0,0.0,0.0,0.0,0.0,0.0,15.0,19.0,25.0,24.0,0.0,0.0,0.0,0.0,28.0
420,Income,"Households Total for Income by Race, Asian Alone",71.0,1083.0,1349.0,1613.0,1663.0,1907.0,1887.0,1943.0,2006.0,153.0,2404.0,1326.0,2577.0,3119.0,3679.0,4070.0
421,Income,"Households Total for Income by Race, Black or African American Alone",29.0,133.0,113.0,97.0,119.0,204.0,217.0,295.0,339.0,0.0,154.0,246.0,245.0,280.0,500.0,632.0
422,Income,"Households Total for Income by Race, Hispanic or Latino",0.0,210.0,270.0,319.0,336.0,399.0,443.0,456.0,653.0,96.0,964.0,621.0,956.0,679.0,628.0,484.0
423,Income,"Households Total for Income by Race, Native Hawaiian and Other Pacific Islander Alone",0.0,0.0,0.0,0.0,0.0,0.0,0.0,0.0,0.0,0.0,0.0,35.0,28.0,24.0,19.0,19.0
424,Income,"Households Total for Income by Race, Some Other Race Alone",0.0,94.0,110.0,131.0,182.0,174.0,204.0,221.0,251.0,38.0,427.0,266.0,566.0,426.0,346.0,147.0
425,Income,"Households Total for Income by Race, Two or More Races",19.0,37.0,15.0,47.0,138.0,136.0,158.0,260.0,308.0,66.0,270.0,307.0,134.0,157.0,209.0,376.0
426,Income,"Households Total for Income by Race, White Alone",153.0,1713.0,1978.0,2217.0,2342.0,2296.0,2328.0,2452.0,2586.0,1214.0,3033.0,1826.0,3104.0,2955.0,2723.0,2598.0
427,Income,"Households Total for Income by Race, White Alone, Not Hispanic or Latino",153.0,1576.0,1791.0,2063.0,2211.0,2117.0,2140.0,2311.0,2296.0,1156.0,2533.0,1567.0,2663.0,2677.0,2418.0,2449.0
428,Income,Median Family Income,25192.30769230769,98363.09523809524,109563.2530120482,108027.52293577982,95777.02702702704,127464.1577060932,132358.1560283688,130176.21145374449,166609.5890410959,200425.5489361702,184623.8938053097,93567.96116504856,187344.9131513648,207449.37423022263,202506.9495890411,201274.61285183215
429,Income,Median Household Income,34000.0,102854.33070866142,110057.003257329,103664.65863453817,109936.90851735017,113812.6491646778,106508.87573964497,111896.55172413791,143049.45054945056,152754.2372881356,167267.8088367899,130816.83168316832,164115.6462585034,203332.1257709842,186504.42477876105,181474.35897435897
430,Income,"Median Household Income by Race, American Indian and Alaska Native Alone",0.0,0.0,0.0,0.0,0.0,0.0,0.0,67500.0,67500.0,225001.0,67500.0,0.0,0.0,0.0,0.0,175000.0
431,Income,"Median Household Income by Race, Asian Alone",19583.33333333333,81926.75159235668,85980.66298342541,71294.64285714286,82500.0,106856.79611650483,107560.48387096774,109711.53846153848,141562.5,141477.27272727274,172991.96787148595,158793.96984924623,168851.50812064964,205996.289503386,196246.8193384224,176356.58914728684
432,Income,"Median Household Income by Race, Black or African American Alone",28452.380952380958,17500.0,18012.82051282051,17767.857142857145,9999.0,9999.0,9999.0,9999.0,27596.153846153848,0.0,56935.48387096774,46129.03225806452,202519.48062015505,201388.94444444444,79807.69230769231,202265.9516616314
433,Income,"Median Household Income by Race, Hispanic or Latino",0.0,133333.33333333334,129268.29268292684,70926.72413793103,68418.36734693877,71762.29508196721,71098.48484848485,71863.63636363637,170420.79207920792,180434.78260869565,138725.49019607843,69576.92307692308,97463.76811594205,85024.75247524753,89887.6404494382,126851.85185185184
434,Income,"Median Household Income by Race, Native Hawaiian and Other Pacific Islander Alone",0.0,0.0,0.0,0.0,0.0,0.0,0.0,0.0,0.0,0.0,0.0,86805.55555555556,87500.0,87500.0,87500.0,87500.0
435,Income,"Median Household Income by Race, Some Other Race Alone",0.0,56046.51162790698,54912.28070175438,65986.23853211009,66676.82926829268,69344.26229508196,68789.0625,68563.82978723405,195952.38095238092,183333.3333333333,13962.053571428572,33691.27516778524,14066.091954022988,13338.557993730408,13276.515151515152,62291.66666666666
436,Income,"Median Household Income by Race, Two or More Races",55000.0,73875.0,67500.0,23455.88235294117,55974.02597402597,55357.142857142855,55806.45161290323,128750.0,182758.6206896552,201470.64705882352,197857.14285714287,83717.1052631579,220090.0892857143,200937.5375,209180.0546875,140000.0
437,Income,"Median Household Income by Race, White Alone",52250.0,137653.68852459016,137944.66403162054,142922.18543046358,143509.61538461538,136936.93693693692,126944.44444444444,131327.16049382716,145474.1379310345,149780.70175438595,171830.14354066984,163011.15241635687,174277.45664739885,206848.9889018692,201130.6984924623,196974.0634005764
438,Income,"Median Household Income by Race, White Alone, Not Hispanic or Latino",52250.0,134004.7393364929,134728.77358490566,140946.6911764706,143882.04225352113,137216.98113207548,123481.30841121497,126673.22834645669,143890.67524115756,148284.31372549018,177752.97619047618,180897.4358974359,192871.90082644628,208790.3762315271,205222.4311111111,202093.1979655712
439,Income,Percent in Poverty,0.1941176470588235,0.059681697612732,0.0816297149438525,0.1131310649797322,0.1139537481845603,0.1194708994708994,0.1350505787881948,0.0954194745580623,0.0985120114736464,0.0362264150943396,0.0873447204968944,0.2546549328392774,0.0785488090320804,0.0658659434327779,0.06902126601169,0.0756332500891901
441,Income,"Percent in Poverty by Race, Asian Alone",0.3915343915343915,0.0709105560032232,0.1094771241830065,0.1317152986092173,0.1310578426263679,0.1254528985507246,0.1533457249070632,0.0918125887363937,0.0839360070129301,0.0,0.0258916323731138,0.1387672617042775,0.010994674454561,0.0405797101449275,0.044842426766625,0.079507566042575
446,Income,"Percent in Poverty by Race, Two or More Races",0.0,0.0,0.0,0.2463768115942029,0.1022222222222222,0.1179487179487179,0.1184834123222748,0.064516129032258,0.022883295194508,0.0,0.0388127853881278,0.2681017612524461,0.0197869101978691,0.0647948164146868,0.0710659898477157,0.0765136393878908
447,Income,"Percent in Poverty by Race, White Alone",0.0915750915750915,0.0416520826041302,0.057288351368555,0.0950335570469798,0.0867296222664015,0.0911245720305504,0.0927085943372588,0.0603286384976525,0.0939554612937433,0.0385662431941923,0.1214285714285714,0.2436744928196945,0.1088790062873792,0.0446038131887353,0.0546082013804303,0.0482744018632225
448,Income,"Percent in Poverty by Race, White Alone, Not Hispanic or Latino",0.0915750915750915,0.0464299648849005,0.0537292329445033,0.0969609261939218,0.0782768584187024,0.0861040068201193,0.0879805089334055,0.0580221997981836,0.0462660296706059,0.0402843601895734,0.0895648500211237,0.2295219457646072,0.0840260209613299,0.0443001718541149,0.056141154903758,0.0444086516336861
459,Language Spoken at Home,Asian/Pacific Islander,0.2941176470588235,0.2878394741394222,0.3052647102197316,0.3202891326021934,0.2949163954662776,0.3184652785117852,0.298823039266743,0.268164719857454,0.2623347607521877,0.0719137035557331,0.2969750320102433,0.1225366582609507,0.2659673827142754,0.2665949290470105,0.287672131147541,0.3034538451981612
461,Language Spoken at Home,English Only,0.5445378151260504,0.4992215879605604,0.50774222091137,0.4760717846460618,0.514083716754573,0.4886375647394567,0.5022393500677013,0.5423678479509008,0.5416123626885124,0.8441869756292449,0.5092829705505761,0.6294013262351732,0.4837991235002514,0.4823458201627547,0.448327868852459,0.4445272704683811
463,Language Spoken at Home,Other European Languages,0.1411764705882353,0.1484172288531396,0.1101607432532074,0.1225074775672981,0.1131186174391201,0.1082338019236867,0.1134256848244974,0.1108691348247871,0.0935579966486687,0.0611266480223731,0.088348271446863,0.1032969085644905,0.0898771463467203,0.1169547380455982,0.1257049180327868,0.1203255062740713
465,Language Spoken at Home,Other Languages,0.0201680672268907,0.0025947067981318,0.013419849579708,0.01981555333998,0.0158231399394007,0.0250502061092907,0.0284345380689511,0.0190061373985349,0.0136846024948799,0.0015980823012385,0.0090428937259923,0.0105538432800971,0.0578346145556433,0.0601250924742753,0.0706885245901639,0.0734252702199031
467,Language Spoken at Home,Spanish Only,0.0,0.0619270022487458,0.0634124760359828,0.0613160518444666,0.0620581304006284,0.0596131487157805,0.057077387772107,0.0595921599683231,0.0888102774157512,0.0211745904914103,0.0963508322663252,0.1342112636592883,0.1025217328831094,0.0739794202703611,0.0676065573770491,0.0582681078394831
469,Nativity,Foreign Born,0.4352941176470588,0.4217506631299735,0.4362662154540327,0.4789775441949355,0.4551940330775051,0.4543043655650755,0.4679827638039884,0.4175135340488175,0.3856455142231947,0.1691093573844419,0.4070488579639994,0.3279132791327913,0.4182330827067669,0.4087064676616915,0.4391382405745063,0.4302761677463348
470,Population,Total Population,595.0,6032.0,7092.0,8372.0,9251.0,9804.0,9979.0,10529.0,11425.0,2661.0,13222.0,11070.0,14896.0,16080.0,16710.0,17598.0
471,Race/Ethnicity,Asian,189.0,2482.0,3084.0,3707.0,3889.0,4487.0,4382.0,4282.0,4618.0,242.0,5931.0,2996.0,5938.0,7163.0,7513.0,8167.0
472,Race/Ethnicity,"Asian Alone, Not Hispanic or Latino",189.0,2468.0,3072.0,3699.0,3889.0,4395.0,4276.0,4176.0,4514.0,5225.0,5931.0,5107.0,5938.0,7163.0,7513.0,8103.0
473,Race/Ethnicity,Black/African American,29.0,189.0,169.0,128.0,263.0,484.0,509.0,728.0,786.0,1.0,326.0,1305.0,547.0,1038.0,1706.0,2106.0
474,Race/Ethnicity,"Black/African American Alone, Not Hispanic or Latino",29.0,189.0,169.0,128.0,263.0,484.0,509.0,728.0,747.0,568.0,294.0,601.0,505.0,1038.0,1697.0,2029.0
475,Race/Ethnicity,Latino Population (of Any Race),358.0,659.0,761.0,814.0,894.0,1018.0,1083.0,1214.0,1667.0,147.0,1666.0,2280.0,1832.0,1489.0,1647.0,1674.0
476,Race/Ethnicity,Native American Indian,0.0,0.0,0.0,0.0,0.0,0.0,0.0,71.0,86.0,25.0,98.0,74.0,0.0,0.0,4.0,69.0
477,Race/Ethnicity,"Native American Indian Alone, Not Hispanic or Latino",0.0,0.0,0.0,0.0,0.0,0.0,0.0,0.0,0.0,0.0,0.0,0.0,0.0,0.0,0.0,37.0
478,Race/Ethnicity,Native Hawaiian/Pacific Islander,0.0,0.0,0.0,0.0,0.0,0.0,0.0,0.0,0.0,23.0,0.0,122.0,137.0,122.0,132.0,136.0
479,Race/Ethnicity,"Native Hawaiian/Pacific Islander Alone, Not Hispanic or Latino",0.0,0.0,0.0,0.0,0.0,0.0,0.0,0.0,0.0,0.0,0.0,132.0,137.0,122.0,132.0,136.0
480,Race/Ethnicity,Other/Two or More Races,19.0,504.0,575.0,640.0,872.0,814.0,858.0,1055.0,1100.0,160.0,975.0,2068.0,1599.0,1894.0,2289.0,2189.0
481,Race/Ethnicity,"Population, Not Hispanic or Latino",595.0,5373.0,6331.0,7558.0,8357.0,8786.0,8896.0,9315.0,9758.0,10399.0,11556.0,11894.0,13064.0,14591.0,15063.0,15924.0
482,Race/Ethnicity,Some Other Race Alone,0.0,372.0,452.0,492.0,620.0,598.0,619.0,645.0,632.0,51.0,510.0,1016.0,912.0,872.0,802.0,565.0
483,Race/Ethnicity,"Some Other Race Alone, Not Hispanic or Latino",0.0,21.0,27.0,0.0,0.0,0.0,0.0,0.0,0.0,0.0,116.0,152.0,270.0,202.0,195.0,41.0
484,Race/Ethnicity,Two Or More Races,19.0,132.0,123.0,148.0,252.0,216.0,239.0,410.0,468.0,109.0,465.0,1052.0,687.0,1022.0,1487.0,1624.0
485,Race/Ethnicity,"Two Or More Races, Not Hispanic or Latino",19.0,132.0,123.0,114.0,229.0,193.0,212.0,354.0,437.0,294.0,353.0,537.0,539.0,695.0,1022.0,1027.0
486,Race/Ethnicity,"White Alone, Not Hispanic or Latino",358.0,2563.0,2940.0,3617.0,3976.0,3714.0,3899.0,4057.0,4060.0,4312.0,4862.0,5365.0,5675.0,5371.0,4504.0,4551.0
487,Race/Ethnicity,"White, Including Hispanic or Latino",358.0,2857.0,3264.0,3897.0,4227.0,4019.0,4230.0,4393.0,4835.0,2210.0,5892.0,4505.0,6675.0,5863.0,5066.0,4931.0
488,Sex,Female,0.4386554621848739,0.414787798408488,0.4094754653130287,0.4273769708552317,0.4367095449140633,0.4666462668298654,0.4618699268463774,0.4726944629119574,0.4828884026258205,0.4926719278466742,0.5192860384208138,0.4409214092140921,0.5134264232008593,0.5062189054726368,0.4904847396768402,0.5018752130923969
489,Sex,Male,0.561344537815126,0.5852122015915119,0.5905245346869712,0.5726230291447683,0.5632904550859367,0.5333537331701347,0.5381300731536226,0.5273055370880425,0.5171115973741794,0.5073280721533259,0.4807139615791862,0.5590785907859078,0.4865735767991407,0.4937810945273632,0.5095152603231597,0.4981247869076031
490,Unit Size,1 Bedroom,167.0,1434.0,1774.0,1969.0,1983.0,2303.0,2396.0,2437.0,2438.0,774.0,3233.0,1177.0,2709.0,2474.0,2652.0,2675.0
491,Unit Size,2 Bedrooms,132.0,1259.0,1547.0,1896.0,2109.0,2204.0,2306.0,2418.0,2463.0,494.0,2975.0,1309.0,3160.0,3600.0,3189.0,3368.0
492,Unit Size,3-4 Bedrooms,9.0,280.0,241.0,236.0,174.0,196.0,142.0,148.0,176.0,187.0,244.0,983.0,735.0,960.0,1064.0,1035.0
493,Unit Size,5 or More Bedrooms,0.0,0.0,0.0,0.0,0.0,0.0,0.0,0.0,0.0,0.0,0.0,114.0,0.0,0.0,0.0,0.0
494,Unit Size,No Bedroom,42.0,351.0,351.0,300.0,400.0,298.0,362.0,533.0,818.0,245.0,792.0,1067.0,739.0,771.0,1233.0,1357.0
495,Vehicles Available,Households with no Vehicle,0.2612244897959184,0.1905228758169934,0.211781206171108,0.2609013398294763,0.2702520252025202,0.3059147763408946,0.3487692949520233,0.3594292325491708,0.3570520965692503,0.2840909090909091,0.3718314321926489,0.4053919121318023,0.345356176735798,0.2809941100416607,0.2970840021401819,0.2607369758576874
496,Vehicles Available,Percent of No Vehicle Homeowning Households,0.0,0.041860465116279,0.0336496980155306,0.1195571955719557,0.1267409470752089,0.1222681630242173,0.1253280839895013,0.182237600922722,0.1122787610619469,0.2335329341317365,0.1845155308298562,0.190893169877408,0.1909090909090909,0.1464503042596349,0.1545080433969322,0.1296296296296296
497,Vehicles Available,Percent of No Vehicle Renting Households,0.2857142857142857,0.2710327455919396,0.2975893599334996,0.3305454545454545,0.3387632978723404,0.4087301587301587,0.4529051987767584,0.4484356894553882,0.4766279383950283,0.2986230636833046,0.4690734055354994,0.4909217877094972,0.4160823838737949,0.3547597864768683,0.3764313970435144,0.3292069632495164
498,Vehicles Available,Vehicles Available,217.0,3123.0,3530.0,3761.0,3928.0,4122.0,3743.0,3745.0,4063.0,1359.0,4604.0,3230.0,5167.0,6095.0,5840.0,6496.0
499,Vehicles Available,Vehicles Homeowners,0.1336405529953917,0.4226705091258405,0.4186968838526912,0.412390321722946,0.4009674134419552,0.4682193110140708,0.4456318461127438,0.4395193591455273,0.4501599803101156,0.2435614422369389,0.4287576020851433,0.5262260127931769,0.3708147861428295,0.3863822805578343,0.4172945205479452,0.3954741379310345
500,Vehicles Available,Vehicles Per Capita,0.3647058823529411,0.517738726790451,0.4977439368302312,0.449235547061634,0.424602745649119,0.4204406364749082,0.375087684136687,0.3556843005033716,0.3556236323851203,0.5107102593010147,0.3482075328997126,0.2917795844625113,0.3468716433941998,0.3790422885572139,0.3494913225613405,0.3691328560063643
501,Vehicles Available,Vehicles Renters,0.8663594470046083,0.5773294908741594,0.5813031161473088,0.587609678277054,0.5990325865580448,0.5317806889859291,0.5543681538872562,0.5604806408544726,0.5498400196898843,0.7564385577630611,0.5712423979148566,0.6179566563467492,0.6291852138571705,0.6136177194421657,0.5827054794520548,0.6045258620689655
502,,"Housing Units with a Mortgage 30%+ by Race, American Indian and Alaska Native Alone",0.0,0.0,0.0,0.0,0.0,0.0,0.0,0.0,0.0,0.0,0.0,0.0,0.0,0.0,0.0,0.0
503,,"Housing Units with a Mortgage 30%+ by Race, Asian Alone",0.0,0.0,0.0,0.0,0.0,0.0,0.0,0.0,0.0,0.0,0.0,0.0,0.0,0.0,531.0,416.0
504,,"Housing Units with a Mortgage 30%+ by Race, Black or African American Alone",0.0,0.0,0.0,0.0,0.0,0.0,0.0,0.0,0.0,0.0,0.0,0.0,0.0,0.0,0.0,0.0
505,,"Housing Units with a Mortgage 30%+ by Race, Hispanic or Latino",0.0,0.0,0.0,0.0,0.0,0.0,0.0,0.0,0.0,0.0,0.0,0.0,0.0,0.0,89.0,0.0
506,,"Housing Units with a Mortgage 30%+ by Race, Native Hawaiian and Other Pacific Islander Alone",0.0,0.0,0.0,0.0,0.0,0.0,0.0,0.0,0.0,0.0,0.0,0.0,0.0,0.0,19.0,19.0
507,,"Housing Units with a Mortgage 30%+ by Race, Some Other Race Alone",0.0,0.0,0.0,0.0,0.0,0.0,0.0,0.0,0.0,0.0,0.0,0.0,0.0,0.0,0.0,0.0
508,,"Housing Units with a Mortgage 30%+ by Race, Two or More Races",0.0,0.0,0.0,0.0,0.0,0.0,0.0,0.0,0.0,0.0,0.0,0.0,0.0,0.0,0.0,0.0
509,,"Housing Units with a Mortgage 30%+ by Race, White Alone",0.0,0.0,0.0,0.0,0.0,0.0,0.0,0.0,0.0,0.0,0.0,0.0,0.0,0.0,204.0,104.0
510,,"Housing Units with a Mortgage 30%+ by Race, White Alone, Not Hispanic or Latino",0.0,0.0,0.0,0.0,0.0,0.0,0.0,0.0,0.0,0.0,0.0,0.0,0.0,0.0,115.0,104.0
511,,"Housing Units with a Mortgage Not Calculated by Race, American Indian and Alaska Native Alone",0.0,0.0,0.0,0.0,0.0,0.0,0.0,0.0,0.0,0.0,0.0,0.0,0.0,0.0,0.0,0.0
512,,"Housing Units with a Mortgage Not Calculated by Race, Asian Alone",0.0,0.0,0.0,0.0,0.0,0.0,0.0,0.0,0.0,0.0,0.0,0.0,0.0,0.0,0.0,0.0
513,,"Housing Units with a Mortgage Not Calculated by Race, Black or African American Alone",0.0,0.0,0.0,0.0,0.0,0.0,0.0,0.0,0.0,0.0,0.0,0.0,0.0,0.0,0.0,0.0
514,,"Housing Units with a Mortgage Not Calculated by Race, Hispanic or Latino",0.0,0.0,0.0,0.0,0.0,0.0,0.0,0.0,0.0,0.0,0.0,0.0,0.0,0.0,0.0,0.0
515,,"Housing Units with a Mortgage Not Calculated by Race, Native Hawaiian and Other Pacific Islander Alone",0.0,0.0,0.0,0.0,0.0,0.0,0.0,0.0,0.0,0.0,0.0,0.0,0.0,0.0,0.0,0.0
516,,"Housing Units with a Mortgage Not Calculated by Race, Some Other Race Alone",0.0,0.0,0.0,0.0,0.0,0.0,0.0,0.0,0.0,0.0,0.0,0.0,0.0,0.0,0.0,0.0
517,,"Housing Units with a Mortgage Not Calculated by Race, Two or More Races",0.0,0.0,0.0,0.0,0.0,0.0,0.0,0.0,0.0,0.0,0.0,0.0,0.0,0.0,0.0,0.0
518,,"Housing Units with a Mortgage Not Calculated by Race, White Alone",0.0,0.0,0.0,0.0,0.0,0.0,0.0,0.0,0.0,0.0,0.0,0.0,0.0,0.0,0.0,0.0
519,,"Housing Units with a Mortgage Not Calculated by Race, White Alone, Not Hispanic or Latino",0.0,0.0,0.0,0.0,0.0,0.0,0.0,0.0,0.0,0.0,0.0,0.0,0.0,0.0,0.0,0.0
520,,"Housing Units without a Mortgage 30%+ by Race, American Indian and Alaska Native Alone",0.0,0.0,0.0,0.0,0.0,0.0,0.0,0.0,0.0,0.0,0.0,0.0,0.0,0.0,0.0,0.0
521,,"Housing Units without a Mortgage 30%+ by Race, Asian Alone",0.0,0.0,0.0,0.0,0.0,0.0,0.0,0.0,0.0,0.0,0.0,0.0,0.0,0.0,85.0,100.0
522,,"Housing Units without a Mortgage 30%+ by Race, Black or African American Alone",0.0,0.0,0.0,0.0,0.0,0.0,0.0,0.0,0.0,0.0,0.0,0.0,0.0,0.0,0.0,0.0
523,,"Housing Units without a Mortgage 30%+ by Race, Hispanic or Latino",0.0,0.0,0.0,0.0,0.0,0.0,0.0,0.0,0.0,0.0,0.0,0.0,0.0,0.0,0.0,0.0
524,,"Housing Units without a Mortgage 30%+ by Race, Native Hawaiian and Other Pacific Islander Alone",0.0,0.0,0.0,0.0,0.0,0.0,0.0,0.0,0.0,0.0,0.0,0.0,0.0,0.0,0.0,0.0
525,,"Housing Units without a Mortgage 30%+ by Race, Some Other Race Alone",0.0,0.0,0.0,0.0,0.0,0.0,0.0,0.0,0.0,0.0,0.0,0.0,0.0,0.0,0.0,0.0
526,,"Housing Units without a Mortgage 30%+ by Race, Two or More Races",0.0,0.0,0.0,0.0,0.0,0.0,0.0,0.0,0.0,0.0,0.0,0.0,0.0,0.0,0.0,0.0
527,,"Housing Units without a Mortgage 30%+ by Race, White Alone",0.0,0.0,0.0,0.0,0.0,0.0,0.0,0.0,0.0,0.0,0.0,0.0,0.0,0.0,0.0,0.0
528,,"Housing Units without a Mortgage 30%+ by Race, White Alone, Not Hispanic or Latino",0.0,0.0,0.0,0.0,0.0,0.0,0.0,0.0,0.0,0.0,0.0,0.0,0.0,0.0,0.0,0.0
529,,"Housing Units without a Mortgage Not Calculated by Race, American Indian and Alaska Native Alone",0.0,0.0,0.0,0.0,0.0,0.0,0.0,0.0,0.0,0.0,0.0,0.0,0.0,0.0,0.0,0.0
530,,"Housing Units without a Mortgage Not Calculated by Race, Asian Alone",0.0,0.0,0.0,0.0,0.0,0.0,0.0,0.0,0.0,0.0,0.0,0.0,0.0,0.0,0.0,0.0
531,,"Housing Units without a Mortgage Not Calculated by Race, Black or African American Alone",0.0,0.0,0.0,0.0,0.0,0.0,0.0,0.0,0.0,0.0,0.0,0.0,0.0,0.0,0.0,0.0
532,,"Housing Units without a Mortgage Not Calculated by Race, Hispanic or Latino",0.0,0.0,0.0,0.0,0.0,0.0,0.0,0.0,0.0,0.0,0.0,0.0,0.0,0.0,0.0,0.0
533,,"Housing Units without a Mortgage Not Calculated by Race, Native Hawaiian and Other Pacific Islander Alone",0.0,0.0,0.0,0.0,0.0,0.0,0.0,0.0,0.0,0.0,0.0,0.0,0.0,0.0,0.0,0.0
534,,"Housing Units without a Mortgage Not Calculated by Race, Some Other Race Alone",0.0,0.0,0.0,0.0,0.0,0.0,0.0,0.0,0.0,0.0,0.0,0.0,0.0,0.0,0.0,0.0
535,,"Housing Units without a Mortgage Not Calculated by Race, Two or More Races",0.0,0.0,0.0,0.0,0.0,0.0,0.0,0.0,0.0,0.0,0.0,0.0,0.0,0.0,0.0,0.0
536,,"Housing Units without a Mortgage Not Calculated by Race, White Alone",0.0,0.0,0.0,0.0,0.0,0.0,0.0,0.0,0.0,0.0,0.0,0.0,0.0,0.0,0.0,0.0
537,,"Housing Units without a Mortgage Not Calculated by Race, White Alone, Not Hispanic or Latino",0.0,0.0,0.0,0.0,0.0,0.0,0.0,0.0,0.0,0.0,0.0,0.0,0.0,0.0,0.0,0.0
