,Category,Attribute,2024_Mission Bay,2024_San Francisco,2023_Mission Bay,2023_San Francisco,2022_Mission Bay,2022_San Francisco,2021_Mission Bay,2021_San Francisco,2020_Mission Bay,2020_San Francisco,2019_Mission Bay,2019_San Francisco,2018_Mission Bay,2018_San Francisco,2017_Mission Bay,2017_San Francisco,2016_Mission Bay,2016_San Francisco,2015_Mission Bay,2015_San Francisco,2014_Mission Bay,2014_San Francisco,2013_Mission Bay,2013_San Francisco,2012_Mission Bay,2012_San Francisco,2011_Mission Bay,2011_San Francisco,2010_Mission Bay,2010_San Francisco,2000_Mission Bay,2000_San Francisco
0,Affordability,# Units at or below 100 AMI Monthly Affordable Rent,2480,156904,2641.0,158878.0,2672.0,164391.0,2914.0,177267.0,2415.0,179637.0,2425.0,194605.0,990.0,196852.0,2705.0,201554.0,2806.0,206125.0,2731.0,208027.0,3024.0,219759.0,3008.0,217742.0,2750.0,213982.0,2406.0,212110.0,1985.0,209068.0,224.0,209020.0
1,Affordability,# Units at or below 30 AMI Monthly Affordable Rent,2480,156904,2641.0,158878.0,2672.0,142404.0,2914.0,155085.0,2126.0,133315.0,2425.0,146746.0,990.0,152803.0,2705.0,131265.0,1440.0,139452.0,1432.0,146046.0,2989.0,103611.0,2966.0,106717.0,2703.0,108966.0,2352.0,114525.0,1932.0,119019.0,125.0,147066.0
2,Affordability,# Units at or below 50 AMI Monthly Affordable Rent,2480,156904,2641.0,158878.0,2672.0,164391.0,2914.0,177267.0,2415.0,179637.0,2425.0,194605.0,990.0,196852.0,2705.0,201554.0,2806.0,206125.0,2731.0,195487.0,3024.0,219759.0,3008.0,217742.0,2750.0,213982.0,2406.0,212110.0,1985.0,203005.0,146.0,193235.0
3,Affordability,# Units at or below 80 AMI Monthly Affordable Rent,2480,156904,2641.0,158878.0,2672.0,164391.0,2914.0,177267.0,2415.0,179637.0,2425.0,194605.0,990.0,196852.0,2705.0,201554.0,2806.0,206125.0,2731.0,208027.0,3024.0,219759.0,3008.0,217742.0,2750.0,213982.0,2406.0,212110.0,1985.0,209068.0,173.0,209020.0
4,Affordability,100 AMI Annual Income,181474.35897435897,140630.3486172417,186504.42477876105,140840.72978303747,203332.1257709842,136440.23367285798,164115.6462585034,126479.8932723461,130816.83168316832,117453.07472291742,167267.8088367899,113537.43350844154,152754.2372881356,104995.55809378768,143049.45054945056,96817.47583985272,111896.55172413791,88612.28084661327,106508.87573964497,81982.65550239234,113812.6491646778,78773.52733781732,109936.90851735017,75789.09138932911,103664.65863453817,73882.86576506091,110057.003257329,73015.850789739,102854.33070866142,71436.31988152536,34000.0,55915.28958767848
5,Affordability,100 AMI Monthly Affordable Rent,15122.863247863248,11719.195718103474,15542.035398230088,11736.72748191979,16944.34381424868,11370.019472738166,13676.303854875283,10539.991106028841,10901.402640264027,9787.756226909785,13938.98406973249,9461.452792370128,12729.5197740113,8749.629841148973,11920.787545787547,8068.122986654394,9324.71264367816,7384.356737217772,8875.739644970414,6831.887958532695,9484.387430389817,6564.460611484777,9161.409043112513,6315.7576157774265,8638.72155287818,6156.905480421742,9171.41693811075,6084.6542324782495,8571.194225721785,5953.02665679378,2833.3333333333335,4659.607465639873
6,Affordability,30 AMI Annual Income,54442.30769230769,42189.10458517251,55951.327433628314,42252.21893491124,60999.63773129525,40932.0701018574,49234.69387755102,37943.96798170383,39245.0495049505,35235.922416875226,50180.34265103697,34061.23005253246,45826.27118644068,31498.6674281363,42914.83516483517,29045.242751955815,33568.96551724137,26583.68425398398,31952.66272189349,24594.7966507177,34143.794749403336,23632.058201345193,32981.07255520505,22736.727416798734,31099.39759036145,22164.859729518274,33017.100977198694,21904.755236921697,30856.299212598424,21430.895964457606,10200.0,16774.586876303543
7,Affordability,30 AMI Monthly Affordable Rent,4536.858974358974,3515.758715431042,4662.6106194690265,3521.0182445759365,5083.303144274604,3411.00584182145,4102.891156462585,3161.9973318086522,3270.4207920792082,2936.3268680729357,4181.695220919747,2838.4358377110384,3818.8559322033902,2624.888952344692,3576.236263736264,2420.436895996318,2797.4137931034475,2215.3070211653317,2662.721893491124,2049.5663875598084,2845.3162291169447,1969.3381834454328,2748.422712933754,1894.7272847332279,2591.616465863454,1847.0716441265229,2751.4250814332245,1825.3962697434747,2571.3582677165355,1785.9079970381338,850.0,1397.882239691962
8,Affordability,50 AMI Annual Income,90737.17948717948,70315.17430862084,93252.21238938053,70420.36489151874,101666.0628854921,68220.11683642899,82057.8231292517,63239.94663617305,65408.41584158416,58726.53736145871,83633.90441839494,56768.71675422077,76377.1186440678,52497.77904689384,71524.72527472528,48408.73791992636,55948.27586206896,44306.140423306635,53254.43786982248,40991.32775119617,56906.3245823389,39386.76366890866,54968.45425867508,37894.54569466456,51832.32931726908,36941.432882530455,55028.5016286645,36507.9253948695,51427.16535433071,35718.15994076268,17000.0,27957.64479383924
9,Affordability,50 AMI Monthly Affordable Rent,7561.431623931624,5859.597859051737,7771.017699115044,5868.363740959895,8472.17190712434,5685.009736369083,6838.1519274376415,5269.995553014421,5450.701320132013,4893.878113454893,6969.492034866245,4730.726396185064,6364.75988700565,4374.814920574487,5960.3937728937735,4034.061493327197,4662.35632183908,3692.178368608886,4437.869822485207,3415.9439792663475,4742.193715194909,3282.2303057423883,4580.704521556257,3157.8788078887133,4319.36077643909,3078.452740210871,4585.708469055375,3042.3271162391247,4285.597112860893,2976.51332839689,1416.6666666666667,2329.8037328199366
10,Affordability,80 AMI Annual Income,145179.4871794872,112504.27889379335,149203.53982300885,112672.58382642998,162665.70061678736,109152.1869382864,131292.51700680272,101183.91461787689,104653.46534653466,93962.45977833394,133814.2470694319,90829.94680675323,122203.38983050849,83996.44647503016,114439.56043956045,77453.98067188218,89517.24137931033,70889.82467729061,85207.10059171598,65586.12440191388,91050.11933174224,63018.82187025386,87949.52681388013,60631.27311146329,82931.72690763054,59106.29261204873,88045.6026058632,58412.6806317912,82283.46456692915,57149.05590522029,27200.0,44732.23167014279
11,Affordability,80 AMI Monthly Affordable Rent,12098.2905982906,9375.35657448278,12433.628318584071,9389.381985535832,13555.475051398947,9096.015578190532,10941.043083900227,8431.992884823074,8721.122112211222,7830.204981527829,11151.187255785992,7569.162233896102,10183.61581920904,6999.70387291918,9536.630036630037,6454.498389323515,7459.7701149425275,5907.485389774218,7100.591715976331,5465.510366826157,7587.509944311853,5251.568489187822,7329.127234490011,5052.606092621941,6910.977242302545,4925.524384337395,7337.1335504886,4867.7233859826,6856.955380577429,4762.421325435024,2266.6666666666665,3727.6859725118993
12,Age,0-2 Years,0.5623376623376624,0.5478517844964764,0.5353333333333333,0.5406992325496406,0.5180817610062893,0.5435105855696382,0.7423795476892822,0.5452634434122194,0.7204399633363886,0.5463237718430597,0.7425227568270482,0.5439706576294453,0.8325242718446602,0.5485122061580229,0.8512747875354107,0.5440728159567982,0.8454545454545455,0.5398601090002427,0.6367924528301887,0.5406174484518621,0.5641025641025641,0.5405688483381436,0.5674300254452926,0.5284299122869234,0.5798525798525799,0.5306792579454485,0.5824175824175825,0.537271756021756,0.8047808764940239,0.5470185194379623,,0.5067081678651927
13,Age,0-4 Years,0.0852369587453119,0.0410560088487774,0.0873728306403351,0.0420818720739854,0.0753109452736318,0.0429241305894045,0.0655880773361976,0.044113206543054,0.0327913279132791,0.0449551586788678,0.0549084858569051,0.0451682212163969,0.0593761743705373,0.0454203559955169,0.059781181619256,0.045376638858545,0.0405546585620666,0.0455484248199895,0.0378795470488024,0.0453526040368801,0.034985720114239,0.0451965654091783,0.0367527834828667,0.0448415927988704,0.0415671285236502,0.0443776522702378,0.0438522278623801,0.0442509760598566,0.0416114058355437,0.0440338149220979,0.0,0.0400176122296851
14,Age,18-34 Years,0.4056142743493579,0.2720516049880636,0.3906044284859366,0.2751838010561819,0.3969527363184079,0.2839780215639264,0.3908431793770139,0.2937872454640216,0.4506775067750677,0.305727332987868,0.4270155800937831,0.3058618588627659,0.4633596392333709,0.3066219589313914,0.4413129102844639,0.3056840821116546,0.4699401652578592,0.3052043890961046,0.4966429501954104,0.3044161499051527,0.4883720930232558,0.3034690431088777,0.5024321694951898,0.3032975760903671,0.5076445293836598,0.303876826740466,0.4871686407219402,0.3034485355963694,0.4696618037135278,0.3029564563668388,0.346218487394958,0.3214952885998148
15,Age,3-5 Years,0.4376623376623376,0.4521482155035235,0.4646666666666667,0.4593007674503593,0.4819182389937106,0.4564894144303618,0.2576204523107178,0.4547365565877805,0.2795600366636113,0.4536762281569403,0.2574772431729519,0.4560293423705546,0.1674757281553398,0.4514877938419771,0.1487252124645892,0.4559271840432018,0.1545454545454545,0.4601398909997573,0.3632075471698113,0.4593825515481379,0.4358974358974359,0.4594311516618564,0.4325699745547073,0.4715700877130765,0.4201474201474201,0.4693207420545515,0.4175824175824176,0.4627282439782439,0.1952191235059761,0.4529814805620376,,0.4932918321348073
16,Age,35-59 Years,0.3290146607569042,0.3571679565096113,0.3434470377019749,0.3582532487301127,0.3607587064676616,0.3555327627544171,0.3589554242749731,0.3533718894867573,0.3297199638663053,0.3441166739989114,0.3610648918469218,0.3477087189166407,0.3167981961668545,0.3498157591311249,0.3434573304157549,0.3530123918927381,0.3533099059739766,0.3570726313357319,0.3327988776430504,0.3598353198993224,0.3414932680538555,0.3612654748190046,0.3406118257485677,0.3645669909005334,0.3214285714285714,0.3666356963787091,0.326565143824027,0.3702449251164367,0.3260941644562334,0.3732403935169017,0.3865546218487395,0.3578295244311752
17,Age,5-17 Years,0.0571655869985225,0.0956109919010985,0.0620586475164572,0.0950096245352536,0.0659825870646766,0.0925993527995892,0.0900241675617615,0.0923392494160466,0.0754290876242095,0.0893695890108821,0.0602783240054454,0.0891075388026607,0.0319428786170612,0.0888260994267166,0.0596936542669584,0.0887436248895444,0.0466331085573178,0.089276704499908,0.0518087984768012,0.0887033409362156,0.0538555691554467,0.088993279990716,0.0477786185277267,0.0893044497176027,0.0363115145723841,0.0898952923094862,0.0353919909757473,0.0902896167317373,0.0359748010610079,0.0908309342788169,0.0739495798319327,0.1041181461325835
18,Age,60 and older,0.1229685191499034,0.2341134377524491,0.1165170556552962,0.2294714536044663,0.1009950248756219,0.2249657322926627,0.0945891514500537,0.2163884090901202,0.1113821138211382,0.2158312453234706,0.0967327181969444,0.2121536622015356,0.1285231116121758,0.2093158265152501,0.0957549234135667,0.2071832622475178,0.0895621616487795,0.2028978502482659,0.0808698266359354,0.201692585222429,0.0812933496532027,0.2010756366722233,0.0724246027456491,0.1979893904926263,0.0930482560917343,0.1952145323011006,0.1070219966159052,0.1917659464955999,0.126657824933687,0.1889384009153445,0.1932773109243697,0.1765394286067413
19,Age,Under 18 Years,2506.0,112981.0,2497.0,114067.0,2272.0,114689.0,2318.0,117386.0,2020.0,116553.0,1523.0,116625.0,1585.0,116002.0,1365.0,115114.0,918.0,113760.0,895.0,111913.0,871.0,110271.0,782.0,108795.0,652.0,107603.0,562.0,106642.0,468.0,105626.0,44.0,111955.0
20,Age,Under 6 Years,1540.0,39591.0,1500.0,41045.0,1272.0,42369.0,1017.0,44241.0,1091.0,45495.0,769.0,46622.0,824.0,46411.0,706.0,45924.0,440.0,45321.0,424.0,44279.0,390.0,42964.0,393.0,42297.0,407.0,41722.0,364.0,41184.0,251.0,40282.0,0.0,37268.0
21,Educational Attainment,College Degree or higher,0.7591246236322244,0.6037814737779744,0.7451191391237509,0.6015770791834534,0.7559481743227326,0.5981580544247345,0.7078438147892191,0.5954773065649281,0.5879770759663455,0.5817083849870736,0.6813994603145064,0.5809853065788942,0.8734762505254309,0.5718184592579675,0.6861650745948267,0.5583391409602758,0.7296935933147632,0.5483582916944467,0.7594129676410442,0.5386867457615273,0.7704414115332595,0.5295800684635643,0.7783875604338168,0.5241250965981674,0.7691970802919708,0.5198689199853714,0.742525501231094,0.5138067991451463,0.7059424137226874,0.5124188366490302,0.4688888888888889,0.4497981722207769
22,Educational Attainment,High School or Less,0.1368142762723066,0.2226179457153548,0.1522674865488086,0.2249546945438751,0.1610522182960345,0.2277040043832001,0.1711299239806496,0.2256737658772623,0.1987562492378978,0.2350681531009399,0.1738159486368289,0.2355443598360608,0.0542244640605296,0.2375143509031986,0.1321240742728346,0.2434933793052855,0.123008356545961,0.2497404280502513,0.1054974136894021,0.2564566535550907,0.1088159350793065,0.2634329941120096,0.0989154579903306,0.2697919788036021,0.1327007299270073,0.2777815204768412,0.1341892367217727,0.2867029253043871,0.144578313253012,0.2866962090560432,0.2577777777777778,0.3267562373595388
23,Educational Attainment,Some College/Associate Degree,0.1040611000954689,0.1736005805066708,0.1026133743274404,0.1734682262726714,0.0829996073812328,0.1741379411920654,0.1210262612301313,0.1788489275578095,0.2132666747957566,0.1832234619119865,0.1447845910486647,0.1834703335850449,0.0722992854140395,0.1906671898388339,0.1817108511323387,0.1981674797344386,0.1472980501392757,0.2019012802553019,0.1350896186695537,0.204856600683382,0.1207426533874339,0.2069869374244261,0.1226969815758526,0.2060829245982304,0.0981021897810218,0.2023495595377873,0.1232852620471333,0.1994902755504666,0.1494792730243005,0.2008849542949266,0.2733333333333333,0.2234455904196843
24,Employment,"6-17, Living with One Parent",219.0,20099.0,226.0,20175.0,199.0,19426.0,534.0,20458.0,335.0,20445.0,371.0,19973.0,425.0,20256.0,431.0,20087.0,229.0,19772.0,171.0,19777.0,166.0,19907.0,136.0,19719.0,23.0,20009.0,59.0,20335.0,54.0,20089.0,0.0,19204.0
25,Employment,"6-17, Living with One Parent, Parent Not in Labor Force",0.0,0.1659286531668242,0.0,0.1765551425030979,0.2512562814070351,0.1788839699371975,0.7078651685393258,0.1864796167758334,0.835820895522388,0.1962827097089753,0.8221024258760108,0.1985680668903019,0.64,0.1812302527646129,0.4106728538283062,0.165181460646189,0.0,0.1608335019219097,0.0,0.1700965768316731,0.0,0.1591400010046717,0.0,0.1724732491505654,0.0,0.1948123344494977,0.0,0.1800835997049422,0.0,0.1810443526307929,,0.2812955634242866
26,Employment,"6-17, Living with One Parent, Parent in Labor Force",1.0,0.8340713468331757,1.0,0.8234448574969021,0.7487437185929648,0.8211160300628024,0.2921348314606741,0.8135203832241665,0.1641791044776119,0.8037172902910247,0.1778975741239892,0.8014319331096981,0.36,0.8187697472353871,0.5893271461716937,0.8348185393538109,1.0,0.8391664980780902,1.0,0.8299034231683269,1.0,0.8408599989953283,1.0,0.8275267508494345,1.0,0.8051876655505023,1.0,0.8199164002950577,1.0,0.818955647369207,,0.7187044365757134
27,Employment,"6-17, Living with Two Parents",747.0,49075.0,771.0,48594.0,801.0,48739.0,767.0,48247.0,594.0,46389.0,383.0,46832.0,336.0,46257.0,228.0,45768.0,249.0,45467.0,300.0,44455.0,315.0,43591.0,253.0,43379.0,222.0,42049.0,139.0,41463.0,163.0,41539.0,44.0,48312.0
28,Employment,"6-17, Living with Two Parents, One Parent in Labor Force",0.4431057563587684,0.2628018339276617,0.556420233463035,0.251903527184426,0.6429463171036205,0.2531237817764008,0.6192959582790091,0.2552697577051422,0.5370370370370371,0.261117937442066,0.5509138381201044,0.2751323881106935,0.1904761904761904,0.2824869749443327,0.0,0.2922128998426848,0.0,0.2958849275298568,0.0,0.3079743560904285,0.0,0.299786653208231,0.0,0.2915927061481362,0.0,0.2885918809008537,0.0,0.3013047777536599,0.0,0.303762729001661,0.0,0.3014571948998178
29,Employment,"6-17, Living with Two Parents, Parents Not in Labor Force",0.0,0.0145287824758023,0.0,0.0186854344157714,0.0,0.0172346580766942,0.0,0.0200841503098638,0.0,0.0181508547284916,0.0,0.0196873932353946,0.0,0.0202347752772553,0.0,0.0196206956825729,0.0,0.018540919787978,0.0,0.0182881565628163,0.0,0.0207841068110389,0.0,0.0210009451577952,0.0,0.0214036005612499,0.0,0.0210066806550418,0.0674846625766871,0.0248681961530128,1.0,0.1003477396920019
30,Employment,"6-17, Living with Two Parents, Parents in Labor Force",0.5568942436412316,0.7226693835965359,0.4435797665369649,0.7294110383998025,0.3570536828963795,0.729641560146905,0.3807040417209908,0.7246460919849939,0.4629629629629629,0.7207312078294423,0.4490861618798956,0.7051802186539119,0.8095238095238095,0.6972782497784119,1.0,0.6881664044747422,1.0,0.685574152682165,1.0,0.6737374873467551,1.0,0.67942923998073,1.0,0.6874063486940686,1.0,0.6900045185378962,1.0,0.6776885415912983,0.9325153374233128,0.671369074845326,0.0,0.5981950654081801
31,Employment,Employed Residents,12088.0,475344.0,11380.0,483955.0,11143.0,496966.0,9972.0,511122.0,6635.0,500641.0,8762.0,522693.0,2010.0,514605.0,7411.0,504143.0,7071.0,487737.0,6509.0,477522.0,6585.0,465885.0,6270.0,456055.0,5429.0,449117.0,4627.0,446684.0,4002.0,443834.0,296.0,427823.0
32,Employment,Managerial Professional,0.8313203176704169,0.636263421858696,0.8334797891036907,0.6344990753272515,0.8136946962218433,0.6206521170462366,0.773967107902126,0.6037599633746933,0.5807083647324793,0.584368839148212,0.7368180780643688,0.5758313197230497,0.7676616915422886,0.5636459031684495,0.7527998920523546,0.5504787332165675,0.774572196294725,0.5458249015350486,0.7497311414963896,0.5345366286788881,0.714958238420653,0.5232213958380287,0.694896331738437,0.5170692131431516,0.6899981580401547,0.5124611181496136,0.6488005186946185,0.5045401223236113,0.6149425287356322,0.5047833198898687,0.6790540540540541,0.4833868211853968
33,Employment,Natural Resources,0.0088517538054268,0.0307777104581103,0.0105448154657293,0.029322974243473,0.0075383648927577,0.0278288655561949,0.0068190934616927,0.0286017819620364,0.0129615674453654,0.029214546950809,0.0295594613102031,0.0309416808719458,0.0124378109452736,0.0325375773651635,0.0267170422345162,0.0350297435449862,0.0270117380851364,0.0354781367827333,0.0244277154708864,0.0365072185155867,0.0154897494305239,0.0367000440022752,0.0068580542264752,0.0406288715176897,0.0077362313501565,0.0417508132624683,0.0123189971904041,0.0447967690806028,0.0147426286856571,0.0460577603338185,0.0337837837837837,0.042050100158243
34,Employment,Production Transport Materials,0.0170416942422236,0.0523683900501531,0.0263620386643233,0.0536682129536837,0.0265637620030512,0.0556396212215725,0.038608102687525,0.0568063984723803,0.0978146194423511,0.0570708351892873,0.0547820132389865,0.058803159789781,0.0039800995024875,0.0599275172219469,0.0292807988125759,0.0545757850451161,0.0236175929854334,0.0526451755761814,0.0342602550314948,0.0536205661728674,0.0365983295368261,0.0548161026862852,0.0322169059011164,0.0521801098551709,0.0285503776017682,0.0528949026645617,0.0332829046898638,0.056415721180969,0.036231884057971,0.058440768395391,0.0304054054054054,0.0745331597412948
35,Employment,Sales and Office,0.0852084712111184,0.1501544144871924,0.0761862917398945,0.1525885671188437,0.0729606030691914,0.1615362016717441,0.1180304853590052,0.1689498788938844,0.1443858327053504,0.1773106876983707,0.1306779274138324,0.1802453830451144,0.1865671641791045,0.1825788711730356,0.1454594521656996,0.1954723163864221,0.1241691415641352,0.1998392576326995,0.1353510523889998,0.2054271845066824,0.1650721336370539,0.2118033420264657,0.1837320574162679,0.2171952944272072,0.1956161355682446,0.2180166860751207,0.2154743894532094,0.220927993839045,0.2418790604697651,0.2243113416277256,0.1216216216216216,0.2555168843189824
36,Employment,Services,0.057577763070814,0.130436063145848,0.053427065026362,0.129921170356748,0.0792425738131562,0.1343431945042518,0.062575210589651,0.1418819772970054,0.1641296156744536,0.1520350910133209,0.0481625199726089,0.154178456570109,0.0293532338308457,0.1613101310714043,0.0457428147348535,0.1644434218069079,0.0506293310705699,0.166212528473337,0.0562298356122292,0.1699084021259753,0.067881548974943,0.173459115446945,0.0822966507177033,0.1729265110567804,0.0780990974396758,0.1748764798482355,0.090123189971904,0.1733193935757717,0.0922038980509745,0.166406809753196,0.1351351351351351,0.1434331487554432
37,Employment,"Under 6 Years, Living with One Parent",126.0,6580.0,40.0,6745.0,39.0,7242.0,39.0,7622.0,37.0,8015.0,0.0,8712.0,143.0,8972.0,162.0,9280.0,107.0,9061.0,152.0,9277.0,121.0,9251.0,74.0,9029.0,91.0,9269.0,91.0,9025.0,39.0,8317.0,0.0,8668.0
38,Employment,"Under 6 Years, Living with One Parent, Parent Not in Labor Force",0.0,0.2427051671732522,0.0,0.2317272053372868,0.0,0.2346037006351836,0.0,0.2332721070585148,0.0,0.2331877729257642,,0.1887052341597796,0.0,0.1754346856888096,0.0,0.1479525862068965,0.0,0.1351947908619357,0.0,0.1384068125471596,0.0,0.1318776348502864,0.0,0.1348986598737401,0.0,0.1807098931923616,0.0,0.1905817174515235,0.0,0.2776241433209089,,0.3289109367789571
39,Employment,"Under 6 Years, Living with One Parent, Parent in Labor Force",1.0,0.7572948328267477,1.0,0.7682727946627131,1.0,0.7653962993648163,1.0,0.7667278929414851,1.0,0.7668122270742358,,0.8112947658402204,1.0,0.8245653143111904,1.0,0.8520474137931034,1.0,0.8648052091380642,1.0,0.8615931874528403,1.0,0.8681223651497135,1.0,0.8651013401262598,1.0,0.8192901068076384,1.0,0.8094182825484765,1.0,0.722375856679091,,0.6710890632210429
40,Employment,"Under 6 Years, Living with Two Parents",1371.0,31178.0,1424.0,32695.0,1200.0,33144.0,978.0,34687.0,1054.0,35920.0,769.0,36371.0,681.0,36135.0,544.0,35287.0,333.0,34710.0,272.0,33503.0,269.0,32018.0,319.0,31593.0,316.0,30861.0,273.0,30505.0,212.0,30522.0,0.0,25388.0
41,Employment,"Under 6 Years, Living with Two Parents, One Parent in Labor Force",0.1181619256017505,0.2492783372891141,0.1271067415730337,0.249365346383239,0.1741666666666666,0.2557325609461742,0.4631901840490797,0.2829878628881137,0.3937381404174573,0.2931514476614699,0.5240572171651495,0.2815154931126447,0.3627019089574155,0.2911304829113048,0.3216911764705882,0.3134015359764219,0.1261261261261261,0.3202823393834629,0.213235294117647,0.3241799241858938,0.174721189591078,0.3401836466987319,0.3260188087774294,0.3268445541733928,0.3132911392405063,0.3272739055766177,0.2893772893772894,0.3348631371906245,0.2641509433962264,0.3595111722691829,,0.370174885772806
42,Employment,"Under 6 Years, Living with Two Parents, Parents Not in Labor Force",0.0,0.0162614664186285,0.0,0.0166386297599021,0.0,0.0095341539946898,0.0,0.009484821402831,0.0,0.0053452115812917,0.0,0.0075884633361744,0.0,0.0085789400857894,0.0,0.0100036840762887,0.0,0.01120714491501,0.0,0.0139688983076142,0.0,0.0153663564245112,0.0,0.0175671826037413,0.0,0.0194420141926703,0.0,0.024356662842157,0.0,0.0238844112443483,,0.0863793918386639
43,Employment,"Under 6 Years, Living with Two Parents, Parents in Labor Force",0.8818380743982495,0.7344601962922573,0.8728932584269663,0.7339960238568588,0.8258333333333333,0.7347332850591359,0.5368098159509203,0.7075273157090552,0.6062618595825426,0.7015033407572383,0.4759427828348505,0.7108960435511809,0.6372980910425844,0.7002905770029058,0.6783088235294118,0.6765947799472893,0.8738738738738738,0.668510515701527,0.7867647058823529,0.6618511775064919,0.8252788104089219,0.6444499968767569,0.6739811912225705,0.6555882632228658,0.6867088607594937,0.6532840802307119,0.7106227106227107,0.6407801999672185,0.7358490566037735,0.6166044164864688,,0.5434457223885301
44,Employment,Unemployment Rate,0.0472824379516179,0.0608135844766881,0.033939906898011,0.0562046654080624,0.0359058660667935,0.0535574280864409,0.0189867191342843,0.0528643499003607,0.0823221180364037,0.0473714538922793,0.0182633053221288,0.0421464851369989,0.041030534351145,0.0467561898167262,0.0346489514133124,0.0542882955154614,0.0454913606911447,0.0616593070488925,0.0499197197489417,0.0674995414830973,0.0527905638665132,0.0756142580428994,0.0555806597379123,0.0824785173449569,0.0595877360124718,0.0804399877212729,0.0781032078103207,0.0751930879380297,0.076603599446239,0.0714463457119018,0.0,0.0459336392752786
45,Employment,Worked in place of residence,0.8456970812076607,0.8253169561041847,0.8194345661450925,0.823000162549794,0.8170510259669511,0.8150015822719782,0.7694369973190348,0.8033030688796547,0.7455518083498082,0.787710045863901,0.6662768942937325,0.7662421676810082,0.6762646942279752,0.763732761445209,0.6609418282548476,0.758829095879553,0.702353616532721,0.75375162546046,0.6536683107274969,0.7547692840780026,0.6637114032405992,0.7585445293737045,0.6848318240620958,0.7619994669640917,0.7144458979629976,0.7654151647580465,0.6454104148278905,0.7678917094340922,0.652542372881356,0.7633115045678713,0.7432432432432432,0.7693386500634328
46,Employment,Worked outside place of residence,0.1543029187923392,0.1746830438958153,0.1805654338549075,0.1769998374502059,0.1829489740330488,0.1849984177280218,0.2305630026809651,0.1966969311203452,0.2544481916501919,0.2122899541360989,0.3337231057062675,0.2337578323189918,0.3237353057720248,0.236267238554791,0.3390581717451523,0.2411709041204469,0.297646383467279,0.24624837453954,0.3463316892725031,0.2452307159219974,0.3362885967594008,0.2414554706262954,0.3151681759379042,0.2380005330359082,0.2855541020370024,0.2345848352419535,0.3545895851721094,0.2321082905659077,0.3474576271186441,0.2366884954321287,0.2567567567567567,0.2306613499365671
47,Households,Average Family Household Size,2.8978201634877383,3.1319983337300643,2.9604845687914625,3.144151117308533,2.834400222655163,3.2018118894912773,2.8358291735995564,3.2615402697381954,2.976076555023924,3.28706601556316,2.728786926461345,3.2517095916023706,2.4871244635193133,3.268945126068028,2.7500977708251857,3.289369891655579,2.5488907148726376,3.2672108135580915,2.5397350993377485,3.2838383338079966,2.565684899485741,3.298934193677973,2.610990206746464,3.2995935115235646,2.6548463356974,3.334838052183911,2.77029840388619,3.339890688687735,2.818541996830428,3.344840920606982,2.9587628865979383,3.3800225564931448
48,Households,Average Household Size,2.061880559085133,2.209471781902731,2.097913322632424,2.237901330812144,2.198965665852608,2.2943849561823813,2.183047790802525,2.3444979393966285,2.193959061407888,2.3684053111240844,2.040557667934094,2.359117045903988,1.7713903743315509,2.362153216954271,2.025049918315484,2.352446654005139,1.9743540300809872,2.326626108742424,2.000208594075928,2.3229749890800586,2.0033919864320544,2.320853188109825,2.014176417641764,2.3119669277632724,1.9831912302070644,2.314770502501632,1.9483870967741936,2.3034212201512974,1.97124183006536,2.304953708122554,1.875,2.2949552827042594
49,Households,Family Households,0.4663278271918678,0.4629277618913811,0.4637506688068485,0.4678741837925105,0.5161614710530096,0.4703304028998791,0.5419296663660956,0.4719280924304026,0.3652021967049426,0.4723127316858534,0.5041191381495564,0.479277241058859,0.3114973262032086,0.478662290843646,0.464149573425304,0.4702044464305664,0.4693405322020825,0.4642084744715392,0.440967876512307,0.4581213162925523,0.4534661861352554,0.4576034099950309,0.4135913591359136,0.4539077458659704,0.4121802679658952,0.4499820682113482,0.4042075736325385,0.4474618425143229,0.4124183006535947,0.4473728166459864,0.3566176470588235,0.4462210095497954
50,Households,Households,7870.0,362994.0,7476.0,361734.0,6961.0,360015.0,6654.0,360574.0,4006.0,347723.0,6312.0,361559.0,1496.0,358942.0,5509.0,358040.0,5186.0,356034.0,4794.0,352566.0,4717.0,348153.0,4444.0,344700.0,4105.0,340178.0,3565.0,337745.0,3060.0,335264.0,272.0,329850.0
51,Households,"Households with 60 years and older, % of Total (DEC, 65 years and older)",0.158576874205845,0.3636754326517794,0.1627875869448903,0.3620035716852715,0.1646315184599913,0.3581128564087607,0.1574992485722873,0.3537359876197396,0.1894658012980529,0.3558723466667433,0.1505069708491761,0.3504075406780083,0.1851604278074866,0.3465239509447209,0.1270648030495552,0.3435649648084013,0.1228306980331662,0.3372374548498177,0.1141009595327492,0.3331659887794058,0.1062115751536993,0.3313887859647913,0.092034203420342,0.3244067304902814,0.1237515225334957,0.3196943952871732,0.1343618513323983,0.3131090023538468,0.1588235294117647,0.3084285816550539,0.4227941176470588,0.3122601182355616
52,Households,"Households with Children, % of Total",0.1770012706480305,0.1813693890257139,0.1698769395398608,0.1835188287526193,0.1791409280275822,0.1840395539074761,0.2179140366696723,0.1862308430447009,0.1345481777333999,0.1853199241925325,0.1538339670468948,0.1872280872554687,0.106283422459893,0.1872252341603936,0.1617353421673625,0.1849988828063903,0.1185885075202468,0.1852800575225961,0.1134751773049645,0.1858971086264699,0.110875556497774,0.1885119473334999,0.123087308730873,0.1874963736582535,0.1052375152253349,0.1873430968492965,0.1155680224403927,0.1865963966898103,0.1156862745098039,0.1864709601985301,0.0698529411764705,0.1723874488403819
53,Households,Living in Group Quarters,1371.0,26112.0,1026.0,24801.0,773.0,23183.0,370.0,19002.0,2281.0,19758.0,342.0,20176.0,488.0,99313.0,1903.0,100859.0,1840.0,101563.0,1844.0,101403.0,1641.0,99865.0,1828.0,98556.0,1693.0,97294.0,0.0,0.0,0.0,0.0,85.0,19742.0
54,Households,Non-Family Households,0.5336721728081322,0.5370722381086189,0.5362493311931514,0.5321258162074894,0.4838385289469903,0.5296695971001208,0.4580703336339044,0.5280719075695973,0.6347978032950574,0.5276872683141466,0.4958808618504436,0.520722758941141,0.6885026737967914,0.5213377091563539,0.535850426574696,0.5297955535694335,0.5306594677979175,0.5357915255284608,0.5590321234876929,0.5418786837074476,0.5465338138647445,0.5423965900049691,0.5864086408640864,0.5460922541340296,0.5878197320341048,0.5500179317886518,0.5957924263674614,0.552538157485677,0.5875816993464053,0.5526271833540135,0.6433823529411765,0.5537789904502046
55,Households,"Single Person Households, % of Total",0.3843710292249047,0.3880752849909364,0.3846976993044408,0.3795468493423344,0.3123114495043815,0.370431787564407,0.3258190562067929,0.3656974712541669,0.4068896655017474,0.3628462885687745,0.3575728770595691,0.3559889257354954,0.4792780748663101,0.3597628586233987,0.3732074786712652,0.3665847391352921,0.3532587736212881,0.3708775004634388,0.3671255736337088,0.3779462568710539,0.3693025227899088,0.3823635011043995,0.3717371737173717,0.3869567740063823,0.415347137637028,0.3940848614548853,0.4516129032258064,0.4006306533035278,0.4392156862745098,0.4016058986351055,0.4742647058823529,0.3861755343337881
56,Housing,Median Year Moved In Owner,2013.703056768559,2007.6477461846248,2014.6069868995637,2006.3591026631293,2014.4018475750577,2005.251952191235,2011.316159250585,2005.4737919483905,2012.3333333333333,2003.1260388697096,2012.9666666666667,2007.0089461238213,2008.684210526316,2001.7370067504528,2010.6992481203008,2009.146091310434,2009.741573033708,2000.187938712356,2008.3461117196057,1999.6412538848176,2010.5123574144488,2000.6779985725557,2006.776519052523,1997.5284754672896,2006.4171974522292,1997.1416645945085,2007.3128313891837,1993.848383462497,2005.346901579587,1995.6842698438252,1988.076923076923,1987.6388952189964
57,Housing,Median Year Moved In Renter,2018.8187579214195,2015.9938834595152,2019.464377406932,2016.5115832671431,2017.7354497354495,2014.5253318985476,2018.3306336350645,2011.535989556136,2015.0035682426403,2013.023803462322,2016.0,2012.8029277571784,2011.0750507099392,2011.2591798383655,2015.1806282722516,2014.2607703428332,2011.8709377901575,2010.163989518698,2011.218236173393,2008.6635687491075,2010.6128266033252,2010.36722362394,2008.926799007444,2005.421611492817,2006.923076923077,2004.352184865961,2007.603294117647,2005.622983870968,2005.410979228487,2004.8217412659092,1996.578947368421,1996.148247771288
58,Housing,Median Year Structure Built,2008.7452107279692,1945.566896353718,2007.632693745328,1945.1754582655976,2008.0526169265036,1944.5780497258984,2007.3196276183087,1944.236438679245,1997.9268292682927,1945.37322767794,2006.644279203646,1943.4359038418831,1939.0,1942.3594918609767,2004.8365585774056,1942.047870171528,2004.4903916322064,1941.6269704596637,2004.3188745603752,1941.7023507482008,2009.855177238806,1949.2994290710835,2004.379667549988,1941.2592200959407,2004.513836948392,1941.074692243788,2001.0235997482691,1948.3707559981888,2004.2776203966005,1939.0,1996.9649122807016,1940.100117657312
59,Housing,"Overcrowding, Renter Occupied Housing",0.1148936170212766,0.0734325271237664,0.1257547366229439,0.0787509157344527,0.0998665480427046,0.0820756891618869,0.0755915863277826,0.082845229599508,0.1204608938547486,0.0810068776808164,0.0380264741275571,0.0811220554467032,0.0094664371772805,0.0790011969201636,0.0545798432855984,0.0744354303381849,0.0466396292004635,0.0737345626872705,0.0553516819571865,0.0743386762815936,0.0532407407407407,0.0740940461031634,0.0694813829787234,0.0721038566434206,0.049090909090909,0.0716439754459395,0.0473815461346633,0.0702590000517717,0.0508816120906801,0.06915216052771,0.0535714285714285,0.1382092963593535
60,Housing,Owner Occupied,0.3430749682337992,0.3819677460233502,0.3575441412520064,0.38490990617415,0.3541157879614998,0.3854506062247406,0.3140967838893898,0.3820935508383855,0.2850723914128806,0.3778035965409248,0.3417300380228137,0.3760741677015369,0.2232620320855615,0.3762000546049222,0.3281902341622799,0.3730784269913976,0.3343617431546471,0.3682007898122089,0.3178973717146433,0.3643856753061838,0.3589145643417426,0.366143620764434,0.3231323132313231,0.3660226283724978,0.3300852618757612,0.3693095967405299,0.3251051893408134,0.3709129668832995,0.3513071895424836,0.3750924644459292,0.0857142857142857,0.3497573551713679
61,Housing,Post 1979 All and Pre 1979 Single Family Renter Occupied by Year Structure Built by Units in Structure,5074.0,82164.0,4722.0,77998.0,4382.0,73992.0,4483.0,73349.0,1648.0,69953.0,4006.0,70573.0,42.0,68451.0,3599.0,67616.0,3407.0,65448.0,3223.0,65701.0,362.0,114951.0,337.0,114749.0,180.0,113799.0,153.0,113725.0,174.0,111672.0,177.0,42099.0
62,Housing,Pre 1980 MultiFamily Renter Occupied by Year Structure Built by Units in Structure,96.0,141862.0,81.0,144178.0,114.0,146950.0,81.0,149184.0,1216.0,146145.0,149.0,154965.0,1120.0,155386.0,102.0,156751.0,45.0,159388.0,47.0,158259.0,0.0,90725.0,0.0,89862.0,0.0,88408.0,0.0,87105.0,0.0,88150.0,25.0,172030.0
63,Housing,Renter Occupied,0.6569250317662008,0.6180322539766497,0.6424558587479936,0.6150900938258499,0.6458842120385002,0.6145493937752594,0.6859032161106101,0.6179064491616145,0.7149276085871193,0.6221964034590752,0.6582699619771863,0.623925832298463,0.7767379679144385,0.6237999453950778,0.6718097658377201,0.6269215730086024,0.6656382568453528,0.6317992101877911,0.6821026282853567,0.6356143246938162,0.6410854356582574,0.6338563792355659,0.6768676867686768,0.6339773716275022,0.6699147381242387,0.63069040325947,0.6748948106591866,0.6290870331167004,0.6486928104575164,0.6249075355540709,0.9142857142857144,0.6502426448286321
64,Housing,Total Number of Units,8435.0,413571.0,8138.0,410552.0,7805.0,407284.0,7343.0,403943.0,4650.0,382814.0,7244.0,396851.0,1700.0,393098.0,5895.0,389511.0,5536.0,385944.0,5206.0,382915.0,5001.0,379773.0,4666.0,377499.0,4401.0,375132.0,3913.0,374229.0,3324.0,371781.0,350.0,346527.0
65,Housing,Total Vacant Units,565.0,50577.0,662.0,48818.0,844.0,47269.0,689.0,43369.0,644.0,35091.0,932.0,35292.0,204.0,34156.0,386.0,31471.0,350.0,29910.0,412.0,30349.0,284.0,31620.0,222.0,32799.0,296.0,34954.0,348.0,36484.0,264.0,36517.0,105.0,16827.0
66,Housing,Vacancy Rate,0.0669828097213989,0.1222933909776072,0.0813467682477267,0.1189082016407178,0.1081358103779628,0.1160590644366093,0.093830859321803,0.1073641578143451,0.1384946236559139,0.0916659265335123,0.1286581998895637,0.0889301022298041,0.12,0.0868892744302947,0.0654792196776929,0.0807961777716162,0.0632225433526011,0.077498289907344,0.079139454475605,0.0792577987281772,0.0567886422715456,0.0832602633678539,0.0475782254607801,0.0868849983708566,0.0672574414905703,0.0931778680571105,0.088934321492461,0.0974911083855072,0.0794223826714801,0.0982218026203598,0.3,0.0485589867456215
67,Housing Prices,Contract Rent 100 to 149,0.0,735.0,0.0,669.0,0.0,561.0,0.0,710.0,0.0,848.0,0.0,795.0,0.0,762.0,0.0,965.0,0.0,1047.0,0.0,1198.0,0.0,1115.0,0.0,1235.0,0.0,1291.0,0.0,1188.0,0.0,1189.0,0.0,2218.0
68,Housing Prices,Contract Rent 1000 to 1249,42.0,12360.0,45.0,12735.0,173.0,13883.0,152.0,15685.0,142.0,16005.0,293.0,17491.0,33.0,18314.0,137.0,20972.0,109.0,22300.0,95.0,23989.0,132.0,24438.0,188.0,25594.0,289.0,25189.0,258.0,26334.0,224.0,27887.0,14.0,29768.0
69,Housing Prices,Contract Rent 1250 to 1499,267.0,11850.0,402.0,12425.0,273.0,13053.0,205.0,15334.0,259.0,14963.0,296.0,17640.0,145.0,19616.0,408.0,19477.0,289.0,21110.0,301.0,22981.0,285.0,23214.0,297.0,23799.0,98.0,25427.0,117.0,25043.0,28.0,24253.0,0.0,17994.0
70,Housing Prices,Contract Rent 150 to 199,65.0,1248.0,42.0,1131.0,66.0,1144.0,222.0,1263.0,0.0,1219.0,184.0,1059.0,0.0,880.0,0.0,811.0,0.0,898.0,0.0,1082.0,0.0,1157.0,0.0,1037.0,0.0,988.0,0.0,959.0,0.0,834.0,11.0,6640.0
71,Housing Prices,Contract Rent 1500 to 1999,728.0,27125.0,609.0,27134.0,506.0,28583.0,659.0,31884.0,361.0,31616.0,222.0,34159.0,290.0,35576.0,199.0,38851.0,247.0,42047.0,219.0,43104.0,366.0,44214.0,369.0,44733.0,403.0,43113.0,363.0,43130.0,316.0,40401.0,27.0,23743.0
72,Housing Prices,Contract Rent 200 to 249,90.0,1262.0,326.0,1483.0,380.0,2141.0,180.0,2304.0,0.0,3011.0,168.0,3326.0,0.0,3487.0,81.0,3469.0,76.0,3989.0,72.0,3926.0,0.0,3442.0,0.0,4052.0,0.0,4233.0,0.0,3905.0,18.0,4157.0,7.0,4167.0
73,Housing Prices,"Contract Rent 2000 to 2499 (Contract Rent 2000 or more, DEC2000 and ACS2009-2014)",389.0,30319.0,375.0,29598.0,317.0,30033.0,271.0,28406.0,366.0,27086.0,149.0,29234.0,136.0,29473.0,154.0,28761.0,284.0,28746.0,308.0,28844.0,1779.0,60838.0,1778.0,54800.0,1619.0,49997.0,1321.0,43369.0,1039.0,38455.0,51.0,14053.0
74,Housing Prices,Contract Rent 250 to 299,0.0,2653.0,0.0,3199.0,0.0,4040.0,0.0,6816.0,77.0,6796.0,0.0,6530.0,0.0,6214.0,116.0,6238.0,134.0,5584.0,113.0,5431.0,98.0,5289.0,0.0,4617.0,11.0,4912.0,15.0,5107.0,0.0,4943.0,0.0,3338.0
75,Housing Prices,Contract Rent 2500 to 2999 (ACS2015-),207.0,22846.0,204.0,23891.0,438.0,23653.0,273.0,24685.0,481.0,24242.0,328.0,25265.0,207.0,24192.0,432.0,22868.0,266.0,20913.0,386.0,17655.0,35.0,5684.0,42.0,5764.0,47.0,5769.0,54.0,5919.0,53.0,6063.0,,
76,Housing Prices,Contract Rent 300 to 349,18.0,5250.0,25.0,5449.0,0.0,5715.0,0.0,3379.0,6.0,3005.0,0.0,2602.0,0.0,2405.0,65.0,2698.0,0.0,2768.0,41.0,2640.0,34.0,2310.0,35.0,2483.0,34.0,2392.0,33.0,2351.0,0.0,3015.0,0.0,5346.0
77,Housing Prices,Contract Rent 3000 to 3499 (ACS2015-),772.0,23443.0,654.0,21301.0,440.0,21499.0,634.0,22343.0,245.0,21710.0,433.0,21726.0,141.0,19059.0,816.0,16228.0,1003.0,13638.0,821.0,11377.0,0.0,0.0,0.0,0.0,0.0,0.0,0.0,0.0,0.0,0.0,,
78,Housing Prices,Contract Rent 350 to 399,0.0,2168.0,0.0,2685.0,0.0,1786.0,95.0,1491.0,0.0,1795.0,274.0,2458.0,0.0,2398.0,211.0,2479.0,63.0,2277.0,57.0,2357.0,54.0,2308.0,35.0,2073.0,0.0,2135.0,0.0,2003.0,0.0,1992.0,48.0,5235.0
79,Housing Prices,Contract Rent 3500 or more (ACS2015-),2352.0,54106.0,2009.0,51935.0,1740.0,46454.0,1564.0,35189.0,385.0,27172.0,1567.0,21699.0,128.0,17755.0,800.0,14008.0,559.0,10639.0,495.0,8074.0,0.0,0.0,0.0,0.0,0.0,0.0,0.0,0.0,0.0,0.0,,
80,Housing Prices,Contract Rent 400 to 449,0.0,1585.0,0.0,1400.0,0.0,1212.0,137.0,2155.0,25.0,2320.0,51.0,2476.0,0.0,3090.0,0.0,4110.0,0.0,4150.0,0.0,4019.0,0.0,4073.0,0.0,3501.0,50.0,3185.0,49.0,3064.0,55.0,3259.0,0.0,5503.0
81,Housing Prices,Contract Rent 500 to 549,0.0,1258.0,0.0,1460.0,0.0,1687.0,126.0,2081.0,0.0,2161.0,0.0,2627.0,0.0,2418.0,0.0,2233.0,0.0,2209.0,0.0,2307.0,0.0,2353.0,39.0,2688.0,39.0,3496.0,35.0,4026.0,48.0,4323.0,11.0,5711.0
82,Housing Prices,Contract Rent 550 to 599,0.0,2419.0,0.0,2363.0,36.0,1747.0,6.0,2690.0,21.0,3590.0,0.0,4301.0,0.0,4313.0,0.0,4226.0,112.0,4420.0,104.0,4412.0,0.0,4282.0,0.0,4787.0,77.0,5226.0,30.0,4891.0,0.0,4718.0,6.0,8537.0
83,Housing Prices,Contract Rent 600 to 649,6.0,1843.0,6.0,2304.0,21.0,2531.0,0.0,2173.0,79.0,1783.0,31.0,2201.0,0.0,2096.0,109.0,2260.0,127.0,2602.0,146.0,2951.0,165.0,2960.0,148.0,3458.0,36.0,3042.0,0.0,3149.0,0.0,3226.0,31.0,6972.0
84,Housing Prices,Contract Rent 650 to 699,54.0,1902.0,16.0,1485.0,0.0,1653.0,0.0,2130.0,60.0,2732.0,0.0,3097.0,13.0,3068.0,34.0,3347.0,32.0,3600.0,0.0,3924.0,0.0,3730.0,0.0,3853.0,0.0,4307.0,0.0,4354.0,0.0,4837.0,11.0,9456.0
85,Housing Prices,Contract Rent 700 to 749,0.0,1346.0,0.0,1294.0,0.0,1477.0,0.0,1778.0,63.0,1317.0,27.0,1934.0,0.0,2353.0,0.0,2499.0,0.0,2715.0,0.0,2941.0,0.0,3324.0,0.0,3669.0,0.0,3191.0,0.0,3798.0,12.0,3340.0,0.0,8024.0
86,Housing Prices,Contract Rent 750 to 749,0.0,1231.0,0.0,1843.0,0.0,2128.0,0.0,1856.0,42.0,2719.0,0.0,3140.0,0.0,2883.0,0.0,3171.0,0.0,3493.0,0.0,3794.0,0.0,3669.0,64.0,3703.0,0.0,4732.0,0.0,4357.0,0.0,5126.0,7.0,8938.0
87,Housing Prices,Contract Rent 750 to 799,0.0,1971.0,0.0,1628.0,0.0,1410.0,0.0,2216.0,37.0,1943.0,0.0,2186.0,0.0,2598.0,68.0,2683.0,78.0,3147.0,64.0,2939.0,61.0,3463.0,0.0,3307.0,0.0,2749.0,13.0,3763.0,35.0,4187.0,0.0,8550.0
88,Housing Prices,Contract Rent 800 to 899,27.0,3330.0,13.0,3236.0,7.0,3578.0,0.0,5227.0,133.0,6009.0,0.0,6448.0,18.0,6990.0,0.0,8196.0,44.0,8259.0,48.0,8930.0,0.0,9029.0,0.0,9095.0,8.0,8873.0,59.0,10206.0,63.0,10955.0,0.0,18041.0
89,Housing Prices,Contract Rent 900 to 999,40.0,4376.0,0.0,4635.0,36.0,5326.0,0.0,5184.0,38.0,6380.0,79.0,7088.0,21.0,7599.0,43.0,7175.0,0.0,7452.0,0.0,8051.0,15.0,8357.0,13.0,8953.0,39.0,9207.0,59.0,10760.0,94.0,11497.0,0.0,16283.0
90,Housing Prices,Contract Rent Less than 100,16.0,1142.0,0.0,951.0,0.0,653.0,0.0,705.0,30.0,907.0,0.0,903.0,0.0,1057.0,0.0,1232.0,0.0,1465.0,0.0,1505.0,0.0,1430.0,0.0,1331.0,0.0,1093.0,0.0,795.0,0.0,852.0,0.0,1385.0
91,Housing Prices,Contract Rent Total,5170.0,224342.0,4803.0,222499.0,4496.0,221247.0,4564.0,222801.0,2864.0,216352.0,4155.0,225586.0,1162.0,223908.0,3701.0,224463.0,3452.0,224942.0,3270.0,224096.0,3024.0,220679.0,3008.0,218532.0,2750.0,214547.0,2406.0,212471.0,1985.0,209509.0,224.0,214198.0
92,Housing Prices,Contract Rent Total No cash Rent (ACS2015-),97.0,6574.0,77.0,6265.0,63.0,5300.0,40.0,5117.0,14.0,5023.0,53.0,5201.0,30.0,5312.0,28.0,5506.0,29.0,5474.0,0.0,5665.0,0.0,0.0,0.0,0.0,0.0,0.0,0.0,0.0,0.0,0.0,0.0,4296.0
93,Housing Prices,"Contract Rent Total No cash Rent (No cash rent, DEC2000 and ACS2009-2014)",207.0,22846.0,204.0,23891.0,438.0,23653.0,273.0,24685.0,481.0,24242.0,328.0,25265.0,207.0,24192.0,432.0,22868.0,266.0,20913.0,386.0,17655.0,35.0,5684.0,42.0,5764.0,47.0,5769.0,54.0,5919.0,53.0,6063.0,0.0,4296.0
94,Housing Prices,Contract Rent Total With cash Rent,5073.0,217768.0,4726.0,216234.0,4433.0,215947.0,4524.0,217684.0,2850.0,211329.0,4102.0,220385.0,1132.0,218596.0,3673.0,218957.0,3423.0,219468.0,3270.0,218431.0,2989.0,214995.0,2966.0,212768.0,2703.0,208778.0,2352.0,206552.0,1932.0,203446.0,224.0,209902.0
95,Housing Prices,Extremely Rent Burdened,0.1984526112185686,0.188364193953874,0.1580262336039975,0.1762300055281147,0.1534697508896797,0.1729740968239117,0.1386941279579316,0.1710943846751136,0.2290502793296089,0.1711285312823546,0.1354993983152828,0.1712694936742528,0.1179001721170395,0.1823114850742269,0.1421237503377465,0.189639272396787,0.1541135573580533,0.2033368601683989,0.146788990825688,0.2083660574039697,0.1531084656084656,0.2156344736019285,0.1476063829787234,0.2184851646440795,0.1676363636363636,0.221047136524864,0.1733167082294264,0.2104240108061806,0.1939546599496221,0.2075137583588294,0.2455357142857142,0.1636709959943603
96,Housing Prices,Home Value 10000 to 14999 ,0.0,212.0,0.0,183.0,0.0,205.0,0.0,175.0,0.0,144.0,0.0,79.0,0.0,98.0,0.0,82.0,0.0,59.0,0.0,74.0,0.0,76.0,0.0,71.0,0.0,59.0,0.0,74.0,0.0,45.0,0.0,62.0
97,Housing Prices,Home Value 100000 to 124999,0.0,786.0,0.0,984.0,0.0,893.0,0.0,644.0,4.0,582.0,0.0,462.0,0.0,422.0,0.0,524.0,0.0,482.0,0.0,477.0,0.0,560.0,0.0,706.0,0.0,668.0,0.0,667.0,8.0,726.0,0.0,663.0
98,Housing Prices,"Home Value 1000000 to 1499999 (1000000 or more, DEC2000 and ACS2009-2014)",687.0,44558.0,641.0,46265.0,765.0,46445.0,574.0,43297.0,338.0,41084.0,472.0,37869.0,124.0,33886.0,338.0,29448.0,282.0,25127.0,243.0,20784.0,190.0,33662.0,96.0,30888.0,142.0,30973.0,138.0,32270.0,176.0,33403.0,0.0,9895.0
99,Housing Prices,Home Value 125000 to 149999,0.0,376.0,0.0,182.0,0.0,99.0,0.0,153.0,0.0,98.0,0.0,59.0,0.0,74.0,0.0,102.0,0.0,122.0,0.0,166.0,0.0,211.0,0.0,247.0,0.0,189.0,0.0,159.0,0.0,149.0,0.0,708.0
100,Housing Prices,Home Value 15000 to 19999 ,0.0,71.0,0.0,103.0,0.0,88.0,0.0,54.0,0.0,89.0,35.0,49.0,0.0,54.0,34.0,51.0,31.0,46.0,0.0,29.0,0.0,187.0,0.0,159.0,0.0,198.0,0.0,191.0,0.0,158.0,0.0,117.0
101,Housing Prices,Home Value 150000 to 174999,0.0,434.0,0.0,319.0,0.0,333.0,0.0,265.0,0.0,197.0,0.0,307.0,0.0,463.0,0.0,490.0,0.0,440.0,0.0,438.0,45.0,484.0,39.0,485.0,36.0,405.0,27.0,503.0,36.0,536.0,0.0,1269.0
102,Housing Prices,Home Value 1500000 to 1999999 (ACS2015-),831.0,29091.0,878.0,28389.0,783.0,28361.0,615.0,24715.0,49.0,20876.0,305.0,19365.0,22.0,15807.0,42.0,12388.0,26.0,9489.0,19.0,7792.0,0.0,0.0,0.0,0.0,0.0,0.0,0.0,0.0,0.0,0.0,,
103,Housing Prices,Home Value 175000 to 199999,0.0,106.0,0.0,160.0,0.0,84.0,0.0,59.0,0.0,50.0,0.0,104.0,0.0,184.0,0.0,187.0,20.0,288.0,20.0,337.0,20.0,418.0,20.0,309.0,30.0,401.0,0.0,318.0,0.0,361.0,0.0,2042.0
104,Housing Prices,Home Value 20000 to 24999 ,0.0,103.0,0.0,76.0,0.0,8.0,0.0,28.0,0.0,47.0,0.0,25.0,0.0,18.0,0.0,39.0,0.0,37.0,0.0,23.0,0.0,26.0,0.0,29.0,0.0,139.0,0.0,143.0,0.0,142.0,0.0,411.0
105,Housing Prices,Home Value 200000 to 249999,88.0,573.0,34.0,506.0,98.0,556.0,100.0,627.0,0.0,537.0,138.0,756.0,0.0,731.0,196.0,877.0,182.0,1051.0,79.0,1321.0,80.0,1541.0,103.0,1595.0,33.0,1551.0,45.0,1776.0,45.0,1667.0,0.0,6734.0
106,Housing Prices,Home Value 2000000 or more (ACS2015-),132.0,33698.0,151.0,33776.0,145.0,30680.0,106.0,24626.0,117.0,20385.0,162.0,21444.0,92.0,18798.0,72.0,15408.0,56.0,12454.0,36.0,10149.0,0.0,0.0,0.0,0.0,0.0,0.0,0.0,0.0,0.0,0.0,,
107,Housing Prices,Home Value 25000 to 29999 ,0.0,11.0,0.0,27.0,0.0,71.0,0.0,82.0,0.0,75.0,0.0,59.0,0.0,49.0,0.0,68.0,0.0,7.0,0.0,12.0,0.0,9.0,0.0,26.0,0.0,19.0,0.0,51.0,0.0,74.0,0.0,777.0
108,Housing Prices,Home Value 250000 to 299999,20.0,419.0,0.0,480.0,0.0,426.0,0.0,749.0,0.0,833.0,0.0,799.0,0.0,1039.0,0.0,977.0,29.0,1075.0,30.0,1169.0,25.0,1519.0,33.0,1456.0,40.0,1495.0,11.0,1421.0,13.0,1463.0,0.0,10611.0
109,Housing Prices,Home Value 30000 to 34999 ,8.0,8.0,12.0,12.0,0.0,0.0,0.0,0.0,0.0,0.0,0.0,10.0,0.0,34.0,0.0,38.0,0.0,64.0,0.0,84.0,0.0,77.0,0.0,58.0,0.0,45.0,0.0,45.0,0.0,21.0,0.0,955.0
110,Housing Prices,Home Value 300000 to 399999,86.0,1602.0,163.0,1818.0,187.0,2252.0,334.0,2573.0,25.0,2432.0,327.0,2460.0,0.0,2805.0,112.0,3145.0,72.0,3943.0,75.0,4767.0,67.0,5129.0,72.0,5243.0,66.0,4933.0,47.0,4397.0,29.0,3406.0,0.0,25189.0
111,Housing Prices,Home Value 35000 to 39999 ,0.0,12.0,0.0,9.0,0.0,5.0,0.0,29.0,0.0,58.0,0.0,45.0,0.0,53.0,0.0,110.0,0.0,84.0,0.0,80.0,0.0,83.0,0.0,101.0,0.0,64.0,0.0,81.0,0.0,123.0,0.0,1056.0
112,Housing Prices,Home Value 40000 to 49999 ,0.0,75.0,0.0,68.0,0.0,65.0,0.0,49.0,0.0,41.0,0.0,74.0,0.0,75.0,0.0,85.0,0.0,208.0,0.0,211.0,0.0,228.0,0.0,279.0,0.0,305.0,0.0,240.0,0.0,225.0,0.0,831.0
113,Housing Prices,Home Value 400000 to 499999,285.0,2288.0,257.0,2258.0,156.0,2266.0,0.0,2185.0,87.0,2168.0,0.0,2820.0,0.0,3895.0,34.0,5230.0,56.0,6965.0,133.0,8565.0,240.0,9354.0,164.0,9796.0,181.0,9546.0,173.0,8321.0,120.0,7079.0,0.0,20035.0
114,Housing Prices,Home Value 50000 to 59999 ,0.0,117.0,0.0,88.0,0.0,91.0,0.0,91.0,0.0,101.0,0.0,91.0,0.0,129.0,0.0,153.0,0.0,195.0,0.0,202.0,0.0,296.0,0.0,398.0,0.0,380.0,0.0,400.0,0.0,402.0,0.0,411.0
115,Housing Prices,Home Value 500000 to 749999,154.0,6702.0,190.0,6738.0,107.0,6778.0,130.0,11672.0,200.0,14124.0,229.0,18502.0,66.0,22866.0,410.0,28879.0,413.0,33939.0,448.0,37576.0,632.0,39490.0,608.0,41232.0,501.0,40918.0,490.0,39818.0,387.0,39479.0,4.0,22252.0
116,Housing Prices,Home Value 60000 to 69999 ,0.0,31.0,0.0,20.0,0.0,14.0,0.0,13.0,0.0,34.0,0.0,67.0,0.0,57.0,0.0,115.0,0.0,191.0,0.0,227.0,0.0,233.0,0.0,299.0,0.0,332.0,0.0,386.0,0.0,505.0,0.0,303.0
117,Housing Prices,Home Value 70000 to 79999 ,0.0,127.0,0.0,191.0,0.0,46.0,0.0,158.0,0.0,201.0,0.0,186.0,0.0,194.0,0.0,223.0,0.0,271.0,0.0,314.0,0.0,258.0,0.0,242.0,0.0,258.0,0.0,437.0,0.0,458.0,0.0,281.0
118,Housing Prices,Home Value 750000 to 999999,409.0,15913.0,334.0,15324.0,192.0,17664.0,199.0,24204.0,322.0,26087.0,409.0,28869.0,20.0,31656.0,554.0,33015.0,554.0,32795.0,441.0,31905.0,394.0,32153.0,301.0,31352.0,326.0,32015.0,228.0,32698.0,261.0,34403.0,4.0,10032.0
119,Housing Prices,Home Value 80000 to 89999 ,0.0,71.0,0.0,89.0,0.0,43.0,0.0,60.0,0.0,100.0,0.0,148.0,0.0,188.0,0.0,222.0,0.0,247.0,0.0,296.0,0.0,253.0,0.0,263.0,0.0,222.0,0.0,352.0,0.0,425.0,0.0,262.0
120,Housing Prices,Home Value 90000 to 99999 ,0.0,105.0,0.0,16.0,0.0,80.0,0.0,104.0,0.0,92.0,0.0,162.0,0.0,140.0,0.0,110.0,0.0,139.0,0.0,218.0,0.0,202.0,0.0,252.0,0.0,227.0,0.0,295.0,0.0,309.0,13.0,303.0
121,Housing Prices,Home Value Less than 10000,0.0,1163.0,13.0,1154.0,32.0,1215.0,32.0,1161.0,0.0,936.0,80.0,1162.0,10.0,1319.0,16.0,1611.0,13.0,1374.0,0.0,1254.0,0.0,1025.0,0.0,682.0,0.0,289.0,0.0,231.0,0.0,196.0,0.0,116.0
122,Housing Prices,Home Value Total,2700.0,138652.0,2673.0,139235.0,2465.0,138768.0,2090.0,137773.0,1142.0,131371.0,2157.0,135973.0,334.0,135034.0,1808.0,133577.0,1734.0,131092.0,1524.0,128470.0,1693.0,127474.0,1436.0,126168.0,1355.0,125631.0,1159.0,125274.0,1075.0,125755.0,21.0,115315.0
123,Housing Prices,Housing Units with a Mortgage,1940.0,88796.0,2083.0,89491.0,1913.0,88696.0,1698.0,89064.0,849.0,85383.0,1810.0,89744.0,235.0,89454.0,1587.0,89845.0,1623.0,89772.0,1465.0,89459.0,1540.0,88893.0,1293.0,88729.0,1206.0,89798.0,1011.0,89583.0,925.0,89788.0,0.0,54435.0
124,Housing Prices,Housing Units with a Mortgage 0 to 30%,1381.0,56203.0,1305.0,56372.0,1273.0,56525.0,924.0,56227.0,605.0,52776.0,974.0,55849.0,120.0,55122.0,1033.0,54107.0,875.0,52499.0,706.0,49874.0,645.0,47633.0,480.0,45780.0,424.0,45483.0,390.0,44283.0,416.0,44917.0,0.0,33318.0
125,Housing Prices,Housing Units with a Mortgage 30-50%,474.0,17093.0,669.0,17431.0,468.0,16639.0,656.0,17385.0,162.0,17385.0,625.0,18446.0,86.0,18515.0,271.0,19655.0,281.0,20586.0,230.0,21780.0,405.0,22368.0,413.0,22998.0,439.0,23568.0,446.0,23760.0,424.0,23833.0,0.0,12389.0
126,Housing Prices,Housing Units with a Mortgage 50%+,85.0,15053.0,109.0,15121.0,172.0,15048.0,118.0,14934.0,71.0,14686.0,211.0,14985.0,29.0,15396.0,283.0,15684.0,467.0,16367.0,529.0,17528.0,490.0,18638.0,388.0,19680.0,330.0,20452.0,161.0,21220.0,70.0,20755.0,0.0,8506.0
127,Housing Prices,Housing Units with a Mortgage Not Computed,0.0,447.0,0.0,567.0,0.0,484.0,0.0,518.0,11.0,536.0,0.0,464.0,0.0,421.0,0.0,399.0,0.0,320.0,0.0,277.0,0.0,254.0,12.0,271.0,13.0,295.0,14.0,320.0,15.0,283.0,0.0,222.0
128,Housing Prices,Housing Units without a Mortgage,760.0,49856.0,590.0,49744.0,552.0,50072.0,392.0,48709.0,293.0,45988.0,347.0,46229.0,99.0,45580.0,221.0,43732.0,111.0,41320.0,59.0,39011.0,153.0,38581.0,143.0,37439.0,149.0,35833.0,148.0,35691.0,150.0,35967.0,0.0,25110.0
129,Housing Prices,Housing Units without a Mortgage 0 to 30%,660.0,40976.0,505.0,41425.0,474.0,41739.0,330.0,40617.0,284.0,38954.0,347.0,39447.0,83.0,38837.0,206.0,37150.0,98.0,35094.0,24.0,32810.0,93.0,32577.0,79.0,31893.0,79.0,30836.0,74.0,30586.0,119.0,30951.0,0.0,22071.0
130,Housing Prices,Housing Units without a Mortgage 30-50%,17.0,2743.0,0.0,2665.0,0.0,2816.0,0.0,2897.0,9.0,2760.0,0.0,3105.0,0.0,3226.0,15.0,3285.0,13.0,2912.0,14.0,2896.0,37.0,2709.0,25.0,2344.0,28.0,1947.0,35.0,2118.0,17.0,2067.0,0.0,1335.0
131,Housing Prices,Housing Units without a Mortgage 50%+,83.0,5474.0,85.0,4908.0,78.0,4660.0,62.0,4383.0,0.0,3539.0,0.0,3062.0,16.0,2949.0,0.0,2804.0,0.0,2727.0,21.0,2774.0,23.0,2743.0,25.0,2569.0,28.0,2440.0,24.0,2470.0,0.0,2459.0,0.0,1231.0
132,Housing Prices,Housing Units without a Mortgage Not Computed,0.0,663.0,0.0,746.0,0.0,857.0,0.0,812.0,0.0,735.0,0.0,615.0,0.0,568.0,0.0,493.0,0.0,587.0,0.0,531.0,0.0,552.0,14.0,633.0,14.0,610.0,15.0,517.0,14.0,490.0,0.0,473.0
133,Housing Prices,Median Contract Rent,3380.50518134715,2360.0052772189056,3229.357798165138,2314.345563889452,2958.333333333333,2227.5080744514366,2882.7838827838827,2031.349010772372,2071.03825136612,1913.7382970647773,2922.256097560976,1820.420679762288,2169.1176470588234,1735.5098943107714,2744.7916666666665,1644.6230470258165,2718.9849624060157,1574.3097010488264,2586.7875647668398,1498.2431138766808,2001.0,1277.125786163522,2000.3318335208096,1428.0326904491783,2000.3304508956144,1389.1041019388838,2000.219530658592,1332.518068921455,2000.14051973051,1264.2868923432152,596.7741935483871,841.380743861205
134,Housing Prices,Median Gross Rent by Bedrooms - 1 Bedroom- COUNTY ONLY,3462.8255380200862,2527.9544131073585,3434.7250570421074,2527.763279799277,3140.2384407146724,2431.3887613866423,3279.6092854636886,2332.782505826766,2380.012643409037,2236.9238444897705,3497.0,1987.3592815457653,2579.0,1879.697100817997,3243.0,1773.904183048578,3024.0,1702.3081390250975,,1615.6187887418328,,,,,,,,,,,,
135,Housing Prices,Median Gross Rent by Bedrooms - 2 Bedrooms- COUNTY ONLY,3501.0,3037.3912325463225,3501.0,2974.0977105440743,3350.876773145641,2888.7137188599822,3359.0629082158816,2686.888502338676,2098.254743390358,2478.535920269136,2587.0,2357.3725121002717,2478.0,2259.758818197654,2440.0,2163.1152869029315,2875.0,2064.7827937154125,,2040.4539020537125,,,,,,,,,,,,
136,Housing Prices,Median Gross Rent by Bedrooms - 3-4 Bedrooms- COUNTY ONLY,,6430.173012770701,,6439.977962507547,,6172.378898796101,,5879.461080366243,4626.067490984029,5407.014069372479,,5141.023766261463,,5049.50689427445,,4804.605713132323,,4725.432584904807,,4900.870439210516,,,,,,,,,,,,
137,Housing Prices,Median Gross Rent by Bedrooms - 5 Bedrooms or more- COUNTY ONLY,,2236.218649701972,,1969.8453809326795,,2070.645886936705,,2411.8356148287407,,2445.470040582478,,1831.595673876872,,1608.7699591836736,,1489.3307520612218,,1810.520923520924,,1406.267073943865,,,,,,,,,,,,
138,Housing Prices,Median Gross Rent by Bedrooms - No Bedroom- COUNTY ONLY,2731.5,2056.9530122877245,2777.29600379087,2019.7694670479325,,2009.441433506406,1974.0,1869.028631857237,2014.318192460782,1853.5116718054253,1796.0,1656.6306397444298,1736.0,1578.3927933074528,1899.0,1444.259250117122,2632.0,1351.2930499794438,,1307.3434908332092,,,,,,,,,,,,
139,Housing Prices,Median Home Value,1218340.6113537117,1426646.1690381076,1260140.4056162247,1419458.553982492,1300980.392156863,1388653.245774572,1217770.0348432057,1274285.747280412,947981.3664596272,1202749.2454483495,914731.0513447432,1141164.276849138,1286290.322580645,1014371.7169332468,796028.880866426,927726.0336210814,773014.440433213,859155.3590486355,737165.1785714286,800109.7006738755,603837.1946202532,983842.0055049296,618009.8684210526,744882.6154443151,645459.0818363273,751347.0248321099,641071.4285714286,767822.1909596918,685077.5193798449,785814.4638548964,98076.92307692308,422742.7002745196
140,Housing Prices,Median Rent,3500.043578866178,2477.560434224673,3287.461773700306,2420.0504501979467,3065.362595419848,2316.617543624611,2900.9287925696594,2130.896266987786,2142.682926829268,1990.7136894824707,3131.163708086785,1896.5871467423435,2223.9263803680983,1806.484197708529,2780.5882352941176,1710.554971943939,2841.939546599496,1632.989666060664,2774.324324324324,1558.9823431996829,2001.0,1965.3573282929492,2000.368536853685,1488.3549711725911,2000.378524295141,1447.190041902884,2000.219530658592,1387.895407670619,2000.1582459485223,1328.375972442621,641.4285714285714,927.747476647232
141,Housing Prices,Median Rent as % of Household Income,25.639416666666666,25.094034253511204,25.366152815013404,25.122283722837228,22.516623711340205,24.78552434711643,25.239668874172185,24.74661730346344,26.08340707964602,24.884884489661,23.7047514619883,24.816020014044945,19.69785522788204,25.01581448239451,25.61485061511424,26.056794397037518,25.453846153846158,27.20303856565577,25.608365758754864,27.92436527127097,25.790186125211505,28.632000471809388,25.689285714285717,28.963136085198386,25.83310185185185,28.994228655185047,26.49797507788162,28.385966623770184,27.493961352657003,28.285377898351065,29.98690476190476,25.37444913267698
142,Housing Prices,Rent 100 to 149,0.0,399.0,0.0,333.0,0.0,251.0,0.0,321.0,0.0,458.0,0.0,694.0,0.0,750.0,0.0,972.0,0.0,1113.0,0.0,1137.0,0.0,1000.0,0.0,1037.0,0.0,1015.0,0.0,796.0,0.0,792.0,0.0,1888.0
143,Housing Prices,Rent 1000 to 1249,76.0,10990.0,31.0,11140.0,36.0,12152.0,81.0,14128.0,94.0,15829.0,179.0,16887.0,38.0,17905.0,48.0,19380.0,74.0,20684.0,76.0,23176.0,97.0,23850.0,157.0,24688.0,205.0,25259.0,240.0,26026.0,212.0,27324.0,21.0,31472.0
144,Housing Prices,Rent 1250 to 1499,260.0,11993.0,375.0,12954.0,386.0,13260.0,162.0,15788.0,238.0,15049.0,216.0,17442.0,139.0,18871.0,432.0,19847.0,309.0,22179.0,297.0,23455.0,313.0,23527.0,341.0,24109.0,190.0,24342.0,163.0,25891.0,99.0,25837.0,0.0,20419.0
145,Housing Prices,Rent 150 to 199,37.0,656.0,22.0,664.0,0.0,549.0,0.0,680.0,0.0,652.0,0.0,504.0,0.0,436.0,0.0,530.0,0.0,562.0,0.0,622.0,0.0,558.0,0.0,607.0,0.0,702.0,0.0,721.0,0.0,782.0,0.0,5637.0
146,Housing Prices,Rent 1500 to 1999,634.0,26179.0,429.0,25819.0,566.0,27908.0,773.0,30793.0,368.0,31148.0,416.0,33828.0,274.0,36134.0,264.0,39029.0,218.0,41804.0,232.0,42873.0,366.0,43912.0,329.0,44764.0,355.0,44086.0,363.0,42781.0,306.0,40777.0,27.0,25750.0
147,Housing Prices,Rent 200 to 249,134.0,1114.0,219.0,1291.0,261.0,1363.0,240.0,1752.0,0.0,2198.0,220.0,2088.0,0.0,2115.0,29.0,2279.0,30.0,2726.0,27.0,2892.0,0.0,2835.0,0.0,3427.0,0.0,3379.0,0.0,3218.0,0.0,3222.0,18.0,4434.0
148,Housing Prices,"Rent 2000 to 2499  (Rent 2000 or more, DEC2000 and ACS2009-2014)",371.0,28833.0,521.0,28543.0,272.0,29857.0,221.0,29065.0,410.0,27648.0,131.0,30072.0,163.0,30181.0,127.0,30039.0,173.0,29992.0,182.0,30192.0,1801.0,66552.0,1818.0,60497.0,1667.0,55161.0,1321.0,48885.0,1049.0,43209.0,51.0,15785.0
149,Housing Prices,Rent 250 to 299,0.0,2073.0,33.0,2439.0,61.0,3153.0,0.0,5803.0,57.0,6828.0,122.0,6752.0,0.0,6408.0,42.0,6332.0,70.0,6101.0,80.0,6246.0,22.0,5723.0,0.0,5209.0,11.0,5168.0,15.0,5356.0,18.0,5328.0,0.0,3433.0
150,Housing Prices,Rent 2500 to 2999 (ACS2015-),225.0,24391.0,203.0,23658.0,378.0,23861.0,323.0,25262.0,438.0,24434.0,162.0,25889.0,99.0,24624.0,425.0,23011.0,397.0,21664.0,370.0,19249.0,35.0,5684.0,42.0,5764.0,47.0,5769.0,54.0,5919.0,53.0,6063.0,,
151,Housing Prices,Rent 300 to 349,0.0,4729.0,0.0,4995.0,124.0,6496.0,162.0,4202.0,26.0,3376.0,10.0,2910.0,0.0,2456.0,38.0,2707.0,110.0,2713.0,78.0,2489.0,76.0,2480.0,0.0,2326.0,0.0,2344.0,33.0,2147.0,0.0,2557.0,0.0,4508.0
152,Housing Prices,Rent 3000 to 3499 (ACS2015-),632.0,23089.0,654.0,23165.0,524.0,21987.0,588.0,22182.0,289.0,21888.0,507.0,21970.0,235.0,19425.0,682.0,17239.0,969.0,15017.0,929.0,12540.0,0.0,0.0,0.0,0.0,0.0,0.0,0.0,0.0,0.0,0.0,,
153,Housing Prices,Rent 350 to 399,18.0,2940.0,119.0,3246.0,0.0,2204.0,0.0,1664.0,0.0,1675.0,126.0,1848.0,0.0,2357.0,231.0,2210.0,0.0,1989.0,68.0,2084.0,59.0,1863.0,70.0,1785.0,34.0,1994.0,0.0,2073.0,0.0,2051.0,17.0,4710.0
154,Housing Prices,Rent 3500 or more (ACS2015-),2593.0,60110.0,2085.0,56730.0,1761.0,51175.0,1610.0,39942.0,405.0,31116.0,1677.0,25265.0,142.0,21083.0,968.0,16596.0,617.0,12376.0,539.0,9419.0,0.0,0.0,0.0,0.0,0.0,0.0,0.0,0.0,0.0,0.0,,
155,Housing Prices,Rent 400 to 449,0.0,1973.0,0.0,1771.0,0.0,1557.0,211.0,2041.0,0.0,2130.0,109.0,2476.0,0.0,2654.0,121.0,3520.0,63.0,3748.0,30.0,3531.0,29.0,3364.0,0.0,3022.0,33.0,2909.0,49.0,2693.0,55.0,2957.0,13.0,4998.0
156,Housing Prices,Rent 450 to 499,0.0,1146.0,0.0,1365.0,0.0,1344.0,16.0,1820.0,10.0,2017.0,72.0,2634.0,0.0,2839.0,12.0,2806.0,0.0,2819.0,0.0,3015.0,0.0,3140.0,0.0,3012.0,17.0,3707.0,0.0,3919.0,34.0,3851.0,0.0,5235.0
157,Housing Prices,Rent 500 to 549,0.0,1595.0,0.0,2090.0,30.0,1941.0,131.0,2545.0,15.0,3108.0,18.0,3890.0,0.0,3635.0,0.0,3587.0,0.0,3490.0,0.0,3377.0,0.0,3189.0,39.0,3382.0,39.0,3717.0,35.0,3839.0,14.0,4185.0,11.0,6882.0
158,Housing Prices,Rent 550 to 599,0.0,2054.0,0.0,1848.0,0.0,1935.0,0.0,1999.0,52.0,2113.0,0.0,2503.0,0.0,2441.0,109.0,2450.0,112.0,2452.0,140.0,2731.0,58.0,2730.0,37.0,3361.0,36.0,3581.0,30.0,3762.0,0.0,3904.0,24.0,7125.0
159,Housing Prices,Rent 600 to 649,19.0,1502.0,0.0,1609.0,21.0,1676.0,0.0,1974.0,52.0,2322.0,31.0,2561.0,13.0,2668.0,0.0,3093.0,24.0,3223.0,25.0,3152.0,23.0,3149.0,23.0,3230.0,34.0,3283.0,0.0,3458.0,0.0,3487.0,35.0,8197.0
160,Housing Prices,Rent 650 to 699,35.0,1645.0,16.0,1681.0,0.0,1518.0,6.0,1884.0,76.0,2004.0,0.0,2473.0,0.0,2328.0,34.0,2515.0,32.0,2842.0,0.0,3314.0,0.0,3478.0,0.0,4046.0,0.0,3694.0,0.0,3713.0,12.0,3331.0,0.0,8174.0
161,Housing Prices,Rent 700 to 749,0.0,1246.0,0.0,1264.0,0.0,1597.0,0.0,1848.0,20.0,2276.0,27.0,2656.0,0.0,2923.0,0.0,2996.0,0.0,2989.0,0.0,3496.0,0.0,3495.0,0.0,3322.0,0.0,3793.0,0.0,3586.0,0.0,4533.0,7.0,8384.0
162,Housing Prices,Rent 750 to 799,0.0,1523.0,6.0,1563.0,6.0,1657.0,0.0,2450.0,86.0,2100.0,0.0,2412.0,0.0,2399.0,0.0,2728.0,0.0,3363.0,85.0,3196.0,84.0,3461.0,152.0,3629.0,43.0,3511.0,13.0,4044.0,14.0,4164.0,0.0,8123.0
163,Housing Prices,Rent 800 to 899,6.0,3410.0,0.0,3411.0,0.0,3519.0,0.0,4242.0,126.0,4916.0,0.0,5728.0,14.0,5821.0,68.0,6618.0,181.0,7523.0,64.0,8037.0,61.0,7956.0,0.0,8269.0,8.0,8259.0,27.0,9338.0,66.0,9785.0,0.0,17915.0
164,Housing Prices,Rent 900 to 999,33.0,3424.0,13.0,4029.0,7.0,4606.0,0.0,4824.0,58.0,5468.0,79.0,6388.0,15.0,7482.0,43.0,7666.0,44.0,7132.0,48.0,7223.0,0.0,7813.0,0.0,8256.0,31.0,8309.0,63.0,9945.0,53.0,10929.0,0.0,15951.0
165,Housing Prices,Rent Burdened,0.4282398452611218,0.3773702650417666,0.3947532792004997,0.3624825280113618,0.3403024911032028,0.3544816426889404,0.3781770376862401,0.3563897828106696,0.4259776536312849,0.3563544593994971,0.3215403128760529,0.3529297030844112,0.2263339070567986,0.3699197884845561,0.3477438530126993,0.3878991192312319,0.3441483198146002,0.4067626321451752,0.3214067278287462,0.4173791589318863,0.3323412698412698,0.4319849192718836,0.3101728723404255,0.4383156700162905,0.3214545454545454,0.4389853971390884,0.3686616791354946,0.428152547877122,0.4065491183879093,0.4262060341083199,0.4598214285714285,0.3576130496083063
166,Housing Prices,Rent Less than 100,0.0,754.0,0.0,626.0,0.0,381.0,0.0,475.0,30.0,576.0,0.0,515.0,0.0,661.0,0.0,807.0,0.0,967.0,0.0,985.0,0.0,920.0,0.0,790.0,0.0,565.0,0.0,361.0,0.0,441.0,0.0,882.0
167,Housing Prices,Rent Total,5170.0,224342.0,4803.0,222499.0,4496.0,221247.0,4564.0,222801.0,2864.0,216352.0,4155.0,225586.0,1162.0,223908.0,3701.0,224463.0,3452.0,224942.0,3270.0,224096.0,3024.0,220679.0,3008.0,218532.0,2750.0,214547.0,2406.0,212471.0,1985.0,209509.0,224.0,214198.0
168,Housing Prices,"Rent Total No cash rent  (No cash rent, DEC2000 and ACS2009-2014)",225.0,24391.0,203.0,23658.0,378.0,23861.0,323.0,25262.0,438.0,24434.0,162.0,25889.0,99.0,24624.0,425.0,23011.0,397.0,21664.0,370.0,19249.0,35.0,5684.0,42.0,5764.0,47.0,5769.0,54.0,5919.0,53.0,6063.0,0.0,4296.0
169,Housing Prices,Rent Total No cash rent (ACS2015-),97.0,6574.0,77.0,6265.0,63.0,5300.0,40.0,5117.0,14.0,5023.0,53.0,5201.0,30.0,5312.0,28.0,5506.0,29.0,5474.0,0.0,5665.0,0.0,0.0,0.0,0.0,0.0,0.0,0.0,0.0,0.0,0.0,0.0,4296.0
170,Housing Prices,Rent Total With cash rent,5073.0,217768.0,4726.0,216234.0,4433.0,215947.0,4524.0,217684.0,2850.0,211329.0,4102.0,220385.0,1132.0,218596.0,3673.0,218957.0,3423.0,219468.0,3270.0,218431.0,2989.0,214995.0,2966.0,212768.0,2703.0,208778.0,2352.0,206552.0,1932.0,203446.0,224.0,209902.0
171,Housing Type,10-19 Units,0.0045050385299347,0.0925379197284142,0.0029491275497665,0.0923999883084237,0.0069186418962203,0.0900771942919437,0.0012256570883834,0.0930403547035101,0.1182795698924731,0.0962190515498388,0.0158752070679182,0.0935187261717874,0.4305882352941176,0.0946685050547191,0.0089906700593723,0.0985825817499377,0.0088511560693641,0.0992631055282631,0.0032654629273914,0.0998890093101602,0.0017996400719856,0.0989643813541247,0.0025717959708529,0.1030360345325418,0.003181095205635,0.1013723169444355,0.0127779197546639,0.10052668285996,0.0120336943441636,0.1009007991263674,0.0742857142857142,0.1011609484975196
172,Housing Type,2-4 Units,0.0144635447540011,0.2017718843922809,0.009953305480462,0.2021278668719187,0.0094811018577834,0.2101162824957523,0.0091243361024104,0.2096360130018344,0.1772043010752688,0.2022287586138438,0.011043622308117,0.2142365774560225,0.2888235294117647,0.2153279843703097,0.0186598812553011,0.2133649627353271,0.0115606936416184,0.2122846837883216,0.0115251632731463,0.2137759032683493,0.0107978404319136,0.2160211494761344,0.0100728675525075,0.2171740852293648,0.0059077482390365,0.2192934753633387,0.0051111679018655,0.2190690726800969,0.0048134777376654,0.2143170307250774,0.0,0.2333180387098263
173,Housing Type,20 Units or More,0.953764078245406,0.3071685393801789,0.9649791103465224,0.3055252440616536,0.9683536194746956,0.3019416426866756,0.9739888329020836,0.2920684353980636,0.4649462365591398,0.2945817028635316,0.9730811706239648,0.2800774094055451,0.1429411764705882,0.2735017730947499,0.9621713316369804,0.2661850371363068,0.9701950867052024,0.2659349542938872,0.9733000384172108,0.2614392228040165,0.9578084383123376,0.2584728245557214,0.9620660094299186,0.2548589532687503,0.966144058168598,0.2540519070620475,0.9575773064145158,0.2523401446707764,0.944043321299639,0.2510832990389503,0.7571428571428571,0.2294308957166397
174,Housing Type,5-9 Units,0.0,0.0921437915134281,0.0,0.0930332820203043,0.0,0.0927362724781724,0.0,0.0943524210098949,0.1341935483870967,0.0946569352218048,0.0,0.0983492545060992,0.0864705882352941,0.0986598761631959,0.0,0.1020946776856109,0.0,0.1036549343946272,0.0,0.1040544246112061,0.0,0.1046335574145608,0.0,0.1019472899265958,0.0,0.0992397342802,0.0,0.100793898922852,0.0,0.0996500628057915,0.0685714285714285,0.1129839810462099
175,Housing Type,Other Type,0.0,0.0023091561062066,0.0,0.0018901381554589,0.0,0.0019715972147199,0.0,0.0020002822180357,0.0,0.0019957472819698,0.0,0.0018596400160261,0.0,0.0020529231896371,0.0,0.0020589919155043,0.0,0.0023319445308127,0.0,0.00235039107896,0.0,0.0021433856540617,0.0,0.0020211974071454,0.0,0.0017513835130034,0.0,0.0016540674293013,0.0024067388688327,0.0015116426068034,0.1,0.0016160356913025
176,Housing Type,Single Family Housing,0.0272673384706579,0.304068708879491,0.0221184566232489,0.3050234805822405,0.0152466367713004,0.3031570108327359,0.0156611739071224,0.3089024936686612,0.1053763440860215,0.3103178044690111,0.0,0.3119583924445195,0.0511764705882352,0.315788938127388,0.010178117048346,0.317713748777313,0.009393063583815,0.3165303774640881,0.0119093353822512,0.3184910489273076,0.0295940811837632,0.3197647015453969,0.0252893270467209,0.3209624396356016,0.0247670983867302,0.3242911828369747,0.0245336059289547,0.3256161334370132,0.0367027677496991,0.3325371656970098,0.0,0.3214901003385018
177,Income,Household Income 10000 to 14999,218.0,15308.0,369.0,15529.0,493.0,16000.0,466.0,16766.0,189.0,17288.0,306.0,18085.0,14.0,18491.0,119.0,19887.0,106.0,20617.0,103.0,21438.0,102.0,21208.0,87.0,21150.0,122.0,21154.0,133.0,20189.0,65.0,20010.0,29.0,16394.0
178,Income,Household Income 100000 to 124999,686.0,26735.0,736.0,26209.0,420.0,25620.0,472.0,27559.0,237.0,27970.0,294.0,30267.0,221.0,31518.0,431.0,33643.0,435.0,33784.0,338.0,33451.0,419.0,33454.0,317.0,32521.0,249.0,32239.0,307.0,32711.0,254.0,33163.0,30.0,27331.0
179,Income,Household Income 125000 to 149999,457.0,22202.0,244.0,22308.0,241.0,23366.0,459.0,26235.0,202.0,25181.0,514.0,25995.0,136.0,26865.0,455.0,26092.0,382.0,24878.0,432.0,24220.0,523.0,24036.0,447.0,22511.0,452.0,22628.0,354.0,22421.0,307.0,20872.0,0.0,16203.0
180,Income,Household Income 15000 to 19999,164.0,9038.0,153.0,8663.0,170.0,8641.0,151.0,8796.0,142.0,9914.0,45.0,10648.0,25.0,11261.0,51.0,11817.0,29.0,12624.0,68.0,13153.0,59.0,13637.0,63.0,13054.0,71.0,13720.0,94.0,14251.0,205.0,14661.0,21.0,13984.0
181,Income,Household Income 150000 to 199999,780.0,40776.0,678.0,41831.0,447.0,41397.0,882.0,42044.0,482.0,41573.0,1109.0,43041.0,236.0,40710.0,898.0,38845.0,661.0,37112.0,648.0,34042.0,683.0,32900.0,660.0,32129.0,590.0,30817.0,558.0,29802.0,375.0,29308.0,12.0,17613.0
182,Income,Household Income 20000 to 24999,85.0,7934.0,109.0,8692.0,17.0,8944.0,79.0,9052.0,48.0,8831.0,64.0,10249.0,39.0,11101.0,66.0,11901.0,109.0,12088.0,74.0,12936.0,62.0,13469.0,88.0,13963.0,117.0,13745.0,132.0,13822.0,73.0,13280.0,10.0,14158.0
183,Income,Household Income 25000 to 29999,286.0,7042.0,116.0,6819.0,156.0,8370.0,57.0,9408.0,181.0,8838.0,168.0,8990.0,0.0,9442.0,54.0,9524.0,42.0,10116.0,46.0,10420.0,85.0,11209.0,95.0,11514.0,121.0,11528.0,67.0,12108.0,77.0,12023.0,37.0,14381.0
184,Income,Household Income 30000 to 34999,59.0,7458.0,49.0,7237.0,173.0,6572.0,78.0,6759.0,221.0,7459.0,28.0,8892.0,49.0,9029.0,90.0,9868.0,231.0,10295.0,238.0,10782.0,241.0,10978.0,196.0,12185.0,151.0,12069.0,43.0,11743.0,14.0,11157.0,30.0,15215.0
185,Income,Household Income 35000 to 39999,77.0,5089.0,66.0,5673.0,19.0,5733.0,244.0,7482.0,79.0,6850.0,124.0,6979.0,15.0,7686.0,233.0,8432.0,226.0,9028.0,131.0,10040.0,40.0,10577.0,74.0,10063.0,47.0,9882.0,61.0,10401.0,59.0,10462.0,0.0,14898.0
186,Income,Household Income 40000 to 44999,224.0,6774.0,252.0,6485.0,295.0,6629.0,0.0,7242.0,73.0,7180.0,35.0,8401.0,0.0,8703.0,84.0,9090.0,51.0,9521.0,81.0,10048.0,99.0,10111.0,58.0,10533.0,52.0,11229.0,99.0,11813.0,136.0,12388.0,30.0,15386.0
187,Income,Household Income 45000 to 49999,190.0,7018.0,297.0,6578.0,142.0,6266.0,0.0,6862.0,91.0,6867.0,14.0,6892.0,5.0,7473.0,54.0,8105.0,51.0,8397.0,25.0,8882.0,68.0,9158.0,83.0,9786.0,114.0,9577.0,87.0,9415.0,52.0,10300.0,0.0,13500.0
188,Income,Household Income 50000 to 59999,200.0,11035.0,174.0,11474.0,30.0,13172.0,64.0,13729.0,75.0,13496.0,98.0,14334.0,12.0,14470.0,182.0,15341.0,209.0,17317.0,238.0,18365.0,248.0,19378.0,269.0,19492.0,214.0,19646.0,204.0,20395.0,126.0,20695.0,39.0,24932.0
189,Income,Household Income 60000 to 74999,246.0,17650.0,206.0,17737.0,187.0,17182.0,229.0,19022.0,160.0,20959.0,188.0,21137.0,85.0,23398.0,256.0,24553.0,366.0,25900.0,406.0,26979.0,386.0,26252.0,391.0,26291.0,306.0,26841.0,183.0,26781.0,202.0,27010.0,0.0,33365.0
190,Income,Household Income 75000 to 99999,392.0,29418.0,341.0,30304.0,361.0,30936.0,546.0,29804.0,337.0,30297.0,534.0,32723.0,73.0,33589.0,290.0,34768.0,484.0,36333.0,386.0,36784.0,319.0,36872.0,340.0,37860.0,354.0,37058.0,312.0,37903.0,317.0,38689.0,8.0,39969.0
191,Income,Household Income Greater than 200000,3646.0,132400.0,3555.0,130863.0,3729.0,125937.0,2694.0,113561.0,1366.0,98664.0,2430.0,97866.0,525.0,86676.0,1730.0,76014.0,1322.0,65693.0,1067.0,58060.0,965.0,52380.0,924.0,48524.0,798.0,45348.0,687.0,42493.0,623.0,39183.0,11.0,20260.0
192,Income,Household Income Less than 10000,160.0,17117.0,131.0,15332.0,81.0,15250.0,233.0,16253.0,123.0,16356.0,361.0,17060.0,61.0,18530.0,516.0,20160.0,482.0,22331.0,513.0,22966.0,418.0,22534.0,352.0,23124.0,347.0,22697.0,244.0,21497.0,175.0,22063.0,15.0,32261.0
193,Income,Households Total for Income,7870.0,362994.0,7476.0,361734.0,6961.0,360015.0,6654.0,360574.0,4006.0,347723.0,6312.0,361559.0,1496.0,358942.0,5509.0,358040.0,5186.0,356034.0,4794.0,352566.0,4717.0,348153.0,4444.0,344700.0,4105.0,340178.0,3565.0,337745.0,3060.0,335264.0,272.0,329850.0
194,Income,Median Family Income,201274.61285183215,173217.40919847722,202506.9495890411,168157.06857647406,207449.37423022263,162072.2573065061,187344.9131513648,147571.96998698416,93567.96116504856,136237.13751169317,184623.8938053097,131782.45925697073,200425.5489361702,123389.0414629245,166609.5890410959,114544.38509474756,130176.21145374449,104226.22450924336,132358.1560283688,96832.0036998497,127464.1577060932,94375.29425612051,95777.02702702704,91412.3330491617,108027.52293577982,89631.6362975967,109563.2530120482,88215.45859723199,98363.09523809524,86703.84419407802,25192.30769230769,63964.11709159584
195,Income,Median Household Income,181474.35897435897,140630.3486172417,186504.42477876105,140840.72978303747,203332.1257709842,136440.23367285798,164115.6462585034,126479.8932723461,130816.83168316832,117453.07472291742,167267.8088367899,113537.43350844154,152754.2372881356,104995.55809378768,143049.45054945056,96817.47583985272,111896.55172413791,88612.28084661327,106508.87573964497,81982.65550239234,113812.6491646778,78773.52733781732,109936.90851735017,75789.09138932911,103664.65863453817,73882.86576506091,110057.003257329,73015.850789739,102854.33070866142,71436.31988152536,34000.0,55915.28958767848
196,Income,Percent in Poverty,0.0756332500891901,0.1113604023552502,0.06902126601169,0.1056659306523586,0.0658659434327779,0.1047756967547361,0.0785488090320804,0.1030257299879177,0.2546549328392774,0.1025115875378968,0.0873447204968944,0.1031213469423362,0.0362264150943396,0.1082799641527579,0.0985120114736464,0.1161249583248412,0.0954194745580623,0.1241638395338585,0.1350505787881948,0.1320454925572838,0.1194708994708994,0.13237241619923,0.1139537481845603,0.1342626531666365,0.1131310649797322,0.1315243500198909,0.0816297149438525,0.1229353033059334,0.059681697612732,0.1186272068431713,0.1941176470588235,0.1131303602506546
197,Journey to Work,Journey to Work by Bike,0.0219118507986953,0.0329879276302361,0.0214260312944523,0.0328941674178437,0.0204285454875612,0.0341092630722379,0.0207259228706949,0.0335150801847893,0.0510296789824348,0.0360319321482704,0.0398737137511693,0.0395593184563246,0.0515773660490736,0.0402347124177166,0.0229916897506925,0.0391703298703084,0.0697474167623421,0.0413504597283024,0.0579531442663378,0.040321010944916,0.0678691531641699,0.0380119973241799,0.0865135834411384,0.0349765620975634,0.1001681928611474,0.0337878173375318,0.0364077669902912,0.0309165432438948,0.0500770416024653,0.0296686416502084,,
198,Journey to Work,Journey to Work by Car,0.2287363050932508,0.3452646188684758,0.2042140825035562,0.3458510748341253,0.2563101507172689,0.3510609441848422,0.2472674778304805,0.3588679653159753,0.2280436099333737,0.37429372183569,0.2385406922357343,0.3901755455750085,0.3885828743114672,0.4020433086110863,0.2638504155124653,0.4114097840900359,0.2310562571756601,0.4221576916161781,0.2909987669543773,0.4308964478752917,0.3298685417303577,0.4365885488062991,0.2897800776196636,0.4452395190134804,0.3261072696692207,0.4531176660909666,0.3879082082965578,0.4547285273080058,0.3728813559322034,0.4605014841250592,,
199,Journey to Work,Journey to Work by Carpooled,0.0382202893702433,0.0594444432508384,0.0263157894736842,0.0598689890880534,0.031686943889595,0.0644066891061601,0.0229944318416168,0.0648023603071281,0.0452755905511811,0.0687035531460274,0.0357811038353601,0.0694032388569016,0.0886329494241362,0.0727092207031444,0.0865650969529086,0.0681800719025877,0.0677382319173364,0.0718422163963489,0.0781442663378545,0.0725140795212214,0.0911036380311831,0.0751203570684417,0.0489974126778783,0.075151344123951,0.0530741917398617,0.0802577434686911,0.0706090026478376,0.0780284503840457,0.0570107858243451,0.0793273506346511,,
200,Journey to Work,Journey to Work by Drove Alone,0.1905160157230074,0.2858201756176374,0.1778982930298719,0.2859820857460718,0.2246232068276738,0.2866542550786821,0.2242730459888637,0.2940656050088471,0.1827680193821926,0.3055901686896625,0.2027595884003741,0.3207723067181068,0.299949924887331,0.3293340879079419,0.1772853185595568,0.3432297121874482,0.1633180252583237,0.3503154752198291,0.2128545006165228,0.3583823683540703,0.2387649036991745,0.3614681917378574,0.2407826649417852,0.3700881748895294,0.273033077929359,0.3728599226222754,0.3172992056487202,0.37670007692396,0.3158705701078582,0.3811741334904081,,
201,Journey to Work,Journey to Work by Other Journey Type,0.0270970979342644,0.0305493905805866,0.0194701280227596,0.0324318504710777,0.0234247321590702,0.0361559421504925,0.0380490822850072,0.0391636442245334,0.0239248940036341,0.0399008861416274,0.0698082319925163,0.0388361848251384,0.0645968953430145,0.035435220762716,0.0555401662049861,0.0315392734522543,0.0434845005740528,0.0280143667707797,0.0260480887792848,0.0243859660380344,0.0186487312748395,0.0231721626986302,0.0257115135834411,0.0223852685000414,0.0179405718557279,0.0208049470705376,0.0284642541924095,0.0207005820962353,0.0333846944016435,0.0203019068408348,,
202,Journey to Work,Journey to Work by Transit,0.1869197959354353,0.1874601186396615,0.2010135135135135,0.2143989563036599,0.1860359542400581,0.2393217190460338,0.252423180037121,0.2776723592662871,0.2599939430648092,0.3125722620103036,0.3565247895229186,0.3476826498743311,0.3870806209313971,0.3422055421519276,0.3858725761772853,0.340200744907574,0.4200631458094144,0.3361264075128678,0.4340320591861898,0.33148957377498,0.3842861510241516,0.3290030377137092,0.3897153945666235,0.3261373485718893,0.3433003176976266,0.3235692184302985,0.3265666372462489,0.3268556470223538,0.3212634822804314,0.3255488952796738,,
203,Journey to Work,Journey to Work by Walk,0.2004683449025675,0.0936462681789177,0.2028805120910384,0.0997802411225646,0.1837661158525513,0.1054430156049005,0.2145803258403794,0.1105132947421516,0.3211689884918231,0.1202991391883776,0.2402946679139382,0.1177632890462844,0.0585878818227341,0.1145086825723051,0.2189750692520775,0.1107756825286417,0.1852755453501722,0.1061221844516083,0.1596794081381011,0.1036997110302594,0.1796086823601345,0.1026067312226523,0.1817593790426908,0.1009229583940837,0.1887497663988039,0.0987910300169064,0.191306266548985,0.0984351140656035,0.1838726245505906,0.0979984523520783,,
204,Journey to Work,Journey to Work by Worked at Home,0.3348666053357865,0.310091676102122,0.3509957325746799,0.2746437098507286,0.3300345015434901,0.2339091159414929,0.2269540111363167,0.1802676562662631,0.1158388855239248,0.116902058675731,0.0549579045837231,0.0659830122229127,0.0495743615423134,0.0655725334842482,0.052770083102493,0.0669041851511855,0.0503731343283582,0.0662288899202635,0.031288532675709,0.0692072903365182,0.0197187404463466,0.070617522234529,0.0265200517464424,0.0703383434229416,0.0237338815174733,0.0699293210537588,0.0293468667255075,0.0683635862639066,0.0385208012326656,0.0659806197521453,,
205,Journey to Work,Total Workers 16 Years and Older,11957.0,465443.0,11248.0,473701.0,11014.0,486642.0,9698.0,499596.0,6604.0,489538.0,8552.0,511662.0,1997.0,503595.0,7220.0,494558.0,6968.0,478326.0,6488.0,467523.0,6542.0,455935.0,6184.0,446499.0,5351.0,438886.0,4532.0,435495.0,3894.0,432915.0,,
206,Language Spoken at Home,Asian/Pacific Islander,0.3034538451981612,0.2470039804215141,0.287672131147541,0.2459647954995896,0.2665949290470105,0.247097183003279,0.2659673827142754,0.2481442975804763,0.1225366582609507,0.2558145309884826,0.2969750320102433,0.2516018990089936,0.0719137035557331,0.2531708347159793,0.2623347607521877,0.2568026549790575,0.268164719857454,0.2561885070759319,0.298823039266743,0.2592387211354363,0.3184652785117852,0.260963254722774,0.2949163954662776,0.2613799537269324,0.3202891326021934,0.2653853842419396,0.3052647102197316,0.2665288360625807,0.2878394741394222,0.2677287629452116,0.2941176470588235,0.2609588949238919
207,Language Spoken at Home,English Only,0.4445272704683811,0.5640374393838846,0.448327868852459,0.5661986246521591,0.4823458201627547,0.5709539892586235,0.4837991235002514,0.5733330751346163,0.6294013262351732,0.5682819383259912,0.5092829705505761,0.5713939580039774,0.8441869756292449,0.5691634740112824,0.5416123626885124,0.5625054664191796,0.5423678479509008,0.5601954434407136,0.5022393500677013,0.5575280480692013,0.4886375647394567,0.5543380140103793,0.514083716754573,0.550138780705953,0.4760717846460618,0.547604150711213,0.50774222091137,0.546699749514331,0.4992215879605604,0.5455905248223936,0.5445378151260504,0.5425749346208006
208,Language Spoken at Home,Other European Languages,0.1203255062740713,0.0673309517123619,0.1257049180327868,0.0655517407058917,0.1169547380455982,0.0624193320168072,0.0898771463467203,0.059645113932201,0.1032969085644905,0.059691133305852,0.088348271446863,0.0600565192671686,0.0611266480223731,0.0599342363268876,0.0935579966486687,0.0608971244205595,0.1108691348247871,0.062842279218325,0.1134256848244974,0.0620848055213137,0.1082338019236867,0.0625744610004773,0.1131186174391201,0.0644114427675554,0.1225074775672981,0.0638871509163081,0.1101607432532074,0.0637733623530679,0.1484172288531396,0.0625979691493488,0.1411764705882353,0.0667712733856367
209,Language Spoken at Home,Other Languages,0.0734252702199031,0.0104100425997025,0.0706885245901639,0.0108631458829653,0.0601250924742753,0.0116678663049295,0.0578346145556433,0.0104836747809647,0.0105538432800971,0.0109883833542754,0.0090428937259923,0.0097013546871888,0.0015980823012385,0.0099188512473981,0.0136846024948799,0.0098431988027327,0.0190061373985349,0.0101513500962148,0.0284345380689511,0.0100414772961448,0.0250502061092907,0.0091828376019031,0.0158231399394007,0.0077827552621819,0.01981555333998,0.0074262630877989,0.013419849579708,0.0068748924566641,0.0025947067981318,0.0074376849790379,0.0201680672268907,0.0093180446590223
210,Language Spoken at Home,Spanish Only,0.0582681078394831,0.1112175858825366,0.0676065573770491,0.1114216932593942,0.0739794202703611,0.1078616294163606,0.1025217328831094,0.1083938385717415,0.1342112636592883,0.1052240140253986,0.0963508322663252,0.1072462690326713,0.0211745904914103,0.1078126036984524,0.0888102774157512,0.1099515553784705,0.0595921599683231,0.1106224201688145,0.057077387772107,0.1111069479779037,0.0596131487157805,0.1129414326644662,0.0620581304006284,0.1162870675373771,0.0613160518444666,0.1156970510427402,0.0634124760359828,0.1161231596133562,0.0619270022487458,0.116645058104008,0.0,0.1203768524106484
211,Nativity,Foreign Born,0.4302761677463348,0.3403494832376768,0.4391382405745063,0.342062934632266,0.4087064676616915,0.3385720139991239,0.4182330827067669,0.3411085800360263,0.3279132791327913,0.3453368702026664,0.4070488579639994,0.3428171556321123,0.1691093573844419,0.3443893212863572,0.3856455142231947,0.3476908126511878,0.4175135340488175,0.3491118540488798,0.4679827638039884,0.3513759706790252,0.4543043655650755,0.3552538529141195,0.4551940330775051,0.3557249176341387,0.4789775441949355,0.3570791503803887,0.4362662154540327,0.3563440752225165,0.4217506631299735,0.3562922956380173,0.4352941176470588,0.3676179588095266
212,Population,Total Population,17598.0,828137.0,16710.0,834326.0,16080.0,849196.0,14896.0,864367.0,11070.0,843307.0,13222.0,873136.0,2661.0,868157.0,11425.0,862338.0,10529.0,848284.0,9979.0,838717.0,9804.0,827231.0,9251.0,815872.0,8372.0,806149.0,7092.0,796570.0,6032.0,787463.0,595.0,776733.0
213,Race/Ethnicity,Asian,8167.0,291269.0,7513.0,291587.0,7163.0,295301.0,5938.0,297045.0,2996.0,295594.0,5931.0,300424.0,242.0,297109.0,4618.0,294766.0,4282.0,287268.0,4382.0,283839.0,4487.0,277746.0,3889.0,272144.0,3707.0,270041.0,3084.0,266890.0,2482.0,264325.0,189.0,239938.0
214,Race/Ethnicity,"Asian Alone, Not Hispanic or Latino",8103.0,289132.0,7513.0,289226.0,7163.0,293206.0,5938.0,294750.0,2996.0,292611.0,5931.0,297514.0,242.0,294288.0,4514.0,292113.0,4176.0,284461.0,4276.0,281309.0,4395.0,275566.0,3889.0,270166.0,3699.0,268086.0,3072.0,265286.0,2468.0,262894.0,189.0,238597.0
215,Race/Ethnicity,Black/African American,2106.0,40938.0,1706.0,42187.0,1038.0,43734.0,547.0,44783.0,1305.0,44310.0,326.0,45141.0,1.0,44954.0,786.0,45225.0,728.0,45129.0,509.0,46350.0,484.0,47181.0,263.0,47596.0,128.0,48063.0,169.0,49025.0,189.0,48716.0,29.0,59060.0
216,Race/Ethnicity,"Black/African American Alone, Not Hispanic or Latino",2029.0,38533.0,1697.0,39883.0,1038.0,41610.0,505.0,42290.0,1247.0,42212.0,294.0,43367.0,1.0,43171.0,747.0,43532.0,728.0,43280.0,509.0,44404.0,484.0,45223.0,263.0,45513.0,128.0,45937.0,169.0,47110.0,189.0,47512.0,29.0,57819.0
217,Race/Ethnicity,Latino Population (of Any Race),1674.0,134409.0,1647.0,133028.0,1489.0,131258.0,1832.0,133033.0,2280.0,128095.0,1666.0,133007.0,147.0,132320.0,1667.0,131645.0,1214.0,129630.0,1083.0,128337.0,1018.0,126317.0,894.0,123998.0,814.0,121482.0,761.0,118832.0,659.0,115660.0,0.0,109565.0
218,Race/Ethnicity,Native American Indian,69.0,6014.0,4.0,5476.0,0.0,4682.0,0.0,4168.0,74.0,3742.0,98.0,3223.0,25.0,2746.0,86.0,3306.0,71.0,2922.0,0.0,2854.0,0.0,3124.0,0.0,3430.0,0.0,3690.0,0.0,3733.0,0.0,3994.0,0.0,3524.0
219,Race/Ethnicity,"Native American Indian Alone, Not Hispanic or Latino",37.0,1520.0,0.0,1691.0,0.0,1758.0,0.0,1675.0,59.0,1780.0,0.0,1634.0,25.0,1363.0,0.0,1435.0,0.0,1427.0,0.0,1520.0,0.0,1680.0,0.0,1942.0,0.0,2044.0,0.0,2064.0,0.0,2092.0,0.0,2054.0
220,Race/Ethnicity,Native Hawaiian/Pacific Islander,136.0,2928.0,132.0,3141.0,122.0,3312.0,137.0,3111.0,122.0,3159.0,0.0,3154.0,23.0,2876.0,0.0,3108.0,0.0,3046.0,0.0,3520.0,0.0,3454.0,0.0,3365.0,0.0,3437.0,0.0,3237.0,0.0,3266.0,0.0,3581.0
221,Race/Ethnicity,"Native Hawaiian/Pacific Islander Alone, Not Hispanic or Latino",136.0,2714.0,132.0,2825.0,122.0,3010.0,137.0,2847.0,122.0,3002.0,0.0,2900.0,23.0,2659.0,0.0,2807.0,0.0,2800.0,0.0,3241.0,0.0,3297.0,0.0,3266.0,0.0,3374.0,0.0,3194.0,0.0,3259.0,0.0,3379.0
222,Race/Ethnicity,Other/Two or More Races,2189.0,163040.0,2289.0,153653.0,1894.0,145963.0,1599.0,139467.0,2068.0,125071.0,975.0,115689.0,160.0,114521.0,1100.0,108266.0,1055.0,101232.0,858.0,93165.0,814.0,86057.0,872.0,78343.0,640.0,72083.0,575.0,65327.0,504.0,61023.0,19.0,85305.0
223,Race/Ethnicity,"Population, Not Hispanic or Latino",15924.0,693728.0,15063.0,701298.0,14591.0,717938.0,13064.0,731334.0,8790.0,715212.0,11556.0,740129.0,2514.0,735837.0,9758.0,730693.0,9315.0,718654.0,8896.0,710380.0,8786.0,700914.0,8357.0,691874.0,7558.0,684667.0,6331.0,677738.0,5373.0,671803.0,595.0,667168.0
224,Race/Ethnicity,Some Other Race Alone,565.0,64723.0,802.0,64679.0,872.0,65376.0,912.0,67048.0,1016.0,65222.0,510.0,67055.0,51.0,67260.0,632.0,64657.0,645.0,59600.0,619.0,54310.0,598.0,49468.0,620.0,43764.0,492.0,38956.0,452.0,35292.0,372.0,33147.0,0.0,49990.0
225,Race/Ethnicity,"Some Other Race Alone, Not Hispanic or Latino",41.0,6455.0,195.0,6437.0,202.0,5958.0,270.0,5572.0,136.0,4507.0,116.0,3626.0,0.0,4163.0,0.0,4369.0,0.0,4217.0,0.0,3941.0,0.0,4109.0,0.0,3747.0,0.0,3178.0,27.0,2895.0,21.0,2817.0,0.0,2211.0
226,Race/Ethnicity,Two Or More Races,1624.0,98317.0,1487.0,88974.0,1022.0,80587.0,687.0,72419.0,1052.0,59849.0,465.0,48634.0,109.0,47261.0,468.0,43609.0,410.0,41632.0,239.0,38855.0,216.0,36589.0,252.0,34579.0,148.0,33127.0,123.0,30035.0,132.0,27876.0,19.0,35315.0
227,Race/Ethnicity,"Two Or More Races, Not Hispanic or Latino",1027.0,50101.0,1022.0,48020.0,695.0,46750.0,539.0,45411.0,551.0,41578.0,353.0,37097.0,109.0,36981.0,437.0,33881.0,354.0,32874.0,212.0,29746.0,193.0,28138.0,229.0,26593.0,114.0,25118.0,123.0,22816.0,132.0,21598.0,19.0,24222.0
228,Race/Ethnicity,"White Alone, Not Hispanic or Latino",4551.0,305273.0,4504.0,313216.0,5371.0,325646.0,5675.0,338789.0,3679.0,329522.0,4862.0,353991.0,2114.0,353212.0,4060.0,352556.0,4057.0,349595.0,3899.0,346219.0,3714.0,342901.0,3976.0,340647.0,3617.0,336930.0,2940.0,334373.0,2563.0,331631.0,358.0,338886.0
229,Race/Ethnicity,"White, Including Hispanic or Latino",4931.0,323948.0,5066.0,338282.0,5863.0,356204.0,6675.0,375793.0,4505.0,371431.0,5892.0,405505.0,2210.0,405951.0,4835.0,407667.0,4393.0,408687.0,4230.0,408989.0,4019.0,409669.0,4227.0,410994.0,3897.0,408835.0,3264.0,408358.0,2857.0,406139.0,358.0,385325.0
230,Sex,Female,0.5018752130923969,0.4867226074912725,0.4904847396768402,0.4860857746252663,0.5062189054726368,0.4853108116383026,0.5134264232008593,0.4877187583514872,0.4409214092140921,0.4904346815572502,0.5192860384208138,0.4899431474592732,0.4926719278466742,0.4898284526877051,0.4828884026258205,0.4902520821302088,0.4726944629119574,0.4905255786977003,0.4618699268463774,0.4911024815283343,0.4666462668298654,0.4916014994602475,0.4367095449140633,0.4920342896925008,0.4273769708552317,0.4927835921151052,0.4094754653130287,0.4931933163438241,0.414787798408488,0.4936320817613018,0.4386554621848739,0.4914455803989273
231,Sex,Male,0.4981247869076031,0.5132773925087274,0.5095152603231597,0.5139142253747336,0.4937810945273632,0.5146891883616974,0.4865735767991407,0.5122812416485127,0.5590785907859078,0.5095653184427498,0.4807139615791862,0.5100568525407267,0.5073280721533259,0.5101715473122949,0.5171115973741794,0.5097479178697912,0.5273055370880425,0.5094744213022997,0.5381300731536226,0.5088975184716656,0.5333537331701347,0.5083985005397526,0.5632904550859367,0.5079657103074993,0.5726230291447683,0.5072164078848947,0.5905245346869712,0.5068066836561759,0.5852122015915119,0.5063679182386982,0.561344537815126,0.5085544196010727
232,Unit Size,1 Bedroom,2675.0,105697.0,2652.0,104704.0,2474.0,103595.0,2709.0,101827.0,1177.0,95564.0,3233.0,99415.0,774.0,101416.0,2438.0,101729.0,2437.0,104137.0,2396.0,104433.0,2303.0,104092.0,1983.0,101808.0,1969.0,101489.0,1774.0,101201.0,1434.0,101611.0,167.0,96929.0
233,Unit Size,2 Bedrooms,3368.0,122995.0,3189.0,121577.0,3600.0,120854.0,3160.0,120274.0,1309.0,115121.0,2975.0,118913.0,494.0,117901.0,2463.0,118927.0,2418.0,118990.0,2306.0,117520.0,2204.0,118564.0,2109.0,118579.0,1896.0,115977.0,1547.0,115281.0,1259.0,114638.0,132.0,103199.0
234,Unit Size,3-4 Bedrooms,1035.0,110262.0,1064.0,109923.0,960.0,109063.0,735.0,108530.0,983.0,102574.0,244.0,106979.0,187.0,104785.0,176.0,102199.0,148.0,99363.0,142.0,97922.0,196.0,96723.0,174.0,96440.0,236.0,96404.0,241.0,95490.0,280.0,94350.0,9.0,78124.0
235,Unit Size,5 or More Bedrooms,0.0,11223.0,0.0,11034.0,0.0,10909.0,0.0,11065.0,114.0,10155.0,0.0,10137.0,0.0,10298.0,0.0,10185.0,0.0,9548.0,0.0,9881.0,0.0,9979.0,0.0,9700.0,0.0,9647.0,0.0,9581.0,0.0,9450.0,0.0,5997.0
236,Unit Size,No Bedroom,1357.0,63394.0,1233.0,63314.0,771.0,62863.0,739.0,62247.0,1067.0,59400.0,792.0,61407.0,245.0,58698.0,818.0,56471.0,533.0,53906.0,362.0,53159.0,298.0,50415.0,400.0,50972.0,300.0,51615.0,351.0,52676.0,351.0,51732.0,42.0,62278.0
237,Vehicles Available,Households with no Vehicle,0.2607369758576874,0.3018066414320898,0.2970840021401819,0.2997340587282368,0.2809941100416607,0.2992847520242212,0.345356176735798,0.3057846655610221,0.4053919121318023,0.3133212355811954,0.3718314321926489,0.3084199259318673,0.2840909090909091,0.3056426943628775,0.3570520965692503,0.304463188470562,0.3594292325491708,0.3036563923670211,0.3487692949520233,0.3048450502884566,0.3059147763408946,0.3040444861885435,0.2702520252025202,0.3023730780388743,0.2609013398294763,0.3051961032165513,0.211781206171108,0.301301277591082,0.1905228758169934,0.2969421112914002,0.2612244897959184,0.2856475583864118
238,Vehicles Available,Percent of No Vehicle Homeowning Households,0.1296296296296296,0.1134494994662897,0.1545080433969322,0.1080978202319819,0.1464503042596349,0.1070707944194627,0.1909090909090909,0.1070238726020337,0.190893169877408,0.1080527665923225,0.1845155308298562,0.1051164569436579,0.2335329341317365,0.1053216227024304,0.1122787610619469,0.1083345186671358,0.182237600922722,0.1061925975650688,0.1253280839895013,0.1004670351054721,0.1222681630242173,0.0974002541694777,0.1267409470752089,0.0958404666793481,0.1195571955719557,0.0943477326456049,0.0336496980155306,0.0921579896866069,0.041860465116279,0.0918134467814401,0.0,0.110965615921606
239,Vehicles Available,Percent of No Vehicle Renting Households,0.3292069632495164,0.4182186126538945,0.3764313970435144,0.4196558186778367,0.3547597864768683,0.4198429809217752,0.4160823838737949,0.4286919717595522,0.4909217877094972,0.4379622097322881,0.4690734055354994,0.4309620277854122,0.2986230636833046,0.4264519356164138,0.4766279383950283,0.4211785461300971,0.4484356894553882,0.4187346071431747,0.4529051987767584,0.4220111023846922,0.4087301587301587,0.4234113803307066,0.3387632978723404,0.4216133106364285,0.3305454545454545,0.4286613189650752,0.2975893599334996,0.4246132413364647,0.2710327455919396,0.4200678729792038,0.2857142857142857,0.3796067821909182
240,Vehicles Available,Vehicles Available,6496.0,373023.0,5840.0,379835.0,6095.0,380150.0,5167.0,378485.0,3230.0,362471.0,4604.0,390320.0,1359.0,388399.0,4063.0,388467.0,3745.0,383323.0,3743.0,375627.0,4122.0,375369.0,3928.0,372514.0,3761.0,367044.0,3530.0,365371.0,3123.0,364274.0,217.0,367151.0
241,Vehicles Available,Vehicles Homeowners,0.3954741379310345,0.5594742078283287,0.4172945205479452,0.5657608681083313,0.3863822805578343,0.5700790731788274,0.3708147861428295,0.5711481528289051,0.5262260127931769,0.5648345409473915,0.4287576020851433,0.5565533206654033,0.2435614422369389,0.5553809836475627,0.4501599803101156,0.5525262094558169,0.4395193591455273,0.5462797370659164,0.4456318461127438,0.5469251903942424,0.4682193110140708,0.5457791173118576,0.4009674134419552,0.5444027840510228,0.412390321722946,0.5523627146343226,0.4186968838526912,0.552667437902535,0.4226705091258405,0.5531967258448095,0.1336405529953917,0.4896650152117249
242,Vehicles Available,Vehicles Per Capita,0.3691328560063643,0.4719904241198807,0.3494913225613405,0.4724768416875745,0.3790422885572139,0.4671478849008562,0.3468716433941998,0.4563546130417693,0.2917795844625113,0.4449784613193777,0.3482075328997126,0.4511556297361401,0.5107102593010147,0.4534357418958659,0.3556236323851203,0.4552685550880729,0.3556843005033716,0.4580212232841963,0.375087684136687,0.4559055920884947,0.4204406364749082,0.4571076118234303,0.424602745649119,0.463882067553634,0.449235547061634,0.4631452499233441,0.4977439368302312,0.4659102356642171,0.517738726790451,0.4783266956335622,0.3647058823529411,0.4726862383856486
243,Vehicles Available,Vehicles Renters,0.6045258620689655,0.4467231243113695,0.5827054794520548,0.4443587347137573,0.6136177194421657,0.4397764040510324,0.6291852138571705,0.4387994240194459,0.6179566563467492,0.445563920975747,0.5712423979148566,0.4499615699938512,0.7564385577630611,0.4512009557182176,0.5498400196898843,0.456509819366896,0.5604806408544726,0.4621141961218085,0.5543681538872562,0.4610451325383958,0.5317806889859291,0.461623096206666,0.5990325865580448,0.4628926698056986,0.587609678277054,0.4585417552119092,0.5813031161473088,0.4560679419001508,0.5773294908741594,0.450833713084107,0.8663594470046083,0.5103349847882751
