,Category,Attribute,2000_Nob Hill,2010_Nob Hill,2011_Nob Hill,2012_Nob Hill,2013_Nob Hill,2014_Nob Hill,2015_Nob Hill,2016_Nob Hill,2017_Nob Hill,2018_Nob Hill,2019_Nob Hill,2020_Nob Hill,2021_Nob Hill,2022_Nob Hill,2023_Nob Hill,2024_Nob Hill
11,Affordability,# Units at or below 100 AMI Monthly Affordable Rent,13717.0,12373.0,12361.0,12890.0,13136.0,13363.0,12807.0,12789.0,12329.0,7173.0,12085.0,11664.0,11174.0,10774.0,10554.0,10545
2,Affordability,# Units at or below 30 AMI Monthly Affordable Rent,9549.0,4941.0,6505.0,6231.0,5860.0,5650.0,7335.0,6851.0,6067.0,4914.0,7632.0,6869.0,8571.0,5859.0,5883.0,5618
5,Affordability,# Units at or below 50 AMI Monthly Affordable Rent,12256.0,10697.0,10494.0,10519.0,10392.0,10378.0,11595.0,11170.0,11538.0,7173.0,12085.0,11664.0,11174.0,10774.0,10554.0,10545
8,Affordability,# Units at or below 80 AMI Monthly Affordable Rent,13717.0,12373.0,12361.0,12890.0,13136.0,13363.0,12807.0,12789.0,12329.0,7173.0,12085.0,11664.0,11174.0,10774.0,10554.0,10545
9,Affordability,100 AMI Annual Income,40304.05405405405,48654.21455938697,54976.8875192604,55331.79012345679,56913.98865784499,56252.64270613108,63184.42622950819,69562.93706293707,79877.8775968557,90077.13884992988,91083.86535113174,95805.8668424522,100017.85714285714,98689.19772583702,98498.84526558893,97072.07207207209
10,Affordability,100 AMI Monthly Affordable Rent,3358.671171171171,4054.5178799489145,4581.4072932717,4610.982510288066,4742.832388153749,4687.720225510923,5265.368852459016,5796.911421911423,6656.489799737975,7506.428237494157,7590.322112594312,7983.822236871017,8334.82142857143,8224.099810486417,8208.237105465743,8089.339339339341
0,Affordability,30 AMI Annual Income,12091.216216216215,14596.264367816091,16493.06625577812,16599.537037037036,17074.196597353497,16875.792811839325,18955.32786885246,20868.88111888112,23963.36327905671,27023.14165497896,27325.159605339522,28741.76005273566,30005.35714285714,29606.759317751104,29549.653579676677,29121.621621621623
1,Affordability,30 AMI Monthly Affordable Rent,1007.6013513513512,1216.3553639846743,1374.4221879815102,1383.2947530864196,1422.8497164461248,1406.316067653277,1579.610655737705,1739.0734265734266,1996.9469399213924,2251.9284712482468,2277.0966337782934,2395.146671061305,2500.4464285714284,2467.2299431459255,2462.471131639723,2426.801801801802
3,Affordability,50 AMI Annual Income,20152.027027027027,24327.107279693486,27488.4437596302,27665.895061728395,28456.994328922494,28126.32135306554,31592.213114754097,34781.468531468534,39938.93879842785,45038.56942496494,45541.93267556587,47902.9334212261,50008.92857142857,49344.59886291851,49249.42263279446,48536.03603603604
4,Affordability,50 AMI Monthly Affordable Rent,1679.3355855855855,2027.2589399744572,2290.70364663585,2305.491255144033,2371.4161940768745,2343.8601127554616,2632.684426229508,2898.4557109557113,3328.2448998689874,3753.2141187470784,3795.161056297156,3991.9111184355083,4167.410714285715,4112.049905243209,4104.118552732872,4044.6696696696704
6,Affordability,80 AMI Annual Income,32243.243243243243,38923.37164750958,43981.51001540833,44265.432098765436,45531.190926275995,45002.114164904866,50547.54098360656,55650.34965034966,63902.302077484565,72061.71107994391,72867.09228090539,76644.69347396177,80014.28571428572,78951.35818066962,78799.07621247115,77657.65765765768
7,Affordability,80 AMI Monthly Affordable Rent,2686.936936936937,3243.6143039591316,3665.1258346173604,3688.786008230453,3794.2659105229995,3750.1761804087387,4212.295081967213,4637.529137529138,5325.19183979038,6005.142589995326,6072.257690075449,6387.057789496815,6667.857142857144,6579.279848389135,6566.589684372596,6471.471471471473
0,Age,0-4 Years,0.0216507795758516,0.0179150386565799,0.0197553713687937,0.0203033560253194,0.0153393244499535,0.0208284394330905,0.0200515502994465,0.0215193254225647,0.0198120300751879,0.0459475789049687,0.02329362828512,0.0222882615156017,0.0231441729763484,0.0209595347710201,0.0225707727620505,0.0220088375254928
1,Age,18-34 Years,0.3927436636370354,0.3758832820683349,0.3917276897078941,0.405828257494327,0.4097458940192129,0.4260825307336935,0.4385565916154954,0.4321034759052234,0.426203007518797,0.282101447190494,0.428512006050293,0.4033984836362251,0.3975880103036453,0.3947177126241822,0.3685284366233103,0.3696040108769544
2,Age,35-59 Years,0.3389861819256632,0.3374760994263862,0.3334272149352217,0.317488753533182,0.326967771924388,0.3065930624070159,0.30896065499204,0.3063833034453813,0.3182330827067669,0.3470380067324567,0.3143505388542257,0.3352764125423857,0.3291702443212864,0.3344640982150069,0.3355436538298053,0.3354435757987763
3,Age,5-17 Years,0.0488066208527303,0.0406517582508936,0.0406775569324857,0.0386958079541383,0.0436163619460799,0.0298723670816694,0.0275945720567053,0.0295699950398718,0.0344360902255639,0.1076329947924159,0.031915295897145,0.0259077227873661,0.0241979548825228,0.0232614489944269,0.0197653659780668,0.019629503738953
4,Age,60 and older,0.1978127540087194,0.2280738215978053,0.2144121670556047,0.2176838249930331,0.2043306476603656,0.2166236003445305,0.2048366310363126,0.2104239001869586,0.2013157894736842,0.2172799723796645,0.2019285309132161,0.2131291195184211,0.225899617516197,0.2265972053953638,0.253591770806767,0.2533140720598232
5,Educational Attainment,College Degree or higher,0.4608907101364434,0.5305970888206754,0.5499020591467202,0.554580571319567,0.5681326942956489,0.5615186313569253,0.5816596677012963,0.6011754442352725,0.6262331838565023,0.5165899291091135,0.6468209890256365,0.6518307388730542,0.6507721484692496,0.6369311035542926,0.6269251323908079,0.6207865168539326
6,Educational Attainment,"College Degree or higher by Race, American Indian and Alaska Native Alone",0.208955223880597,0.3037974683544304,0.4945054945054945,0.4615384615384615,1.0,1.0,1.0,1.0,0.6415094339622641,0.4333333333333333,0.3541666666666667,0.4,0.3442622950819672,0.0,0.0,0.0
7,Educational Attainment,"College Degree or higher by Race, Asian Alone",0.2498326415852189,0.3782741656694589,0.4128818061088977,0.4143600986571663,0.4486056850330055,0.4352858151023289,0.44225580140313,0.4426416168516937,0.4905133107809972,0.4212075269776152,0.5122485288079923,0.5030709898585917,0.5104737804020807,0.5024205748865356,0.5149210064365126,0.5127143701951508
8,Educational Attainment,"College Degree or higher by Race, Black or African American Alone",0.2743682310469314,0.458980044345898,0.3429054054054054,0.3167785234899329,0.211453744493392,0.1724137931034483,0.3744493392070485,0.4185714285714286,0.4791386271870794,0.3105335157318741,0.5609756097560976,0.5765086206896551,0.5207631874298541,0.5344827586206896,0.5461454940282302,0.6712846347607053
9,Educational Attainment,"College Degree or higher by Race, Hispanic or Latino",0.3724409448818898,0.4030390738060782,0.3704856787048567,0.4378635642517187,0.5024606299212598,0.6176615688209176,0.5488943488943488,0.5523809523809524,0.5597627737226277,0.3616109682947729,0.5146364494806421,0.595837366892546,0.6026954177897574,0.5241762943945228,0.4686118479221927,0.4384407564646854
11,Educational Attainment,"College Degree or higher by Race, Some Other Race Alone",0.1658291457286432,0.5986842105263158,0.5913312693498453,0.4951690821256038,0.5604203152364273,0.6500857632933105,0.7106598984771574,0.5952045133991537,0.5981055480378891,0.2680351906158357,0.4101221640488656,0.4323843416370106,0.3348909657320872,0.3074935400516795,0.2975724353954581,0.254200146092038
12,Educational Attainment,"College Degree or higher by Race, Two or More Races",0.4334828101644245,0.4298118668596237,0.3511348464619492,0.4951456310679611,0.5465587044534413,0.603359173126615,0.6568877551020408,0.736904761904762,0.6483516483516484,0.5115766262403528,0.7289340101522843,0.7379084967320262,0.7323843416370107,0.7220902612826603,0.6841535965386696,0.6950048030739674
13,Educational Attainment,"College Degree or higher by Race, White Alone",0.6014609765474818,0.6436481498154317,0.6613404733114527,0.6653068310042531,0.6634885502681536,0.653028781793842,0.6620141199383267,0.6906596051998074,0.7060487879483062,0.6864909240171486,0.7382099691918793,0.741259842519685,0.7540191586838817,0.7497728511720879,0.747906976744186,0.7403240324032403
14,Educational Attainment,"College Degree or higher by Race, White Alone, Not Hispanic or Latino",0.6117141931302658,0.6653213899005808,0.678801456174741,0.6764230732680795,0.6707019519519519,0.6535067347886669,0.6807841021490874,0.711637854214935,0.7262347767253045,0.713676948051948,0.761892154267055,0.7543133195307108,0.7631012203876526,0.7586173033487185,0.7602029560997132,0.7620420420420421
16,Educational Attainment,High School or Less,0.3010312063763678,0.2677492821071393,0.2438010606277769,0.2355381754017836,0.2102715910158819,0.2078743848136864,0.213894467774329,0.2084117728086689,0.200762331838565,0.2698604107286413,0.1865197494112942,0.1803113352335014,0.1860832656010114,0.1912237387618204,0.203274546956226,0.2170445425361155
17,Educational Attainment,"High School or Less by Race, American Indian and Alaska Native Alone",0.2686567164179104,0.1012658227848101,0.1098901098901098,0.125,0.0,0.0,0.0,0.0,0.3584905660377358,0.5666666666666667,0.6458333333333334,0.6,0.5081967213114754,0.2142857142857142,0.3571428571428571,0.4358974358974359
18,Educational Attainment,"High School or Less by Race, Asian Alone",0.5814700763154371,0.4892966360856269,0.446215139442231,0.4377911756645656,0.3611747271992456,0.374029640084686,0.3899082568807339,0.385710219185881,0.3724077070157376,0.3851779184874699,0.3649924729711236,0.3899442936723325,0.3874595810487839,0.3785173978819969,0.3579578700994734,0.3790656416321703
19,Educational Attainment,"High School or Less by Race, Black or African American Alone",0.3321299638989169,0.3458980044345898,0.3192567567567567,0.374496644295302,0.4816446402349486,0.2829964328180737,0.2804698972099853,0.2742857142857143,0.2274562584118439,0.2626538987688098,0.1951219512195122,0.2209051724137931,0.22334455667789,0.2768762677484787,0.3365906623235613,0.1750629722921914
20,Educational Attainment,"High School or Less by Race, Hispanic or Latino",0.4299212598425196,0.3002894356005788,0.3655043586550436,0.304071919619249,0.2485236220472441,0.1943759250123335,0.2201474201474201,0.2242857142857142,0.2144160583941605,0.426163953156241,0.2422096317280453,0.2013552758954501,0.1762803234501347,0.2956782199400941,0.3474801061007957,0.3863373214974913
22,Educational Attainment,"High School or Less by Race, Some Other Race Alone",0.6080402010050251,0.1348684210526315,0.0959752321981424,0.1183574879227053,0.1366024518388791,0.1646655231560892,0.1015228426395939,0.2129760225669957,0.2165087956698241,0.5958944281524927,0.2844677137870855,0.3078291814946619,0.3130841121495327,0.4866494401378122,0.4581049334377447,0.508400292184076
23,Educational Attainment,"High School or Less by Race, Two or More Races",0.2017937219730941,0.1534008683068017,0.2857142857142857,0.2196601941747573,0.2375168690958164,0.2273901808785529,0.1849489795918367,0.0880952380952381,0.1758241758241758,0.1245865490628445,0.1137055837563451,0.1163398692810457,0.1067615658362989,0.0766033254156769,0.0805840995132504,0.0619596541786743
24,Educational Attainment,"High School or Less by Race, White Alone",0.1355632449058054,0.1246961375709012,0.1099499049922266,0.1043312212481555,0.1013875883204222,0.1066767068273092,0.1136086991803943,0.1133044455143636,0.109658178481303,0.120313782723707,0.0810490560075835,0.0624409448818897,0.0653061224489796,0.0575140832273305,0.0711111111111111,0.0879837983798379
25,Educational Attainment,"High School or Less by Race, White Alone, Not Hispanic or Latino",0.121597537265068,0.1021754109656462,0.0896107532903948,0.087807659412715,0.0927177177177177,0.1019043195541105,0.1007103677726823,0.0997148458385314,0.1008964817320703,0.0920251623376623,0.0661900979613449,0.0535714285714285,0.0637114142139267,0.0558774427968182,0.0590116920361791,0.0672672672672672
27,Educational Attainment,Some College/Associate Degree,0.2380780834871887,0.2016536290721853,0.2062968802255028,0.2098812532786494,0.2215957146884691,0.2306069838293883,0.2044458645243746,0.1904127829560586,0.1730044843049327,0.2135496601622451,0.1666592615630692,0.1678579258934444,0.163144585929739,0.1718451576838869,0.169800320652966,0.1621689406099518
28,Educational Attainment,"Some College/Associate Degree by Race, American Indian and Alaska Native Alone",0.5223880597014925,0.5949367088607594,0.3956043956043956,0.4134615384615384,0.0,0.0,0.0,0.0,0.0,0.0,0.0,0.0,0.1475409836065573,0.7857142857142857,0.6428571428571429,0.5641025641025641
29,Educational Attainment,"Some College/Associate Degree by Race, Asian Alone",0.1686972820993439,0.1324291982449142,0.1409030544488712,0.147848725678268,0.1902195877677489,0.1906845448129852,0.167835941716136,0.1716481639624252,0.1370789822032652,0.1936145545349148,0.122758998220884,0.1069847164690758,0.1020666385491353,0.1190620272314674,0.127121123464014,0.1082199881726788
30,Educational Attainment,"Some College/Associate Degree by Race, Black or African American Alone",0.3935018050541516,0.1951219512195122,0.3378378378378378,0.3087248322147651,0.3069016152716593,0.544589774078478,0.3450807635829662,0.3071428571428571,0.2934051144010767,0.426812585499316,0.2439024390243902,0.2025862068965517,0.2558922558922559,0.1886409736308316,0.1172638436482084,0.1536523929471032
31,Educational Attainment,"Some College/Associate Degree by Race, Hispanic or Latino",0.1976377952755905,0.2966714905933429,0.2640099626400996,0.2580645161290322,0.249015748031496,0.1879625061667489,0.2309582309582309,0.2233333333333333,0.2258211678832117,0.212225078548986,0.2431539187913125,0.2028073572120038,0.2210242587601078,0.1801454856653829,0.1839080459770115,0.1752219220378232
33,Educational Attainment,"Some College/Associate Degree by Race, Some Other Race Alone",0.2261306532663316,0.2664473684210526,0.3126934984520124,0.3864734299516908,0.3029772329246935,0.1852487135506003,0.1878172588832487,0.1918194640338505,0.1853856562922868,0.1360703812316715,0.3054101221640489,0.2597864768683274,0.35202492211838,0.2058570198105082,0.2443226311667971,0.237399561723886
34,Educational Attainment,"Some College/Associate Degree by Race, Two or More Races",0.3647234678624813,0.4167872648335745,0.363150867823765,0.2851941747572815,0.2159244264507422,0.169250645994832,0.1581632653061224,0.175,0.1758241758241758,0.3638368246968026,0.1573604060913705,0.1457516339869281,0.1608540925266904,0.2013064133016627,0.23526230394808,0.2430355427473583
35,Educational Attainment,"Some College/Associate Degree by Race, White Alone",0.2629757785467128,0.231655712613667,0.2287096216963206,0.2303619477475913,0.2351238614114242,0.2402945113788487,0.2243771808812789,0.1960359492858289,0.1842930335703907,0.1931952932591444,0.1807409748005371,0.1962992125984252,0.1806747188671386,0.1927130656005815,0.1809819121447028,0.1716921692169216
36,Educational Attainment,"Some College/Associate Degree by Race, White Alone, Not Hispanic or Latino",0.2666882696046662,0.232503199133773,0.2315877905348642,0.2357692673192055,0.2365803303303303,0.2445889456572224,0.2185055300782303,0.1886472999465336,0.1728687415426251,0.1942978896103896,0.1719177477716,0.1921152518978606,0.1731873653984206,0.1855052538544633,0.1807853518641076,0.1706906906906906
38,Employment,Employed Residents,16540.0,14093.0,15126.0,15302.0,16122.0,16288.0,16907.0,16870.0,17497.0,19951.0,17834.0,18264.0,17243.0,16791.0,15760.0,15718.0
40,Employment,Managerial Professional,0.4813180169286578,0.5151493649329454,0.4988761073648023,0.5121552738204156,0.5038456767150478,0.5110510805500982,0.5313183888330277,0.5557794902193243,0.5674115562667886,0.5179189013082051,0.6093977795222608,0.658180026281209,0.6700690135127298,0.6551128580787327,0.6597715736040609,0.6477287186664971
42,Employment,Natural Resources,0.0267835550181378,0.0268927836514581,0.0261800872669575,0.0254868644621618,0.015382706860191,0.0093320235756385,0.0092269474182291,0.0083580320094842,0.0125735840429787,0.0400982406896897,0.0247841202198048,0.0200941743320192,0.0186162500724931,0.0185218271693168,0.0166243654822335,0.0118971879373966
44,Employment,Production Transport Materials,0.0676541717049576,0.0270346980770595,0.0323945524262858,0.0358776630505816,0.0328123061654881,0.0270137524557956,0.0299284320104098,0.0350918790752815,0.0309195862147796,0.0753846924966167,0.0404283952001794,0.0416119141480508,0.0325349417154787,0.032636531475195,0.0328680203045685,0.0331467107774526
46,Employment,Sales and Office,0.271825876662636,0.2486340736535869,0.2580986381065714,0.2444778460331982,0.2593970971343505,0.2601301571709233,0.2608978529603123,0.2335506816834617,0.2276961764873978,0.1777354518570497,0.2035998654255915,0.1696233026719229,0.1755494983471553,0.1812280388303257,0.1731598984771573,0.1661152818424736
48,Employment,Services,0.1503627569528416,0.1822890796849499,0.1844506148353827,0.1820023526336426,0.1885622131249224,0.1924729862475442,0.1686283787780209,0.1672199170124481,0.1613990969880551,0.1888627136484386,0.1217898396321632,0.110490582566798,0.1032302963521429,0.1125007444464296,0.1175761421319797,0.1411121007761801
51,Employment,"Unemployment Rate by Race, American Indian and Alaska Native Alone",0.1511627906976744,0.1222222222222222,0.0808080808080808,0.079646017699115,0.0,0.0,0.0,0.0,0.0,0.1979166666666666,0.0,0.0,0.0,0.0,0.0,0.0
52,Employment,"Unemployment Rate by Race, Asian Alone",0.036718422156945,0.0600904331270823,0.0461373390557939,0.045631067961165,0.0219908761258626,0.0234833659491193,0.0254983773759851,0.02639941334637,0.0343633799205026,0.0265472178844415,0.0312577217692117,0.0369499934717326,0.0343452534087985,0.021010101010101,0.0278219395866454,0.0383677659437957
53,Employment,"Unemployment Rate by Race, Black or African American Alone",0.1363636363636363,0.0617529880478087,0.0642570281124498,0.0687361419068736,0.113892365456821,0.1376651982378854,0.0972762645914396,0.0774278215223097,0.0836363636363636,0.0935162094763092,0.0763747454175152,0.1074458058435438,0.0992578849721706,0.1015358361774744,0.0689346463742166,0.0702274975272008
54,Employment,"Unemployment Rate by Race, Hispanic or Latino",0.0662931839402427,0.0107206670637284,0.0185546875,0.0136872666943177,0.0148854961832061,0.013911620294599,0.0147351652727996,0.0362180709111704,0.0482733011511325,0.0594740722536249,0.0625984251968504,0.0504439063761097,0.036388140161725,0.0261029411764705,0.0270871985157699,0.0371517027863777
56,Employment,"Unemployment Rate by Race, Some Other Race Alone",0.1359773371104816,0.1565656565656565,0.1605995717344753,0.1076923076923077,0.1050632911392405,0.0164383561643835,0.0203527815468114,0.0895691609977324,0.1259418729817007,0.0764734534827082,0.1657824933687002,0.1284153005464481,0.1734104046242774,0.0911680911680911,0.071819841752891,0.0907103825136612
57,Employment,"Unemployment Rate by Race, Two or More Races",0.027027027027027,0.0391676866585067,0.0449561403508771,0.0782953419226957,0.0656620021528525,0.0613107822410148,0.0600985221674876,0.1019830028328611,0.0817120622568093,0.0902708124373119,0.0847860538827258,0.0663589151759953,0.0448756822316555,0.0301298701298701,0.0364089775561097,0.0494458653026428
58,Employment,"Unemployment Rate by Race, White Alone",0.0318864620772279,0.0492985654275976,0.0466265246255982,0.0455492935999382,0.0466123851497721,0.0404270986745213,0.0375523532334776,0.0270918583321574,0.0243935677296266,0.0296321239161545,0.0286103542234332,0.0315165534191123,0.0406510277374493,0.0460813992600067,0.0502376103190767,0.0494363429517013
59,Employment,"Unemployment Rate by Race, White Alone, Not Hispanic or Latino",0.032501450957632,0.0526178238522519,0.0491334342924448,0.0490540193476585,0.0513929313929313,0.0446890659656617,0.0415479582146248,0.029641925539483,0.0265553869499241,0.0261518126888217,0.0297738794560231,0.0328694817658349,0.0424418604651162,0.0482720789906747,0.0510416666666666,0.0518915299631737
61,Households,Average Family Household Size,2.837728676645284,2.665994962216625,2.7302718395354977,2.732482346550788,2.658511722731906,2.553492239467849,2.637359550561798,2.6167498613422078,2.612544121639968,3.5271448663853726,2.5637960478165405,2.598967741935484,2.5519578313253013,2.5695102685624014,2.586932447397564,2.569321533923304
62,Households,Average Household Size,1.6700933400605449,1.6486075599474812,1.6729733462228973,1.6632194856443054,1.6604901374775851,1.6140880173148815,1.640924391506991,1.628879979306777,1.6581662448900136,2.584120557804768,1.6703613825670625,1.6654187192118226,1.679260668659962,1.6537075537075536,1.6025604753147549,1.5987697963800904
63,Households,Family Households,0.2654515640766902,0.2743417870223205,0.2616351332688855,0.2505102735065995,0.2606096832038254,0.2366367154194267,0.23045054375971,0.2331867563372995,0.2389851404840698,0.5330634278002699,0.2688397717583787,0.2545155993431856,0.270725740690405,0.2632016632016632,0.2554816805771679,0.2636453619909502
64,Households,Households,15856.0,14471.0,14482.0,14698.0,15057.0,15247.0,15448.0,15464.0,15411.0,13338.0,15247.0,15225.0,14716.0,14430.0,14138.0,14144.0
65,Households,"Households with 60 years and older, % of Total (DEC, 65 years and older)",0.2537209889001009,0.2743417870223205,0.2715094600193343,0.2801741733569193,0.2667197981005512,0.2906801337968125,0.2853443811496634,0.2948784273150543,0.2865485692038154,0.3795171689908532,0.2736931855446973,0.2790804597701149,0.2920630606142974,0.2910602910602911,0.3055594850756825,0.3067731900452489
66,Households,"Households with Children, % of Total",0.0703834510595358,0.0669615092253472,0.0684297748929705,0.0669478840658593,0.0723251643753735,0.0625040991670492,0.0559943034697048,0.0593636833936885,0.0635260528194147,0.2215474583895636,0.0611267790384993,0.0528735632183908,0.0525278608317477,0.0494802494802494,0.0461168482104965,0.0466628959276018
67,Households,Living in Group Quarters,585.0,0.0,0.0,6138.0,6048.0,6243.0,6078.0,5773.0,5836.0,5722.0,977.0,891.0,910.0,899.0,869.0,923.0
68,Households,Non-Family Households,0.7345484359233098,0.7256582129776795,0.7383648667311145,0.7494897264934005,0.7393903167961745,0.7633632845805732,0.76954945624029,0.7668132436627004,0.7610148595159302,0.4669365721997301,0.7311602282416213,0.7454844006568144,0.729274259309595,0.7367983367983368,0.7445183194228321,0.7363546380090498
69,Households,"Single Person Households, % of Total",0.5837537840565086,0.5810932209246078,0.5806518436680017,0.5847734385630698,0.56897124261141,0.5730963468223257,0.5774210253754531,0.5821262286601138,0.5703718123418338,0.3292097765781976,0.5567652652980914,0.5515927750410509,0.529016036966567,0.542896742896743,0.5749752440231999,0.5666713800904978
70,Housing,Median Year Moved In Owner,1990.015337423313,2000.2530991735537,2003.232484076433,2001.2473347547973,2002.117472852912,2009.462962962963,2003.0,2002.75828460039,2009.62292051756,1999.514192139738,2006.21158129176,2006.430155210643,2013.8365758754865,2010.2368866328256,2010.750957854406,2012.005698005698
71,Housing,Median Year Moved In Renter,1996.2928655892783,2004.1756272401435,2005.3129595588236,2003.9864578925096,2005.367130008177,2010.3400312134215,2008.7181044957472,2009.936744447568,2014.119976927514,2010.9350627331296,2012.9158533368504,2013.059026635975,2011.185950413223,2014.712536183478,2016.520384487902,2016.5417417417416
72,Housing,Median Year Structure Built,1939.0,1939.0,1939.0,1939.0,1939.0,1940.0,1939.0,1939.0,1939.0,1941.0525284202276,1939.0,1939.0,1939.0,1939.0,1939.0,1939.0
73,Housing,"Overcrowding, Renter Occupied Housing",0.1361364934323244,0.0858935177738459,0.0832323232323232,0.0892746435213887,0.0791875855773619,0.0713163211853625,0.0781773509046236,0.0746179649645918,0.0759522716842588,0.115694289607333,0.0822438431134083,0.0796751704588983,0.0841732283464567,0.0732441206746377,0.0549343704423918,0.0616661243084933
74,Housing,Owner Occupied,0.115768211084459,0.1407642871950798,0.1454909542880817,0.1220574227786093,0.1269177126917712,0.1235652915327605,0.130567063697566,0.1325012933264356,0.1516449289468561,0.3947368421052631,0.137141732799895,0.1426600985221675,0.1369937483011687,0.1248094248094248,0.1270335266657236,0.1309389140271493
75,Housing,"Owner Occupied by Race, American Indian and Alaska Native Alone",0.0,0.4347826086956521,0.5714285714285714,0.5161290322580645,0.1384615384615384,0.1428571428571428,0.1774193548387097,0.0,0.0,0.2068965517241379,0.0,0.0,0.0,0.0,0.0,0.0
76,Housing,"Owner Occupied by Race, Asian Alone",0.166194523135033,0.170476812540823,0.1866724549598437,0.1465233603860495,0.1572823602742572,0.1616832779623477,0.1392918088737201,0.138913624220837,0.1601167752077251,0.5657334826427771,0.1506879715934309,0.1962871287128713,0.1820866141732283,0.1688137412775094,0.152435961828227,0.171007371007371
77,Housing,"Owner Occupied by Race, Black or African American Alone",0.0,0.0,0.0,0.0,0.0,0.0,0.0,0.0,0.0,0.2049934296977661,0.0424710424710424,0.0312035661218424,0.0290964777947932,0.0469416785206258,0.0472560975609756,0.0317662007623888
78,Housing,"Owner Occupied by Race, Hispanic or Latino",0.0094451003541912,0.0780141843971631,0.0568400770712909,0.0712510356255178,0.1471321695760598,0.1121212121212121,0.1168154761904761,0.1019986216402481,0.0930074677528852,0.290521978021978,0.0389518413597733,0.1217150760719225,0.1328125,0.1130136986301369,0.1064425770308123,0.0862166761202495
80,Housing,"Owner Occupied by Race, Some Other Race Alone",0.0,0.0595744680851063,0.073170731707317,0.0,0.0,0.055350553505535,0.0785714285714285,0.0571428571428571,0.0586854460093896,0.4429301533219761,0.0243243243243243,0.0196078431372549,0.0515463917525773,0.0243531202435312,0.0145560407569141,0.012453300124533
81,Housing,"Owner Occupied by Race, Two or More Races",0.0143626570915619,0.0365384615384615,0.0192678227360308,0.0,0.0,0.021630615640599,0.0153374233128834,0.0175953079178885,0.0490693739424703,0.1181102362204724,0.0205882352941176,0.1742940603700097,0.1905697445972495,0.1528239202657807,0.1388888888888889,0.147094430992736
82,Housing,"Owner Occupied by Race, White Alone",0.1082343780416585,0.1363687975474054,0.136664385124344,0.1244879380974055,0.128752951759811,0.122317126587823,0.1428880475932936,0.149377147766323,0.1684730121257645,0.3370081151431633,0.1501702735361968,0.1296501328609388,0.1220739700374531,0.1156403940886699,0.1290146978769733,0.1290417401528512
83,Housing,"Owner Occupied by Race, White Alone, Not Hispanic or Latino",0.1122749923726228,0.1390572807126067,0.1408955962394854,0.1260630315157578,0.1189627626889517,0.1195190088667557,0.1413082330513523,0.1503089353612167,0.1722386296515062,0.3454849498327759,0.1600242277407631,0.1392451004113234,0.1297575681447054,0.1222529280168443,0.1368953068592057,0.1367601246105919
84,Housing,Post 1979 All and Pre 1979 Single Family Renter Occupied by Year Structure Built by Units in Structure,782.0,3102.0,3034.0,3111.0,3512.0,3944.0,1324.0,1133.0,1138.0,2245.0,1214.0,1209.0,1538.0,1879.0,1772.0,1715.0
85,Housing,Pre 1980 MultiFamily Renter Occupied by Year Structure Built by Units in Structure,13219.0,9162.0,9162.0,9587.0,9422.0,9155.0,12107.0,12282.0,11936.0,5828.0,11942.0,11844.0,11162.0,10750.0,10570.0,10577.0
86,Housing,Renter Occupied,0.884231788915541,0.8592357128049202,0.8545090457119182,0.8779425772213907,0.8730822873082287,0.8764347084672395,0.869432936302434,0.8674987066735644,0.8483550710531439,0.6052631578947368,0.862858267200105,0.8573399014778326,0.8630062516988312,0.8751905751905752,0.8729664733342765,0.8690610859728507
87,Housing,"Renter Occupied by Race, American Indian and Alaska Native Alone",1.0,0.5652173913043478,0.4285714285714285,0.4838709677419355,0.8615384615384616,0.8571428571428571,0.8225806451612904,1.0,1.0,0.7931034482758621,1.0,1.0,1.0,1.0,1.0,1.0
88,Housing,"Renter Occupied by Race, Asian Alone",0.833805476864967,0.829523187459177,0.8133275450401563,0.8534766396139505,0.8427176397257428,0.8383167220376523,0.8607081911262798,0.8610863757791629,0.8398832247922748,0.4342665173572228,0.849312028406569,0.8037128712871288,0.8179133858267716,0.8311862587224906,0.847564038171773,0.828992628992629
89,Housing,"Renter Occupied by Race, Black or African American Alone",1.0,1.0,1.0,1.0,1.0,1.0,1.0,1.0,1.0,0.7950065703022339,0.9575289575289576,0.9687964338781576,0.9709035222052068,0.953058321479374,0.9527439024390244,0.9682337992376112
90,Housing,"Renter Occupied by Race, Hispanic or Latino",0.9905548996458088,0.9219858156028368,0.9431599229287092,0.9287489643744822,0.8528678304239401,0.8878787878787879,0.8831845238095238,0.8980013783597519,0.9069925322471148,0.709478021978022,0.9610481586402266,0.8782849239280774,0.8671875,0.886986301369863,0.8935574229691877,0.9137833238797504
92,Housing,"Renter Occupied by Race, Some Other Race Alone",1.0,0.9404255319148936,0.926829268292683,1.0,1.0,0.9446494464944648,0.9214285714285714,0.9428571428571428,0.9413145539906104,0.5570698466780238,0.9756756756756756,0.9803921568627452,0.9484536082474226,0.9756468797564688,0.985443959243086,0.987546699875467
93,Housing,"Renter Occupied by Race, Two or More Races",0.985637342908438,0.9634615384615384,0.9807321772639692,1.0,1.0,0.978369384359401,0.9846625766871164,0.9824046920821116,0.9509306260575296,0.8818897637795275,0.9794117647058824,0.8257059396299903,0.8094302554027505,0.8471760797342193,0.8611111111111112,0.8529055690072639
94,Housing,"Renter Occupied by Race, White Alone",0.8917656219583414,0.8636312024525945,0.8633356148756559,0.8755120619025945,0.871247048240189,0.877682873412177,0.8571119524067063,0.850622852233677,0.8315269878742354,0.6629918848568366,0.8498297264638032,0.8703498671390612,0.8779260299625468,0.88435960591133,0.8709853021230267,0.8709582598471487
95,Housing,"Renter Occupied by Race, White Alone, Not Hispanic or Latino",0.8877250076273772,0.8609427192873933,0.8591044037605146,0.8739369684842421,0.8810372373110483,0.8804809911332443,0.8586917669486477,0.8496910646387833,0.8277613703484938,0.6545150501672241,0.8399757722592368,0.8607548995886765,0.8702424318552946,0.8777470719831557,0.8631046931407942,0.863239875389408
96,Housing,Total Number of Units,17168.0,17495.0,17377.0,17297.0,17263.0,17169.0,17207.0,17228.0,17312.0,14545.0,17456.0,17632.0,17897.0,18006.0,18148.0,18364.0
97,Housing,Total Vacant Units,1326.0,3024.0,2895.0,2599.0,2206.0,1922.0,1759.0,1764.0,1901.0,1207.0,2209.0,2407.0,3181.0,3576.0,4010.0,4220.0
98,Housing,Vacancy Rate,0.0772367194780987,0.1728493855387253,0.166599528111872,0.1502572700468289,0.127787754156288,0.1119459490942978,0.1022258383216132,0.1023914557696772,0.1098082255083179,0.0829838432451014,0.1265467461044913,0.1365131578947368,0.1777392859138403,0.1986004665111629,0.2209609874366321,0.2297974297538662
99,Housing Prices,Contract Rent 100 to 149,46.0,0.0,18.0,13.0,37.0,34.0,37.0,41.0,45.0,34.0,0.0,0.0,0.0,0.0,0.0,0.0
100,Housing Prices,Contract Rent 1000 to 1249,1593.0,2285.0,2408.0,2376.0,2407.0,2054.0,2066.0,1821.0,1744.0,913.0,1348.0,1004.0,958.0,1068.0,909.0,899.0
101,Housing Prices,Contract Rent 1250 to 1499,945.0,1503.0,1767.0,1756.0,1694.0,1930.0,1850.0,1580.0,1367.0,922.0,1500.0,1570.0,1707.0,866.0,867.0,883.0
102,Housing Prices,Contract Rent 150 to 199,112.0,19.0,21.0,0.0,0.0,25.0,24.0,13.0,13.0,0.0,0.0,0.0,0.0,0.0,0.0,0.0
103,Housing Prices,Contract Rent 1500 to 1999,884.0,1852.0,2038.0,2333.0,2569.0,2627.0,2761.0,2916.0,2728.0,1507.0,2681.0,2612.0,2374.0,2567.0,2897.0,2757.0
104,Housing Prices,Contract Rent 200 to 249,124.0,108.0,60.0,85.0,24.0,14.0,93.0,70.0,32.0,65.0,52.0,48.0,0.0,0.0,26.0,36.0
105,Housing Prices,"Contract Rent 2000 to 2499 (Contract Rent 2000 or more, DEC2000 and ACS2009-2014)",511.0,1113.0,1378.0,1779.0,2117.0,2437.0,1376.0,1380.0,1582.0,1017.0,1820.0,1821.0,1876.0,2475.0,2248.0,2441.0
106,Housing Prices,Contract Rent 250 to 299,123.0,79.0,115.0,167.0,187.0,218.0,246.0,173.0,199.0,128.0,162.0,48.0,157.0,98.0,55.0,13.0
108,Housing Prices,Contract Rent 300 to 349,324.0,164.0,120.0,127.0,111.0,82.0,57.0,76.0,68.0,112.0,30.0,10.0,7.0,87.0,83.0,89.0
110,Housing Prices,Contract Rent 350 to 399,303.0,49.0,11.0,45.0,31.0,106.0,86.0,89.0,52.0,28.0,10.0,45.0,46.0,50.0,27.0,19.0
112,Housing Prices,Contract Rent 400 to 449,465.0,207.0,143.0,160.0,118.0,180.0,133.0,125.0,103.0,207.0,100.0,67.0,67.0,71.0,91.0,95.0
113,Housing Prices,Contract Rent 500 to 549,511.0,289.0,189.0,149.0,186.0,65.0,67.0,92.0,79.0,29.0,16.0,54.0,51.0,51.0,60.0,34.0
114,Housing Prices,Contract Rent 550 to 599,861.0,531.0,341.0,410.0,304.0,287.0,267.0,299.0,127.0,42.0,95.0,112.0,57.0,33.0,153.0,156.0
115,Housing Prices,Contract Rent 600 to 649,770.0,219.0,306.0,352.0,212.0,256.0,180.0,173.0,199.0,85.0,196.0,145.0,70.0,69.0,57.0,48.0
116,Housing Prices,Contract Rent 650 to 699,1048.0,394.0,383.0,254.0,209.0,286.0,228.0,188.0,165.0,37.0,138.0,135.0,139.0,74.0,92.0,113.0
117,Housing Prices,Contract Rent 700 to 749,967.0,293.0,392.0,436.0,378.0,283.0,251.0,186.0,175.0,100.0,154.0,194.0,147.0,123.0,63.0,8.0
118,Housing Prices,Contract Rent 750 to 749,837.0,518.0,298.0,357.0,294.0,298.0,361.0,401.0,365.0,138.0,219.0,127.0,95.0,140.0,84.0,72.0
119,Housing Prices,Contract Rent 750 to 799,747.0,385.0,407.0,218.0,276.0,260.0,209.0,247.0,239.0,145.0,282.0,182.0,150.0,105.0,167.0,154.0
120,Housing Prices,Contract Rent 800 to 899,1395.0,1007.0,773.0,783.0,812.0,750.0,770.0,659.0,667.0,227.0,434.0,510.0,491.0,356.0,288.0,196.0
121,Housing Prices,Contract Rent 900 to 999,1132.0,955.0,856.0,727.0,780.0,774.0,678.0,738.0,533.0,389.0,442.0,428.0,278.0,264.0,255.0,294.0
122,Housing Prices,Contract Rent Less than 100,59.0,61.0,14.0,14.0,10.0,0.0,0.0,39.0,36.0,63.0,36.0,60.0,0.0,0.0,39.0,75.0
123,Housing Prices,Contract Rent Total,14008.0,12434.0,12375.0,12904.0,13146.0,13363.0,13431.0,13415.0,13074.0,8073.0,13156.0,13053.0,12700.0,12629.0,12342.0,12292.0
124,Housing Prices,Contract Rent Total No cash Rent (ACS2015-),251.0,0.0,0.0,0.0,0.0,0.0,422.0,398.0,421.0,282.0,434.0,390.0,321.0,256.0,231.0,178.0
125,Housing Prices,"Contract Rent Total No cash Rent (No cash rent, DEC2000 and ACS2009-2014)",251.0,403.0,337.0,363.0,390.0,397.0,771.0,1129.0,1255.0,705.0,1592.0,1540.0,1658.0,1143.0,1079.0,1357.0
126,Housing Prices,Contract Rent Total With cash Rent,13757.0,12031.0,12038.0,12541.0,12756.0,12966.0,13009.0,13017.0,12653.0,7791.0,12722.0,12663.0,12379.0,12373.0,12111.0,12114.0
127,Housing Prices,Extremely Rent Burdened,0.1888920616790405,0.2108734116133183,0.1936161616161616,0.2054401735895846,0.2087326943556975,0.2206839781486193,0.2024421115330206,0.2090942974282519,0.1976441792871347,0.1778768735290474,0.1828823350562481,0.1621849383283536,0.1756692913385826,0.1764193522844247,0.1766326365256846,0.1878457533355027
137,Housing Prices,Home Value 10000 to 14999 ,16.0,0.0,0.0,0.0,0.0,0.0,0.0,0.0,0.0,0.0,0.0,0.0,0.0,0.0,0.0,0.0
138,Housing Prices,Home Value 100000 to 124999,38.0,12.0,21.0,29.0,19.0,26.0,23.0,13.0,9.0,22.0,0.0,0.0,0.0,0.0,0.0,12.0
139,Housing Prices,"Home Value 1000000 to 1499999 (1000000 or more, DEC2000 and ACS2009-2014)",430.0,761.0,762.0,640.0,761.0,687.0,203.0,273.0,333.0,1588.0,387.0,489.0,413.0,331.0,351.0,262.0
140,Housing Prices,Home Value 125000 to 149999,19.0,0.0,0.0,0.0,0.0,0.0,0.0,0.0,0.0,0.0,0.0,0.0,0.0,0.0,0.0,0.0
141,Housing Prices,Home Value 15000 to 19999 ,0.0,0.0,0.0,0.0,0.0,0.0,0.0,0.0,0.0,0.0,0.0,0.0,0.0,0.0,0.0,0.0
142,Housing Prices,Home Value 150000 to 174999,22.0,0.0,0.0,0.0,0.0,0.0,0.0,0.0,0.0,24.0,0.0,0.0,0.0,0.0,0.0,0.0
144,Housing Prices,Home Value 175000 to 199999,68.0,9.0,0.0,0.0,0.0,0.0,0.0,0.0,0.0,13.0,0.0,0.0,0.0,0.0,0.0,0.0
145,Housing Prices,Home Value 20000 to 24999 ,8.0,0.0,0.0,0.0,0.0,0.0,0.0,0.0,0.0,0.0,0.0,0.0,0.0,0.0,0.0,0.0
146,Housing Prices,Home Value 200000 to 249999,102.0,107.0,174.0,88.0,94.0,58.0,60.0,17.0,0.0,23.0,0.0,0.0,0.0,0.0,8.0,10.0
148,Housing Prices,Home Value 25000 to 29999 ,0.0,0.0,0.0,0.0,0.0,0.0,0.0,0.0,0.0,0.0,0.0,0.0,0.0,0.0,0.0,0.0
149,Housing Prices,Home Value 250000 to 299999,105.0,52.0,38.0,36.0,32.0,49.0,22.0,21.0,24.0,9.0,0.0,0.0,27.0,30.0,26.0,36.0
150,Housing Prices,Home Value 30000 to 34999 ,0.0,0.0,0.0,0.0,0.0,0.0,0.0,0.0,0.0,0.0,0.0,0.0,0.0,0.0,0.0,0.0
151,Housing Prices,Home Value 300000 to 399999,235.0,70.0,35.0,46.0,45.0,97.0,108.0,111.0,145.0,71.0,66.0,45.0,37.0,0.0,0.0,23.0
152,Housing Prices,Home Value 35000 to 39999 ,0.0,0.0,0.0,0.0,0.0,0.0,0.0,0.0,0.0,0.0,0.0,0.0,0.0,0.0,0.0,0.0
153,Housing Prices,Home Value 40000 to 49999 ,0.0,0.0,0.0,0.0,0.0,0.0,0.0,0.0,0.0,0.0,0.0,0.0,0.0,0.0,0.0,0.0
154,Housing Prices,Home Value 400000 to 499999,164.0,234.0,257.0,149.0,117.0,102.0,141.0,110.0,121.0,198.0,119.0,122.0,122.0,69.0,48.0,48.0
155,Housing Prices,Home Value 50000 to 59999 ,0.0,0.0,0.0,0.0,0.0,18.0,16.0,15.0,13.0,15.0,0.0,0.0,0.0,0.0,0.0,0.0
156,Housing Prices,Home Value 500000 to 749999,391.0,496.0,438.0,506.0,496.0,476.0,519.0,537.0,473.0,916.0,537.0,446.0,454.0,245.0,191.0,274.0
157,Housing Prices,Home Value 60000 to 69999 ,0.0,0.0,0.0,0.0,0.0,0.0,0.0,0.0,0.0,0.0,0.0,0.0,0.0,0.0,0.0,0.0
158,Housing Prices,Home Value 70000 to 79999 ,0.0,14.0,17.0,0.0,0.0,0.0,0.0,0.0,0.0,0.0,0.0,0.0,0.0,0.0,0.0,0.0
159,Housing Prices,Home Value 750000 to 999999,200.0,282.0,365.0,300.0,330.0,350.0,356.0,291.0,303.0,1323.0,175.0,165.0,153.0,293.0,345.0,379.0
160,Housing Prices,Home Value 80000 to 89999 ,17.0,0.0,0.0,0.0,0.0,0.0,18.0,17.0,17.0,18.0,18.0,0.0,0.0,0.0,0.0,0.0
161,Housing Prices,Home Value 90000 to 99999 ,10.0,0.0,0.0,0.0,0.0,0.0,0.0,0.0,0.0,17.0,0.0,0.0,0.0,0.0,0.0,0.0
162,Housing Prices,Home Value Less than 10000,9.0,0.0,0.0,0.0,17.0,21.0,28.0,35.0,53.0,63.0,65.0,68.0,52.0,38.0,35.0,15.0
163,Housing Prices,Home Value Total,1834.0,2037.0,2107.0,1794.0,1911.0,1884.0,2017.0,2049.0,2337.0,5265.0,2091.0,2172.0,2016.0,1801.0,1796.0,1852.0
164,Housing Prices,Housing Units with a Mortgage,97.0,1268.0,1285.0,1057.0,1174.0,1018.0,1099.0,1192.0,1270.0,3112.0,1123.0,1093.0,1053.0,921.0,994.0,1020.0
165,Housing Prices,Housing Units with a Mortgage 0 to 30%,42.0,559.0,524.0,568.0,575.0,568.0,565.0,697.0,795.0,1896.0,732.0,697.0,632.0,575.0,583.0,655.0
166,Housing Prices,Housing Units with a Mortgage 30-50%,25.0,333.0,337.0,234.0,246.0,180.0,223.0,236.0,227.0,686.0,234.0,224.0,209.0,163.0,217.0,177.0
167,Housing Prices,Housing Units with a Mortgage 50%+,30.0,365.0,412.0,249.0,345.0,254.0,292.0,238.0,238.0,515.0,147.0,127.0,166.0,132.0,145.0,150.0
168,Housing Prices,"Housing Units with a Mortgage 50%+ by Race, American Indian and Alaska Native Alone",0.0,0.0,0.0,0.0,0.0,0.0,0.0,0.0,0.0,0.0,0.0,0.0,0.0,0.0,0.0,0.0
169,Housing Prices,"Housing Units with a Mortgage 50%+ by Race, Asian Alone",10.0,0.0,0.0,0.0,0.0,0.0,0.0,0.0,0.0,0.0,0.0,0.0,0.0,0.0,52.0,60.0
170,Housing Prices,"Housing Units with a Mortgage 50%+ by Race, Black or African American Alone",0.0,0.0,0.0,0.0,0.0,0.0,0.0,0.0,0.0,0.0,0.0,0.0,0.0,0.0,12.0,8.0
171,Housing Prices,"Housing Units with a Mortgage 50%+ by Race, Hispanic or Latino",0.0,0.0,0.0,0.0,0.0,0.0,0.0,0.0,0.0,0.0,0.0,0.0,0.0,0.0,0.0,0.0
172,Housing Prices,"Housing Units with a Mortgage 50%+ by Race, Native Hawaiian and Other Pacific Islander Alone",0.0,0.0,0.0,0.0,0.0,0.0,0.0,0.0,0.0,0.0,0.0,0.0,0.0,0.0,0.0,0.0
173,Housing Prices,"Housing Units with a Mortgage 50%+ by Race, Some Other Race Alone",0.0,0.0,0.0,0.0,0.0,0.0,0.0,0.0,0.0,0.0,0.0,0.0,0.0,0.0,0.0,0.0
174,Housing Prices,"Housing Units with a Mortgage 50%+ by Race, Two or More Races",0.0,0.0,0.0,0.0,0.0,0.0,0.0,0.0,0.0,0.0,0.0,0.0,0.0,0.0,0.0,0.0
175,Housing Prices,"Housing Units with a Mortgage 50%+ by Race, White Alone",20.0,0.0,0.0,0.0,0.0,0.0,0.0,0.0,0.0,0.0,0.0,0.0,0.0,0.0,60.0,71.0
176,Housing Prices,"Housing Units with a Mortgage 50%+ by Race, White Alone, Not Hispanic or Latino",20.0,0.0,0.0,0.0,0.0,0.0,0.0,0.0,0.0,0.0,0.0,0.0,0.0,0.0,60.0,71.0
177,Housing Prices,Housing Units with a Mortgage Not Computed,0.0,11.0,12.0,6.0,8.0,16.0,19.0,21.0,10.0,15.0,10.0,45.0,46.0,51.0,49.0,38.0
178,Housing Prices,"Housing Units with a Mortgage by Race, American Indian and Alaska Native Alone",0.0,0.0,0.0,0.0,0.0,0.0,0.0,0.0,0.0,0.0,0.0,0.0,0.0,0.0,0.0,0.0
179,Housing Prices,"Housing Units with a Mortgage by Race, Asian Alone",0.0,0.0,0.0,0.0,0.0,0.0,0.0,0.0,0.0,0.0,0.0,0.0,0.0,0.0,318.0,325.0
180,Housing Prices,"Housing Units with a Mortgage by Race, Black or African American Alone",0.0,0.0,0.0,0.0,0.0,0.0,0.0,0.0,0.0,0.0,0.0,0.0,0.0,0.0,23.0,25.0
181,Housing Prices,"Housing Units with a Mortgage by Race, Hispanic or Latino",0.0,0.0,0.0,0.0,0.0,0.0,0.0,0.0,0.0,0.0,0.0,0.0,0.0,0.0,0.0,0.0
182,Housing Prices,"Housing Units with a Mortgage by Race, Native Hawaiian and Other Pacific Islander Alone",0.0,0.0,0.0,0.0,0.0,0.0,0.0,0.0,0.0,0.0,0.0,0.0,0.0,0.0,0.0,0.0
183,Housing Prices,"Housing Units with a Mortgage by Race, Some Other Race Alone",0.0,0.0,0.0,0.0,0.0,0.0,0.0,0.0,0.0,0.0,0.0,0.0,0.0,0.0,0.0,0.0
184,Housing Prices,"Housing Units with a Mortgage by Race, Two or More Races",0.0,0.0,0.0,0.0,0.0,0.0,0.0,0.0,0.0,0.0,0.0,0.0,0.0,0.0,48.0,91.0
185,Housing Prices,"Housing Units with a Mortgage by Race, White Alone",0.0,0.0,0.0,0.0,0.0,0.0,0.0,0.0,0.0,0.0,0.0,0.0,0.0,0.0,605.0,579.0
186,Housing Prices,"Housing Units with a Mortgage by Race, White Alone, Not Hispanic or Latino",0.0,0.0,0.0,0.0,0.0,0.0,0.0,0.0,0.0,0.0,0.0,0.0,0.0,0.0,605.0,579.0
187,Housing Prices,Housing Units without a Mortgage,131.0,769.0,822.0,737.0,737.0,866.0,918.0,857.0,1067.0,2153.0,968.0,1079.0,963.0,880.0,802.0,832.0
188,Housing Prices,Housing Units without a Mortgage 0 to 30%,131.0,471.0,592.0,542.0,550.0,672.0,749.0,666.0,834.0,1785.0,708.0,724.0,593.0,532.0,441.0,467.0
189,Housing Prices,Housing Units without a Mortgage 30-50%,0.0,84.0,78.0,57.0,64.0,52.0,60.0,72.0,116.0,213.0,83.0,209.0,47.0,8.0,7.0,8.0
190,Housing Prices,Housing Units without a Mortgage 50%+,0.0,189.0,119.0,76.0,69.0,83.0,62.0,81.0,99.0,127.0,177.0,146.0,323.0,332.0,346.0,339.0
191,Housing Prices,"Housing Units without a Mortgage 50%+ by Race, American Indian and Alaska Native Alone",0.0,0.0,0.0,0.0,0.0,0.0,0.0,0.0,0.0,0.0,0.0,0.0,0.0,0.0,0.0,0.0
192,Housing Prices,"Housing Units without a Mortgage 50%+ by Race, Asian Alone",0.0,0.0,0.0,0.0,0.0,0.0,0.0,0.0,0.0,0.0,0.0,0.0,0.0,0.0,87.0,118.0
193,Housing Prices,"Housing Units without a Mortgage 50%+ by Race, Black or African American Alone",0.0,0.0,0.0,0.0,0.0,0.0,0.0,0.0,0.0,0.0,0.0,0.0,0.0,0.0,8.0,0.0
194,Housing Prices,"Housing Units without a Mortgage 50%+ by Race, Hispanic or Latino",0.0,0.0,0.0,0.0,0.0,0.0,0.0,0.0,0.0,0.0,0.0,0.0,0.0,0.0,152.0,152.0
195,Housing Prices,"Housing Units without a Mortgage 50%+ by Race, Native Hawaiian and Other Pacific Islander Alone",0.0,0.0,0.0,0.0,0.0,0.0,0.0,0.0,0.0,0.0,0.0,0.0,0.0,0.0,0.0,0.0
196,Housing Prices,"Housing Units without a Mortgage 50%+ by Race, Some Other Race Alone",0.0,0.0,0.0,0.0,0.0,0.0,0.0,0.0,0.0,0.0,0.0,0.0,0.0,0.0,10.0,10.0
197,Housing Prices,"Housing Units without a Mortgage 50%+ by Race, Two or More Races",0.0,0.0,0.0,0.0,0.0,0.0,0.0,0.0,0.0,0.0,0.0,0.0,0.0,0.0,152.0,152.0
198,Housing Prices,"Housing Units without a Mortgage 50%+ by Race, White Alone",0.0,0.0,0.0,0.0,0.0,0.0,0.0,0.0,0.0,0.0,0.0,0.0,0.0,0.0,89.0,59.0
199,Housing Prices,"Housing Units without a Mortgage 50%+ by Race, White Alone, Not Hispanic or Latino",0.0,0.0,0.0,0.0,0.0,0.0,0.0,0.0,0.0,0.0,0.0,0.0,0.0,0.0,89.0,59.0
200,Housing Prices,Housing Units without a Mortgage Not Computed,0.0,25.0,33.0,62.0,54.0,59.0,47.0,38.0,18.0,28.0,0.0,0.0,0.0,8.0,8.0,18.0
201,Housing Prices,"Housing Units without a Mortgage by Race, American Indian and Alaska Native Alone",0.0,0.0,0.0,0.0,0.0,0.0,0.0,0.0,0.0,0.0,0.0,0.0,0.0,0.0,0.0,0.0
202,Housing Prices,"Housing Units without a Mortgage by Race, Asian Alone",0.0,0.0,0.0,0.0,0.0,0.0,0.0,0.0,0.0,0.0,0.0,0.0,0.0,0.0,289.0,371.0
203,Housing Prices,"Housing Units without a Mortgage by Race, Black or African American Alone",0.0,0.0,0.0,0.0,0.0,0.0,0.0,0.0,0.0,0.0,0.0,0.0,0.0,0.0,8.0,0.0
204,Housing Prices,"Housing Units without a Mortgage by Race, Hispanic or Latino",0.0,0.0,0.0,0.0,0.0,0.0,0.0,0.0,0.0,0.0,0.0,0.0,0.0,0.0,152.0,152.0
205,Housing Prices,"Housing Units without a Mortgage by Race, Native Hawaiian and Other Pacific Islander Alone",0.0,0.0,0.0,0.0,0.0,0.0,0.0,0.0,0.0,0.0,0.0,0.0,0.0,0.0,0.0,0.0
206,Housing Prices,"Housing Units without a Mortgage by Race, Some Other Race Alone",0.0,0.0,0.0,0.0,0.0,0.0,0.0,0.0,0.0,0.0,0.0,0.0,0.0,0.0,10.0,10.0
207,Housing Prices,"Housing Units without a Mortgage by Race, Two or More Races",0.0,0.0,0.0,0.0,0.0,0.0,0.0,0.0,0.0,0.0,0.0,0.0,0.0,0.0,152.0,152.0
208,Housing Prices,"Housing Units without a Mortgage by Race, White Alone",0.0,0.0,0.0,0.0,0.0,0.0,0.0,0.0,0.0,0.0,0.0,0.0,0.0,0.0,343.0,299.0
209,Housing Prices,"Housing Units without a Mortgage by Race, White Alone, Not Hispanic or Latino",0.0,0.0,0.0,0.0,0.0,0.0,0.0,0.0,0.0,0.0,0.0,0.0,0.0,0.0,343.0,299.0
210,Housing Prices,Median Contract Rent,771.9879518072289,1080.6892778993436,1163.2059800664451,1207.6494107744109,1250.2951593860685,1433.3378238341968,1351.5540540540542,1420.6487341772151,1521.7192082111435,1576.8082282680823,1713.9127191346513,1804.843032159265,1872.6832350463355,2033.2323232323236,1972.816706938212,2023.7607537894305
211,Housing Prices,Median Home Value,566496.1636828645,771719.8581560283,800342.4657534247,785833.3333333334,852651.5151515151,932142.4,801615.1685393258,877577.3195876288,1015765.7657657658,984977.3242630386,1084625.322997416,1245398.773006135,1197336.5617433414,1340634.441087613,1349002.849002849,1246183.2061068702
212,Housing Prices,Median Rent,792.8960096735187,1112.0137046861184,1198.024948024948,1253.0590211132435,1314.5653279105236,1394.9274559193957,1390.4931434599157,1445.2649208282585,1546.971450617284,1667.03125,1745.4617205998422,1873.7559498052792,1923.5622672734796,2067.60941370768,2029.67985771454,2083.257090576395
213,Housing Prices,Median Rent as % of Household Income,25.99515698062792,28.41148514851485,26.811355140186915,28.239373297002725,29.47535387177352,29.94324324324324,28.58041697691735,28.741061452513964,26.900409319899243,26.940286771507864,25.753587830080367,25.59102193995381,26.10923473142016,26.35114503816794,26.45799011532125,27.402175602175603
214,Housing Prices,Rent 100 to 149,48.0,0.0,0.0,0.0,15.0,0.0,0.0,22.0,20.0,46.0,0.0,0.0,0.0,0.0,0.0,0.0
215,Housing Prices,Rent 1000 to 1249,1717.0,2262.0,2405.0,2120.0,2122.0,1973.0,1976.0,1836.0,1547.0,841.0,1355.0,1038.0,895.0,832.0,843.0,897.0
216,Housing Prices,Rent 1250 to 1499,990.0,1668.0,1994.0,2084.0,1967.0,1985.0,1896.0,1642.0,1546.0,874.0,1560.0,1659.0,1644.0,876.0,871.0,828.0
217,Housing Prices,Rent 150 to 199,76.0,19.0,21.0,0.0,13.0,45.0,47.0,54.0,22.0,0.0,17.0,14.0,0.0,0.0,0.0,0.0
218,Housing Prices,Rent 1500 to 1999,906.0,1826.0,1995.0,2204.0,2565.0,2743.0,2899.0,2823.0,2592.0,1600.0,2534.0,2311.0,2417.0,2700.0,2831.0,2762.0
219,Housing Prices,Rent 200 to 249,143.0,94.0,38.0,32.0,0.0,7.0,23.0,13.0,68.0,19.0,18.0,0.0,0.0,0.0,26.0,31.0
220,Housing Prices,"Rent 2000 to 2499  (Rent 2000 or more, DEC2000 and ACS2009-2014)",555.0,1273.0,1530.0,2008.0,2354.0,2588.0,1361.0,1496.0,1705.0,1191.0,1953.0,2104.0,2012.0,2422.0,2249.0,2186.0
221,Housing Prices,Rent 250 to 299,132.0,93.0,155.0,205.0,193.0,183.0,270.0,175.0,136.0,171.0,149.0,96.0,143.0,26.0,17.0,0.0
223,Housing Prices,Rent 300 to 349,208.0,153.0,67.0,92.0,92.0,113.0,71.0,94.0,100.0,113.0,57.0,10.0,21.0,135.0,111.0,76.0
225,Housing Prices,Rent 350 to 399,344.0,60.0,64.0,92.0,63.0,69.0,82.0,85.0,37.0,15.0,30.0,45.0,46.0,24.0,37.0,50.0
227,Housing Prices,Rent 400 to 449,393.0,91.0,97.0,74.0,14.0,103.0,90.0,106.0,124.0,147.0,89.0,49.0,43.0,121.0,91.0,95.0
228,Housing Prices,Rent 450 to 499,515.0,283.0,141.0,204.0,267.0,204.0,160.0,144.0,57.0,54.0,11.0,46.0,51.0,17.0,60.0,34.0
229,Housing Prices,Rent 500 to 549,735.0,403.0,217.0,282.0,251.0,228.0,207.0,228.0,65.0,33.0,56.0,74.0,48.0,52.0,66.0,36.0
230,Housing Prices,Rent 550 to 599,683.0,312.0,411.0,409.0,273.0,268.0,177.0,146.0,236.0,40.0,116.0,114.0,39.0,63.0,92.0,29.0
231,Housing Prices,Rent 600 to 649,1046.0,343.0,340.0,283.0,200.0,233.0,212.0,235.0,198.0,14.0,166.0,150.0,154.0,16.0,52.0,195.0
232,Housing Prices,Rent 650 to 699,934.0,372.0,380.0,358.0,232.0,241.0,197.0,148.0,141.0,143.0,221.0,212.0,53.0,104.0,75.0,16.0
233,Housing Prices,Rent 700 to 749,872.0,448.0,309.0,295.0,296.0,326.0,368.0,294.0,148.0,107.0,97.0,51.0,205.0,46.0,59.0,42.0
234,Housing Prices,Rent 750 to 799,827.0,377.0,364.0,336.0,345.0,252.0,214.0,287.0,380.0,149.0,279.0,178.0,43.0,236.0,96.0,52.0
235,Housing Prices,Rent 800 to 899,1430.0,899.0,761.0,729.0,729.0,698.0,712.0,650.0,412.0,198.0,409.0,471.0,473.0,169.0,304.0,266.0
236,Housing Prices,Rent 900 to 999,1163.0,994.0,735.0,720.0,755.0,707.0,633.0,692.0,830.0,350.0,468.0,351.0,284.0,442.0,252.0,209.0
237,Housing Prices,Rent Burdened,0.3861364934323243,0.4257680553321538,0.4014545454545454,0.4232021078735276,0.4383842994066636,0.4473546359350445,0.4267738813193358,0.4315318673127096,0.3885574422517974,0.3828812089681654,0.3587716631194892,0.3566229985443959,0.3905511811023622,0.4013777812970148,0.406660184735051,0.4197852261633583
247,Housing Prices,Rent Less than 100,40.0,61.0,14.0,14.0,10.0,0.0,0.0,17.0,16.0,47.0,19.0,46.0,0.0,0.0,39.0,75.0
248,Housing Prices,Rent Total,14008.0,12434.0,12375.0,12904.0,13146.0,13363.0,13431.0,13415.0,13074.0,8073.0,13156.0,13053.0,12700.0,12629.0,12342.0,12292.0
249,Housing Prices,"Rent Total No cash rent  (No cash rent, DEC2000 and ACS2009-2014)",251.0,403.0,337.0,363.0,390.0,397.0,865.0,1064.0,1174.0,644.0,1504.0,1546.0,1637.0,1147.0,1248.0,1658.0
250,Housing Prices,Rent Total No cash rent (ACS2015-),251.0,0.0,0.0,0.0,0.0,0.0,422.0,398.0,421.0,282.0,434.0,390.0,321.0,256.0,231.0,178.0
251,Housing Prices,Rent Total With cash rent,13757.0,12031.0,12038.0,12541.0,12756.0,12966.0,13009.0,13017.0,12653.0,7791.0,12722.0,12663.0,12379.0,12373.0,12111.0,12114.0
252,Housing Type,10-19 Units,0.1993825722273998,0.1851386110317233,0.1847844852391091,0.2128692836908134,0.2230782598621329,0.234259421049566,0.2314755622711687,0.2412351985140469,0.2357324399260628,0.1119972499140598,0.2225022914757103,0.2167649727767695,0.1964016315583617,0.1804398533822059,0.1673462640511351,0.16810063167066
253,Housing Type,2-4 Units,0.0851584342963653,0.0892254929979994,0.1035276514933532,0.0867202405041336,0.1002143312286392,0.0882404333391577,0.0917649793688615,0.0881123752031576,0.0991797597042513,0.1388105878308697,0.090570577451879,0.1008960980036297,0.1011342683131251,0.0836943241141841,0.0894864447873043,0.0928446961446308
254,Housing Type,20 Units or More,0.5684412861136999,0.5973135181480423,0.5813431547447776,0.5631034283401746,0.5376238197300585,0.5304910012231348,0.5287964200616029,0.527281170188066,0.5196395563770795,0.2517703678239945,0.5391269477543538,0.521551724137931,0.5515449516678773,0.5860824169721204,0.5954926162662553,0.5980178610324548
255,Housing Type,5-9 Units,0.1187092264678471,0.0985995998856816,0.0978880128906025,0.1018673758455223,0.1046747378787001,0.1129361057720309,0.1136165514034985,0.1188762479684235,0.1194547134935305,0.1009969061533172,0.1178964252978918,0.1253970054446461,0.1147119628988098,0.1172386982117072,0.1231540665638086,0.1152254410803746
256,Housing Type,Other Type,0.0004077353215284,0.0006287510717347,0.0006905679921735,0.0,0.0022591670045762,0.0022715359077406,0.0020340559074795,0.0018574413745066,0.0016751386321626,0.0,0.0,0.0,0.0,0.0010552038209485,0.0004408199250606,0.0004900893051622
257,Housing Type,Single Family Housing,0.0279007455731593,0.0290940268648185,0.0317661276399838,0.0354396716193559,0.0321496842958929,0.0318015027083697,0.0323124309873888,0.0226375667517993,0.0243183918669131,0.3964248882777587,0.0299037580201649,0.0353901996370235,0.036207185561826,0.0314895034988337,0.0240797884064359,0.0253212807667174
258,Income,Household Income 10000 to 14999,970.0,959.0,882.0,915.0,998.0,888.0,1045.0,955.0,867.0,571.0,839.0,680.0,595.0,517.0,562.0,519.0
259,Income,"Household Income 10000 to 14999 by Race, American Indian and Alaska Native Alone",6.0,0.0,0.0,0.0,0.0,0.0,0.0,0.0,0.0,0.0,0.0,0.0,0.0,0.0,0.0,12.0
260,Income,"Household Income 10000 to 14999 by Race, Asian Alone",313.0,487.0,417.0,402.0,406.0,362.0,457.0,419.0,455.0,207.0,444.0,317.0,272.0,234.0,323.0,285.0
261,Income,"Household Income 10000 to 14999 by Race, Black or African American Alone",39.0,0.0,0.0,0.0,15.0,60.0,63.0,81.0,82.0,121.0,30.0,61.0,75.0,34.0,21.0,25.0
262,Income,"Household Income 10000 to 14999 by Race, Hispanic or Latino",55.0,46.0,49.0,45.0,47.0,33.0,104.0,87.0,52.0,39.0,108.0,64.0,36.0,52.0,54.0,65.0
263,Income,"Household Income 10000 to 14999 by Race, Native Hawaiian and Other Pacific Islander Alone",0.0,0.0,0.0,0.0,0.0,0.0,0.0,0.0,0.0,21.0,0.0,0.0,0.0,0.0,0.0,0.0
264,Income,"Household Income 10000 to 14999 by Race, Some Other Race Alone",13.0,41.0,54.0,41.0,68.0,0.0,14.0,13.0,13.0,8.0,31.0,16.0,19.0,52.0,76.0,75.0
265,Income,"Household Income 10000 to 14999 by Race, Two or More Races",17.0,41.0,29.0,31.0,16.0,17.0,7.0,8.0,9.0,30.0,38.0,49.0,51.0,46.0,30.0,51.0
266,Income,"Household Income 10000 to 14999 by Race, White Alone",582.0,390.0,382.0,441.0,493.0,449.0,504.0,434.0,308.0,184.0,296.0,237.0,178.0,151.0,112.0,71.0
267,Income,"Household Income 10000 to 14999 by Race, White Alone, Not Hispanic or Latino",549.0,344.0,333.0,396.0,446.0,416.0,414.0,360.0,269.0,153.0,219.0,189.0,161.0,151.0,112.0,71.0
268,Income,Household Income 100000 to 124999,912.0,1161.0,1271.0,1198.0,1198.0,1205.0,1466.0,1628.0,1706.0,962.0,1626.0,1169.0,1400.0,1180.0,1345.0,1371.0
269,Income,"Household Income 100000 to 124999 by Race, American Indian and Alaska Native Alone",0.0,0.0,0.0,0.0,0.0,0.0,0.0,0.0,0.0,0.0,0.0,0.0,0.0,3.0,5.0,0.0
270,Income,"Household Income 100000 to 124999 by Race, Asian Alone",159.0,314.0,361.0,319.0,265.0,179.0,303.0,306.0,438.0,254.0,468.0,312.0,488.0,359.0,468.0,488.0
271,Income,"Household Income 100000 to 124999 by Race, Black or African American Alone",16.0,0.0,0.0,0.0,0.0,0.0,0.0,17.0,25.0,23.0,52.0,45.0,23.0,11.0,93.0,155.0
272,Income,"Household Income 100000 to 124999 by Race, Hispanic or Latino",26.0,44.0,40.0,106.0,78.0,24.0,61.0,95.0,79.0,72.0,170.0,91.0,78.0,61.0,17.0,70.0
273,Income,"Household Income 100000 to 124999 by Race, Native Hawaiian and Other Pacific Islander Alone",7.0,0.0,0.0,0.0,0.0,0.0,0.0,0.0,0.0,10.0,0.0,0.0,0.0,0.0,0.0,0.0
274,Income,"Household Income 100000 to 124999 by Race, Some Other Race Alone",6.0,0.0,0.0,27.0,26.0,24.0,25.0,24.0,0.0,5.0,9.0,8.0,24.0,9.0,2.0,48.0
275,Income,"Household Income 100000 to 124999 by Race, Two or More Races",46.0,70.0,66.0,60.0,27.0,35.0,29.0,30.0,36.0,75.0,24.0,65.0,80.0,55.0,111.0,112.0
276,Income,"Household Income 100000 to 124999 by Race, White Alone",678.0,777.0,844.0,792.0,880.0,967.0,1109.0,1251.0,1207.0,595.0,1073.0,739.0,785.0,743.0,666.0,568.0
277,Income,"Household Income 100000 to 124999 by Race, White Alone, Not Hispanic or Latino",658.0,777.0,844.0,741.0,833.0,967.0,1073.0,1180.0,1128.0,547.0,932.0,656.0,717.0,694.0,666.0,530.0
278,Income,Household Income 125000 to 149999,377.0,498.0,520.0,527.0,571.0,706.0,669.0,830.0,791.0,1063.0,1107.0,1360.0,1156.0,846.0,614.0,651.0
279,Income,"Household Income 125000 to 149999 by Race, American Indian and Alaska Native Alone",0.0,0.0,0.0,0.0,0.0,0.0,0.0,0.0,0.0,0.0,0.0,0.0,0.0,0.0,0.0,0.0
280,Income,"Household Income 125000 to 149999 by Race, Asian Alone",92.0,122.0,110.0,91.0,119.0,186.0,171.0,231.0,170.0,293.0,263.0,313.0,284.0,206.0,232.0,271.0
281,Income,"Household Income 125000 to 149999 by Race, Black or African American Alone",15.0,5.0,9.0,9.0,0.0,0.0,0.0,0.0,0.0,24.0,0.0,0.0,11.0,26.0,24.0,13.0
282,Income,"Household Income 125000 to 149999 by Race, Hispanic or Latino",29.0,0.0,0.0,37.0,62.0,142.0,117.0,131.0,58.0,144.0,91.0,87.0,87.0,116.0,30.0,22.0
283,Income,"Household Income 125000 to 149999 by Race, Native Hawaiian and Other Pacific Islander Alone",0.0,0.0,0.0,0.0,0.0,0.0,0.0,0.0,0.0,0.0,0.0,0.0,0.0,0.0,0.0,0.0
284,Income,"Household Income 125000 to 149999 by Race, Some Other Race Alone",10.0,0.0,0.0,0.0,0.0,0.0,0.0,0.0,20.0,34.0,34.0,37.0,61.0,95.0,0.0,0.0
285,Income,"Household Income 125000 to 149999 by Race, Two or More Races",0.0,11.0,16.0,39.0,42.0,43.0,43.0,21.0,17.0,130.0,19.0,18.0,40.0,41.0,36.0,107.0
286,Income,"Household Income 125000 to 149999 by Race, White Alone",260.0,360.0,385.0,388.0,410.0,477.0,455.0,578.0,584.0,582.0,791.0,992.0,760.0,478.0,322.0,260.0
287,Income,"Household Income 125000 to 149999 by Race, White Alone, Not Hispanic or Latino",241.0,360.0,385.0,376.0,373.0,361.0,360.0,462.0,546.0,548.0,717.0,928.0,717.0,468.0,303.0,260.0
288,Income,Household Income 15000 to 19999,921.0,1013.0,724.0,755.0,642.0,817.0,657.0,742.0,569.0,430.0,330.0,325.0,256.0,332.0,255.0,529.0
289,Income,"Household Income 15000 to 19999 by Race, American Indian and Alaska Native Alone",11.0,0.0,0.0,0.0,0.0,0.0,0.0,0.0,0.0,0.0,0.0,0.0,0.0,0.0,0.0,5.0
290,Income,"Household Income 15000 to 19999 by Race, Asian Alone",344.0,386.0,309.0,384.0,290.0,318.0,237.0,292.0,156.0,212.0,146.0,137.0,103.0,58.0,80.0,175.0
291,Income,"Household Income 15000 to 19999 by Race, Black or African American Alone",25.0,13.0,15.0,17.0,12.0,35.0,15.0,13.0,0.0,47.0,0.0,0.0,0.0,46.0,44.0,41.0
292,Income,"Household Income 15000 to 19999 by Race, Hispanic or Latino",59.0,90.0,67.0,63.0,18.0,78.0,77.0,104.0,84.0,27.0,21.0,30.0,20.0,135.0,93.0,123.0
293,Income,"Household Income 15000 to 19999 by Race, Native Hawaiian and Other Pacific Islander Alone",0.0,0.0,0.0,0.0,0.0,0.0,0.0,0.0,0.0,0.0,0.0,0.0,0.0,0.0,0.0,0.0
294,Income,"Household Income 15000 to 19999 by Race, Some Other Race Alone",38.0,36.0,20.0,19.0,18.0,29.0,22.0,22.0,25.0,10.0,0.0,0.0,0.0,59.0,17.0,66.0
295,Income,"Household Income 15000 to 19999 by Race, Two or More Races",81.0,39.0,23.0,8.0,39.0,51.0,48.0,45.0,35.0,23.0,0.0,0.0,0.0,0.0,0.0,0.0
296,Income,"Household Income 15000 to 19999 by Race, White Alone",422.0,539.0,357.0,327.0,283.0,384.0,335.0,370.0,353.0,138.0,184.0,188.0,153.0,169.0,114.0,242.0
297,Income,"Household Income 15000 to 19999 by Race, White Alone, Not Hispanic or Latino",413.0,463.0,302.0,274.0,273.0,321.0,280.0,288.0,294.0,127.0,163.0,158.0,133.0,93.0,38.0,185.0
298,Income,Household Income 150000 to 199999,554.0,601.0,845.0,1034.0,1191.0,1092.0,1377.0,1458.0,1711.0,1552.0,1595.0,1642.0,1636.0,1606.0,1505.0,1473.0
299,Income,"Household Income 150000 to 199999 by Race, American Indian and Alaska Native Alone",13.0,0.0,0.0,0.0,0.0,0.0,0.0,0.0,0.0,0.0,0.0,0.0,0.0,0.0,0.0,0.0
300,Income,"Household Income 150000 to 199999 by Race, Asian Alone",70.0,121.0,228.0,262.0,379.0,364.0,417.0,403.0,490.0,718.0,379.0,349.0,324.0,220.0,269.0,354.0
301,Income,"Household Income 150000 to 199999 by Race, Black or African American Alone",0.0,0.0,0.0,0.0,19.0,59.0,73.0,55.0,71.0,52.0,62.0,44.0,49.0,0.0,0.0,10.0
302,Income,"Household Income 150000 to 199999 by Race, Hispanic or Latino",29.0,46.0,53.0,33.0,58.0,33.0,71.0,119.0,205.0,110.0,184.0,198.0,155.0,151.0,135.0,158.0
303,Income,"Household Income 150000 to 199999 by Race, Native Hawaiian and Other Pacific Islander Alone",0.0,0.0,0.0,0.0,0.0,0.0,0.0,0.0,0.0,5.0,0.0,0.0,0.0,0.0,0.0,0.0
304,Income,"Household Income 150000 to 199999 by Race, Some Other Race Alone",16.0,13.0,15.0,15.0,5.0,3.0,0.0,21.0,32.0,7.0,21.0,39.0,0.0,47.0,116.0,106.0
305,Income,"Household Income 150000 to 199999 by Race, Two or More Races",0.0,19.0,10.0,0.0,0.0,21.0,62.0,60.0,102.0,113.0,109.0,69.0,48.0,90.0,122.0,134.0
306,Income,"Household Income 150000 to 199999 by Race, White Alone",455.0,448.0,592.0,757.0,788.0,645.0,825.0,919.0,1016.0,657.0,1024.0,1141.0,1215.0,1249.0,998.0,869.0
307,Income,"Household Income 150000 to 199999 by Race, White Alone, Not Hispanic or Latino",455.0,415.0,554.0,739.0,735.0,615.0,791.0,859.0,886.0,626.0,896.0,982.0,1060.0,1120.0,978.0,869.0
308,Income,Household Income 20000 to 24999,1048.0,733.0,827.0,896.0,952.0,914.0,630.0,689.0,602.0,506.0,431.0,319.0,473.0,415.0,447.0,391.0
309,Income,"Household Income 20000 to 24999 by Race, American Indian and Alaska Native Alone",0.0,0.0,0.0,0.0,0.0,0.0,0.0,0.0,0.0,19.0,0.0,0.0,0.0,0.0,0.0,0.0
310,Income,"Household Income 20000 to 24999 by Race, Asian Alone",318.0,213.0,230.0,356.0,334.0,221.0,197.0,218.0,177.0,84.0,138.0,100.0,166.0,197.0,199.0,146.0
311,Income,"Household Income 20000 to 24999 by Race, Black or African American Alone",46.0,15.0,15.0,30.0,33.0,177.0,33.0,87.0,68.0,40.0,30.0,64.0,47.0,0.0,0.0,0.0
312,Income,"Household Income 20000 to 24999 by Race, Hispanic or Latino",81.0,24.0,75.0,84.0,77.0,82.0,70.0,34.0,42.0,23.0,10.0,10.0,81.0,16.0,63.0,67.0
313,Income,"Household Income 20000 to 24999 by Race, Native Hawaiian and Other Pacific Islander Alone",0.0,0.0,0.0,0.0,0.0,0.0,0.0,0.0,0.0,0.0,0.0,0.0,0.0,0.0,0.0,0.0
314,Income,"Household Income 20000 to 24999 by Race, Some Other Race Alone",20.0,14.0,26.0,0.0,11.0,19.0,22.0,19.0,25.0,10.0,0.0,0.0,18.0,16.0,63.0,67.0
315,Income,"Household Income 20000 to 24999 by Race, Two or More Races",82.0,17.0,74.0,122.0,103.0,109.0,115.0,68.0,21.0,55.0,11.0,0.0,63.0,19.0,0.0,34.0
316,Income,"Household Income 20000 to 24999 by Race, White Alone",582.0,474.0,482.0,388.0,471.0,388.0,263.0,297.0,311.0,298.0,252.0,155.0,179.0,183.0,185.0,144.0
317,Income,"Household Income 20000 to 24999 by Race, White Alone, Not Hispanic or Latino",557.0,450.0,463.0,362.0,450.0,366.0,245.0,272.0,278.0,285.0,242.0,145.0,179.0,183.0,185.0,144.0
318,Income,Household Income 25000 to 29999,1169.0,567.0,445.0,320.0,440.0,588.0,552.0,591.0,541.0,430.0,401.0,410.0,485.0,411.0,523.0,590.0
319,Income,"Household Income 25000 to 29999 by Race, American Indian and Alaska Native Alone",4.0,26.0,18.0,19.0,0.0,0.0,0.0,0.0,0.0,0.0,0.0,0.0,0.0,0.0,0.0,0.0
320,Income,"Household Income 25000 to 29999 by Race, Asian Alone",318.0,295.0,185.0,98.0,185.0,199.0,202.0,234.0,188.0,177.0,172.0,129.0,58.0,49.0,26.0,122.0
321,Income,"Household Income 25000 to 29999 by Race, Black or African American Alone",26.0,0.0,0.0,0.0,0.0,0.0,0.0,0.0,0.0,38.0,0.0,0.0,21.0,79.0,49.0,52.0
322,Income,"Household Income 25000 to 29999 by Race, Hispanic or Latino",110.0,49.0,18.0,34.0,100.0,97.0,100.0,136.0,114.0,96.0,28.0,46.0,160.0,212.0,268.0,269.0
323,Income,"Household Income 25000 to 29999 by Race, Native Hawaiian and Other Pacific Islander Alone",0.0,0.0,0.0,0.0,0.0,0.0,0.0,0.0,0.0,0.0,0.0,0.0,0.0,0.0,0.0,0.0
324,Income,"Household Income 25000 to 29999 by Race, Some Other Race Alone",27.0,0.0,0.0,15.0,42.0,28.0,23.0,41.0,27.0,69.0,0.0,0.0,0.0,0.0,38.0,57.0
325,Income,"Household Income 25000 to 29999 by Race, Two or More Races",38.0,0.0,0.0,16.0,23.0,27.0,8.0,26.0,27.0,19.0,19.0,46.0,160.0,221.0,265.0,228.0
326,Income,"Household Income 25000 to 29999 by Race, White Alone",756.0,246.0,242.0,172.0,190.0,334.0,319.0,290.0,299.0,127.0,210.0,235.0,246.0,62.0,145.0,131.0
327,Income,"Household Income 25000 to 29999 by Race, White Alone, Not Hispanic or Latino",673.0,215.0,242.0,172.0,132.0,265.0,242.0,212.0,228.0,119.0,201.0,235.0,236.0,62.0,145.0,131.0
328,Income,Household Income 30000 to 34999,963.0,595.0,765.0,838.0,711.0,536.0,504.0,313.0,352.0,273.0,327.0,252.0,235.0,301.0,337.0,342.0
329,Income,"Household Income 30000 to 34999 by Race, American Indian and Alaska Native Alone",0.0,0.0,0.0,0.0,0.0,0.0,0.0,0.0,0.0,0.0,0.0,0.0,0.0,0.0,0.0,0.0
330,Income,"Household Income 30000 to 34999 by Race, Asian Alone",345.0,213.0,275.0,264.0,222.0,116.0,105.0,107.0,115.0,108.0,157.0,109.0,86.0,46.0,95.0,104.0
331,Income,"Household Income 30000 to 34999 by Race, Black or African American Alone",51.0,36.0,36.0,35.0,0.0,7.0,7.0,7.0,20.0,14.0,14.0,15.0,16.0,0.0,17.0,17.0
332,Income,"Household Income 30000 to 34999 by Race, Hispanic or Latino",42.0,62.0,75.0,62.0,22.0,25.0,27.0,7.0,37.0,42.0,0.0,0.0,0.0,28.0,38.0,34.0
333,Income,"Household Income 30000 to 34999 by Race, Native Hawaiian and Other Pacific Islander Alone",7.0,0.0,0.0,0.0,0.0,0.0,0.0,0.0,0.0,0.0,0.0,0.0,0.0,0.0,0.0,0.0
334,Income,"Household Income 30000 to 34999 by Race, Some Other Race Alone",0.0,0.0,18.0,16.0,15.0,16.0,17.0,0.0,0.0,42.0,0.0,0.0,0.0,21.0,18.0,0.0
335,Income,"Household Income 30000 to 34999 by Race, Two or More Races",15.0,16.0,23.0,22.0,0.0,0.0,0.0,0.0,0.0,0.0,0.0,9.0,7.0,7.0,11.0,35.0
336,Income,"Household Income 30000 to 34999 by Race, White Alone",545.0,330.0,413.0,501.0,474.0,397.0,375.0,199.0,217.0,109.0,156.0,119.0,126.0,227.0,196.0,186.0
337,Income,"Household Income 30000 to 34999 by Race, White Alone, Not Hispanic or Latino",517.0,268.0,356.0,455.0,467.0,388.0,365.0,192.0,180.0,109.0,156.0,119.0,126.0,220.0,187.0,177.0
338,Income,Household Income 35000 to 39999,935.0,597.0,547.0,490.0,607.0,883.0,792.0,766.0,630.0,210.0,222.0,350.0,420.0,308.0,195.0,217.0
339,Income,"Household Income 35000 to 39999 by Race, American Indian and Alaska Native Alone",0.0,0.0,0.0,0.0,0.0,0.0,0.0,0.0,0.0,0.0,0.0,0.0,0.0,0.0,0.0,0.0
340,Income,"Household Income 35000 to 39999 by Race, Asian Alone",231.0,256.0,116.0,81.0,98.0,233.0,227.0,237.0,232.0,74.0,48.0,138.0,168.0,147.0,95.0,79.0
341,Income,"Household Income 35000 to 39999 by Race, Black or African American Alone",18.0,42.0,33.0,22.0,11.0,27.0,29.0,13.0,11.0,34.0,0.0,0.0,2.0,1.0,0.0,0.0
342,Income,"Household Income 35000 to 39999 by Race, Hispanic or Latino",64.0,75.0,91.0,58.0,81.0,31.0,30.0,28.0,28.0,31.0,43.0,49.0,61.0,0.0,14.0,54.0
343,Income,"Household Income 35000 to 39999 by Race, Native Hawaiian and Other Pacific Islander Alone",9.0,0.0,0.0,0.0,0.0,0.0,0.0,0.0,0.0,0.0,0.0,0.0,0.0,0.0,0.0,0.0
344,Income,"Household Income 35000 to 39999 by Race, Some Other Race Alone",8.0,45.0,47.0,29.0,32.0,18.0,0.0,0.0,0.0,24.0,0.0,0.0,10.0,0.0,0.0,34.0
345,Income,"Household Income 35000 to 39999 by Race, Two or More Races",37.0,38.0,0.0,7.0,7.0,10.0,12.0,0.0,0.0,1.0,0.0,0.0,0.0,0.0,21.0,26.0
346,Income,"Household Income 35000 to 39999 by Race, White Alone",632.0,216.0,351.0,351.0,459.0,595.0,524.0,516.0,387.0,77.0,174.0,212.0,240.0,160.0,79.0,78.0
347,Income,"Household Income 35000 to 39999 by Race, White Alone, Not Hispanic or Latino",607.0,200.0,336.0,340.0,431.0,582.0,494.0,488.0,359.0,71.0,131.0,163.0,189.0,160.0,79.0,78.0
348,Income,Household Income 40000 to 44999,888.0,622.0,585.0,550.0,466.0,484.0,509.0,419.0,275.0,643.0,371.0,356.0,457.0,304.0,426.0,420.0
349,Income,"Household Income 40000 to 44999 by Race, American Indian and Alaska Native Alone",0.0,0.0,0.0,0.0,0.0,0.0,0.0,0.0,0.0,0.0,0.0,0.0,0.0,0.0,0.0,0.0
350,Income,"Household Income 40000 to 44999 by Race, Asian Alone",233.0,179.0,176.0,201.0,207.0,161.0,140.0,120.0,51.0,265.0,64.0,55.0,116.0,156.0,153.0,135.0
351,Income,"Household Income 40000 to 44999 by Race, Black or African American Alone",7.0,40.0,36.0,65.0,43.0,31.0,81.0,67.0,62.0,100.0,73.0,145.0,153.0,0.0,2.0,1.0
352,Income,"Household Income 40000 to 44999 by Race, Hispanic or Latino",39.0,40.0,56.0,78.0,67.0,91.0,69.0,0.0,0.0,79.0,38.0,20.0,18.0,30.0,9.0,24.0
353,Income,"Household Income 40000 to 44999 by Race, Native Hawaiian and Other Pacific Islander Alone",0.0,0.0,0.0,0.0,0.0,0.0,0.0,0.0,0.0,0.0,0.0,0.0,0.0,0.0,0.0,0.0
354,Income,"Household Income 40000 to 44999 by Race, Some Other Race Alone",10.0,0.0,0.0,18.0,18.0,0.0,0.0,0.0,0.0,42.0,9.0,7.0,8.0,9.0,9.0,10.0
355,Income,"Household Income 40000 to 44999 by Race, Two or More Races",25.0,0.0,0.0,0.0,0.0,0.0,0.0,10.0,0.0,18.0,0.0,0.0,18.0,0.0,0.0,14.0
356,Income,"Household Income 40000 to 44999 by Race, White Alone",613.0,403.0,373.0,266.0,198.0,292.0,288.0,222.0,162.0,218.0,225.0,149.0,162.0,139.0,262.0,260.0
357,Income,"Household Income 40000 to 44999 by Race, White Alone, Not Hispanic or Latino",584.0,363.0,317.0,222.0,162.0,242.0,238.0,222.0,162.0,181.0,187.0,129.0,144.0,118.0,262.0,260.0
358,Income,Household Income 45000 to 49999,812.0,522.0,385.0,353.0,496.0,464.0,563.0,556.0,578.0,229.0,380.0,407.0,286.0,428.0,413.0,312.0
359,Income,"Household Income 45000 to 49999 by Race, American Indian and Alaska Native Alone",0.0,0.0,0.0,11.0,42.0,39.0,37.0,27.0,0.0,0.0,0.0,0.0,0.0,0.0,0.0,0.0
360,Income,"Household Income 45000 to 49999 by Race, Asian Alone",299.0,157.0,115.0,61.0,73.0,69.0,85.0,79.0,158.0,38.0,80.0,134.0,42.0,40.0,114.0,153.0
361,Income,"Household Income 45000 to 49999 by Race, Black or African American Alone",7.0,30.0,27.0,0.0,0.0,0.0,7.0,7.0,0.0,6.0,0.0,0.0,0.0,161.0,162.0,0.0
362,Income,"Household Income 45000 to 49999 by Race, Hispanic or Latino",11.0,30.0,22.0,35.0,52.0,34.0,35.0,62.0,39.0,89.0,63.0,21.0,0.0,8.0,0.0,6.0
363,Income,"Household Income 45000 to 49999 by Race, Native Hawaiian and Other Pacific Islander Alone",0.0,32.0,26.0,20.0,21.0,0.0,0.0,0.0,0.0,11.0,0.0,0.0,0.0,0.0,0.0,0.0
364,Income,"Household Income 45000 to 49999 by Race, Some Other Race Alone",6.0,0.0,0.0,0.0,0.0,0.0,0.0,25.0,39.0,65.0,41.0,0.0,0.0,10.0,13.0,6.0
365,Income,"Household Income 45000 to 49999 by Race, Two or More Races",8.0,11.0,0.0,0.0,9.0,24.0,36.0,44.0,49.0,20.0,23.0,50.0,28.0,18.0,55.0,19.0
366,Income,"Household Income 45000 to 49999 by Race, White Alone",492.0,292.0,217.0,261.0,351.0,332.0,398.0,374.0,332.0,89.0,236.0,223.0,216.0,199.0,69.0,134.0
367,Income,"Household Income 45000 to 49999 by Race, White Alone, Not Hispanic or Latino",487.0,262.0,195.0,226.0,327.0,322.0,388.0,364.0,332.0,65.0,214.0,202.0,216.0,191.0,69.0,134.0
368,Income,Household Income 50000 to 59999,1133.0,1215.0,1298.0,1296.0,1058.0,946.0,904.0,825.0,786.0,650.0,964.0,859.0,826.0,777.0,561.0,600.0
369,Income,"Household Income 50000 to 59999 by Race, American Indian and Alaska Native Alone",8.0,0.0,0.0,0.0,0.0,0.0,0.0,15.0,68.0,27.0,34.0,22.0,30.0,11.0,0.0,0.0
370,Income,"Household Income 50000 to 59999 by Race, Asian Alone",234.0,342.0,333.0,352.0,271.0,260.0,298.0,261.0,229.0,225.0,325.0,283.0,307.0,222.0,219.0,137.0
371,Income,"Household Income 50000 to 59999 by Race, Black or African American Alone",6.0,43.0,118.0,168.0,157.0,144.0,118.0,47.0,61.0,24.0,19.0,13.0,4.0,0.0,0.0,162.0
372,Income,"Household Income 50000 to 59999 by Race, Hispanic or Latino",77.0,168.0,235.0,207.0,181.0,172.0,72.0,94.0,133.0,72.0,129.0,209.0,192.0,175.0,46.0,90.0
373,Income,"Household Income 50000 to 59999 by Race, Native Hawaiian and Other Pacific Islander Alone",20.0,0.0,0.0,0.0,0.0,0.0,0.0,0.0,0.0,0.0,0.0,0.0,0.0,0.0,0.0,0.0
374,Income,"Household Income 50000 to 59999 by Race, Some Other Race Alone",21.0,31.0,12.0,0.0,0.0,0.0,0.0,45.0,43.0,28.0,95.0,175.0,151.0,138.0,27.0,67.0
375,Income,"Household Income 50000 to 59999 by Race, Two or More Races",58.0,31.0,52.0,87.0,97.0,80.0,61.0,44.0,0.0,0.0,15.0,12.0,23.0,51.0,58.0,60.0
376,Income,"Household Income 50000 to 59999 by Race, White Alone",786.0,768.0,783.0,689.0,533.0,462.0,427.0,413.0,385.0,346.0,476.0,354.0,311.0,355.0,257.0,174.0
377,Income,"Household Income 50000 to 59999 by Race, White Alone, Not Hispanic or Latino",746.0,644.0,621.0,547.0,414.0,307.0,373.0,364.0,363.0,329.0,476.0,334.0,290.0,329.0,248.0,161.0
378,Income,Household Income 60000 to 74999,1236.0,1100.0,1434.0,1260.0,1167.0,1083.0,1220.0,858.0,1014.0,1128.0,1240.0,1482.0,1225.0,1049.0,915.0,1005.0
379,Income,"Household Income 60000 to 74999 by Race, American Indian and Alaska Native Alone",0.0,0.0,0.0,0.0,0.0,0.0,0.0,0.0,0.0,0.0,0.0,0.0,0.0,0.0,9.0,11.0
380,Income,"Household Income 60000 to 74999 by Race, Asian Alone",342.0,194.0,354.0,323.0,326.0,292.0,319.0,164.0,174.0,328.0,426.0,353.0,395.0,296.0,163.0,241.0
381,Income,"Household Income 60000 to 74999 by Race, Black or African American Alone",27.0,0.0,19.0,31.0,44.0,16.0,16.0,16.0,0.0,43.0,0.0,24.0,51.0,62.0,99.0,72.0
382,Income,"Household Income 60000 to 74999 by Race, Hispanic or Latino",13.0,58.0,60.0,60.0,34.0,106.0,161.0,124.0,139.0,204.0,94.0,221.0,11.0,57.0,109.0,108.0
383,Income,"Household Income 60000 to 74999 by Race, Native Hawaiian and Other Pacific Islander Alone",0.0,0.0,0.0,0.0,0.0,0.0,0.0,0.0,0.0,0.0,14.0,21.0,16.0,0.0,0.0,0.0
384,Income,"Household Income 60000 to 74999 by Race, Some Other Race Alone",13.0,13.0,13.0,25.0,27.0,47.0,72.0,70.0,57.0,65.0,57.0,30.0,11.0,9.0,105.0,99.0
385,Income,"Household Income 60000 to 74999 by Race, Two or More Races",30.0,136.0,105.0,72.0,15.0,14.0,52.0,47.0,43.0,146.0,87.0,179.0,42.0,83.0,132.0,108.0
386,Income,"Household Income 60000 to 74999 by Race, White Alone",824.0,757.0,943.0,809.0,755.0,714.0,761.0,561.0,740.0,546.0,656.0,875.0,710.0,599.0,407.0,474.0
387,Income,"Household Income 60000 to 74999 by Race, White Alone, Not Hispanic or Latino",824.0,726.0,914.0,788.0,748.0,655.0,672.0,507.0,658.0,448.0,619.0,832.0,710.0,567.0,371.0,442.0
388,Income,Household Income 75000 to 99999,1220.0,1645.0,1548.0,1655.0,1878.0,1852.0,1828.0,1807.0,1781.0,1426.0,1723.0,1517.0,1244.0,1583.0,1732.0,1665.0
389,Income,"Household Income 75000 to 99999 by Race, American Indian and Alaska Native Alone",0.0,20.0,24.0,32.0,9.0,9.0,11.0,0.0,0.0,0.0,22.0,2.0,3.0,0.0,0.0,0.0
390,Income,"Household Income 75000 to 99999 by Race, Asian Alone",188.0,371.0,513.0,451.0,578.0,550.0,594.0,482.0,487.0,514.0,442.0,327.0,269.0,381.0,413.0,368.0
391,Income,"Household Income 75000 to 99999 by Race, Black or African American Alone",36.0,0.0,0.0,60.0,68.0,63.0,46.0,27.0,34.0,25.0,41.0,40.0,47.0,81.0,92.0,163.0
392,Income,"Household Income 75000 to 99999 by Race, Hispanic or Latino",30.0,89.0,85.0,121.0,134.0,155.0,142.0,168.0,180.0,114.0,123.0,61.0,49.0,75.0,135.0,253.0
393,Income,"Household Income 75000 to 99999 by Race, Native Hawaiian and Other Pacific Islander Alone",0.0,0.0,0.0,0.0,0.0,0.0,0.0,0.0,0.0,0.0,0.0,0.0,0.0,6.0,11.0,0.0
394,Income,"Household Income 75000 to 99999 by Race, Some Other Race Alone",0.0,0.0,0.0,0.0,37.0,68.0,68.0,75.0,88.0,22.0,16.0,18.0,6.0,62.0,97.0,60.0
395,Income,"Household Income 75000 to 99999 by Race, Two or More Races",30.0,49.0,64.0,75.0,103.0,133.0,124.0,143.0,104.0,76.0,80.0,123.0,84.0,168.0,205.0,312.0
396,Income,"Household Income 75000 to 99999 by Race, White Alone",966.0,1205.0,947.0,1037.0,1083.0,1029.0,985.0,1080.0,1068.0,789.0,1122.0,1007.0,835.0,885.0,914.0,762.0
397,Income,"Household Income 75000 to 99999 by Race, White Alone, Not Hispanic or Latino",936.0,1116.0,862.0,916.0,986.0,942.0,935.0,1016.0,992.0,716.0,1036.0,954.0,795.0,853.0,880.0,736.0
398,Income,Household Income Greater than 200000,850.0,875.0,971.0,1070.0,1197.0,1331.0,1423.0,1698.0,2064.0,2526.0,2681.0,3187.0,3167.0,3500.0,3501.0,3382.0
399,Income,"Household Income Greater than 200000 by Race, American Indian and Alaska Native Alone",0.0,0.0,0.0,0.0,0.0,0.0,0.0,0.0,0.0,0.0,0.0,0.0,0.0,0.0,0.0,0.0
400,Income,"Household Income Greater than 200000 by Race, Asian Alone",61.0,135.0,166.0,196.0,207.0,218.0,230.0,283.0,393.0,721.0,592.0,633.0,670.0,757.0,784.0,738.0
401,Income,"Household Income Greater than 200000 by Race, Black or African American Alone",42.0,0.0,0.0,0.0,0.0,0.0,0.0,83.0,94.0,119.0,120.0,109.0,22.0,52.0,13.0,32.0
402,Income,"Household Income Greater than 200000 by Race, Hispanic or Latino",10.0,66.0,25.0,55.0,93.0,94.0,95.0,130.0,147.0,214.0,169.0,235.0,239.0,293.0,318.0,307.0
403,Income,"Household Income Greater than 200000 by Race, Native Hawaiian and Other Pacific Islander Alone",0.0,0.0,0.0,0.0,0.0,0.0,0.0,0.0,0.0,0.0,0.0,0.0,0.0,0.0,0.0,0.0
404,Income,"Household Income Greater than 200000 by Race, Some Other Race Alone",10.0,29.0,0.0,0.0,0.0,0.0,0.0,13.0,10.0,104.0,25.0,48.0,51.0,119.0,90.0,95.0
405,Income,"Household Income Greater than 200000 by Race, Two or More Races",0.0,0.0,0.0,15.0,11.0,10.0,21.0,40.0,43.0,107.0,124.0,334.0,374.0,405.0,374.0,398.0
406,Income,"Household Income Greater than 200000 by Race, White Alone",737.0,711.0,805.0,859.0,979.0,1103.0,1172.0,1279.0,1524.0,1475.0,1820.0,2063.0,2050.0,2167.0,2240.0,2119.0
407,Income,"Household Income Greater than 200000 by Race, White Alone, Not Hispanic or Latino",737.0,674.0,780.0,804.0,886.0,1009.0,1077.0,1180.0,1403.0,1403.0,1733.0,1975.0,1965.0,2077.0,2093.0,1999.0
408,Income,Household Income Less than 10000,1868.0,1768.0,1435.0,1541.0,1485.0,1458.0,1309.0,1329.0,1144.0,739.0,1010.0,910.0,855.0,873.0,807.0,677.0
409,Income,"Household Income Less than 10000 by Race, American Indian and Alaska Native Alone",14.0,0.0,0.0,0.0,14.0,15.0,14.0,12.0,13.0,12.0,0.0,0.0,0.0,0.0,0.0,0.0
410,Income,"Household Income Less than 10000 by Race, Asian Alone",708.0,808.0,719.0,718.0,853.0,787.0,706.0,656.0,540.0,247.0,362.0,351.0,316.0,358.0,349.0,274.0
411,Income,"Household Income Less than 10000 by Race, Black or African American Alone",71.0,14.0,9.0,20.0,21.0,46.0,33.0,19.0,13.0,51.0,77.0,113.0,132.0,150.0,40.0,44.0
412,Income,"Household Income Less than 10000 by Race, Hispanic or Latino",94.0,100.0,87.0,129.0,99.0,123.0,113.0,132.0,136.0,100.0,141.0,104.0,93.0,51.0,99.0,113.0
413,Income,"Household Income Less than 10000 by Race, Native Hawaiian and Other Pacific Islander Alone",9.0,0.0,0.0,0.0,0.0,0.0,0.0,0.0,0.0,0.0,0.0,0.0,0.0,0.0,0.0,0.0
414,Income,"Household Income Less than 10000 by Race, Some Other Race Alone",31.0,13.0,0.0,0.0,0.0,19.0,17.0,17.0,47.0,52.0,32.0,30.0,29.0,11.0,16.0,13.0
415,Income,"Household Income Less than 10000 by Race, Two or More Races",75.0,42.0,57.0,53.0,51.0,27.0,34.0,96.0,105.0,76.0,131.0,73.0,0.0,0.0,20.0,14.0
416,Income,"Household Income Less than 10000 by Race, White Alone",960.0,891.0,650.0,750.0,546.0,564.0,505.0,529.0,426.0,301.0,408.0,343.0,378.0,354.0,382.0,332.0
417,Income,"Household Income Less than 10000 by Race, White Alone, Not Hispanic or Latino",924.0,806.0,580.0,638.0,474.0,475.0,446.0,450.0,387.0,253.0,333.0,265.0,323.0,313.0,309.0,243.0
418,Income,Households Total for Income,15856.0,14471.0,14482.0,14698.0,15057.0,15247.0,15448.0,15464.0,15411.0,13338.0,15247.0,15225.0,14716.0,14430.0,14138.0,14144.0
419,Income,"Households Total for Income by Race, American Indian and Alaska Native Alone",56.0,46.0,42.0,62.0,65.0,63.0,62.0,54.0,81.0,58.0,56.0,24.0,33.0,14.0,14.0,28.0
420,Income,"Households Total for Income by Race, Asian Alone",4255.0,4593.0,4607.0,4559.0,4813.0,4515.0,4688.0,4492.0,4453.0,4465.0,4506.0,4040.0,4064.0,3726.0,3982.0,4070.0
421,Income,"Households Total for Income by Race, Black or African American Alone",432.0,238.0,317.0,457.0,423.0,665.0,521.0,539.0,541.0,761.0,518.0,673.0,653.0,703.0,656.0,787.0
422,Income,"Households Total for Income by Race, Hispanic or Latino",769.0,987.0,1038.0,1207.0,1203.0,1320.0,1344.0,1451.0,1473.0,1456.0,1412.0,1446.0,1280.0,1460.0,1428.0,1763.0
423,Income,"Households Total for Income by Race, Native Hawaiian and Other Pacific Islander Alone",52.0,32.0,26.0,20.0,21.0,0.0,0.0,0.0,0.0,47.0,14.0,21.0,16.0,6.0,11.0,0.0
424,Income,"Households Total for Income by Race, Some Other Race Alone",229.0,235.0,205.0,205.0,299.0,271.0,280.0,385.0,426.0,587.0,370.0,408.0,388.0,657.0,687.0,803.0
425,Income,"Households Total for Income by Race, Two or More Races",542.0,520.0,519.0,607.0,543.0,601.0,652.0,682.0,591.0,889.0,680.0,1027.0,1018.0,1204.0,1440.0,1652.0
426,Income,"Households Total for Income by Race, White Alone",10290.0,8807.0,8766.0,8788.0,8893.0,9132.0,9245.0,9312.0,9319.0,6531.0,9103.0,9032.0,8544.0,8120.0,7348.0,6804.0
427,Income,"Households Total for Income by Race, White Alone, Not Hispanic or Latino",9908.0,8083.0,8084.0,7996.0,8137.0,8233.0,8393.0,8416.0,8465.0,5980.0,8255.0,8266.0,7961.0,7599.0,6925.0,6420.0
428,Income,Median Family Income,45806.73758865248,50695.3642384106,62912.01117318436,65224.7191011236,78611.63227016886,81167.60828625235,85880.07736943907,99576.27118644067,113731.26338329764,107142.85714285714,120363.50148367952,142973.60248447204,128793.77431906614,132004.8309178744,145103.09278350516,139336.1581920904
429,Income,Median Household Income,40304.05405405405,48654.21455938697,54976.8875192604,55331.79012345679,56913.98865784499,56252.64270613108,63184.42622950819,69562.93706293707,79877.8775968557,90077.13884992988,91083.86535113174,95805.8668424522,100017.85714285714,98689.19772583702,98498.84526558893,97072.07207207209
430,Income,"Median Household Income by Race, American Indian and Alaska Native Alone",18636.36363636364,29423.07692307692,78125.0,75781.25,47202.38095238096,47115.38461538462,47297.2972972973,47777.77777777778,54044.117647058825,24473.68421052632,58235.294117647056,55454.545454545456,55500.0,56363.63636363637,71666.66666666667,17000.0
431,Income,"Median Household Income by Race, Asian Alone",31833.33333333333,32523.474178403754,41491.47727272727,38549.38271604938,40446.85990338164,40667.70186335404,49294.117647058825,43458.333333333336,56746.7248908297,88010.70038910506,71161.97183098592,71345.6090651558,75278.81040892193,78937.00787401575,85593.22033898305,87500.0
432,Income,"Median Household Income by Race, Black or African American Alone",30882.352941176472,39880.95238095238,47685.18518518518,52351.19047619047,54872.61146496816,36388.88888888889,44969.135802469136,43694.02985074627,52377.04918032787,41775.0,84756.09756097561,42879.31034482759,41094.77124183007,46288.8198757764,49783.950617283954,70729.16666666667
433,Income,"Median Household Income by Race, Hispanic or Latino",29340.90909090909,46250.0,45227.27272727273,50748.7922705314,52127.07182320442,53837.20930232558,56527.77777777778,65020.16129032258,67715.8273381295,69558.82352941176,81300.81300813008,71538.46153846153,58906.25,66052.63157894737,64128.44036697248,65069.444444444445
434,Income,"Median Household Income by Race, Native Hawaiian and Other Pacific Islander Alone",50500.0,47500.0,47500.0,47500.0,47500.0,0.0,0.0,0.0,0.0,46136.36363636364,67500.0,67500.0,67500.0,87500.0,87500.0,0.0
435,Income,"Median Household Income by Race, Some Other Race Alone",27314.81481481481,36500.0,30694.444444444445,36982.75862068965,33500.0,62074.46808510638,65208.333333333336,62250.0,58604.651162790695,47807.69230769231,57578.94736842105,58628.57142857143,57284.76821192053,76411.29032258065,69500.0,60984.84848484849
436,Income,"Median Household Income by Race, Two or More Races",27105.263157894737,62757.35294117647,60214.28571428572,55114.94252873563,52422.68041237113,54437.5,61442.307692307695,74042.55319148937,76562.5,93585.52631578948,80000.0,94410.56910569106,110312.5,98363.09523809524,90609.75609756098,93990.3846153846
437,Income,"Median Household Income by Race, White Alone",45538.61788617887,58105.46875,62115.58854718982,64598.2694684796,68910.59602649006,67752.10084033613,73492.11563731932,85439.81481481482,92310.39325842696,101827.73109243698,103646.31873252564,114174.5602165088,117133.75796178344,119414.53566621804,120720.72072072072,118221.8309859155
438,Income,"Median Household Income by Race, White Alone, Not Hispanic or Latino",46334.7022587269,60547.52066115703,64874.17943107221,66967.00507614213,69876.33689839572,69904.58015267176,76056.14973262032,87032.48031496063,93208.16532258064,106124.31444241316,104037.01716738196,115548.78048780488,116684.10041841005,120154.89913544669,121677.92792792791,121132.07547169812
439,Income,Percent in Poverty,0.1260624294847687,0.1700360707994296,0.1552021696252465,0.1598923722940193,0.1660285554757916,0.161337386018237,0.1594505234983862,0.1486058301647655,0.1364026531408505,0.1160652324774462,0.1279138099902056,0.100066842291511,0.1107170206763129,0.1150210302752675,0.1099815967049338,0.1236891755517528
440,Income,"Percent in Poverty by Race, American Indian and Alaska Native Alone",0.2342342342342342,0.1170212765957446,0.1818181818181818,0.1946902654867256,0.1772151898734177,0.234375,0.2258064516129032,0.2033898305084746,0.1048387096774193,0.125,0.0,0.0,0.0,0.0,0.0,0.5897435897435898
441,Income,"Percent in Poverty by Race, Asian Alone",0.1712138371255019,0.2217719238995834,0.2012250453720508,0.2071800810654313,0.2539018321646686,0.2401197604790419,0.2499715034765758,0.2331069002502681,0.2149579621031497,0.0993031358885017,0.1660204441311244,0.1109582186639979,0.1231704291739022,0.1379401641514429,0.1367218282111899,0.1663427905169063
442,Income,"Percent in Poverty by Race, Black or African American Alone",0.0808950086058519,0.0698602794411177,0.1282051282051282,0.0891514500537056,0.1533888228299643,0.2076124567474048,0.2517289073305671,0.2066115702479339,0.2202304737516005,0.2470010905125409,0.2096256684491978,0.233201581027668,0.2955223880597015,0.334901222953904,0.2340425531914893,0.2312775330396475
443,Income,"Percent in Poverty by Race, Hispanic or Latino",0.1437539234149403,0.1484992101105845,0.1989505902929602,0.189405487804878,0.1505177514792899,0.1645147855060391,0.1744,0.146609172873383,0.1309347181008902,0.1617466174661746,0.1460377358490566,0.1118524332810047,0.1209642703400774,0.1133617626154939,0.1519767863619876,0.1453717754172989
445,Income,"Percent in Poverty by Race, Some Other Race Alone",0.1150943396226415,0.2364532019704433,0.2481012658227848,0.1806451612903225,0.2187028657616893,0.1215559157212317,0.1365079365079365,0.1012195121951219,0.1402508551881414,0.1678321678321678,0.1233859397417503,0.0776119402985074,0.1293213828425096,0.1075991930060524,0.1198347107438016,0.1151419558359621
446,Income,"Percent in Poverty by Race, Two or More Races",0.172020725388601,0.0462555066079295,0.1984877126654064,0.1757215619694397,0.1961503208065994,0.1702811244979919,0.2121739130434782,0.1668145519077196,0.1901669758812616,0.1484641638225255,0.2012628255722178,0.1316511245200219,0.0805369127516778,0.0790135883241067,0.0599268069533394,0.0636774679728711
447,Income,"Percent in Poverty by Race, White Alone",0.0942751742041262,0.1460976547481737,0.1201981707317073,0.1320855208095564,0.1047915278086351,0.1107566765578635,0.095085012144592,0.0964316057774001,0.0859036796536796,0.0931776556776556,0.0940158718810323,0.0816179126038281,0.0926251432938479,0.0879684086708116,0.0876308646762311,0.09551677291253
448,Income,"Percent in Poverty by Race, White Alone, Not Hispanic or Latino",0.0903705844108935,0.1435181218404592,0.1129576514256791,0.1230927481570375,0.099542999584545,0.1073328899235118,0.0886004966754786,0.0875645609852999,0.0821876416377096,0.0769097971514889,0.0854922279792746,0.0719757421002234,0.0880053235734486,0.0838898545421279,0.0731274775714583,0.0804223295518364
459,Language Spoken at Home,Asian/Pacific Islander,0.3036253776435045,0.3049900537520633,0.2811640602553051,0.2659596082733959,0.2756490952006294,0.2652538984406237,0.2662747069972537,0.2458568921817118,0.2221838683695777,0.3196622436670687,0.2196368423090325,0.2052061413763541,0.2191857445363378,0.2104525017530833,0.2326157860404435,0.2388999913111478
461,Language Spoken at Home,English Only,0.5687688821752266,0.569856520082956,0.5885974633665805,0.5871835507334715,0.5730133752950433,0.594922031187525,0.5917301667117936,0.6058490933905245,0.6427722164691443,0.5268094089264174,0.6584846490379032,0.6774998051593796,0.66015422110352,0.6320587386049581,0.6139160687105892,0.569032930749848
463,Language Spoken at Home,Other European Languages,0.0690332326283987,0.0631057688238032,0.0542215654886508,0.0585151773741314,0.0590479937057435,0.0600559776089564,0.0639384210729896,0.0666406706960421,0.0561883941241897,0.0438178528347406,0.0543962213016376,0.0585690904839841,0.0652043629389907,0.0817555583054902,0.0749728201782996,0.086801633504214
465,Language Spoken at Home,Other Languages,0.0058912386706948,0.0079993228086511,0.0098920494192012,0.0121500264131008,0.0094807238394964,0.0158336665333866,0.0186051908869376,0.019691947748099,0.0182947877114256,0.0056694813027744,0.0106469472298579,0.0139505884186735,0.0141435934316193,0.0140246669141607,0.0087410306588388,0.0095577374228864
467,Language Spoken at Home,Spanish Only,0.0526812688821752,0.0540483345325263,0.0661248614702622,0.0761916372059002,0.0828088119590873,0.0639344262295081,0.0594515143310254,0.0619613959836225,0.0605607333256625,0.1040410132689988,0.0568353401215687,0.0447743745616086,0.0413120779895321,0.0617085344223074,0.0697542944118286,0.0957077070119037
469,Nativity,Foreign Born,0.3792950565284859,0.3723501537949954,0.3676671763096483,0.3668139655241053,0.3497830802603037,0.3433168898285177,0.3522477446743992,0.3351520470067534,0.3182706766917293,0.3772189774721639,0.3145017961807525,0.3026250619118375,0.3103973148075872,0.3179872385106211,0.3274249766216101,0.354775662814412
470,Population,Total Population,27066.0,24058.0,24854.0,25119.0,25816.0,25542.0,26382.0,26209.0,26600.0,34757.0,26445.0,26247.0,25622.0,24762.0,23526.0,23536.0
471,Race/Ethnicity,Asian,9853.0,8930.0,8885.0,8717.0,8940.0,8524.0,8981.0,8617.0,8215.0,13828.0,8750.0,8214.0,8285.0,7800.0,7839.0,7945.0
472,Race/Ethnicity,"Asian Alone, Not Hispanic or Latino",9789.0,8930.0,8871.0,8680.0,8881.0,8470.0,8913.0,8561.0,8179.0,8552.0,8715.0,8214.0,8285.0,7800.0,7828.0,7915.0
473,Race/Ethnicity,Black/African American,628.0,541.0,833.0,992.0,887.0,908.0,771.0,762.0,825.0,1847.0,982.0,1061.0,1078.0,1172.0,1117.0,1011.0
474,Race/Ethnicity,"Black/African American Alone, Not Hispanic or Latino",628.0,450.0,539.0,691.0,606.0,883.0,764.0,756.0,819.0,988.0,982.0,1061.0,1065.0,1132.0,1065.0,970.0
475,Race/Ethnicity,Latino Population (of Any Race),14881.0,1899.0,2375.0,2749.0,2927.0,2616.0,2720.0,2795.0,2945.0,4960.0,2825.0,2711.0,2468.0,2974.0,2927.0,3470.0
476,Race/Ethnicity,Native American Indian,111.0,94.0,99.0,113.0,79.0,64.0,62.0,59.0,124.0,96.0,102.0,60.0,63.0,15.0,16.0,43.0
477,Race/Ethnicity,"Native American Indian Alone, Not Hispanic or Latino",84.0,52.0,33.0,53.0,24.0,25.0,23.0,15.0,6.0,7.0,9.0,10.0,10.0,0.0,0.0,5.0
478,Race/Ethnicity,Native Hawaiian/Pacific Islander,57.0,45.0,68.0,64.0,55.0,52.0,70.0,1.0,17.0,270.0,26.0,29.0,29.0,6.0,11.0,0.0
479,Race/Ethnicity,"Native Hawaiian/Pacific Islander Alone, Not Hispanic or Latino",57.0,45.0,68.0,64.0,55.0,52.0,70.0,1.0,17.0,26.0,26.0,29.0,29.0,6.0,11.0,0.0
480,Race/Ethnicity,Other/Two or More Races,1536.0,1323.0,1546.0,1809.0,1942.0,2061.0,1975.0,2158.0,2155.0,5555.0,2200.0,2735.0,2782.0,3659.0,4016.0,4707.0
481,Race/Ethnicity,"Population, Not Hispanic or Latino",25420.0,22159.0,22479.0,22370.0,22889.0,22926.0,23662.0,23414.0,23655.0,23773.0,23620.0,23536.0,23154.0,21788.0,20599.0,20066.0
482,Race/Ethnicity,Some Other Race Alone,535.0,406.0,483.0,585.0,811.0,745.0,746.0,931.0,994.0,2619.0,795.0,770.0,874.0,1544.0,1762.0,1965.0
483,Race/Ethnicity,"Some Other Race Alone, Not Hispanic or Latino",35.0,121.0,125.0,72.0,123.0,51.0,38.0,60.0,74.0,62.0,85.0,108.0,263.0,356.0,404.0,352.0
484,Race/Ethnicity,Two Or More Races,1001.0,917.0,1063.0,1224.0,1131.0,1316.0,1229.0,1227.0,1161.0,2936.0,1405.0,1965.0,1908.0,2115.0,2254.0,2742.0
485,Race/Ethnicity,"Two Or More Races, Not Hispanic or Latino",753.0,770.0,686.0,868.0,814.0,1030.0,928.0,1055.0,952.0,1061.0,1119.0,1336.0,1221.0,1377.0,1518.0,1702.0
486,Race/Ethnicity,"White Alone, Not Hispanic or Latino",14074.0,11791.0,12157.0,11942.0,12386.0,12415.0,12926.0,12966.0,13608.0,13077.0,12684.0,12778.0,12281.0,11117.0,9773.0,9122.0
487,Race/Ethnicity,"White, Including Hispanic or Latino",14881.0,13125.0,13423.0,13424.0,13913.0,13933.0,14523.0,14612.0,15264.0,13161.0,14385.0,14148.0,13385.0,12110.0,10527.0,9830.0
488,Sex,Female,0.4809354910219463,0.5003740959348242,0.4884927979399694,0.4848122934830208,0.4989154013015184,0.4788975021533161,0.4847244333257524,0.5033003929947728,0.4943984962406015,0.4920735391431942,0.4906409529211571,0.478111784203909,0.4615174459448911,0.4704789596963089,0.4853778797925699,0.5098997280761387
489,Sex,Male,0.5190645089780537,0.4996259040651758,0.5115072020600305,0.5151877065169792,0.5010845986984815,0.5211024978466839,0.5152755666742476,0.4966996070052272,0.5056015037593985,0.5079264608568058,0.5093590470788428,0.521888215796091,0.5384825540551089,0.5295210403036912,0.51462212020743,0.4901002719238613
490,Unit Size,1 Bedroom,6508.0,6623.0,6549.0,6729.0,6710.0,7214.0,6874.0,6955.0,6999.0,3589.0,6881.0,6793.0,7030.0,6721.0,6806.0,7089.0
491,Unit Size,2 Bedrooms,2772.0,2818.0,3049.0,2929.0,3105.0,3107.0,3303.0,3218.0,3271.0,3706.0,3147.0,3652.0,3640.0,3792.0,3892.0,3949.0
492,Unit Size,3-4 Bedrooms,1023.0,1193.0,1325.0,1280.0,1519.0,1193.0,1159.0,1121.0,1287.0,4043.0,1419.0,1402.0,1299.0,1315.0,1228.0,1305.0
493,Unit Size,5 or More Bedrooms,81.0,269.0,244.0,244.0,181.0,196.0,150.0,105.0,92.0,603.0,50.0,53.0,112.0,77.0,106.0,121.0
494,Unit Size,No Bedroom,6784.0,6592.0,6210.0,6115.0,5748.0,5459.0,5721.0,5829.0,5663.0,2604.0,5959.0,5732.0,5816.0,6101.0,6116.0,5900.0
495,Vehicles Available,Households with no Vehicle,0.620881201868451,0.6452214774376339,0.6204253556138655,0.650020410940264,0.6394368068008235,0.6474060470912311,0.6246763335059554,0.6249353336782204,0.6022321718253196,0.3000449842555105,0.6103495769659605,0.5998686371100164,0.5975129111171514,0.5935550935550935,0.5884142028575471,0.5789027149321267
496,Vehicles Available,Percent of No Vehicle Homeowning Households,0.3309705561613958,0.2695139911634757,0.2776459420977693,0.2558528428093645,0.2684458398744113,0.2749469214437367,0.2622706990580069,0.2308443142996583,0.2434745400085579,0.0721747388414055,0.2453371592539454,0.2808471454880294,0.3149801587301587,0.3098278734036646,0.2817371937639198,0.3839092872570194
497,Vehicles Available,Percent of No Vehicle Renting Households,0.6588378069674472,0.7067717548656909,0.6787878787878788,0.7048202107873528,0.6933668035904458,0.6999176831549802,0.6791005881914973,0.6851285874021618,0.6663607159247361,0.4486560138734052,0.668364244451201,0.6529533440588371,0.6423622047244094,0.6340169451262966,0.6330416464106303,0.6082818093068663
498,Vehicles Available,Vehicles Available,7277.0,6412.0,7296.0,6857.0,7177.0,7043.0,6719.0,6475.0,6871.0,15130.0,7228.0,6573.0,5806.0,6106.0,6075.0,5056.0
499,Vehicles Available,Vehicles Homeowners,0.236361137831524,0.2849344978165939,0.2957785087719298,0.2880268338923727,0.3146161348752961,0.3021439727388896,0.3315969638339038,0.3314285714285714,0.3596274195895794,0.6046926635822868,0.2699225235196458,0.2695877072873878,0.2476748191526007,0.2053717654765804,0.2306172839506172,0.2541534810126582
500,Vehicles Available,Vehicles Per Capita,0.2688613020025124,0.2665225704547344,0.2935543574474933,0.2729806122855209,0.278005887821506,0.275741915276799,0.2972219764664248,0.2910504787162314,0.3033688021546205,0.4918086074632687,0.2733219890338438,0.2972459639126306,0.3308262108262108,0.3189011333368152,0.3330409517022093,0.3547074505401992
501,Vehicles Available,Vehicles Renters,0.763638862168476,0.7150655021834061,0.7042214912280702,0.7119731661076273,0.685383865124704,0.6978560272611103,0.6684030361660962,0.6685714285714286,0.6403725804104206,0.3953073364177131,0.7300774764803541,0.7304122927126122,0.7523251808473992,0.7946282345234196,0.7693827160493827,0.7458465189873418
502,,"Housing Units with a Mortgage 30%+ by Race, American Indian and Alaska Native Alone",0.0,0.0,0.0,0.0,0.0,0.0,0.0,0.0,0.0,0.0,0.0,0.0,0.0,0.0,0.0,0.0
503,,"Housing Units with a Mortgage 30%+ by Race, Asian Alone",10.0,0.0,0.0,0.0,0.0,0.0,0.0,0.0,0.0,0.0,0.0,0.0,0.0,0.0,157.0,118.0
504,,"Housing Units with a Mortgage 30%+ by Race, Black or African American Alone",0.0,0.0,0.0,0.0,0.0,0.0,0.0,0.0,0.0,0.0,0.0,0.0,0.0,0.0,12.0,8.0
505,,"Housing Units with a Mortgage 30%+ by Race, Hispanic or Latino",0.0,0.0,0.0,0.0,0.0,0.0,0.0,0.0,0.0,0.0,0.0,0.0,0.0,0.0,0.0,0.0
506,,"Housing Units with a Mortgage 30%+ by Race, Native Hawaiian and Other Pacific Islander Alone",0.0,0.0,0.0,0.0,0.0,0.0,0.0,0.0,0.0,0.0,0.0,0.0,0.0,0.0,0.0,0.0
507,,"Housing Units with a Mortgage 30%+ by Race, Some Other Race Alone",0.0,0.0,0.0,0.0,0.0,0.0,0.0,0.0,0.0,0.0,0.0,0.0,0.0,0.0,0.0,0.0
508,,"Housing Units with a Mortgage 30%+ by Race, Two or More Races",0.0,0.0,0.0,0.0,0.0,0.0,0.0,0.0,0.0,0.0,0.0,0.0,0.0,0.0,48.0,68.0
509,,"Housing Units with a Mortgage 30%+ by Race, White Alone",45.0,0.0,0.0,0.0,0.0,0.0,0.0,0.0,0.0,0.0,0.0,0.0,0.0,0.0,136.0,125.0
510,,"Housing Units with a Mortgage 30%+ by Race, White Alone, Not Hispanic or Latino",45.0,0.0,0.0,0.0,0.0,0.0,0.0,0.0,0.0,0.0,0.0,0.0,0.0,0.0,136.0,125.0
511,,"Housing Units with a Mortgage Not Calculated by Race, American Indian and Alaska Native Alone",0.0,0.0,0.0,0.0,0.0,0.0,0.0,0.0,0.0,0.0,0.0,0.0,0.0,0.0,0.0,0.0
512,,"Housing Units with a Mortgage Not Calculated by Race, Asian Alone",0.0,0.0,0.0,0.0,0.0,0.0,0.0,0.0,0.0,0.0,0.0,0.0,0.0,0.0,37.0,38.0
513,,"Housing Units with a Mortgage Not Calculated by Race, Black or African American Alone",0.0,0.0,0.0,0.0,0.0,0.0,0.0,0.0,0.0,0.0,0.0,0.0,0.0,0.0,0.0,0.0
514,,"Housing Units with a Mortgage Not Calculated by Race, Hispanic or Latino",0.0,0.0,0.0,0.0,0.0,0.0,0.0,0.0,0.0,0.0,0.0,0.0,0.0,0.0,0.0,0.0
515,,"Housing Units with a Mortgage Not Calculated by Race, Native Hawaiian and Other Pacific Islander Alone",0.0,0.0,0.0,0.0,0.0,0.0,0.0,0.0,0.0,0.0,0.0,0.0,0.0,0.0,0.0,0.0
516,,"Housing Units with a Mortgage Not Calculated by Race, Some Other Race Alone",0.0,0.0,0.0,0.0,0.0,0.0,0.0,0.0,0.0,0.0,0.0,0.0,0.0,0.0,0.0,0.0
517,,"Housing Units with a Mortgage Not Calculated by Race, Two or More Races",0.0,0.0,0.0,0.0,0.0,0.0,0.0,0.0,0.0,0.0,0.0,0.0,0.0,0.0,0.0,0.0
518,,"Housing Units with a Mortgage Not Calculated by Race, White Alone",0.0,0.0,0.0,0.0,0.0,0.0,0.0,0.0,0.0,0.0,0.0,0.0,0.0,0.0,12.0,0.0
519,,"Housing Units with a Mortgage Not Calculated by Race, White Alone, Not Hispanic or Latino",0.0,0.0,0.0,0.0,0.0,0.0,0.0,0.0,0.0,0.0,0.0,0.0,0.0,0.0,12.0,0.0
520,,"Housing Units without a Mortgage 30%+ by Race, American Indian and Alaska Native Alone",0.0,0.0,0.0,0.0,0.0,0.0,0.0,0.0,0.0,0.0,0.0,0.0,0.0,0.0,0.0,0.0
521,,"Housing Units without a Mortgage 30%+ by Race, Asian Alone",0.0,0.0,0.0,0.0,0.0,0.0,0.0,0.0,0.0,0.0,0.0,0.0,0.0,0.0,87.0,118.0
522,,"Housing Units without a Mortgage 30%+ by Race, Black or African American Alone",0.0,0.0,0.0,0.0,0.0,0.0,0.0,0.0,0.0,0.0,0.0,0.0,0.0,0.0,8.0,0.0
523,,"Housing Units without a Mortgage 30%+ by Race, Hispanic or Latino",0.0,0.0,0.0,0.0,0.0,0.0,0.0,0.0,0.0,0.0,0.0,0.0,0.0,0.0,152.0,152.0
524,,"Housing Units without a Mortgage 30%+ by Race, Native Hawaiian and Other Pacific Islander Alone",0.0,0.0,0.0,0.0,0.0,0.0,0.0,0.0,0.0,0.0,0.0,0.0,0.0,0.0,0.0,0.0
525,,"Housing Units without a Mortgage 30%+ by Race, Some Other Race Alone",0.0,0.0,0.0,0.0,0.0,0.0,0.0,0.0,0.0,0.0,0.0,0.0,0.0,0.0,10.0,10.0
526,,"Housing Units without a Mortgage 30%+ by Race, Two or More Races",0.0,0.0,0.0,0.0,0.0,0.0,0.0,0.0,0.0,0.0,0.0,0.0,0.0,0.0,152.0,152.0
527,,"Housing Units without a Mortgage 30%+ by Race, White Alone",0.0,0.0,0.0,0.0,0.0,0.0,0.0,0.0,0.0,0.0,0.0,0.0,0.0,0.0,89.0,59.0
528,,"Housing Units without a Mortgage 30%+ by Race, White Alone, Not Hispanic or Latino",0.0,0.0,0.0,0.0,0.0,0.0,0.0,0.0,0.0,0.0,0.0,0.0,0.0,0.0,89.0,59.0
529,,"Housing Units without a Mortgage Not Calculated by Race, American Indian and Alaska Native Alone",0.0,0.0,0.0,0.0,0.0,0.0,0.0,0.0,0.0,0.0,0.0,0.0,0.0,0.0,0.0,0.0
530,,"Housing Units without a Mortgage Not Calculated by Race, Asian Alone",0.0,0.0,0.0,0.0,0.0,0.0,0.0,0.0,0.0,0.0,0.0,0.0,0.0,0.0,8.0,18.0
531,,"Housing Units without a Mortgage Not Calculated by Race, Black or African American Alone",0.0,0.0,0.0,0.0,0.0,0.0,0.0,0.0,0.0,0.0,0.0,0.0,0.0,0.0,0.0,0.0
532,,"Housing Units without a Mortgage Not Calculated by Race, Hispanic or Latino",0.0,0.0,0.0,0.0,0.0,0.0,0.0,0.0,0.0,0.0,0.0,0.0,0.0,0.0,0.0,0.0
533,,"Housing Units without a Mortgage Not Calculated by Race, Native Hawaiian and Other Pacific Islander Alone",0.0,0.0,0.0,0.0,0.0,0.0,0.0,0.0,0.0,0.0,0.0,0.0,0.0,0.0,0.0,0.0
534,,"Housing Units without a Mortgage Not Calculated by Race, Some Other Race Alone",0.0,0.0,0.0,0.0,0.0,0.0,0.0,0.0,0.0,0.0,0.0,0.0,0.0,0.0,0.0,0.0
535,,"Housing Units without a Mortgage Not Calculated by Race, Two or More Races",0.0,0.0,0.0,0.0,0.0,0.0,0.0,0.0,0.0,0.0,0.0,0.0,0.0,0.0,0.0,0.0
536,,"Housing Units without a Mortgage Not Calculated by Race, White Alone",0.0,0.0,0.0,0.0,0.0,0.0,0.0,0.0,0.0,0.0,0.0,0.0,0.0,0.0,0.0,0.0
537,,"Housing Units without a Mortgage Not Calculated by Race, White Alone, Not Hispanic or Latino",0.0,0.0,0.0,0.0,0.0,0.0,0.0,0.0,0.0,0.0,0.0,0.0,0.0,0.0,0.0,0.0
