,Category,Attribute,2000_North Beach,2010_North Beach,2011_North Beach,2012_North Beach,2013_North Beach,2014_North Beach,2015_North Beach,2016_North Beach,2017_North Beach,2018_North Beach,2019_North Beach,2020_North Beach,2021_North Beach,2022_North Beach,2023_North Beach,2024_North Beach
11,Affordability,# Units at or below 100 AMI Monthly Affordable Rent,5083.0,5054.0,5190.0,5291.0,5378.0,5331.0,4614.0,4592.0,4447.0,3742.0,4558.0,4786.0,4306.0,3981.0,3732.0,3765
2,Affordability,# Units at or below 30 AMI Monthly Affordable Rent,3631.0,2211.0,2696.0,2596.0,2435.0,2312.0,2245.0,2167.0,2810.0,2333.0,2780.0,1904.0,2542.0,2125.0,2667.0,2547
5,Affordability,# Units at or below 50 AMI Monthly Affordable Rent,4862.0,3924.0,5091.0,5179.0,5207.0,5141.0,4318.0,4260.0,4447.0,3742.0,4558.0,4185.0,4306.0,3981.0,3732.0,3765
8,Affordability,# Units at or below 80 AMI Monthly Affordable Rent,5083.0,5054.0,5190.0,5291.0,5378.0,5331.0,4614.0,4592.0,4447.0,3742.0,4558.0,4786.0,4306.0,3981.0,3732.0,3765
9,Affordability,100 AMI Annual Income,54694.73684210527,59051.20481927711,62570.47477744807,60608.10810810811,63419.60352422908,69967.61658031089,74777.44807121661,78280.54298642534,87206.08575380359,92268.0412371134,88275.0,78534.83606557376,89263.48547717842,96633.82594417078,109624.52471482888,111222.82608695651
10,Affordability,100 AMI Monthly Affordable Rent,4557.894736842106,4920.933734939759,5214.206231454006,5050.675675675676,5284.9669603524235,5830.634715025907,6231.454005934717,6523.378582202112,7267.173812816966,7689.003436426116,7356.25,6544.569672131147,7438.623789764868,8052.818828680898,9135.377059569073,9268.56884057971
0,Affordability,30 AMI Annual Income,16408.42105263158,17715.36144578313,18771.14243323442,18182.43243243243,19025.881057268725,20990.284974093265,22433.23442136498,23484.162895927602,26161.825726141076,27680.412371134018,26482.5,23560.45081967213,26779.045643153524,28990.147783251232,32887.35741444866,33366.84782608695
1,Affordability,30 AMI Monthly Affordable Rent,1367.3684210526317,1476.2801204819277,1564.2618694362018,1515.2027027027025,1585.4900881057272,1749.1904145077722,1869.436201780415,1957.0135746606336,2180.1521438450895,2306.701030927835,2206.875,1963.370901639344,2231.5871369294605,2415.845648604269,2740.613117870722,2780.5706521739125
3,Affordability,50 AMI Annual Income,27347.368421052633,29525.602409638555,31285.237388724036,30304.054054054053,31709.80176211454,34983.808290155444,37388.724035608306,39140.27149321267,43603.042876901796,46134.0206185567,44137.5,39267.41803278688,44631.74273858921,48316.91297208539,54812.26235741444,55611.41304347826
4,Affordability,50 AMI Monthly Affordable Rent,2278.947368421053,2460.4668674698796,2607.103115727003,2525.337837837838,2642.4834801762117,2915.3173575129535,3115.7270029673587,3261.689291101056,3633.586906408483,3844.501718213058,3678.125,3272.2848360655735,3719.311894882434,4026.409414340449,4567.6885297845365,4634.284420289855
6,Affordability,80 AMI Annual Income,43755.78947368421,47240.963855421694,50056.37982195846,48486.48648648649,50735.68281938327,55974.09326424872,59821.95845697329,62624.434389140275,69764.86860304288,73814.43298969073,70620.0,62827.86885245901,71410.78838174274,77307.06075533663,87699.6197718631,88978.26086956522
7,Affordability,80 AMI Monthly Affordable Rent,3646.3157894736846,3936.746987951808,4171.364985163204,4040.5405405405404,4227.973568281939,4664.507772020726,4985.163204747774,5218.702865761689,5813.739050253574,6151.202749140894,5885.0,5235.655737704918,5950.899031811895,6442.255062944719,7308.301647655258,7414.855072463768
0,Age,0-4 Years,0.0313650050184008,0.0204651162790697,0.0152288375860672,0.0187972983969403,0.0253794875913581,0.0275164628410159,0.0329083665338645,0.0322350138944025,0.0244284888998927,0.0363466915191053,0.0223553230976885,0.034774593598123,0.0384681288553803,0.0574105621805792,0.0550578411759589,0.0497485632183908
1,Age,18-34 Years,0.3309635329541652,0.3602536997885835,0.3336573511543135,0.359508503539751,0.3764356276604289,0.3479931012856695,0.360796812749004,0.33465660976578,0.3167450689114467,0.3193849021435228,0.333473932849671,0.2947880006703536,0.2972069910897875,0.2748722316865417,0.2665912846829608,0.287805316091954
2,Age,35-59 Years,0.3670123787219806,0.3321775898520084,0.3428918590522479,0.2992920498006347,0.3011003132278532,0.3202414550015678,0.3162549800796813,0.3301310043668122,0.3407609144177602,0.3095060577819198,0.3155053146617175,0.3277191218367689,0.3244516792323509,0.3438671209540034,0.3627902931199443,0.3422234195402299
3,Age,5-17 Years,0.0648210103713616,0.0597040169133192,0.0643985419198055,0.0612743103588575,0.0487511043289695,0.056365631859517,0.0457370517928286,0.0581183009130607,0.0632994965750598,0.0753028890959925,0.0706934368145773,0.0858052622758505,0.0841329677861549,0.0752981260647359,0.0662781595198747,0.0608836206896551
4,Age,60 and older,0.2058380729340916,0.227399577167019,0.2438234102875658,0.2611278379038164,0.2483334671913902,0.2478833490122295,0.2443027888446215,0.2448590710599444,0.2547660311958405,0.2594594594594595,0.2579719925763455,0.2569130216189039,0.2557402330363262,0.2485519591141397,0.2492824215012612,0.2593390804597701
5,Educational Attainment,College Degree or higher,0.5030901116427432,0.538422903063787,0.5308033989957512,0.545105197425305,0.5610473389621478,0.5603842208337219,0.5795638510618036,0.5746140651801029,0.5997669676667637,0.5516538287267785,0.5979994057640884,0.5956345177664975,0.6279242875372182,0.643225252308353,0.6448239060832444,0.624810071630128
7,Educational Attainment,"College Degree or higher by Race, Asian Alone",0.2494111489138968,0.2767402376910017,0.2737366870609563,0.3324156916724019,0.3642172523961661,0.3440677966101695,0.3420914345769837,0.3094504365690806,0.3294261294261294,0.3432835820895522,0.3707518022657055,0.3953964194373401,0.4460431654676259,0.4702290076335877,0.4563738538893818,0.4445786771368166
8,Educational Attainment,"College Degree or higher by Race, Black or African American Alone",0.1111111111111111,0.3658536585365853,0.3815028901734104,0.5512820512820513,0.6060606060606061,0.2153846153846154,0.5211267605633803,0.5476190476190477,0.4404145077720207,0.4867924528301887,0.5098814229249012,0.3786407766990291,0.3082191780821918,0.3510971786833856,0.2693498452012384,0.180522565320665
9,Educational Attainment,"College Degree or higher by Race, Hispanic or Latino",0.278894472361809,0.5564516129032258,0.4953464322647363,0.3593582887700535,0.4049665711556829,0.3877952755905511,0.4245689655172414,0.5277777777777778,0.6274217585692996,0.3965728274173806,0.4858156028368794,0.5798319327731093,0.6351531291611185,0.6406406406406406,0.6534296028880866,0.5941123996431757
11,Educational Attainment,"College Degree or higher by Race, Some Other Race Alone",0.2215189873417721,0.6098901098901099,0.5,0.3394495412844037,0.4532374100719424,0.4562043795620438,0.3480176211453744,0.4794007490636704,0.589622641509434,0.2985915492957746,0.3011363636363636,0.6134020618556701,0.6103286384976526,0.6298507462686567,0.5770308123249299,0.5027322404371585
12,Educational Attainment,"College Degree or higher by Race, Two or More Races",0.58,0.3174603174603174,0.2947761194029851,0.4212121212121212,0.5593607305936074,0.5847953216374269,0.655831739961759,0.8153846153846154,0.8734491315136477,0.578125,0.7672634271099744,0.7260504201680672,0.7455357142857143,0.7494331065759637,0.698781838316722,0.6278240190249703
13,Educational Attainment,"College Degree or higher by Race, White Alone",0.6912858660998937,0.7645354452385551,0.763818147519336,0.7360329958755155,0.7088944011339475,0.7245895913377576,0.7362955396663262,0.7429809358752166,0.7911721068249258,0.7397476340694006,0.7643454038997215,0.7556888705006206,0.7928505957836847,0.7752220450922341,0.8210180623973727,0.8276363636363636
14,Educational Attainment,"College Degree or higher by Race, White Alone, Not Hispanic or Latino",0.7091177556293835,0.7691498316498316,0.7803567590801633,0.7641014887817152,0.734561850617526,0.7518638883578665,0.7586080586080586,0.7650262960180315,0.8054459352801894,0.7668062053681359,0.7761518686968558,0.770024680278214,0.7987995198079232,0.7876761404346788,0.8311233425068801,0.8453871709685663
16,Educational Attainment,High School or Less,0.3177830940988835,0.311702661978905,0.317014291232136,0.2898453261600538,0.255383739683142,0.2373402965587988,0.2262641653175888,0.2540499332952163,0.2560442761433149,0.2885138196647032,0.25918589680103,0.2498477157360406,0.192577626541897,0.1708181232553146,0.1747065101387406,0.182548296071196
18,Educational Attainment,"High School or Less by Race, Asian Alone",0.6071708976707668,0.6252728595682755,0.6152277362338545,0.5489791236522138,0.4961907102482182,0.475544794188862,0.466106148187073,0.5107858243451464,0.5228327228327229,0.5229621125143513,0.4909886714727085,0.4524296675191815,0.3733013589128697,0.3410687022900763,0.3738538893818396,0.3702808819087889
19,Educational Attainment,"High School or Less by Race, Black or African American Alone",0.4583333333333333,0.3252032520325203,0.2427745664739884,0.0064102564102564,0.0101010101010101,0.0,0.0,0.2321428571428571,0.155440414507772,0.350943396226415,0.1343873517786561,0.1100323624595469,0.0,0.0282131661442006,0.1393188854489164,0.2541567695961995
20,Educational Attainment,"High School or Less by Race, Hispanic or Latino",0.4195979899497487,0.2048387096774193,0.2275077559462254,0.2983957219251337,0.2750716332378223,0.2509842519685039,0.240301724137931,0.2673611111111111,0.217585692995529,0.3843329253365973,0.3652482269503546,0.2148859543817527,0.1318242343541944,0.1151151151151151,0.1110108303249097,0.135593220338983
22,Educational Attainment,"High School or Less by Race, Some Other Race Alone",0.3670886075949367,0.1758241758241758,0.4263157894736842,0.481651376146789,0.39568345323741,0.3065693430656934,0.3788546255506608,0.3632958801498127,0.25,0.5549295774647888,0.6988636363636364,0.3865979381443299,0.3427230046948357,0.2656716417910448,0.0840336134453781,0.1311475409836065
23,Educational Attainment,"High School or Less by Race, Two or More Races",0.25,0.3968253968253968,0.4328358208955223,0.3181818181818182,0.2785388127853881,0.2573099415204678,0.1453154875717017,0.0102564102564102,0.0074441687344913,0.09765625,0.0255754475703324,0.0571428571428571,0.0535714285714285,0.0430839002267573,0.0996677740863787,0.1189060642092746
24,Educational Attainment,"High School or Less by Race, White Alone",0.1199078993978037,0.0631639945914622,0.0599886813808715,0.0751781027371578,0.0756555634301913,0.0611246943765281,0.0749063670411985,0.0930675909878682,0.0760385756676557,0.0874267688147814,0.1008356545961002,0.1133636739760033,0.0687442713107241,0.0767478934183557,0.0450387051372273,0.0438787878787878
25,Educational Attainment,"High School or Less by Race, White Alone, Not Hispanic or Latino",0.1039128829826504,0.066077441077441,0.0631850419084461,0.0704550220171943,0.0697902372083905,0.0556298986809405,0.0681318681318681,0.0756949661908339,0.0625493291239147,0.0721497168185176,0.0909630215542812,0.1050033654924837,0.0720288115246098,0.080487222354908,0.0480360270202652,0.0462560695118834
27,Educational Attainment,Some College/Associate Degree,0.1791267942583732,0.1498744349573078,0.1521823097721127,0.1650494764146411,0.1835689213547101,0.2022754826074792,0.1941719836206075,0.1713360015246807,0.1441887561899213,0.1598323516085183,0.1428146974348816,0.1545177664974619,0.1794980859208847,0.1859566244363324,0.1804695837780149,0.1926416322986759
29,Educational Attainment,"Some College/Associate Degree by Race, Asian Alone",0.1434179534153363,0.0979869027407227,0.1110355767051892,0.1186051846753842,0.1395920373556156,0.1803874092009685,0.1918024172359432,0.1797637390857729,0.1477411477411477,0.1337543053960964,0.138259526261586,0.1521739130434782,0.1806554756195044,0.1887022900763358,0.1697722567287784,0.1851404409543944
30,Educational Attainment,"Some College/Associate Degree by Race, Black or African American Alone",0.4305555555555556,0.3089430894308943,0.3757225433526011,0.4423076923076923,0.3838383838383838,0.7846153846153846,0.4788732394366197,0.2202380952380952,0.4041450777202072,0.1622641509433962,0.3557312252964427,0.511326860841424,0.6917808219178082,0.6206896551724138,0.5913312693498453,0.5653206650831354
31,Educational Attainment,"Some College/Associate Degree by Race, Hispanic or Latino",0.3015075376884422,0.2387096774193548,0.2771458117890382,0.3422459893048128,0.3199617956064947,0.3612204724409449,0.3351293103448275,0.2048611111111111,0.1549925484351713,0.219094247246022,0.1489361702127659,0.205282112845138,0.233022636484687,0.2442442442442442,0.2355595667870036,0.2702943800178412
33,Educational Attainment,"Some College/Associate Degree by Race, Some Other Race Alone",0.4113924050632911,0.2142857142857142,0.0736842105263157,0.1788990825688073,0.1510791366906475,0.2372262773722627,0.2731277533039647,0.1573033707865168,0.160377358490566,0.1464788732394366,0.0,0.0,0.0469483568075117,0.1044776119402985,0.3389355742296919,0.366120218579235
34,Educational Attainment,"Some College/Associate Degree by Race, Two or More Races",0.17,0.2857142857142857,0.2723880597014925,0.2606060606060606,0.1621004566210045,0.1578947368421052,0.1988527724665392,0.1743589743589743,0.119106699751861,0.32421875,0.2071611253196931,0.2168067226890756,0.2008928571428571,0.2074829931972789,0.2015503875968992,0.253269916765755
35,Educational Attainment,"Some College/Associate Degree by Race, White Alone",0.1888062345023025,0.1723005601699826,0.1761931710997925,0.1887889013873266,0.215450035435861,0.2142857142857142,0.1887980932924753,0.163951473136915,0.1327893175074184,0.1728255971158179,0.1348189415041782,0.130947455523376,0.1384051329055912,0.1480300614894101,0.1339432324653999,0.1284848484848484
36,Educational Attainment,"Some College/Associate Degree by Race, White Alone, Not Hispanic or Latino",0.186969361387966,0.1647727272727272,0.1564581990113905,0.1654434892010903,0.1956479121740835,0.1925062129611928,0.1732600732600732,0.1592787377911345,0.1320047355958958,0.1610440778133464,0.1328851097488629,0.1249719542293022,0.129171668667467,0.1318366372104132,0.1208406304728546,0.1083567595195502
38,Employment,Employed Residents,7399.0,7109.0,7397.0,7264.0,7526.0,7568.0,7545.0,7289.0,7256.0,6115.0,7158.0,6937.0,6499.0,6560.0,6822.0,6888.0
40,Employment,Managerial Professional,0.5269631031220435,0.546349697566465,0.5222387454373395,0.526431718061674,0.5187350518203561,0.517838266384778,0.5310801855533466,0.5321717656743038,0.5660143329658214,0.546852003270646,0.5887119307069014,0.6223151218105809,0.637944299122942,0.6446646341463415,0.6593374377015538,0.6402439024390244
42,Employment,Natural Resources,0.0395999459386403,0.0209593473062315,0.0224415303501419,0.0295980176211453,0.0279032686686154,0.0257663847780126,0.0250497017892644,0.0218136918644532,0.0114388092613009,0.0163532297628781,0.0093601564682872,0.0129739080294075,0.0101554085243883,0.0179878048780487,0.0202286719437115,0.0256968641114982
44,Employment,Production Transport Materials,0.06446817137451,0.0392460261640174,0.0512369879680951,0.0601596916299559,0.0535477013021525,0.0446617336152219,0.0561961563949635,0.0478803676773219,0.0421719955898566,0.0778413736713,0.043308186644314,0.0410840420931238,0.0353900600092321,0.0484756097560975,0.0581940779829961,0.0698315911730545
46,Employment,Sales and Office,0.2503040951479929,0.2216908144605429,0.1976476950114911,0.1828193832599119,0.1946585171405793,0.1892177589852008,0.2009277667329357,0.2148442859102757,0.2189911797133406,0.2165167620605069,0.21081307627829,0.1817788669453654,0.1967995076165564,0.1871951219512195,0.1750219876868953,0.1610046457607433
48,Employment,Services,0.1170428436275172,0.171754114502743,0.2064350412329322,0.2009911894273127,0.2051554610682965,0.2225158562367864,0.1867461895294897,0.1832898888736452,0.1613836824696802,0.1424366312346688,0.1478066499022073,0.1418480611215222,0.119710724726881,0.1016768292682926,0.0872178246848431,0.1032229965156794
52,Employment,"Unemployment Rate by Race, Asian Alone",0.0778097982708933,0.0516621743036837,0.0534093308000844,0.0469252196271694,0.0557065217391304,0.0555676144996744,0.0440771349862259,0.0475128262324336,0.047382085677196,0.0347060347060347,0.0335117523853851,0.0750058234334963,0.0617723924922784,0.080228447103617,0.0667200427008273,0.0548965517241379
53,Employment,"Unemployment Rate by Race, Black or African American Alone",0.0853658536585365,0.0,0.0,0.1216931216931216,0.2043795620437956,0.2621359223300971,0.3931623931623931,0.1961722488038277,0.0,0.0361010830324909,0.0,0.0258620689655172,0.0186915887850467,0.030188679245283,0.0568421052631578,0.0568181818181818
54,Employment,"Unemployment Rate by Race, Hispanic or Latino",0.0,0.0,0.0,0.036420395421436,0.0301369863013698,0.0441582336706531,0.0444444444444444,0.0630081300813008,0.0375,0.0296296296296296,0.0455882352941176,0.0313199105145413,0.0172413793103448,0.0009624639076034,0.007908611599297,0.0069384215091066
56,Employment,"Unemployment Rate by Race, Some Other Race Alone",0.0,0.2679425837320574,0.1502347417840375,0.293103448275862,0.2363013698630137,0.2264150943396226,0.1027667984189723,0.0845070422535211,0.0,0.0135922330097087,0.0,0.0,0.0,0.0,0.0,0.0
57,Employment,"Unemployment Rate by Race, Two or More Races",0.0,0.037174721189591,0.0396039603960396,0.0368324125230202,0.0855978260869565,0.0479548660084626,0.0465444287729196,0.0471092077087794,0.0481171548117154,0.0,0.0,0.0,0.0,0.0,0.0,0.0124716553287981
58,Employment,"Unemployment Rate by Race, White Alone",0.0236122618061309,0.0418372796866654,0.0384885764499121,0.0367980467387513,0.0352018685352018,0.0379578982264213,0.0395033860045146,0.0371168185584092,0.0459110473457675,0.024109238318754,0.0453811659192825,0.0346487006737247,0.0450662110209312,0.039974752787713,0.0320158975491278,0.0311170808148645
59,Employment,"Unemployment Rate by Race, White Alone, Not Hispanic or Latino",0.0243850267379679,0.0453755551264722,0.0435387673956262,0.0389761489237929,0.0374746169466494,0.0374818049490538,0.0395263799407974,0.0345945945945945,0.0435536712275968,0.0249294449670743,0.0425531914893617,0.0318550905683947,0.0442655935613682,0.0417949846018477,0.0321671753932848,0.0310223266745005
61,Households,Average Family Household Size,2.9756207674943567,2.872360394181136,2.9386343993085564,2.8365638766519825,2.793896713615024,2.9021543985637344,2.806646525679758,2.867509172441908,2.8329228243021345,3.030050855293574,2.730615507593925,2.8267946577629384,2.826742763962495,2.857434640522876,2.8328470195914965,2.8867376573088093
62,Households,Average Household Size,1.8656739811912224,1.8654361886732924,1.8834327673244609,1.8733190709046452,1.8966569989314608,1.9320285237445,1.9347020685396727,1.9739485247959825,1.9243002544529264,2.0834630350194554,1.879784024138479,1.8891883322764744,1.8806066473055825,1.8746794871794872,1.8741189968857563,1.8259289843104871
63,Households,Family Households,0.3471786833855799,0.3361728979334279,0.3539850084136454,0.3468826405867971,0.3251411998168219,0.3380367167349415,0.3576721210250077,0.3849654739485248,0.3874045801526717,0.4208171206225681,0.3973320628870891,0.3798351299936588,0.3957728299451435,0.3923076923076923,0.3932142271758728,0.3412056151940545
64,Households,Households,6380.0,6339.0,6537.0,6544.0,6551.0,6591.0,6478.0,6372.0,6288.0,5140.0,6297.0,6308.0,6198.0,6240.0,6101.0,6055.0
65,Households,"Households with 60 years and older, % of Total (DEC, 65 years and older)",0.3015673981191222,0.2967345007098911,0.3165060425271531,0.3303789731051345,0.3335368646008243,0.3526020330754058,0.359061438715653,0.3604833647206528,0.3651399491094148,0.4099221789883268,0.3650944894394156,0.3893468611287254,0.3936753791545659,0.3778846153846154,0.3745287657761023,0.390916597853014
66,Households,"Households with Children, % of Total",0.1010971786833855,0.086764473891781,0.0934679516597827,0.0945904645476772,0.0937261486795909,0.1157639204976483,0.1094473602963877,0.1274325172630257,0.1195928753180661,0.1474708171206225,0.1129109099571224,0.1461636017755231,0.1334301387544369,0.147275641025641,0.1358793640386821,0.1222130470685384
67,Households,Living in Group Quarters,53.0,0.0,0.0,2327.0,2486.0,2375.0,2302.0,2156.0,2075.0,1942.0,17.0,17.0,16.0,42.0,63.0,80.0
68,Households,Non-Family Households,0.6528213166144201,0.663827102066572,0.6460149915863546,0.6531173594132029,0.6748588001831781,0.6619632832650584,0.6423278789749923,0.6150345260514752,0.6125954198473282,0.579182879377432,0.6026679371129109,0.6201648700063411,0.6042271700548564,0.6076923076923076,0.6067857728241272,0.6587943848059455
69,Households,"Single Person Households, % of Total",0.5056426332288402,0.517116264395015,0.5221049411044821,0.5129889975550123,0.4964127614104717,0.4974965862539827,0.4618709478234022,0.4463276836158192,0.4611959287531806,0.435408560311284,0.4649833253930443,0.4766962587190869,0.4899967731526299,0.5006410256410256,0.470906408785445,0.5018992568125517
70,Housing,Median Year Moved In Owner,1993.9366515837105,1994.8966408268732,1993.4939759036145,1996.4643799472296,1997.111801242236,2000.799319727891,2001.2118126272912,2002.002457002457,2009.7268041237116,1996.0076530612248,2004.082666666667,2007.7254098360656,2003.032,2007.8933333333332,2006.389684813753,2008.3333333333333
71,Housing,Median Year Moved In Renter,1995.565486228218,2004.251937984496,2005.435310936383,2004.558645707376,2005.6873857404023,2010.385312783318,2008.422969187675,2009.9358541526,2014.1406844106464,2010.784574468085,2013.4004329004329,2012.0782643957828,2012.2255681818183,2013.884425651868,2016.675229357798,2016.1188405797104
72,Housing,Median Year Structure Built,1944.3222003929272,1939.0,1948.441860465116,1948.391304347826,1947.7878103837472,1949.8145315487573,1943.903345724907,1943.6607142857144,1939.0,1958.0490654205607,1939.0,1941.0205128205127,1948.6144578313251,1951.607744107744,1953.2325581395348,1952.35
73,Housing,"Overcrowding, Renter Occupied Housing",0.1307943835352952,0.0990566037735849,0.0949903660886319,0.078590275160196,0.0463392029657089,0.056282722513089,0.0603803175847873,0.0761191086570696,0.0968712394705174,0.0946116873260814,0.1097462746677406,0.0937201756060316,0.0943092700583149,0.084045584045584,0.0950301517987107,0.0772680937818552
74,Housing,Owner Occupied,0.1898083216456288,0.1973497397065783,0.2060578246902248,0.1891809290953545,0.1764616089146695,0.1885905021999696,0.2125656066687249,0.2041745134965474,0.20706106870229,0.2309338521400778,0.2113704938859774,0.1694673430564362,0.1976444014198128,0.2125,0.2117685625307326,0.189925681255161
76,Housing,"Owner Occupied by Race, Asian Alone",0.2100667693888032,0.2190023752969121,0.1878923766816143,0.1828895678742907,0.1438565806733712,0.1477222467934542,0.1857541899441341,0.2041405873856523,0.1851187808157776,0.2588996763754045,0.1690798692199906,0.1214555765595463,0.1584852734922861,0.2150593089221248,0.2533912099837221,0.2269615587151132
77,Housing,"Owner Occupied by Race, Black or African American Alone",0.0677966101694915,0.0,0.0,0.0,0.0,0.0,0.0,0.0,0.0,0.2975206611570248,0.0,0.0,0.0,0.0,0.0,0.0
78,Housing,"Owner Occupied by Race, Hispanic or Latino",0.0948275862068965,0.1736641221374046,0.2123613312202852,0.1022146507666098,0.0658682634730539,0.0314465408805031,0.049618320610687,0.0176678445229682,0.0197802197802197,0.109979633401222,0.0866141732283464,0.0455311973018549,0.0435483870967741,0.028,0.0312891113892365,0.0216867469879518
80,Housing,"Owner Occupied by Race, Some Other Race Alone",0.0,0.3373493975903614,0.3047619047619048,0.3359375,0.2279792746113989,0.230392156862745,0.0,0.0,0.0,0.0735930735930736,0.0,0.0,0.0,0.0,0.0,0.0
81,Housing,"Owner Occupied by Race, Two or More Races",0.0516129032258064,0.0883977900552486,0.0669642857142857,0.0,0.0212765957446808,0.0807453416149068,0.0794701986754966,0.175,0.1867219917012448,0.1576576576576576,0.1535714285714285,0.0721868365180467,0.0642722117202268,0.049715909090909,0.0417287630402384,0.0831858407079646
82,Housing,"Owner Occupied by Race, White Alone",0.1920917744691237,0.1977416689617185,0.2325151755080496,0.2062732589048378,0.2105691056910569,0.2241286863270777,0.2479209979209979,0.2224886757260858,0.2379475613194248,0.2289201183431952,0.2558011049723757,0.2305868405453467,0.2827746432127447,0.2882585751978891,0.26522462562396,0.2278738555442523
83,Housing,"Owner Occupied by Race, White Alone, Not Hispanic or Latino",0.1931818181818181,0.1911002743066138,0.2252034971359662,0.2130318357631657,0.2201862421147492,0.2378315359953366,0.2555769760396585,0.2346416382252559,0.24755410613697,0.2400793650793651,0.2628790108919634,0.2421018697614442,0.2923458540042523,0.3014134275618375,0.2787003610108303,0.2406069364161849
84,Housing,Post 1979 All and Pre 1979 Single Family Renter Occupied by Year Structure Built by Units in Structure,578.0,2496.0,2473.0,2643.0,2655.0,2639.0,953.0,1025.0,1037.0,1254.0,1118.0,1374.0,1368.0,1367.0,1219.0,1315.0
85,Housing,Pre 1980 MultiFamily Renter Occupied by Year Structure Built by Units in Structure,4607.0,2366.0,2397.0,2355.0,2416.0,2359.0,4148.0,4046.0,3949.0,2699.0,3831.0,3835.0,3588.0,3531.0,3575.0,3590.0
86,Housing,Renter Occupied,0.8101916783543712,0.8026502602934217,0.7939421753097752,0.8108190709046454,0.8235383910853304,0.8114094978000304,0.7874343933312751,0.7958254865034526,0.7929389312977099,0.7690661478599222,0.7886295061140226,0.8305326569435637,0.8023555985801871,0.7875,0.7882314374692674,0.8100743187448389
88,Housing,"Renter Occupied by Race, Asian Alone",0.7899332306111967,0.7809976247030879,0.8121076233183856,0.8171104321257093,0.8561434193266287,0.8522777532065458,0.8142458100558659,0.7958594126143477,0.8148812191842223,0.7411003236245954,0.8309201307800094,0.8785444234404537,0.8415147265077139,0.7849406910778752,0.7466087900162778,0.7730384412848867
89,Housing,"Renter Occupied by Race, Black or African American Alone",0.9322033898305084,1.0,1.0,1.0,1.0,1.0,1.0,1.0,1.0,0.7024793388429752,1.0,1.0,1.0,1.0,1.0,1.0
90,Housing,"Renter Occupied by Race, Hispanic or Latino",0.9051724137931034,0.8263358778625954,0.7876386687797148,0.8977853492333902,0.934131736526946,0.9685534591194968,0.950381679389313,0.9823321554770318,0.9802197802197802,0.890020366598778,0.9133858267716536,0.954468802698145,0.9564516129032258,0.972,0.9687108886107636,0.9783132530120482
92,Housing,"Renter Occupied by Race, Some Other Race Alone",1.0,0.6626506024096386,0.6952380952380952,0.6640625,0.772020725388601,0.7696078431372549,1.0,1.0,1.0,0.9264069264069263,1.0,1.0,1.0,1.0,1.0,1.0
93,Housing,"Renter Occupied by Race, Two or More Races",0.9483870967741936,0.9116022099447514,0.9330357142857144,1.0,0.9787234042553192,0.9192546583850932,0.9205298013245032,0.825,0.8132780082987552,0.8423423423423423,0.8464285714285714,0.9278131634819532,0.9357277882797732,0.9502840909090908,0.9582712369597616,0.9168141592920354
94,Housing,"Renter Occupied by Race, White Alone",0.8079082255308763,0.8022583310382815,0.7674848244919504,0.7937267410951622,0.7894308943089431,0.7758713136729223,0.752079002079002,0.7775113242739142,0.7620524386805752,0.7710798816568047,0.7441988950276243,0.7694131594546533,0.7172253567872552,0.7117414248021108,0.7347753743760399,0.7721261444557477
95,Housing,"Renter Occupied by Race, White Alone, Not Hispanic or Latino",0.8068181818181818,0.8088997256933862,0.7747965028640338,0.7869681642368342,0.7798137578852509,0.7621684640046633,0.7444230239603415,0.765358361774744,0.75244589386303,0.7599206349206349,0.7371209891080365,0.7578981302385558,0.7076541459957477,0.6985865724381626,0.7212996389891697,0.759393063583815
96,Housing,Total Number of Units,6970.0,7411.0,7474.0,7415.0,7326.0,7212.0,7210.0,7248.0,7340.0,5695.0,7360.0,7412.0,7490.0,7569.0,7599.0,7474.0
97,Housing,Total Vacant Units,553.0,1072.0,937.0,871.0,775.0,621.0,732.0,876.0,1052.0,555.0,1063.0,1104.0,1292.0,1329.0,1498.0,1419.0
98,Housing,Vacancy Rate,0.0793400286944046,0.1446498448252597,0.1253679421996253,0.1174645987862441,0.1057876057876057,0.0861064891846921,0.1015256588072122,0.1208609271523178,0.1433242506811989,0.0974539069359086,0.1444293478260869,0.1489476524554776,0.1724966622162883,0.1755846214823622,0.1971312014738781,0.1898581750066898
99,Housing Prices,Contract Rent 100 to 149,53.0,15.0,0.0,0.0,0.0,0.0,0.0,0.0,0.0,0.0,0.0,100.0,0.0,0.0,0.0,0.0
100,Housing Prices,Contract Rent 1000 to 1249,798.0,682.0,381.0,435.0,311.0,364.0,330.0,316.0,253.0,284.0,206.0,275.0,261.0,281.0,249.0,182.0
101,Housing Prices,Contract Rent 1250 to 1499,447.0,554.0,625.0,540.0,487.0,476.0,383.0,432.0,385.0,460.0,311.0,191.0,118.0,179.0,159.0,165.0
102,Housing Prices,Contract Rent 150 to 199,205.0,29.0,11.0,7.0,7.0,21.0,25.0,9.0,0.0,19.0,17.0,16.0,173.0,189.0,124.0,134.0
103,Housing Prices,Contract Rent 1500 to 1999,716.0,1055.0,1246.0,1166.0,1045.0,851.0,698.0,695.0,668.0,671.0,830.0,941.0,903.0,415.0,301.0,376.0
104,Housing Prices,Contract Rent 200 to 249,180.0,201.0,179.0,157.0,125.0,113.0,174.0,180.0,152.0,133.0,116.0,91.0,67.0,94.0,85.0,36.0
105,Housing Prices,"Contract Rent 2000 to 2499 (Contract Rent 2000 or more, DEC2000 and ACS2009-2014)",197.0,944.0,1078.0,1372.0,1669.0,1847.0,766.0,695.0,745.0,600.0,581.0,553.0,577.0,951.0,1069.0,1086.0
106,Housing Prices,Contract Rent 250 to 299,126.0,199.0,238.0,203.0,191.0,191.0,120.0,113.0,174.0,147.0,155.0,90.0,127.0,108.0,44.0,31.0
108,Housing Prices,Contract Rent 300 to 349,194.0,63.0,50.0,81.0,115.0,172.0,255.0,158.0,197.0,130.0,157.0,76.0,180.0,80.0,25.0,122.0
110,Housing Prices,Contract Rent 350 to 399,95.0,69.0,77.0,152.0,160.0,117.0,94.0,83.0,23.0,11.0,41.0,113.0,110.0,82.0,130.0,120.0
112,Housing Prices,Contract Rent 400 to 449,187.0,64.0,122.0,151.0,105.0,174.0,147.0,176.0,188.0,72.0,135.0,192.0,146.0,98.0,99.0,106.0
113,Housing Prices,Contract Rent 500 to 549,155.0,120.0,99.0,45.0,55.0,79.0,88.0,91.0,58.0,38.0,76.0,26.0,32.0,150.0,33.0,86.0
114,Housing Prices,Contract Rent 550 to 599,189.0,150.0,118.0,149.0,107.0,23.0,25.0,75.0,82.0,20.0,34.0,51.0,31.0,5.0,154.0,143.0
115,Housing Prices,Contract Rent 600 to 649,108.0,35.0,64.0,54.0,95.0,71.0,92.0,106.0,88.0,74.0,101.0,124.0,20.0,18.0,37.0,10.0
116,Housing Prices,Contract Rent 650 to 699,194.0,119.0,148.0,92.0,56.0,30.0,67.0,84.0,113.0,15.0,167.0,121.0,121.0,18.0,15.0,35.0
117,Housing Prices,Contract Rent 700 to 749,121.0,71.0,169.0,182.0,128.0,94.0,93.0,38.0,31.0,20.0,52.0,46.0,26.0,72.0,33.0,17.0
118,Housing Prices,Contract Rent 750 to 749,186.0,32.0,86.0,110.0,91.0,112.0,114.0,53.0,70.0,123.0,56.0,72.0,151.0,48.0,42.0,26.0
119,Housing Prices,Contract Rent 750 to 799,177.0,78.0,15.0,29.0,79.0,62.0,75.0,119.0,117.0,17.0,135.0,66.0,17.0,134.0,115.0,46.0
120,Housing Prices,Contract Rent 800 to 899,459.0,214.0,172.0,57.0,142.0,122.0,86.0,139.0,160.0,105.0,198.0,176.0,77.0,81.0,108.0,155.0
121,Housing Prices,Contract Rent 900 to 999,296.0,175.0,213.0,197.0,239.0,222.0,175.0,160.0,99.0,15.0,135.0,145.0,155.0,120.0,70.0,67.0
122,Housing Prices,Contract Rent Less than 100,38.0,77.0,0.0,15.0,17.0,17.0,21.0,21.0,0.0,0.0,0.0,0.0,0.0,9.0,9.0,8.0
123,Housing Prices,Contract Rent Total,5199.0,5088.0,5190.0,5306.0,5395.0,5348.0,5101.0,5071.0,4986.0,3953.0,4966.0,5239.0,4973.0,4914.0,4809.0,4905.0
124,Housing Prices,Contract Rent Total No cash Rent (ACS2015-),78.0,0.0,0.0,0.0,0.0,0.0,223.0,196.0,187.0,142.0,133.0,129.0,168.0,127.0,129.0,159.0
125,Housing Prices,"Contract Rent Total No cash Rent (No cash rent, DEC2000 and ACS2009-2014)",78.0,142.0,99.0,112.0,171.0,190.0,599.0,639.0,566.0,515.0,682.0,842.0,557.0,438.0,393.0,527.0
126,Housing Prices,Contract Rent Total With cash Rent,5121.0,4946.0,5091.0,5194.0,5224.0,5158.0,4878.0,4875.0,4799.0,3811.0,4833.0,5110.0,4805.0,4787.0,4680.0,4746.0
127,Housing Prices,Extremely Rent Burdened,0.1609924985574148,0.2248427672955975,0.2053949903660886,0.20844327176781,0.1968489341983318,0.1983919222139117,0.1633013134679474,0.1731413922303293,0.1564380264741275,0.1689855805717176,0.1641159887233185,0.1813323153273525,0.1892217977076211,0.1902726902726902,0.173632771886047,0.1596330275229358
137,Housing Prices,Home Value 10000 to 14999 ,0.0,0.0,0.0,0.0,0.0,0.0,0.0,0.0,0.0,0.0,0.0,6.0,6.0,6.0,6.0,6.0
138,Housing Prices,Home Value 100000 to 124999,0.0,14.0,12.0,12.0,16.0,0.0,0.0,0.0,0.0,0.0,0.0,14.0,14.0,14.0,14.0,13.0
139,Housing Prices,"Home Value 1000000 to 1499999 (1000000 or more, DEC2000 and ACS2009-2014)",348.0,416.0,389.0,400.0,359.0,499.0,276.0,265.0,274.0,202.0,302.0,199.0,280.0,395.0,310.0,300.0
140,Housing Prices,Home Value 125000 to 149999,0.0,0.0,0.0,0.0,0.0,0.0,0.0,0.0,0.0,0.0,0.0,0.0,0.0,0.0,0.0,0.0
141,Housing Prices,Home Value 15000 to 19999 ,0.0,0.0,22.0,29.0,23.0,17.0,17.0,0.0,0.0,0.0,0.0,0.0,0.0,0.0,0.0,0.0
142,Housing Prices,Home Value 150000 to 174999,9.0,0.0,0.0,0.0,13.0,20.0,20.0,21.0,22.0,21.0,0.0,0.0,0.0,0.0,0.0,0.0
144,Housing Prices,Home Value 175000 to 199999,9.0,0.0,0.0,0.0,0.0,0.0,0.0,0.0,0.0,0.0,0.0,0.0,0.0,0.0,0.0,0.0
145,Housing Prices,Home Value 20000 to 24999 ,0.0,0.0,0.0,0.0,0.0,0.0,0.0,10.0,10.0,0.0,13.0,17.0,0.0,0.0,0.0,0.0
146,Housing Prices,Home Value 200000 to 249999,31.0,18.0,0.0,22.0,34.0,46.0,36.0,41.0,12.0,0.0,19.0,18.0,16.0,0.0,21.0,35.0
148,Housing Prices,Home Value 25000 to 29999 ,0.0,0.0,0.0,0.0,0.0,0.0,0.0,0.0,0.0,0.0,0.0,0.0,0.0,0.0,0.0,0.0
149,Housing Prices,Home Value 250000 to 299999,93.0,52.0,39.0,65.0,38.0,37.0,34.0,38.0,27.0,14.0,0.0,0.0,0.0,19.0,17.0,0.0
150,Housing Prices,Home Value 30000 to 34999 ,0.0,0.0,0.0,0.0,0.0,0.0,0.0,0.0,0.0,0.0,0.0,0.0,0.0,0.0,0.0,0.0
151,Housing Prices,Home Value 300000 to 399999,193.0,131.0,163.0,137.0,112.0,32.0,15.0,16.0,7.0,19.0,29.0,32.0,29.0,28.0,13.0,0.0
152,Housing Prices,Home Value 35000 to 39999 ,4.0,0.0,0.0,0.0,0.0,0.0,0.0,0.0,0.0,0.0,0.0,0.0,0.0,0.0,0.0,0.0
153,Housing Prices,Home Value 40000 to 49999 ,6.0,0.0,0.0,0.0,0.0,0.0,0.0,0.0,0.0,0.0,0.0,0.0,0.0,0.0,0.0,0.0
154,Housing Prices,Home Value 400000 to 499999,107.0,30.0,57.0,62.0,61.0,60.0,68.0,29.0,15.0,11.0,15.0,12.0,21.0,9.0,8.0,17.0
155,Housing Prices,Home Value 50000 to 59999 ,0.0,0.0,0.0,0.0,0.0,52.0,45.0,39.0,34.0,0.0,0.0,0.0,0.0,0.0,0.0,0.0
156,Housing Prices,Home Value 500000 to 749999,250.0,291.0,332.0,240.0,218.0,147.0,209.0,185.0,203.0,313.0,157.0,88.0,119.0,80.0,79.0,62.0
157,Housing Prices,Home Value 60000 to 69999 ,6.0,0.0,0.0,0.0,0.0,0.0,0.0,0.0,0.0,0.0,0.0,0.0,0.0,0.0,0.0,0.0
158,Housing Prices,Home Value 70000 to 79999 ,18.0,0.0,0.0,0.0,0.0,0.0,0.0,0.0,0.0,0.0,0.0,0.0,0.0,0.0,0.0,0.0
159,Housing Prices,Home Value 750000 to 999999,138.0,289.0,333.0,271.0,282.0,319.0,304.0,268.0,256.0,261.0,200.0,186.0,111.0,44.0,101.0,116.0
160,Housing Prices,Home Value 80000 to 89999 ,0.0,0.0,0.0,0.0,0.0,0.0,0.0,0.0,0.0,0.0,0.0,0.0,0.0,0.0,0.0,0.0
161,Housing Prices,Home Value 90000 to 99999 ,6.0,0.0,0.0,0.0,0.0,0.0,0.0,14.0,17.0,0.0,20.0,18.0,0.0,0.0,0.0,0.0
162,Housing Prices,Home Value Less than 10000,0.0,10.0,0.0,0.0,0.0,14.0,17.0,18.0,19.0,0.0,0.0,0.0,0.0,0.0,0.0,0.0
163,Housing Prices,Home Value Total,1218.0,1251.0,1347.0,1238.0,1156.0,1243.0,1377.0,1301.0,1302.0,1187.0,1331.0,1069.0,1225.0,1326.0,1292.0,1150.0
164,Housing Prices,Housing Units with a Mortgage,115.0,823.0,888.0,908.0,820.0,869.0,922.0,738.0,683.0,606.0,628.0,424.0,497.0,667.0,668.0,676.0
165,Housing Prices,Housing Units with a Mortgage 0 to 30%,69.0,372.0,384.0,403.0,361.0,346.0,410.0,360.0,355.0,440.0,300.0,222.0,310.0,335.0,403.0,360.0
166,Housing Prices,Housing Units with a Mortgage 30-50%,40.0,144.0,195.0,174.0,231.0,243.0,262.0,190.0,147.0,77.0,118.0,53.0,38.0,165.0,99.0,158.0
167,Housing Prices,Housing Units with a Mortgage 50%+,6.0,307.0,309.0,331.0,228.0,280.0,250.0,188.0,181.0,89.0,210.0,149.0,149.0,167.0,166.0,158.0
168,Housing Prices,"Housing Units with a Mortgage 50%+ by Race, American Indian and Alaska Native Alone",0.0,0.0,0.0,0.0,0.0,0.0,0.0,0.0,0.0,0.0,0.0,0.0,0.0,0.0,0.0,0.0
169,Housing Prices,"Housing Units with a Mortgage 50%+ by Race, Asian Alone",0.0,0.0,0.0,0.0,0.0,0.0,0.0,0.0,0.0,0.0,0.0,0.0,0.0,0.0,40.0,36.0
170,Housing Prices,"Housing Units with a Mortgage 50%+ by Race, Black or African American Alone",0.0,0.0,0.0,0.0,0.0,0.0,0.0,0.0,0.0,0.0,0.0,0.0,0.0,0.0,0.0,0.0
171,Housing Prices,"Housing Units with a Mortgage 50%+ by Race, Hispanic or Latino",0.0,0.0,0.0,0.0,0.0,0.0,0.0,0.0,0.0,0.0,0.0,0.0,0.0,0.0,0.0,0.0
172,Housing Prices,"Housing Units with a Mortgage 50%+ by Race, Native Hawaiian and Other Pacific Islander Alone",0.0,0.0,0.0,0.0,0.0,0.0,0.0,0.0,0.0,0.0,0.0,0.0,0.0,0.0,0.0,0.0
173,Housing Prices,"Housing Units with a Mortgage 50%+ by Race, Some Other Race Alone",0.0,0.0,0.0,0.0,0.0,0.0,0.0,0.0,0.0,0.0,0.0,0.0,0.0,0.0,0.0,0.0
174,Housing Prices,"Housing Units with a Mortgage 50%+ by Race, Two or More Races",0.0,0.0,0.0,0.0,0.0,0.0,0.0,0.0,0.0,0.0,0.0,0.0,0.0,0.0,0.0,0.0
175,Housing Prices,"Housing Units with a Mortgage 50%+ by Race, White Alone",6.0,0.0,0.0,0.0,0.0,0.0,0.0,0.0,0.0,0.0,0.0,0.0,0.0,0.0,126.0,122.0
176,Housing Prices,"Housing Units with a Mortgage 50%+ by Race, White Alone, Not Hispanic or Latino",6.0,0.0,0.0,0.0,0.0,0.0,0.0,0.0,0.0,0.0,0.0,0.0,0.0,0.0,126.0,122.0
177,Housing Prices,Housing Units with a Mortgage Not Computed,0.0,0.0,0.0,0.0,0.0,0.0,0.0,0.0,0.0,0.0,0.0,0.0,0.0,0.0,0.0,0.0
178,Housing Prices,"Housing Units with a Mortgage by Race, American Indian and Alaska Native Alone",0.0,0.0,0.0,0.0,0.0,0.0,0.0,0.0,0.0,0.0,0.0,0.0,0.0,0.0,0.0,0.0
179,Housing Prices,"Housing Units with a Mortgage by Race, Asian Alone",0.0,0.0,0.0,0.0,0.0,0.0,0.0,0.0,0.0,0.0,0.0,0.0,0.0,0.0,206.0,220.0
180,Housing Prices,"Housing Units with a Mortgage by Race, Black or African American Alone",0.0,0.0,0.0,0.0,0.0,0.0,0.0,0.0,0.0,0.0,0.0,0.0,0.0,0.0,0.0,0.0
181,Housing Prices,"Housing Units with a Mortgage by Race, Hispanic or Latino",0.0,0.0,0.0,0.0,0.0,0.0,0.0,0.0,0.0,0.0,0.0,0.0,0.0,0.0,25.0,6.0
182,Housing Prices,"Housing Units with a Mortgage by Race, Native Hawaiian and Other Pacific Islander Alone",0.0,0.0,0.0,0.0,0.0,0.0,0.0,0.0,0.0,0.0,0.0,0.0,0.0,0.0,0.0,0.0
183,Housing Prices,"Housing Units with a Mortgage by Race, Some Other Race Alone",0.0,0.0,0.0,0.0,0.0,0.0,0.0,0.0,0.0,0.0,0.0,0.0,0.0,0.0,0.0,0.0
184,Housing Prices,"Housing Units with a Mortgage by Race, Two or More Races",0.0,0.0,0.0,0.0,0.0,0.0,0.0,0.0,0.0,0.0,0.0,0.0,0.0,0.0,9.0,21.0
185,Housing Prices,"Housing Units with a Mortgage by Race, White Alone",0.0,0.0,0.0,0.0,0.0,0.0,0.0,0.0,0.0,0.0,0.0,0.0,0.0,0.0,453.0,435.0
186,Housing Prices,"Housing Units with a Mortgage by Race, White Alone, Not Hispanic or Latino",0.0,0.0,0.0,0.0,0.0,0.0,0.0,0.0,0.0,0.0,0.0,0.0,0.0,0.0,428.0,429.0
187,Housing Prices,Housing Units without a Mortgage,44.0,428.0,459.0,330.0,336.0,374.0,455.0,563.0,619.0,581.0,703.0,645.0,728.0,659.0,624.0,474.0
188,Housing Prices,Housing Units without a Mortgage 0 to 30%,44.0,289.0,318.0,204.0,214.0,307.0,358.0,414.0,457.0,427.0,518.0,476.0,588.0,511.0,518.0,396.0
189,Housing Prices,Housing Units without a Mortgage 30-50%,0.0,36.0,26.0,9.0,16.0,43.0,71.0,82.0,74.0,33.0,57.0,44.0,39.0,55.0,20.0,18.0
190,Housing Prices,Housing Units without a Mortgage 50%+,0.0,50.0,43.0,52.0,43.0,24.0,26.0,54.0,76.0,106.0,115.0,116.0,101.0,93.0,86.0,60.0
191,Housing Prices,"Housing Units without a Mortgage 50%+ by Race, American Indian and Alaska Native Alone",0.0,0.0,0.0,0.0,0.0,0.0,0.0,0.0,0.0,0.0,0.0,0.0,0.0,0.0,0.0,0.0
192,Housing Prices,"Housing Units without a Mortgage 50%+ by Race, Asian Alone",0.0,0.0,0.0,0.0,0.0,0.0,0.0,0.0,0.0,0.0,0.0,0.0,0.0,0.0,9.0,7.0
193,Housing Prices,"Housing Units without a Mortgage 50%+ by Race, Black or African American Alone",0.0,0.0,0.0,0.0,0.0,0.0,0.0,0.0,0.0,0.0,0.0,0.0,0.0,0.0,0.0,0.0
194,Housing Prices,"Housing Units without a Mortgage 50%+ by Race, Hispanic or Latino",0.0,0.0,0.0,0.0,0.0,0.0,0.0,0.0,0.0,0.0,0.0,0.0,0.0,0.0,0.0,0.0
195,Housing Prices,"Housing Units without a Mortgage 50%+ by Race, Native Hawaiian and Other Pacific Islander Alone",0.0,0.0,0.0,0.0,0.0,0.0,0.0,0.0,0.0,0.0,0.0,0.0,0.0,0.0,0.0,0.0
196,Housing Prices,"Housing Units without a Mortgage 50%+ by Race, Some Other Race Alone",0.0,0.0,0.0,0.0,0.0,0.0,0.0,0.0,0.0,0.0,0.0,0.0,0.0,0.0,0.0,0.0
197,Housing Prices,"Housing Units without a Mortgage 50%+ by Race, Two or More Races",0.0,0.0,0.0,0.0,0.0,0.0,0.0,0.0,0.0,0.0,0.0,0.0,0.0,0.0,0.0,0.0
198,Housing Prices,"Housing Units without a Mortgage 50%+ by Race, White Alone",0.0,0.0,0.0,0.0,0.0,0.0,0.0,0.0,0.0,0.0,0.0,0.0,0.0,0.0,77.0,53.0
199,Housing Prices,"Housing Units without a Mortgage 50%+ by Race, White Alone, Not Hispanic or Latino",0.0,0.0,0.0,0.0,0.0,0.0,0.0,0.0,0.0,0.0,0.0,0.0,0.0,0.0,77.0,53.0
200,Housing Prices,Housing Units without a Mortgage Not Computed,0.0,53.0,72.0,65.0,63.0,0.0,0.0,13.0,12.0,15.0,13.0,9.0,0.0,0.0,0.0,0.0
201,Housing Prices,"Housing Units without a Mortgage by Race, American Indian and Alaska Native Alone",0.0,0.0,0.0,0.0,0.0,0.0,0.0,0.0,0.0,0.0,0.0,0.0,0.0,0.0,0.0,0.0
202,Housing Prices,"Housing Units without a Mortgage by Race, Asian Alone",0.0,0.0,0.0,0.0,0.0,0.0,0.0,0.0,0.0,0.0,0.0,0.0,0.0,0.0,261.0,211.0
203,Housing Prices,"Housing Units without a Mortgage by Race, Black or African American Alone",0.0,0.0,0.0,0.0,0.0,0.0,0.0,0.0,0.0,0.0,0.0,0.0,0.0,0.0,0.0,0.0
204,Housing Prices,"Housing Units without a Mortgage by Race, Hispanic or Latino",0.0,0.0,0.0,0.0,0.0,0.0,0.0,0.0,0.0,0.0,0.0,0.0,0.0,0.0,0.0,12.0
205,Housing Prices,"Housing Units without a Mortgage by Race, Native Hawaiian and Other Pacific Islander Alone",0.0,0.0,0.0,0.0,0.0,0.0,0.0,0.0,0.0,0.0,0.0,0.0,0.0,0.0,0.0,0.0
206,Housing Prices,"Housing Units without a Mortgage by Race, Some Other Race Alone",0.0,0.0,0.0,0.0,0.0,0.0,0.0,0.0,0.0,0.0,0.0,0.0,0.0,0.0,0.0,0.0
207,Housing Prices,"Housing Units without a Mortgage by Race, Two or More Races",0.0,0.0,0.0,0.0,0.0,0.0,0.0,0.0,0.0,0.0,0.0,0.0,0.0,0.0,19.0,26.0
208,Housing Prices,"Housing Units without a Mortgage by Race, White Alone",0.0,0.0,0.0,0.0,0.0,0.0,0.0,0.0,0.0,0.0,0.0,0.0,0.0,0.0,344.0,237.0
209,Housing Prices,"Housing Units without a Mortgage by Race, White Alone, Not Hispanic or Latino",0.0,0.0,0.0,0.0,0.0,0.0,0.0,0.0,0.0,0.0,0.0,0.0,0.0,0.0,344.0,237.0
210,Housing Prices,Median Contract Rent,838.3986928104575,1286.101083032491,1411.4,1472.6851851851852,1548.8038277511962,1929.361927144536,1553.7249283667622,1560.7913669064749,1656.811377245509,1665.7973174366616,1695.4819277108434,1810.308182784272,1826.9656699889256,2111.7245005257623,2237.6052385406924,2233.8858195211787
211,Housing Prices,Median Home Value,627000.0,818771.6262975779,786411.4114114114,797970.479704797,805851.0638297872,846003.3667711599,937088.8157894736,973414.1791044776,1052919.708029197,956417.6245210728,1351821.1920529802,1360552.7638190954,1547413.7931034483,1638211.382113821,1673423.4234234234,1574285.7142857143
212,Housing Prices,Median Rent,909.7701149425288,1337.28943338438,1436.336717428088,1494.0577249575551,1576.3358778625957,1865.9871794871797,1618.8186813186812,1651.3956310679612,1710.5077574047957,1721.6796875,1771.383647798742,1864.093959731544,1908.2236842105265,2150.3359462486,2324.3823845327606,2386.8660598179454
213,Housing Prices,Median Rent as % of Household Income,24.74817415730337,27.99496951219512,28.57794793261868,28.89951856946355,29.22933673469388,28.626702508960573,27.264324324324324,27.745870535714285,25.44360902255639,24.47998379254457,25.247814910025703,26.04424778761062,25.91378048780488,26.06596638655462,26.223839009287925,25.861336828309305
214,Housing Prices,Rent 100 to 149,28.0,0.0,0.0,0.0,0.0,0.0,0.0,0.0,0.0,0.0,0.0,0.0,0.0,0.0,0.0,0.0
215,Housing Prices,Rent 1000 to 1249,873.0,679.0,506.0,442.0,342.0,351.0,313.0,320.0,298.0,232.0,268.0,321.0,301.0,330.0,209.0,153.0
216,Housing Prices,Rent 1250 to 1499,492.0,653.0,591.0,589.0,510.0,436.0,383.0,337.0,314.0,399.0,204.0,171.0,128.0,139.0,184.0,176.0
217,Housing Prices,Rent 150 to 199,179.0,87.0,11.0,0.0,0.0,0.0,0.0,0.0,0.0,0.0,0.0,0.0,68.0,22.0,17.0,0.0
218,Housing Prices,Rent 1500 to 1999,739.0,1060.0,1145.0,1188.0,1048.0,936.0,728.0,824.0,709.0,768.0,795.0,894.0,760.0,440.0,289.0,350.0
219,Housing Prices,Rent 200 to 249,203.0,188.0,156.0,106.0,62.0,82.0,140.0,127.0,115.0,25.0,24.0,126.0,105.0,176.0,174.0,178.0
220,Housing Prices,"Rent 2000 to 2499  (Rent 2000 or more, DEC2000 and ACS2009-2014)",221.0,988.0,1250.0,1395.0,1724.0,1893.0,801.0,673.0,670.0,501.0,650.0,653.0,695.0,893.0,931.0,769.0
221,Housing Prices,Rent 250 to 299,134.0,189.0,163.0,117.0,189.0,166.0,139.0,126.0,175.0,239.0,226.0,118.0,135.0,101.0,55.0,9.0
223,Housing Prices,Rent 300 to 349,178.0,52.0,112.0,180.0,136.0,185.0,184.0,111.0,143.0,35.0,67.0,77.0,100.0,66.0,22.0,130.0
225,Housing Prices,Rent 350 to 399,88.0,79.0,70.0,76.0,68.0,86.0,133.0,87.0,70.0,73.0,92.0,113.0,49.0,90.0,70.0,60.0
227,Housing Prices,Rent 400 to 449,107.0,75.0,132.0,185.0,153.0,74.0,74.0,147.0,136.0,30.0,33.0,95.0,71.0,86.0,25.0,23.0
228,Housing Prices,Rent 450 to 499,154.0,85.0,64.0,70.0,77.0,183.0,159.0,156.0,99.0,122.0,211.0,106.0,186.0,140.0,75.0,127.0
229,Housing Prices,Rent 500 to 549,185.0,147.0,153.0,120.0,119.0,39.0,39.0,49.0,50.0,26.0,78.0,73.0,53.0,32.0,148.0,146.0
230,Housing Prices,Rent 550 to 599,135.0,59.0,75.0,137.0,89.0,47.0,31.0,57.0,58.0,59.0,40.0,61.0,72.0,33.0,22.0,75.0
231,Housing Prices,Rent 600 to 649,156.0,107.0,85.0,45.0,84.0,70.0,107.0,125.0,116.0,35.0,103.0,93.0,53.0,61.0,68.0,11.0
232,Housing Prices,Rent 650 to 699,150.0,83.0,208.0,142.0,132.0,82.0,57.0,0.0,25.0,15.0,78.0,59.0,42.0,36.0,70.0,46.0
233,Housing Prices,Rent 700 to 749,139.0,22.0,100.0,175.0,109.0,100.0,165.0,150.0,137.0,0.0,51.0,118.0,77.0,9.0,12.0,0.0
234,Housing Prices,Rent 750 to 799,192.0,37.0,19.0,30.0,38.0,39.0,56.0,68.0,98.0,113.0,204.0,97.0,130.0,87.0,65.0,0.0
235,Housing Prices,Rent 800 to 899,469.0,151.0,133.0,58.0,164.0,145.0,115.0,150.0,141.0,58.0,127.0,96.0,87.0,188.0,195.0,237.0
236,Housing Prices,Rent 900 to 999,261.0,171.0,118.0,124.0,163.0,227.0,150.0,157.0,126.0,104.0,179.0,180.0,125.0,89.0,36.0,57.0
237,Housing Prices,Rent Burdened,0.3517984227736103,0.422562893081761,0.4398843930635838,0.4402563136072371,0.4494902687673772,0.4381077038145101,0.4022740639090374,0.4251626898047722,0.3993180906538307,0.3339236023273463,0.3685058397100282,0.4224088566520328,0.4031771566458877,0.4163614163614164,0.4271158244957371,0.3879714576962283
247,Housing Prices,Rent Less than 100,38.0,34.0,0.0,15.0,17.0,17.0,21.0,21.0,0.0,0.0,0.0,0.0,0.0,0.0,0.0,0.0
248,Housing Prices,Rent Total,5199.0,5088.0,5190.0,5306.0,5395.0,5348.0,5101.0,5071.0,4986.0,3953.0,4966.0,5239.0,4973.0,4914.0,4809.0,4905.0
249,Housing Prices,"Rent Total No cash rent  (No cash rent, DEC2000 and ACS2009-2014)",78.0,142.0,99.0,112.0,171.0,190.0,544.0,596.0,673.0,517.0,700.0,734.0,488.0,444.0,554.0,870.0
250,Housing Prices,Rent Total No cash rent (ACS2015-),78.0,0.0,0.0,0.0,0.0,0.0,223.0,196.0,187.0,142.0,133.0,129.0,168.0,127.0,129.0,159.0
251,Housing Prices,Rent Total With cash rent,5121.0,4946.0,5091.0,5194.0,5224.0,5158.0,4878.0,4875.0,4799.0,3811.0,4833.0,5110.0,4805.0,4787.0,4680.0,4746.0
252,Housing Type,10-19 Units,0.0839311334289813,0.1040345432465254,0.1023548300776023,0.1046527309507754,0.0988260988260988,0.0876317249029395,0.1102635228848821,0.1153421633554084,0.1149863760217983,0.1798068481123793,0.0747282608695652,0.0778467350242849,0.062082777036048,0.0630202140309155,0.0752730622450322,0.0765319775220765
253,Housing Type,2-4 Units,0.3252510760401721,0.3330184860342733,0.3255284987958255,0.323937963587323,0.3214578214578215,0.3193288962839711,0.3087378640776699,0.2865618101545253,0.2893732970027248,0.1887620719929763,0.2847826086956522,0.2652455477603885,0.3177570093457944,0.3293697978596908,0.3197789182787209,0.3176344661493176
254,Housing Type,20 Units or More,0.3154949784791965,0.3262717581972743,0.3430559272143431,0.3401213755900202,0.3438438438438438,0.3311148086522462,0.3434119278779473,0.339266004415011,0.3287465940054496,0.323441615452151,0.3480978260869565,0.3672423097679438,0.3626168224299065,0.3649094992733518,0.379918410317147,0.3734278833288734
255,Housing Type,5-9 Units,0.2229555236728838,0.1742005127513156,0.1768798501471769,0.1865138233310856,0.1868686868686868,0.2082640044370493,0.1830790568654646,0.197985651214128,0.1881471389645776,0.1557506584723441,0.2201086956521739,0.2238262277388019,0.1823765020026702,0.1615801294754921,0.1479141992367416,0.1432967621086432
256,Housing Type,Other Type,0.0037302725968436,0.0,0.0,0.0,0.0,0.0,0.0,0.0,0.0,0.0,0.0046195652173913,0.0064759848893685,0.0046728971962616,0.0040956533227639,0.0019739439399921,0.0022745517795022
257,Housing Type,Single Family Housing,0.0486370157819225,0.0624746997706112,0.0521808937650521,0.0447741065407956,0.049003549003549,0.0536605657237936,0.054507628294036,0.0608443708609271,0.0787465940054495,0.1522388059701492,0.0676630434782608,0.059363194819212,0.070493991989319,0.0770247060377857,0.0751414659823661,0.0868343591115868
258,Income,Household Income 10000 to 14999,360.0,523.0,427.0,389.0,417.0,330.0,281.0,346.0,451.0,387.0,398.0,492.0,542.0,382.0,345.0,311.0
259,Income,"Household Income 10000 to 14999 by Race, American Indian and Alaska Native Alone",0.0,11.0,11.0,12.0,13.0,15.0,0.0,0.0,0.0,0.0,0.0,0.0,0.0,0.0,0.0,0.0
260,Income,"Household Income 10000 to 14999 by Race, Asian Alone",130.0,247.0,243.0,189.0,234.0,207.0,202.0,197.0,312.0,218.0,175.0,193.0,256.0,208.0,210.0,249.0
261,Income,"Household Income 10000 to 14999 by Race, Black or African American Alone",0.0,0.0,0.0,16.0,16.0,25.0,24.0,66.0,42.0,52.0,34.0,34.0,0.0,15.0,12.0,18.0
262,Income,"Household Income 10000 to 14999 by Race, Hispanic or Latino",33.0,42.0,39.0,38.0,39.0,29.0,0.0,14.0,15.0,4.0,13.0,120.0,120.0,48.0,48.0,9.0
263,Income,"Household Income 10000 to 14999 by Race, Native Hawaiian and Other Pacific Islander Alone",0.0,0.0,0.0,0.0,0.0,0.0,0.0,0.0,0.0,0.0,0.0,0.0,0.0,0.0,0.0,0.0
264,Income,"Household Income 10000 to 14999 by Race, Some Other Race Alone",0.0,0.0,0.0,0.0,0.0,0.0,0.0,0.0,0.0,0.0,0.0,0.0,10.0,0.0,0.0,0.0
265,Income,"Household Income 10000 to 14999 by Race, Two or More Races",10.0,31.0,16.0,14.0,14.0,14.0,0.0,0.0,0.0,44.0,63.0,122.0,114.0,27.0,26.0,0.0
266,Income,"Household Income 10000 to 14999 by Race, White Alone",220.0,234.0,157.0,158.0,140.0,69.0,55.0,83.0,97.0,73.0,126.0,143.0,162.0,132.0,97.0,44.0
267,Income,"Household Income 10000 to 14999 by Race, White Alone, Not Hispanic or Latino",187.0,221.0,145.0,146.0,128.0,69.0,55.0,69.0,82.0,69.0,113.0,100.0,122.0,84.0,49.0,35.0
268,Income,Household Income 100000 to 124999,426.0,694.0,694.0,687.0,669.0,780.0,718.0,628.0,571.0,556.0,603.0,642.0,558.0,481.0,526.0,460.0
269,Income,"Household Income 100000 to 124999 by Race, American Indian and Alaska Native Alone",8.0,0.0,0.0,0.0,0.0,0.0,0.0,0.0,0.0,0.0,0.0,0.0,0.0,0.0,0.0,0.0
270,Income,"Household Income 100000 to 124999 by Race, Asian Alone",86.0,210.0,180.0,212.0,182.0,181.0,174.0,144.0,141.0,258.0,267.0,251.0,192.0,120.0,208.0,165.0
271,Income,"Household Income 100000 to 124999 by Race, Black or African American Alone",0.0,39.0,47.0,52.0,44.0,9.0,9.0,8.0,6.0,17.0,0.0,0.0,0.0,0.0,0.0,23.0
272,Income,"Household Income 100000 to 124999 by Race, Hispanic or Latino",0.0,26.0,45.0,38.0,42.0,133.0,133.0,120.0,118.0,51.0,41.0,38.0,69.0,88.0,83.0,103.0
273,Income,"Household Income 100000 to 124999 by Race, Native Hawaiian and Other Pacific Islander Alone",0.0,0.0,0.0,0.0,0.0,0.0,0.0,0.0,0.0,0.0,0.0,0.0,0.0,0.0,0.0,0.0
274,Income,"Household Income 100000 to 124999 by Race, Some Other Race Alone",0.0,0.0,0.0,0.0,0.0,83.0,80.0,84.0,88.0,23.0,0.0,0.0,56.0,72.0,71.0,73.0
275,Income,"Household Income 100000 to 124999 by Race, Two or More Races",0.0,18.0,5.0,29.0,60.0,48.0,34.0,20.0,7.0,39.0,14.0,9.0,13.0,16.0,12.0,19.0
276,Income,"Household Income 100000 to 124999 by Race, White Alone",332.0,427.0,462.0,394.0,383.0,459.0,421.0,372.0,329.0,219.0,322.0,382.0,297.0,273.0,235.0,180.0
277,Income,"Household Income 100000 to 124999 by Race, White Alone, Not Hispanic or Latino",332.0,401.0,417.0,370.0,353.0,431.0,390.0,358.0,305.0,214.0,281.0,344.0,297.0,273.0,235.0,169.0
278,Income,Household Income 125000 to 149999,216.0,352.0,330.0,357.0,315.0,387.0,379.0,363.0,379.0,331.0,236.0,188.0,359.0,374.0,343.0,399.0
279,Income,"Household Income 125000 to 149999 by Race, American Indian and Alaska Native Alone",0.0,0.0,0.0,0.0,0.0,0.0,0.0,0.0,0.0,0.0,0.0,0.0,0.0,0.0,0.0,0.0
280,Income,"Household Income 125000 to 149999 by Race, Asian Alone",29.0,36.0,95.0,81.0,82.0,153.0,107.0,96.0,110.0,103.0,87.0,102.0,157.0,176.0,106.0,99.0
281,Income,"Household Income 125000 to 149999 by Race, Black or African American Alone",0.0,15.0,0.0,0.0,0.0,0.0,0.0,0.0,0.0,0.0,0.0,0.0,0.0,0.0,0.0,0.0
282,Income,"Household Income 125000 to 149999 by Race, Hispanic or Latino",0.0,35.0,0.0,10.0,8.0,8.0,9.0,45.0,26.0,54.0,23.0,14.0,41.0,31.0,0.0,19.0
283,Income,"Household Income 125000 to 149999 by Race, Native Hawaiian and Other Pacific Islander Alone",0.0,0.0,0.0,0.0,0.0,0.0,0.0,0.0,0.0,0.0,0.0,0.0,0.0,0.0,0.0,0.0
284,Income,"Household Income 125000 to 149999 by Race, Some Other Race Alone",0.0,0.0,0.0,0.0,0.0,0.0,0.0,35.0,26.0,33.0,9.0,0.0,13.0,16.0,15.0,17.0
285,Income,"Household Income 125000 to 149999 by Race, Two or More Races",0.0,45.0,9.0,0.0,28.0,18.0,18.0,17.0,18.0,3.0,0.0,0.0,0.0,0.0,0.0,13.0
286,Income,"Household Income 125000 to 149999 by Race, White Alone",187.0,256.0,226.0,276.0,205.0,216.0,254.0,215.0,225.0,192.0,140.0,86.0,189.0,182.0,222.0,270.0
287,Income,"Household Income 125000 to 149999 by Race, White Alone, Not Hispanic or Latino",187.0,256.0,226.0,266.0,197.0,208.0,245.0,205.0,225.0,171.0,126.0,72.0,148.0,151.0,222.0,264.0
288,Income,Household Income 15000 to 19999,330.0,589.0,651.0,653.0,561.0,519.0,348.0,348.0,307.0,218.0,281.0,236.0,388.0,408.0,302.0,343.0
289,Income,"Household Income 15000 to 19999 by Race, American Indian and Alaska Native Alone",0.0,0.0,0.0,0.0,0.0,0.0,0.0,0.0,0.0,0.0,0.0,0.0,59.0,0.0,0.0,0.0
290,Income,"Household Income 15000 to 19999 by Race, Asian Alone",139.0,277.0,326.0,293.0,188.0,190.0,162.0,213.0,210.0,174.0,246.0,193.0,176.0,129.0,84.0,51.0
291,Income,"Household Income 15000 to 19999 by Race, Black or African American Alone",14.0,43.0,0.0,0.0,0.0,0.0,0.0,0.0,0.0,0.0,0.0,0.0,0.0,0.0,0.0,0.0
292,Income,"Household Income 15000 to 19999 by Race, Hispanic or Latino",23.0,64.0,66.0,60.0,72.0,92.0,16.0,26.0,25.0,33.0,8.0,8.0,26.0,102.0,119.0,175.0
293,Income,"Household Income 15000 to 19999 by Race, Native Hawaiian and Other Pacific Islander Alone",0.0,0.0,0.0,0.0,0.0,0.0,0.0,0.0,0.0,0.0,0.0,0.0,0.0,0.0,0.0,0.0
294,Income,"Household Income 15000 to 19999 by Race, Some Other Race Alone",7.0,13.0,11.0,14.0,14.0,28.0,16.0,26.0,25.0,33.0,8.0,8.0,0.0,12.0,48.0,63.0
295,Income,"Household Income 15000 to 19999 by Race, Two or More Races",16.0,0.0,12.0,8.0,20.0,26.0,0.0,0.0,0.0,0.0,0.0,0.0,26.0,128.0,104.0,121.0
296,Income,"Household Income 15000 to 19999 by Race, White Alone",154.0,256.0,302.0,338.0,339.0,275.0,170.0,109.0,72.0,11.0,27.0,35.0,127.0,139.0,66.0,108.0
297,Income,"Household Income 15000 to 19999 by Race, White Alone, Not Hispanic or Latino",147.0,205.0,247.0,292.0,281.0,211.0,170.0,109.0,72.0,11.0,27.0,35.0,127.0,139.0,66.0,67.0
298,Income,Household Income 150000 to 199999,328.0,349.0,455.0,570.0,540.0,518.0,611.0,598.0,702.0,622.0,651.0,517.0,352.0,318.0,427.0,419.0
299,Income,"Household Income 150000 to 199999 by Race, American Indian and Alaska Native Alone",0.0,0.0,0.0,0.0,0.0,0.0,0.0,0.0,0.0,0.0,0.0,0.0,0.0,0.0,0.0,0.0
300,Income,"Household Income 150000 to 199999 by Race, Asian Alone",74.0,71.0,69.0,109.0,114.0,138.0,175.0,173.0,243.0,161.0,200.0,144.0,111.0,123.0,124.0,134.0
301,Income,"Household Income 150000 to 199999 by Race, Black or African American Alone",0.0,0.0,0.0,0.0,0.0,0.0,0.0,0.0,0.0,12.0,0.0,0.0,0.0,0.0,0.0,0.0
302,Income,"Household Income 150000 to 199999 by Race, Hispanic or Latino",9.0,28.0,25.0,7.0,0.0,0.0,0.0,13.0,24.0,95.0,15.0,32.0,10.0,23.0,35.0,7.0
303,Income,"Household Income 150000 to 199999 by Race, Native Hawaiian and Other Pacific Islander Alone",0.0,0.0,0.0,0.0,0.0,0.0,0.0,0.0,0.0,0.0,0.0,0.0,0.0,0.0,0.0,0.0
304,Income,"Household Income 150000 to 199999 by Race, Some Other Race Alone",9.0,28.0,25.0,7.0,0.0,0.0,0.0,0.0,0.0,0.0,0.0,13.0,0.0,0.0,0.0,0.0
305,Income,"Household Income 150000 to 199999 by Race, Two or More Races",0.0,0.0,0.0,0.0,0.0,0.0,0.0,0.0,15.0,38.0,17.0,29.0,23.0,23.0,22.0,7.0
306,Income,"Household Income 150000 to 199999 by Race, White Alone",245.0,250.0,361.0,454.0,426.0,380.0,436.0,425.0,444.0,411.0,434.0,331.0,218.0,172.0,281.0,278.0
307,Income,"Household Income 150000 to 199999 by Race, White Alone, Not Hispanic or Latino",245.0,250.0,361.0,454.0,426.0,380.0,436.0,412.0,420.0,334.0,419.0,312.0,208.0,172.0,268.0,278.0
308,Income,Household Income 20000 to 24999,258.0,227.0,405.0,336.0,261.0,190.0,211.0,94.0,184.0,222.0,252.0,226.0,211.0,210.0,318.0,256.0
309,Income,"Household Income 20000 to 24999 by Race, American Indian and Alaska Native Alone",0.0,0.0,0.0,0.0,0.0,0.0,0.0,0.0,0.0,0.0,0.0,0.0,0.0,48.0,52.0,47.0
310,Income,"Household Income 20000 to 24999 by Race, Asian Alone",84.0,90.0,210.0,194.0,169.0,125.0,137.0,41.0,107.0,131.0,148.0,88.0,96.0,67.0,60.0,76.0
311,Income,"Household Income 20000 to 24999 by Race, Black or African American Alone",6.0,23.0,71.0,47.0,0.0,0.0,0.0,0.0,0.0,10.0,0.0,0.0,0.0,0.0,13.0,11.0
312,Income,"Household Income 20000 to 24999 by Race, Hispanic or Latino",7.0,0.0,0.0,0.0,0.0,0.0,0.0,0.0,0.0,16.0,0.0,23.0,25.0,25.0,45.0,60.0
313,Income,"Household Income 20000 to 24999 by Race, Native Hawaiian and Other Pacific Islander Alone",0.0,0.0,0.0,0.0,0.0,0.0,0.0,0.0,0.0,0.0,0.0,0.0,0.0,0.0,0.0,0.0
314,Income,"Household Income 20000 to 24999 by Race, Some Other Race Alone",0.0,0.0,0.0,0.0,0.0,0.0,0.0,0.0,0.0,0.0,0.0,0.0,0.0,0.0,0.0,0.0
315,Income,"Household Income 20000 to 24999 by Race, Two or More Races",6.0,16.0,15.0,0.0,0.0,0.0,0.0,0.0,0.0,6.0,0.0,23.0,25.0,25.0,45.0,43.0
316,Income,"Household Income 20000 to 24999 by Race, White Alone",162.0,98.0,109.0,95.0,92.0,65.0,74.0,53.0,77.0,75.0,104.0,115.0,90.0,70.0,148.0,79.0
317,Income,"Household Income 20000 to 24999 by Race, White Alone, Not Hispanic or Latino",155.0,98.0,109.0,95.0,92.0,65.0,74.0,53.0,77.0,75.0,104.0,115.0,90.0,70.0,148.0,62.0
318,Income,Household Income 25000 to 29999,301.0,177.0,207.0,297.0,264.0,295.0,278.0,261.0,238.0,98.0,276.0,380.0,376.0,117.0,98.0,116.0
319,Income,"Household Income 25000 to 29999 by Race, American Indian and Alaska Native Alone",0.0,0.0,0.0,0.0,0.0,0.0,0.0,0.0,0.0,0.0,0.0,0.0,0.0,0.0,0.0,0.0
320,Income,"Household Income 25000 to 29999 by Race, Asian Alone",133.0,131.0,129.0,205.0,159.0,160.0,108.0,129.0,128.0,42.0,110.0,148.0,105.0,19.0,25.0,24.0
321,Income,"Household Income 25000 to 29999 by Race, Black or African American Alone",0.0,0.0,0.0,0.0,0.0,0.0,0.0,0.0,0.0,0.0,37.0,125.0,147.0,58.0,0.0,0.0
322,Income,"Household Income 25000 to 29999 by Race, Hispanic or Latino",22.0,12.0,59.0,84.0,98.0,94.0,88.0,25.0,17.0,0.0,25.0,71.0,74.0,0.0,21.0,20.0
323,Income,"Household Income 25000 to 29999 by Race, Native Hawaiian and Other Pacific Islander Alone",0.0,0.0,0.0,0.0,0.0,0.0,0.0,0.0,0.0,0.0,0.0,0.0,0.0,0.0,0.0,0.0
324,Income,"Household Income 25000 to 29999 by Race, Some Other Race Alone",15.0,0.0,0.0,23.0,23.0,21.0,11.0,10.0,0.0,7.0,8.0,9.0,8.0,0.0,0.0,0.0
325,Income,"Household Income 25000 to 29999 by Race, Two or More Races",0.0,0.0,59.0,61.0,57.0,58.0,60.0,0.0,0.0,0.0,0.0,0.0,0.0,0.0,0.0,0.0
326,Income,"Household Income 25000 to 29999 by Race, White Alone",153.0,46.0,19.0,8.0,25.0,56.0,99.0,122.0,110.0,49.0,121.0,98.0,116.0,40.0,73.0,92.0
327,Income,"Household Income 25000 to 29999 by Race, White Alone, Not Hispanic or Latino",146.0,34.0,19.0,8.0,25.0,56.0,99.0,122.0,110.0,49.0,96.0,27.0,42.0,40.0,52.0,72.0
328,Income,Household Income 30000 to 34999,285.0,132.0,173.0,228.0,196.0,141.0,187.0,238.0,248.0,209.0,331.0,276.0,162.0,350.0,271.0,164.0
329,Income,"Household Income 30000 to 34999 by Race, American Indian and Alaska Native Alone",0.0,0.0,0.0,0.0,0.0,0.0,0.0,0.0,0.0,0.0,0.0,0.0,0.0,0.0,0.0,0.0
330,Income,"Household Income 30000 to 34999 by Race, Asian Alone",97.0,69.0,73.0,99.0,59.0,65.0,54.0,59.0,62.0,59.0,90.0,97.0,62.0,144.0,58.0,17.0
331,Income,"Household Income 30000 to 34999 by Race, Black or African American Alone",0.0,0.0,0.0,0.0,0.0,0.0,0.0,0.0,0.0,0.0,0.0,0.0,10.0,119.0,144.0,120.0
332,Income,"Household Income 30000 to 34999 by Race, Hispanic or Latino",7.0,27.0,41.0,45.0,29.0,15.0,16.0,60.0,43.0,83.0,85.0,37.0,53.0,57.0,49.0,0.0
333,Income,"Household Income 30000 to 34999 by Race, Native Hawaiian and Other Pacific Islander Alone",0.0,0.0,0.0,0.0,0.0,0.0,0.0,0.0,0.0,0.0,0.0,0.0,0.0,0.0,0.0,0.0
334,Income,"Household Income 30000 to 34999 by Race, Some Other Race Alone",0.0,0.0,0.0,0.0,0.0,0.0,0.0,23.0,19.0,83.0,85.0,37.0,53.0,8.0,0.0,0.0
335,Income,"Household Income 30000 to 34999 by Race, Two or More Races",0.0,0.0,0.0,0.0,0.0,0.0,0.0,0.0,0.0,0.0,0.0,0.0,0.0,0.0,0.0,0.0
336,Income,"Household Income 30000 to 34999 by Race, White Alone",188.0,63.0,100.0,129.0,137.0,76.0,133.0,156.0,167.0,67.0,156.0,142.0,37.0,79.0,69.0,27.0
337,Income,"Household Income 30000 to 34999 by Race, White Alone, Not Hispanic or Latino",181.0,36.0,59.0,84.0,108.0,61.0,117.0,119.0,143.0,67.0,156.0,142.0,37.0,22.0,20.0,27.0
338,Income,Household Income 35000 to 39999,227.0,163.0,140.0,198.0,180.0,237.0,219.0,192.0,153.0,40.0,214.0,235.0,290.0,179.0,139.0,71.0
339,Income,"Household Income 35000 to 39999 by Race, American Indian and Alaska Native Alone",0.0,0.0,0.0,0.0,0.0,0.0,0.0,0.0,0.0,0.0,0.0,0.0,0.0,0.0,0.0,0.0
340,Income,"Household Income 35000 to 39999 by Race, Asian Alone",69.0,42.0,29.0,37.0,19.0,36.0,25.0,60.0,48.0,11.0,64.0,104.0,105.0,25.0,79.0,10.0
341,Income,"Household Income 35000 to 39999 by Race, Black or African American Alone",0.0,0.0,0.0,0.0,0.0,0.0,0.0,0.0,43.0,0.0,50.0,29.0,37.0,9.0,0.0,10.0
342,Income,"Household Income 35000 to 39999 by Race, Hispanic or Latino",31.0,0.0,0.0,25.0,25.0,25.0,26.0,30.0,0.0,0.0,23.0,23.0,0.0,50.0,13.0,14.0
343,Income,"Household Income 35000 to 39999 by Race, Native Hawaiian and Other Pacific Islander Alone",6.0,0.0,0.0,0.0,0.0,0.0,0.0,0.0,0.0,0.0,0.0,0.0,0.0,0.0,0.0,0.0
344,Income,"Household Income 35000 to 39999 by Race, Some Other Race Alone",0.0,0.0,0.0,25.0,25.0,25.0,26.0,30.0,0.0,0.0,0.0,0.0,0.0,33.0,0.0,0.0
345,Income,"Household Income 35000 to 39999 by Race, Two or More Races",7.0,9.0,0.0,0.0,0.0,0.0,0.0,0.0,0.0,0.0,0.0,0.0,0.0,17.0,13.0,14.0
346,Income,"Household Income 35000 to 39999 by Race, White Alone",145.0,112.0,111.0,136.0,136.0,176.0,168.0,102.0,62.0,29.0,100.0,102.0,148.0,95.0,47.0,37.0
347,Income,"Household Income 35000 to 39999 by Race, White Alone, Not Hispanic or Latino",114.0,112.0,111.0,136.0,136.0,176.0,168.0,102.0,62.0,29.0,77.0,79.0,148.0,95.0,47.0,37.0
348,Income,Household Income 40000 to 44999,194.0,288.0,316.0,306.0,329.0,288.0,212.0,164.0,103.0,43.0,69.0,80.0,91.0,190.0,237.0,229.0
349,Income,"Household Income 40000 to 44999 by Race, American Indian and Alaska Native Alone",0.0,0.0,0.0,0.0,0.0,0.0,0.0,0.0,0.0,0.0,0.0,0.0,0.0,0.0,0.0,0.0
350,Income,"Household Income 40000 to 44999 by Race, Asian Alone",75.0,29.0,25.0,20.0,37.0,29.0,35.0,41.0,22.0,10.0,21.0,25.0,53.0,111.0,109.0,111.0
351,Income,"Household Income 40000 to 44999 by Race, Black or African American Alone",0.0,14.0,15.0,0.0,0.0,0.0,0.0,0.0,0.0,0.0,0.0,0.0,0.0,0.0,9.0,8.0
352,Income,"Household Income 40000 to 44999 by Race, Hispanic or Latino",25.0,39.0,56.0,59.0,69.0,58.0,66.0,16.0,14.0,16.0,15.0,16.0,0.0,0.0,0.0,0.0
353,Income,"Household Income 40000 to 44999 by Race, Native Hawaiian and Other Pacific Islander Alone",0.0,0.0,0.0,0.0,0.0,0.0,0.0,0.0,0.0,0.0,0.0,0.0,0.0,0.0,0.0,0.0
354,Income,"Household Income 40000 to 44999 by Race, Some Other Race Alone",0.0,95.0,32.0,43.0,44.0,47.0,0.0,0.0,0.0,0.0,0.0,0.0,0.0,0.0,0.0,0.0
355,Income,"Household Income 40000 to 44999 by Race, Two or More Races",8.0,0.0,8.0,10.0,13.0,22.0,0.0,0.0,0.0,0.0,0.0,0.0,0.0,27.0,28.0,0.0
356,Income,"Household Income 40000 to 44999 by Race, White Alone",111.0,150.0,236.0,233.0,235.0,190.0,177.0,123.0,81.0,33.0,48.0,55.0,38.0,52.0,91.0,110.0
357,Income,"Household Income 40000 to 44999 by Race, White Alone, Not Hispanic or Latino",99.0,150.0,180.0,174.0,166.0,132.0,111.0,107.0,67.0,17.0,33.0,39.0,38.0,52.0,91.0,110.0
358,Income,Household Income 45000 to 49999,263.0,189.0,98.0,155.0,167.0,188.0,173.0,188.0,156.0,134.0,107.0,95.0,16.0,80.0,59.0,106.0
359,Income,"Household Income 45000 to 49999 by Race, American Indian and Alaska Native Alone",0.0,0.0,0.0,0.0,0.0,0.0,0.0,0.0,0.0,0.0,0.0,0.0,0.0,0.0,0.0,0.0
360,Income,"Household Income 45000 to 49999 by Race, Asian Alone",88.0,99.0,26.0,12.0,14.0,31.0,61.0,118.0,109.0,56.0,37.0,26.0,8.0,45.0,42.0,62.0
361,Income,"Household Income 45000 to 49999 by Race, Black or African American Alone",0.0,0.0,0.0,0.0,0.0,0.0,0.0,0.0,0.0,0.0,0.0,0.0,0.0,0.0,0.0,0.0
362,Income,"Household Income 45000 to 49999 by Race, Hispanic or Latino",11.0,29.0,0.0,0.0,0.0,0.0,0.0,21.0,0.0,6.0,0.0,0.0,0.0,0.0,0.0,0.0
363,Income,"Household Income 45000 to 49999 by Race, Native Hawaiian and Other Pacific Islander Alone",6.0,0.0,0.0,0.0,0.0,0.0,0.0,0.0,0.0,0.0,0.0,0.0,0.0,0.0,0.0,0.0
364,Income,"Household Income 45000 to 49999 by Race, Some Other Race Alone",16.0,0.0,0.0,0.0,0.0,0.0,0.0,0.0,0.0,6.0,0.0,0.0,0.0,0.0,0.0,0.0
365,Income,"Household Income 45000 to 49999 by Race, Two or More Races",13.0,10.0,0.0,0.0,0.0,0.0,0.0,0.0,0.0,17.0,10.0,11.0,0.0,0.0,0.0,16.0
366,Income,"Household Income 45000 to 49999 by Race, White Alone",140.0,80.0,72.0,143.0,153.0,157.0,112.0,70.0,47.0,55.0,60.0,58.0,8.0,35.0,17.0,28.0
367,Income,"Household Income 45000 to 49999 by Race, White Alone, Not Hispanic or Latino",140.0,51.0,72.0,143.0,153.0,157.0,112.0,49.0,47.0,55.0,60.0,58.0,8.0,35.0,17.0,28.0
368,Income,Household Income 50000 to 59999,475.0,332.0,223.0,178.0,286.0,302.0,325.0,299.0,232.0,144.0,124.0,254.0,218.0,160.0,160.0,159.0
369,Income,"Household Income 50000 to 59999 by Race, American Indian and Alaska Native Alone",0.0,0.0,0.0,0.0,0.0,0.0,0.0,0.0,0.0,0.0,0.0,0.0,0.0,0.0,0.0,0.0
370,Income,"Household Income 50000 to 59999 by Race, Asian Alone",149.0,96.0,33.0,75.0,133.0,117.0,115.0,114.0,109.0,86.0,60.0,170.0,14.0,0.0,18.0,39.0
371,Income,"Household Income 50000 to 59999 by Race, Black or African American Alone",18.0,51.0,10.0,10.0,10.0,11.0,0.0,0.0,0.0,0.0,0.0,0.0,0.0,0.0,15.0,9.0
372,Income,"Household Income 50000 to 59999 by Race, Hispanic or Latino",7.0,14.0,36.0,33.0,24.0,26.0,45.0,10.0,11.0,11.0,0.0,0.0,50.0,33.0,32.0,32.0
373,Income,"Household Income 50000 to 59999 by Race, Native Hawaiian and Other Pacific Islander Alone",0.0,0.0,0.0,0.0,0.0,0.0,0.0,0.0,0.0,0.0,0.0,0.0,50.0,0.0,0.0,0.0
374,Income,"Household Income 50000 to 59999 by Race, Some Other Race Alone",7.0,14.0,0.0,0.0,0.0,0.0,0.0,0.0,0.0,0.0,0.0,0.0,0.0,0.0,0.0,0.0
375,Income,"Household Income 50000 to 59999 by Race, Two or More Races",16.0,0.0,8.0,7.0,11.0,0.0,0.0,0.0,0.0,0.0,12.0,16.0,31.0,42.0,13.0,0.0
376,Income,"Household Income 50000 to 59999 by Race, White Alone",285.0,171.0,172.0,86.0,132.0,174.0,210.0,185.0,123.0,58.0,52.0,68.0,123.0,118.0,114.0,111.0
377,Income,"Household Income 50000 to 59999 by Race, White Alone, Not Hispanic or Latino",285.0,171.0,136.0,53.0,108.0,148.0,165.0,175.0,112.0,47.0,52.0,68.0,123.0,85.0,82.0,79.0
378,Income,Household Income 60000 to 74999,627.0,538.0,674.0,592.0,454.0,386.0,337.0,307.0,212.0,426.0,384.0,412.0,183.0,141.0,193.0,324.0
379,Income,"Household Income 60000 to 74999 by Race, American Indian and Alaska Native Alone",0.0,0.0,0.0,0.0,0.0,0.0,0.0,0.0,0.0,0.0,0.0,0.0,0.0,0.0,15.0,15.0
380,Income,"Household Income 60000 to 74999 by Race, Asian Alone",193.0,133.0,222.0,210.0,169.0,113.0,94.0,73.0,50.0,173.0,179.0,163.0,101.0,12.0,72.0,186.0
381,Income,"Household Income 60000 to 74999 by Race, Black or African American Alone",0.0,0.0,35.0,0.0,0.0,0.0,0.0,0.0,0.0,6.0,17.0,17.0,17.0,17.0,16.0,0.0
382,Income,"Household Income 60000 to 74999 by Race, Hispanic or Latino",37.0,99.0,134.0,35.0,42.0,0.0,0.0,0.0,0.0,16.0,12.0,0.0,0.0,57.0,61.0,73.0
383,Income,"Household Income 60000 to 74999 by Race, Native Hawaiian and Other Pacific Islander Alone",0.0,0.0,0.0,0.0,0.0,0.0,0.0,0.0,0.0,0.0,0.0,0.0,0.0,57.0,46.0,58.0
384,Income,"Household Income 60000 to 74999 by Race, Some Other Race Alone",10.0,16.0,37.0,16.0,19.0,0.0,0.0,0.0,0.0,16.0,0.0,0.0,0.0,0.0,0.0,0.0
385,Income,"Household Income 60000 to 74999 by Race, Two or More Races",0.0,25.0,22.0,13.0,0.0,0.0,0.0,0.0,0.0,0.0,22.0,18.0,34.0,17.0,19.0,14.0
386,Income,"Household Income 60000 to 74999 by Race, White Alone",424.0,364.0,358.0,353.0,266.0,273.0,243.0,234.0,162.0,231.0,166.0,214.0,31.0,38.0,25.0,51.0
387,Income,"Household Income 60000 to 74999 by Race, White Alone, Not Hispanic or Latino",397.0,281.0,261.0,334.0,243.0,273.0,243.0,234.0,162.0,231.0,154.0,214.0,31.0,38.0,25.0,51.0
388,Income,Household Income 75000 to 99999,947.0,667.0,687.0,602.0,698.0,743.0,629.0,663.0,723.0,485.0,500.0,488.0,482.0,609.0,467.0,435.0
389,Income,"Household Income 75000 to 99999 by Race, American Indian and Alaska Native Alone",7.0,0.0,0.0,0.0,0.0,0.0,0.0,0.0,0.0,8.0,0.0,0.0,0.0,0.0,0.0,0.0
390,Income,"Household Income 75000 to 99999 by Race, Asian Alone",146.0,203.0,216.0,206.0,285.0,321.0,268.0,230.0,192.0,166.0,100.0,102.0,191.0,262.0,117.0,62.0
391,Income,"Household Income 75000 to 99999 by Race, Black or African American Alone",15.0,0.0,0.0,0.0,0.0,0.0,0.0,0.0,0.0,0.0,0.0,0.0,49.0,57.0,40.0,53.0
392,Income,"Household Income 75000 to 99999 by Race, Hispanic or Latino",41.0,45.0,47.0,44.0,90.0,5.0,16.0,47.0,57.0,24.0,29.0,59.0,0.0,13.0,50.0,59.0
393,Income,"Household Income 75000 to 99999 by Race, Native Hawaiian and Other Pacific Islander Alone",4.0,17.0,0.0,0.0,0.0,0.0,0.0,0.0,0.0,0.0,0.0,0.0,0.0,0.0,0.0,0.0
394,Income,"Household Income 75000 to 99999 by Race, Some Other Race Alone",0.0,0.0,0.0,0.0,68.0,0.0,0.0,0.0,0.0,10.0,0.0,59.0,0.0,0.0,42.0,47.0
395,Income,"Household Income 75000 to 99999 by Race, Two or More Races",65.0,8.0,58.0,71.0,21.0,21.0,36.0,49.0,39.0,22.0,29.0,0.0,0.0,58.0,83.0,74.0
396,Income,"Household Income 75000 to 99999 by Race, White Alone",710.0,439.0,413.0,325.0,324.0,401.0,325.0,384.0,492.0,279.0,371.0,327.0,242.0,232.0,185.0,199.0
397,Income,"Household Income 75000 to 99999 by Race, White Alone, Not Hispanic or Latino",696.0,394.0,366.0,281.0,302.0,396.0,325.0,360.0,465.0,273.0,371.0,327.0,242.0,232.0,185.0,199.0
398,Income,Household Income Greater than 200000,394.0,538.0,544.0,488.0,703.0,738.0,897.0,1021.0,1122.0,911.0,1424.0,1388.0,1623.0,1865.0,1957.0,1956.0
399,Income,"Household Income Greater than 200000 by Race, American Indian and Alaska Native Alone",0.0,0.0,0.0,0.0,0.0,0.0,0.0,5.0,4.0,0.0,8.0,7.0,0.0,0.0,13.0,13.0
400,Income,"Household Income Greater than 200000 by Race, Asian Alone",21.0,45.0,47.0,68.0,111.0,86.0,110.0,103.0,176.0,177.0,192.0,142.0,365.0,340.0,395.0,433.0
401,Income,"Household Income Greater than 200000 by Race, Black or African American Alone",0.0,0.0,0.0,0.0,0.0,0.0,0.0,0.0,0.0,7.0,0.0,0.0,0.0,0.0,0.0,7.0
402,Income,"Household Income Greater than 200000 by Race, Hispanic or Latino",6.0,47.0,68.0,41.0,69.0,94.0,59.0,85.0,95.0,77.0,76.0,141.0,139.0,223.0,243.0,259.0
403,Income,"Household Income Greater than 200000 by Race, Native Hawaiian and Other Pacific Islander Alone",0.0,0.0,0.0,0.0,0.0,0.0,0.0,0.0,0.0,0.0,0.0,0.0,0.0,0.0,0.0,0.0
404,Income,"Household Income Greater than 200000 by Race, Some Other Race Alone",0.0,0.0,0.0,0.0,0.0,0.0,0.0,0.0,0.0,20.0,0.0,0.0,0.0,25.0,14.0,21.0
405,Income,"Household Income Greater than 200000 by Race, Two or More Races",0.0,0.0,0.0,0.0,44.0,88.0,86.0,97.0,108.0,33.0,113.0,243.0,263.0,324.0,306.0,233.0
406,Income,"Household Income Greater than 200000 by Race, White Alone",373.0,493.0,497.0,420.0,548.0,564.0,701.0,816.0,834.0,674.0,1111.0,996.0,995.0,1176.0,1229.0,1249.0
407,Income,"Household Income Greater than 200000 by Race, White Alone, Not Hispanic or Latino",367.0,446.0,429.0,379.0,523.0,526.0,701.0,792.0,809.0,630.0,1062.0,959.0,982.0,1143.0,1157.0,1204.0
408,Income,Household Income Less than 10000,749.0,581.0,513.0,508.0,511.0,549.0,673.0,662.0,507.0,314.0,447.0,399.0,347.0,376.0,259.0,307.0
409,Income,"Household Income Less than 10000 by Race, American Indian and Alaska Native Alone",0.0,0.0,0.0,0.0,0.0,0.0,0.0,0.0,0.0,0.0,0.0,0.0,0.0,0.0,0.0,0.0
410,Income,"Household Income Less than 10000 by Race, Asian Alone",353.0,327.0,307.0,281.0,332.0,309.0,321.0,286.0,212.0,29.0,165.0,168.0,147.0,158.0,136.0,181.0
411,Income,"Household Income Less than 10000 by Race, Black or African American Alone",46.0,43.0,0.0,0.0,16.0,14.0,14.0,15.0,16.0,17.0,0.0,9.0,8.0,19.0,17.0,29.0
412,Income,"Household Income Less than 10000 by Race, Hispanic or Latino",13.0,17.0,15.0,68.0,61.0,57.0,50.0,54.0,10.0,5.0,16.0,11.0,13.0,0.0,0.0,0.0
413,Income,"Household Income Less than 10000 by Race, Native Hawaiian and Other Pacific Islander Alone",0.0,0.0,0.0,0.0,0.0,0.0,0.0,0.0,0.0,0.0,0.0,0.0,0.0,0.0,0.0,0.0
414,Income,"Household Income Less than 10000 by Race, Some Other Race Alone",7.0,0.0,0.0,0.0,0.0,0.0,0.0,0.0,0.0,0.0,0.0,0.0,0.0,0.0,0.0,0.0
415,Income,"Household Income Less than 10000 by Race, Two or More Races",14.0,19.0,12.0,13.0,14.0,27.0,68.0,57.0,54.0,20.0,0.0,0.0,0.0,0.0,0.0,11.0
416,Income,"Household Income Less than 10000 by Race, White Alone",329.0,192.0,194.0,214.0,149.0,199.0,270.0,304.0,225.0,248.0,282.0,222.0,192.0,199.0,106.0,86.0
417,Income,"Household Income Less than 10000 by Race, White Alone, Not Hispanic or Latino",316.0,175.0,179.0,146.0,88.0,142.0,220.0,250.0,215.0,248.0,266.0,211.0,179.0,199.0,106.0,86.0
418,Income,Households Total for Income,6380.0,6339.0,6537.0,6544.0,6551.0,6591.0,6478.0,6372.0,6288.0,5140.0,6297.0,6308.0,6198.0,6240.0,6101.0,6055.0
419,Income,"Households Total for Income by Race, American Indian and Alaska Native Alone",15.0,11.0,11.0,12.0,13.0,15.0,0.0,5.0,4.0,8.0,8.0,7.0,59.0,48.0,80.0,75.0
420,Income,"Households Total for Income by Race, Asian Alone",1866.0,2105.0,2230.0,2291.0,2287.0,2261.0,2148.0,2077.0,2231.0,1854.0,2141.0,2116.0,2139.0,1939.0,1843.0,1899.0
421,Income,"Households Total for Income by Race, Black or African American Alone",99.0,228.0,178.0,125.0,86.0,59.0,47.0,89.0,107.0,121.0,138.0,214.0,268.0,294.0,266.0,288.0
422,Income,"Households Total for Income by Race, Hispanic or Latino",272.0,524.0,631.0,587.0,668.0,636.0,524.0,566.0,455.0,491.0,381.0,593.0,620.0,750.0,799.0,830.0
423,Income,"Households Total for Income by Race, Native Hawaiian and Other Pacific Islander Alone",16.0,17.0,0.0,0.0,0.0,0.0,0.0,0.0,0.0,0.0,0.0,0.0,50.0,57.0,46.0,58.0
424,Income,"Households Total for Income by Race, Some Other Race Alone",71.0,166.0,105.0,128.0,193.0,204.0,133.0,208.0,158.0,231.0,110.0,126.0,140.0,166.0,190.0,221.0
425,Income,"Households Total for Income by Race, Two or More Races",155.0,181.0,224.0,226.0,282.0,322.0,302.0,240.0,241.0,222.0,280.0,471.0,529.0,704.0,671.0,565.0
426,Income,"Households Total for Income by Race, White Alone",4158.0,3631.0,3789.0,3762.0,3690.0,3730.0,3848.0,3753.0,3547.0,2704.0,3620.0,3374.0,3013.0,3032.0,3005.0,2949.0
427,Income,"Households Total for Income by Race, White Alone, Not Hispanic or Latino",3994.0,3281.0,3317.0,3361.0,3329.0,3431.0,3631.0,3516.0,3373.0,2520.0,3397.0,3102.0,2822.0,2830.0,2770.0,2768.0
428,Income,Median Family Income,62260.76555023924,64143.356643356645,71083.33333333333,64243.42105263158,68727.27272727272,74380.1652892562,83862.70491803279,81637.59689922481,95982.14285714286,97091.19496855346,89491.15044247787,94763.51351351352,104055.55555555556,127142.85714285714,141565.0406504065,139179.10447761195
429,Income,Median Household Income,54694.73684210527,59051.20481927711,62570.47477744807,60608.10810810811,63419.60352422908,69967.61658031089,74777.44807121661,78280.54298642534,87206.08575380359,92268.0412371134,88275.0,78534.83606557376,89263.48547717842,96633.82594417078,109624.52471482888,111222.82608695651
430,Income,"Median Household Income by Race, American Indian and Alaska Native Alone",101562.5,12500.0,12500.0,12500.0,12500.0,12500.0,0.0,225001.0,225001.0,87500.0,225001.0,225001.0,17500.0,22500.0,23846.153846153848,23989.36170212766
431,Income,"Median Household Income by Race, Asian Alone",34845.36082474227,29255.72519083969,26124.03100775194,29597.560975609755,35657.89473684211,46532.25806451613,47459.016393442624,45529.661016949154,45665.1376146789,69624.2774566474,52416.66666666666,50941.17647058824,67054.45544554456,79914.12213740459,81089.7435897436,70443.54838709677
432,Income,"Median Household Income by Race, Black or African American Alone",16250.0,41785.71428571428,53000.0,24946.808510638297,100568.18181818182,13100.0,11979.166666666666,12234.848484848484,14464.285714285714,14182.692307692309,29729.72972972973,27560.0,29285.714285714286,32310.9243697479,33159.72222222222,33583.333333333336
433,Income,"Median Household Income by Race, Hispanic or Latino",46200.0,62727.27272727273,60391.79104477612,34833.333333333336,40724.637681159424,40517.24137931035,64666.66666666666,89361.70212765958,107521.18644067796,115441.17647058824,66875.0,41093.75,34905.660377358494,80769.23076923077,80750.0,88559.32203389831
434,Income,"Median Household Income by Race, Native Hawaiian and Other Pacific Islander Alone",46666.66666666666,87500.0,0.0,0.0,0.0,0.0,0.0,0.0,0.0,0.0,0.0,0.0,55000.0,67500.0,67500.0,67500.0
435,Income,"Median Household Income by Race, Some Other Race Alone",47031.25,43684.21052631579,63851.35135135135,40232.558139534885,43920.454545454544,42978.72340425532,104218.75,104464.28571428572,109943.18181818182,34548.19277108434,32294.117647058825,78813.55932203389,34905.660377358494,110416.66666666669,101760.56338028167,100171.23287671233
436,Income,"Median Household Income by Race, Two or More Races",52187.5,63300.0,29830.508474576272,68076.92307692308,89285.71428571429,91666.66666666666,90972.22222222222,117500.0,158333.33333333334,101282.05128205128,107142.85714285714,201543.27160493823,196739.1304347826,117187.5,109375.0,96452.7027027027
437,Income,"Median Household Income by Race, White Alone",66792.45283018867,77818.90660592254,78904.35835351089,74490.0849858357,78163.58024691358,84663.34164588529,91384.61538461538,96842.44791666666,104445.2887537994,116438.35616438356,115295.03105590062,107068.06282722512,116203.70370370372,126923.07692307692,151334.51957295372,159442.44604316546
438,Income,"Median Household Income by Race, White Alone, Not Hispanic or Latino",68576.82619647356,81757.61421319797,84596.99453551913,81183.2740213523,86299.66887417219,89236.11111111111,96653.84615384616,100628.49162011172,105942.62295081968,110397.19626168224,116859.4306049822,109883.72093023256,118855.21885521886,133443.70860927153,157462.68656716417,167625.89928057554
439,Income,Percent in Poverty,0.1238597372165034,0.1704016913319239,0.1561765897124341,0.1505621639237412,0.1434551601996458,0.1728094302554027,0.1497723460340282,0.1585696081554635,0.1412971542025149,0.1415657036346691,0.1213092626961363,0.128791687615217,0.1160897875257025,0.1180579216354344,0.0997651561276854,0.1089260057471264
441,Income,"Percent in Poverty by Race, Asian Alone",0.1731003657049979,0.2480572597137014,0.2483143902908881,0.2233178654292343,0.2261855670103092,0.2618721907367598,0.2055335968379446,0.1930923045849323,0.1983603279344131,0.1400804289544236,0.1452551477170993,0.1827956989247312,0.1832229580573951,0.1954905847373637,0.1577639751552795,0.1724588450483407
442,Income,"Percent in Poverty by Race, Black or African American Alone",0.5898617511520737,0.6174055829228243,0.5475,0.2433862433862433,0.4890510948905109,0.6407766990291263,0.717948717948718,0.8516746411483254,0.5440414507772021,0.5218855218855218,0.3559870550161812,0.2823529411764706,0.0332681017612524,0.0778145695364238,0.1167247386759581,0.15
443,Income,"Percent in Poverty by Race, Hispanic or Latino",0.0836653386454183,0.1568627450980392,0.1113122171945701,0.2146341463414634,0.1914715719063545,0.2139261744966443,0.1692307692307692,0.2168888888888888,0.1458551941238195,0.0886736214605067,0.144927536231884,0.0911925175370226,0.0504132231404958,0.0419874037788663,0.0476510067114094,0.0660112359550561
445,Income,"Percent in Poverty by Race, Some Other Race Alone",0.0357142857142857,0.138755980861244,0.2394366197183098,0.2413793103448276,0.1301369863013698,0.1477987421383647,0.2134387351778656,0.0957746478873239,0.1201413427561837,0.0953800298062593,0.0503597122302158,0.0566666666666666,0.0510204081632653,0.0560165975103734,0.2057291666666666,0.2985074626865671
446,Income,"Percent in Poverty by Race, Two or More Races",0.054054054054054,0.2329749103942652,0.0913884007029877,0.1132686084142394,0.0895348837209302,0.0893066980023501,0.0867526377491207,0.1045751633986928,0.0805970149253731,0.2428571428571428,0.1133093525179856,0.0454545454545454,0.0514499532273152,0.0443037974683544,0.0507868383404864,0.0499181669394435
447,Income,"Percent in Poverty by Race, White Alone",0.0740149944169724,0.0553448275862068,0.0513336688475088,0.0841183275491654,0.0781499202551834,0.1036228444866318,0.1040221914008321,0.1181506849315068,0.0880916287687384,0.1201471189211279,0.0943365162989792,0.0896539671443551,0.0832012678288431,0.0861079219288174,0.0591192439171526,0.0553626149131767
448,Income,"Percent in Poverty by Race, White Alone, Not Hispanic or Latino",0.0703802535023348,0.0511182108626198,0.0496344747979992,0.0669131238447319,0.0604881499823134,0.0860627177700348,0.0905900050142069,0.0935582822085889,0.0763749314818198,0.1238291066940827,0.0812891674127126,0.0794625719769673,0.0794480451599414,0.0844615073752273,0.0601682122061677,0.0551399871767471
459,Language Spoken at Home,Asian/Pacific Islander,0.3430619117520076,0.3485280151946818,0.3699925968577774,0.3733620832642229,0.3260815822002472,0.347037484885127,0.3239680316387904,0.3463778816966117,0.3516622959140512,0.3425531914893617,0.3055483648287169,0.2845733136556992,0.2804954112091241,0.2439002349539129,0.2643593519882179,0.2495747495747495
461,Language Spoken at Home,English Only,0.5517658233313185,0.5521885521885522,0.4895122151846672,0.4795156742411677,0.5265760197775031,0.5127771060056429,0.519403476971245,0.5161210927885799,0.5304965738939176,0.499806576402321,0.5537147294848563,0.5981421998437364,0.6019780807270784,0.6227182360383156,0.6145066273932254,0.6391986391986392
463,Language Spoken at Home,Other European Languages,0.0709783265693808,0.0473107139773806,0.0644073373365139,0.084839940288605,0.0839719818706221,0.0857718661829907,0.101919749526242,0.081384855197309,0.0703832163099568,0.0724371373307543,0.0755889205280869,0.0602482854414445,0.06584692150049,0.073558648111332,0.0721649484536082,0.0681345681345681
465,Language Spoken at Home,Other Languages,0.0013815732665572,0.0164896831563498,0.0177675413342107,0.0018245148449162,0.0009888751545117,0.0023377670294236,0.0025541731894207,0.0011485765854458,0.001099737754843,0.009090909090909,0.0011217533868323,0.0062505425818213,0.0070391161008642,0.0094885234050244,0.0080081001472754,0.0098280098280098
467,Language Spoken at Home,Spanish Only,0.0328123650807356,0.0354830354830354,0.0583203092868306,0.060457787361088,0.0623815409971157,0.0520757758968158,0.0521545686743017,0.0549675937320534,0.0463581761272312,0.0761121856866537,0.0640262317715074,0.0507856584772983,0.0446404704624431,0.0503343574914151,0.040960972017673,0.0332640332640332
469,Nativity,Foreign Born,0.3834058213449314,0.4065116279069767,0.4363710004050223,0.4506469200097648,0.4165930447353626,0.4279554719347758,0.4103585657370518,0.4027788805081381,0.3911859371131468,0.3976700838769804,0.3766661042686013,0.3575498575498576,0.341329677861549,0.3101362862010221,0.3152126641732626,0.2973239942528735
470,Population,Total Population,11956.0,11825.0,12345.0,12289.0,12451.0,12756.0,12550.0,12595.0,12117.0,10730.0,11854.0,11934.0,11672.0,11740.0,11497.0,11136.0
471,Race/Ethnicity,Asian,4929.0,4890.0,5191.0,5172.0,4863.0,5137.0,4826.0,4979.0,5030.0,4476.0,4468.0,4464.0,4530.0,4036.0,4025.0,3827.0
472,Race/Ethnicity,"Asian Alone, Not Hispanic or Latino",4916.0,4890.0,5191.0,5159.0,4832.0,5109.0,4788.0,4948.0,5013.0,4202.0,4468.0,4464.0,4530.0,4036.0,4025.0,3827.0
473,Race/Ethnicity,Black/African American,217.0,609.0,400.0,189.0,137.0,103.0,117.0,209.0,193.0,297.0,309.0,425.0,511.0,604.0,574.0,640.0
474,Race/Ethnicity,"Black/African American Alone, Not Hispanic or Latino",217.0,609.0,400.0,189.0,137.0,94.0,108.0,201.0,187.0,211.0,309.0,425.0,511.0,604.0,574.0,640.0
475,Race/Ethnicity,Latino Population (of Any Race),6269.0,714.0,1105.0,1025.0,1196.0,1192.0,1105.0,1125.0,953.0,1342.0,966.0,1283.0,1210.0,1429.0,1490.0,1424.0
476,Race/Ethnicity,Native American Indian,36.0,11.0,11.0,12.0,13.0,15.0,0.0,5.0,4.0,42.0,8.0,8.0,60.0,49.0,81.0,80.0
477,Race/Ethnicity,"Native American Indian Alone, Not Hispanic or Latino",36.0,0.0,0.0,0.0,0.0,0.0,0.0,5.0,4.0,7.0,8.0,7.0,59.0,48.0,52.0,51.0
478,Race/Ethnicity,Native Hawaiian/Pacific Islander,50.0,27.0,0.0,0.0,0.0,0.0,0.0,0.0,0.0,0.0,22.0,25.0,62.0,79.0,62.0,70.0
479,Race/Ethnicity,"Native Hawaiian/Pacific Islander Alone, Not Hispanic or Latino",50.0,27.0,0.0,0.0,0.0,0.0,0.0,0.0,0.0,28.0,22.0,25.0,12.0,22.0,16.0,12.0
480,Race/Ethnicity,Other/Two or More Races,455.0,488.0,782.0,850.0,1152.0,1169.0,1106.0,967.0,953.0,1021.0,973.0,1290.0,1461.0,1746.0,1782.0,1624.0
481,Race/Ethnicity,"Population, Not Hispanic or Latino",11454.0,11111.0,11240.0,11264.0,11255.0,11564.0,11445.0,11470.0,11164.0,10692.0,10888.0,10651.0,10462.0,10311.0,10007.0,9712.0
482,Race/Ethnicity,Some Other Race Alone,196.0,209.0,213.0,232.0,292.0,318.0,253.0,355.0,283.0,671.0,417.0,300.0,392.0,482.0,384.0,402.0
483,Race/Ethnicity,"Some Other Race Alone, Not Hispanic or Latino",23.0,69.0,51.0,67.0,44.0,62.0,9.0,7.0,5.0,13.0,8.0,9.0,51.0,53.0,73.0,85.0
484,Race/Ethnicity,Two Or More Races,259.0,279.0,569.0,618.0,860.0,851.0,853.0,612.0,670.0,350.0,556.0,990.0,1069.0,1264.0,1398.0,1222.0
485,Race/Ethnicity,"Two Or More Races, Not Hispanic or Latino",216.0,195.0,400.0,424.0,572.0,548.0,545.0,430.0,482.0,417.0,488.0,511.0,516.0,599.0,630.0,418.0
486,Race/Ethnicity,"White Alone, Not Hispanic or Latino",5996.0,5321.0,5198.0,5425.0,5670.0,5751.0,5995.0,5879.0,5473.0,5814.0,5585.0,5210.0,4783.0,4949.0,4637.0,4679.0
487,Race/Ethnicity,"White, Including Hispanic or Latino",6269.0,5800.0,5961.0,6066.0,6286.0,6332.0,6501.0,6435.0,5937.0,4894.0,6074.0,5722.0,5048.0,5226.0,4973.0,4895.0
488,Sex,Female,0.479842756774841,0.5060465116279069,0.4888618874038072,0.4658637806168118,0.4557063689663481,0.4630761994355597,0.4556972111553785,0.4726478761413259,0.4855987455640835,0.5281453867660765,0.4860806478825712,0.4827383945031004,0.4727553118574366,0.4539182282793867,0.4642950334869966,0.4764727011494253
489,Sex,Male,0.5201572432251589,0.493953488372093,0.5111381125961928,0.5341362193831882,0.5442936310336519,0.5369238005644402,0.5443027888446215,0.527352123858674,0.5144012544359164,0.4718546132339236,0.5139193521174287,0.5172616054968996,0.5272446881425634,0.5460817717206133,0.5357049665130034,0.5235272988505747
490,Unit Size,1 Bedroom,2518.0,3257.0,2913.0,2880.0,2676.0,2671.0,2471.0,2627.0,2894.0,2159.0,2755.0,2703.0,2611.0,2334.0,2402.0,2204.0
491,Unit Size,2 Bedrooms,2041.0,2069.0,2272.0,2255.0,2449.0,2282.0,2319.0,2304.0,2119.0,1563.0,2013.0,2304.0,2188.0,2201.0,2244.0,2377.0
492,Unit Size,3-4 Bedrooms,654.0,688.0,739.0,819.0,871.0,998.0,989.0,940.0,859.0,1067.0,898.0,837.0,1059.0,1378.0,1362.0,1282.0
493,Unit Size,5 or More Bedrooms,41.0,28.0,31.0,19.0,52.0,93.0,87.0,82.0,78.0,75.0,34.0,37.0,76.0,62.0,73.0,64.0
494,Unit Size,No Bedroom,1716.0,1369.0,1519.0,1442.0,1278.0,1168.0,1344.0,1295.0,1390.0,831.0,1660.0,1531.0,1556.0,1594.0,1518.0,1547.0
495,Vehicles Available,Households with no Vehicle,0.3948885772167679,0.4193090392806436,0.4157870582836163,0.4330684596577017,0.4119981682185926,0.4316492186314671,0.44720592775548,0.4571563088512241,0.4715330788804071,0.4258754863813229,0.475305701127521,0.4896956246036779,0.4774120684091642,0.4480769230769231,0.4328798557613506,0.4457473162675475
496,Vehicles Available,Percent of No Vehicle Homeowning Households,0.167487684729064,0.1654676258992805,0.1447661469933185,0.1300484652665589,0.115916955017301,0.161705551086082,0.1779230210602759,0.180630284396618,0.2089093701996927,0.1693344566133108,0.1652892561983471,0.1431244153414406,0.1028571428571428,0.0784313725490196,0.1168730650154798,0.1252173913043478
497,Vehicles Available,Percent of No Vehicle Renting Households,0.4481631082900558,0.4817216981132075,0.4861271676300578,0.5037693177534867,0.4754402224281742,0.4943904263275991,0.5198980592040776,0.5281009662788405,0.5401123144805455,0.5029091828990641,0.558397100281917,0.560412292422218,0.5696762517595013,0.5478225478225478,0.5177791640673737,0.5208970438328236
498,Vehicles Available,Vehicles Available,5135.0,4556.0,4736.0,4635.0,4750.0,4640.0,4408.0,4217.0,4135.0,4117.0,4182.0,4038.0,4287.0,4664.0,4672.0,4400.0
499,Vehicles Available,Vehicles Homeowners,0.2923076923076923,0.2853380158033363,0.3150337837837837,0.2960086299892125,0.2669473684210526,0.2784482758620689,0.316016333938294,0.3298553474033673,0.3525997581620314,0.4197230993441826,0.3744619799139168,0.3155027241208519,0.3818521110333566,0.4007289879931389,0.3720034246575342,0.3268181818181818
500,Vehicles Available,Vehicles Per Capita,0.4294914687186349,0.3852854122621564,0.3836371000405022,0.3771665717308162,0.3814954622118705,0.3637503919724051,0.3512350597609561,0.3348154029376737,0.3412560864900553,0.383690587138863,0.352792306394466,0.3383609854198089,0.3672892392049349,0.397274275979557,0.4063668783160825,0.3951149425287356
501,Vehicles Available,Vehicles Renters,0.7076923076923077,0.7146619841966637,0.6849662162162162,0.7039913700107875,0.7330526315789474,0.721551724137931,0.683983666061706,0.6701446525966327,0.6474002418379685,0.5802769006558174,0.6255380200860832,0.6844972758791481,0.6181478889666433,0.5992710120068611,0.6279965753424658,0.6731818181818182
502,,"Housing Units with a Mortgage 30%+ by Race, American Indian and Alaska Native Alone",6.0,0.0,0.0,0.0,0.0,0.0,0.0,0.0,0.0,0.0,0.0,0.0,0.0,0.0,0.0,0.0
503,,"Housing Units with a Mortgage 30%+ by Race, Asian Alone",0.0,0.0,0.0,0.0,0.0,0.0,0.0,0.0,0.0,0.0,0.0,0.0,0.0,0.0,50.0,60.0
504,,"Housing Units with a Mortgage 30%+ by Race, Black or African American Alone",0.0,0.0,0.0,0.0,0.0,0.0,0.0,0.0,0.0,0.0,0.0,0.0,0.0,0.0,0.0,0.0
505,,"Housing Units with a Mortgage 30%+ by Race, Hispanic or Latino",0.0,0.0,0.0,0.0,0.0,0.0,0.0,0.0,0.0,0.0,0.0,0.0,0.0,0.0,25.0,6.0
506,,"Housing Units with a Mortgage 30%+ by Race, Native Hawaiian and Other Pacific Islander Alone",0.0,0.0,0.0,0.0,0.0,0.0,0.0,0.0,0.0,0.0,0.0,0.0,0.0,0.0,0.0,0.0
507,,"Housing Units with a Mortgage 30%+ by Race, Some Other Race Alone",0.0,0.0,0.0,0.0,0.0,0.0,0.0,0.0,0.0,0.0,0.0,0.0,0.0,0.0,0.0,0.0
508,,"Housing Units with a Mortgage 30%+ by Race, Two or More Races",0.0,0.0,0.0,0.0,0.0,0.0,0.0,0.0,0.0,0.0,0.0,0.0,0.0,0.0,0.0,0.0
509,,"Housing Units with a Mortgage 30%+ by Race, White Alone",40.0,0.0,0.0,0.0,0.0,0.0,0.0,0.0,0.0,0.0,0.0,0.0,0.0,0.0,215.0,256.0
510,,"Housing Units with a Mortgage 30%+ by Race, White Alone, Not Hispanic or Latino",40.0,0.0,0.0,0.0,0.0,0.0,0.0,0.0,0.0,0.0,0.0,0.0,0.0,0.0,190.0,250.0
511,,"Housing Units with a Mortgage Not Calculated by Race, American Indian and Alaska Native Alone",0.0,0.0,0.0,0.0,0.0,0.0,0.0,0.0,0.0,0.0,0.0,0.0,0.0,0.0,0.0,0.0
512,,"Housing Units with a Mortgage Not Calculated by Race, Asian Alone",0.0,0.0,0.0,0.0,0.0,0.0,0.0,0.0,0.0,0.0,0.0,0.0,0.0,0.0,0.0,0.0
513,,"Housing Units with a Mortgage Not Calculated by Race, Black or African American Alone",0.0,0.0,0.0,0.0,0.0,0.0,0.0,0.0,0.0,0.0,0.0,0.0,0.0,0.0,0.0,0.0
514,,"Housing Units with a Mortgage Not Calculated by Race, Hispanic or Latino",0.0,0.0,0.0,0.0,0.0,0.0,0.0,0.0,0.0,0.0,0.0,0.0,0.0,0.0,0.0,0.0
515,,"Housing Units with a Mortgage Not Calculated by Race, Native Hawaiian and Other Pacific Islander Alone",0.0,0.0,0.0,0.0,0.0,0.0,0.0,0.0,0.0,0.0,0.0,0.0,0.0,0.0,0.0,0.0
516,,"Housing Units with a Mortgage Not Calculated by Race, Some Other Race Alone",0.0,0.0,0.0,0.0,0.0,0.0,0.0,0.0,0.0,0.0,0.0,0.0,0.0,0.0,0.0,0.0
517,,"Housing Units with a Mortgage Not Calculated by Race, Two or More Races",0.0,0.0,0.0,0.0,0.0,0.0,0.0,0.0,0.0,0.0,0.0,0.0,0.0,0.0,0.0,0.0
518,,"Housing Units with a Mortgage Not Calculated by Race, White Alone",0.0,0.0,0.0,0.0,0.0,0.0,0.0,0.0,0.0,0.0,0.0,0.0,0.0,0.0,0.0,0.0
519,,"Housing Units with a Mortgage Not Calculated by Race, White Alone, Not Hispanic or Latino",0.0,0.0,0.0,0.0,0.0,0.0,0.0,0.0,0.0,0.0,0.0,0.0,0.0,0.0,0.0,0.0
520,,"Housing Units without a Mortgage 30%+ by Race, American Indian and Alaska Native Alone",0.0,0.0,0.0,0.0,0.0,0.0,0.0,0.0,0.0,0.0,0.0,0.0,0.0,0.0,0.0,0.0
521,,"Housing Units without a Mortgage 30%+ by Race, Asian Alone",0.0,0.0,0.0,0.0,0.0,0.0,0.0,0.0,0.0,0.0,0.0,0.0,0.0,0.0,22.0,20.0
522,,"Housing Units without a Mortgage 30%+ by Race, Black or African American Alone",0.0,0.0,0.0,0.0,0.0,0.0,0.0,0.0,0.0,0.0,0.0,0.0,0.0,0.0,0.0,0.0
523,,"Housing Units without a Mortgage 30%+ by Race, Hispanic or Latino",0.0,0.0,0.0,0.0,0.0,0.0,0.0,0.0,0.0,0.0,0.0,0.0,0.0,0.0,0.0,0.0
524,,"Housing Units without a Mortgage 30%+ by Race, Native Hawaiian and Other Pacific Islander Alone",0.0,0.0,0.0,0.0,0.0,0.0,0.0,0.0,0.0,0.0,0.0,0.0,0.0,0.0,0.0,0.0
525,,"Housing Units without a Mortgage 30%+ by Race, Some Other Race Alone",0.0,0.0,0.0,0.0,0.0,0.0,0.0,0.0,0.0,0.0,0.0,0.0,0.0,0.0,0.0,0.0
526,,"Housing Units without a Mortgage 30%+ by Race, Two or More Races",0.0,0.0,0.0,0.0,0.0,0.0,0.0,0.0,0.0,0.0,0.0,0.0,0.0,0.0,0.0,0.0
527,,"Housing Units without a Mortgage 30%+ by Race, White Alone",0.0,0.0,0.0,0.0,0.0,0.0,0.0,0.0,0.0,0.0,0.0,0.0,0.0,0.0,84.0,58.0
528,,"Housing Units without a Mortgage 30%+ by Race, White Alone, Not Hispanic or Latino",0.0,0.0,0.0,0.0,0.0,0.0,0.0,0.0,0.0,0.0,0.0,0.0,0.0,0.0,84.0,58.0
529,,"Housing Units without a Mortgage Not Calculated by Race, American Indian and Alaska Native Alone",0.0,0.0,0.0,0.0,0.0,0.0,0.0,0.0,0.0,0.0,0.0,0.0,0.0,0.0,0.0,0.0
530,,"Housing Units without a Mortgage Not Calculated by Race, Asian Alone",0.0,0.0,0.0,0.0,0.0,0.0,0.0,0.0,0.0,0.0,0.0,0.0,0.0,0.0,0.0,0.0
531,,"Housing Units without a Mortgage Not Calculated by Race, Black or African American Alone",0.0,0.0,0.0,0.0,0.0,0.0,0.0,0.0,0.0,0.0,0.0,0.0,0.0,0.0,0.0,0.0
532,,"Housing Units without a Mortgage Not Calculated by Race, Hispanic or Latino",0.0,0.0,0.0,0.0,0.0,0.0,0.0,0.0,0.0,0.0,0.0,0.0,0.0,0.0,0.0,0.0
533,,"Housing Units without a Mortgage Not Calculated by Race, Native Hawaiian and Other Pacific Islander Alone",0.0,0.0,0.0,0.0,0.0,0.0,0.0,0.0,0.0,0.0,0.0,0.0,0.0,0.0,0.0,0.0
534,,"Housing Units without a Mortgage Not Calculated by Race, Some Other Race Alone",0.0,0.0,0.0,0.0,0.0,0.0,0.0,0.0,0.0,0.0,0.0,0.0,0.0,0.0,0.0,0.0
535,,"Housing Units without a Mortgage Not Calculated by Race, Two or More Races",0.0,0.0,0.0,0.0,0.0,0.0,0.0,0.0,0.0,0.0,0.0,0.0,0.0,0.0,0.0,0.0
536,,"Housing Units without a Mortgage Not Calculated by Race, White Alone",0.0,0.0,0.0,0.0,0.0,0.0,0.0,0.0,0.0,0.0,0.0,0.0,0.0,0.0,0.0,0.0
537,,"Housing Units without a Mortgage Not Calculated by Race, White Alone, Not Hispanic or Latino",0.0,0.0,0.0,0.0,0.0,0.0,0.0,0.0,0.0,0.0,0.0,0.0,0.0,0.0,0.0,0.0
