,Category,Attribute,2000_Portola,2010_Portola,2011_Portola,2012_Portola,2013_Portola,2014_Portola,2015_Portola,2016_Portola,2017_Portola,2018_Portola,2019_Portola,2020_Portola,2021_Portola,2022_Portola,2023_Portola,2024_Portola
227,Affordability,# Units at or below 100 AMI Monthly Affordable Rent,1278.0,1355.0,1447.0,1426.0,1659.0,1675.0,1570.0,1574.0,1521.0,7158.0,1424.0,2795.0,1436.0,1276.0,1206.0,1092
218,Affordability,# Units at or below 30 AMI Monthly Affordable Rent,928.0,647.0,746.0,707.0,919.0,747.0,720.0,611.0,1052.0,4057.0,884.0,1701.0,1065.0,954.0,1011.0,907
221,Affordability,# Units at or below 50 AMI Monthly Affordable Rent,1259.0,1265.0,1361.0,1426.0,1554.0,1675.0,1540.0,1531.0,1521.0,6520.0,1424.0,2511.0,1436.0,1276.0,1206.0,1092
224,Affordability,# Units at or below 80 AMI Monthly Affordable Rent,1278.0,1355.0,1447.0,1426.0,1659.0,1675.0,1570.0,1574.0,1521.0,7158.0,1424.0,2611.0,1436.0,1276.0,1206.0,1092
225,Affordability,100 AMI Annual Income,55899.05362776025,68387.32394366198,71079.54545454546,73500.0,67929.10447761194,74510.86956521739,74589.2494929006,77036.4238410596,85434.59552495697,73981.62939297124,90369.5652173913,48972.081218274114,114088.6287625418,117020.89337175792,122638.49431818182,136872.05651491365
226,Affordability,100 AMI Monthly Affordable Rent,4658.254468980021,5698.943661971832,5923.295454545455,6125.0,5660.758706467662,6209.239130434783,6215.7707910750505,6419.701986754967,7119.549627079748,6165.135782747603,7530.797101449275,4081.0067681895093,9507.385730211818,9751.74111431316,10219.874526515152,11406.004709576138
216,Affordability,30 AMI Annual Income,16769.716088328074,20516.197183098593,21323.863636363636,22050.0,20378.73134328358,22353.260869565216,22376.77484787018,23110.92715231788,25630.37865748709,22194.48881789137,27110.86956521739,14691.624365482234,34226.58862876254,35106.268011527376,36791.548295454544,41061.61695447409
217,Affordability,30 AMI Monthly Affordable Rent,1397.4763406940062,1709.6830985915494,1776.9886363636363,1837.5,1698.2276119402984,1862.7717391304348,1864.731237322515,1925.9105960264899,2135.864888123924,1849.540734824281,2259.2391304347825,1224.302030456853,2852.215719063545,2925.522334293948,3065.9623579545455,3421.801412872841
219,Affordability,50 AMI Annual Income,27949.526813880126,34193.66197183099,35539.77272727273,36750.0,33964.55223880597,37255.434782608696,37294.6247464503,38518.2119205298,42717.29776247848,36990.81469648562,45184.78260869565,24486.040609137057,57044.3143812709,58510.44668587896,61319.24715909091,68436.02825745683
220,Affordability,50 AMI Monthly Affordable Rent,2329.1272344900103,2849.471830985916,2961.6477272727275,3062.5,2830.379353233831,3104.6195652173915,3107.8853955375253,3209.8509933774835,3559.774813539874,3082.5678913738016,3765.3985507246375,2040.5033840947547,4753.692865105909,4875.87055715658,5109.937263257576,5703.002354788069
222,Affordability,80 AMI Annual Income,44719.24290220821,54709.85915492958,56863.63636363637,58800.0,54343.283582089556,59608.69565217392,59671.399594320486,61629.13907284768,68347.67641996557,59185.303514376996,72295.65217391304,39177.66497461929,91270.90301003345,93616.71469740634,98110.79545454547,109497.64521193093
223,Affordability,80 AMI Monthly Affordable Rent,3726.6035751840172,4559.154929577465,4738.636363636364,4900.0,4528.60696517413,4967.391304347827,4972.61663286004,5135.761589403974,5695.6397016637975,4932.108626198083,6024.63768115942,3264.8054145516076,7605.908584169454,7801.392891450528,8175.899621212123,9124.803767660911
0,Age,0-2 Years,0.4747774480712166,0.5,0.4755639097744361,0.434560327198364,0.4093789607097592,0.512280701754386,0.5848329048843187,0.6074332171893148,0.5834319526627219,0.6282208588957056,0.5256270447110142,0.5276243093922652,0.4418960244648318,0.5230769230769231,0.4703947368421052,0.5159574468085106
1,Age,0-4 Years,0.0544567338972023,0.0698476177342618,0.0583558044665698,0.0506735963892498,0.0381535562882713,0.0417895463387086,0.0378019546376544,0.0444742293164371,0.0420920651979222,0.0217063844579197,0.0473945257485763,0.0320733104238258,0.033823989978077,0.0350041293437519,0.0306594677979174,0.0282699851210604
2,Age,18-34 Years,0.2486662329212752,0.2008549955181686,0.2109520846297448,0.1990699582848936,0.2053697597739048,0.2306582167283679,0.2314217222939332,0.2251736322651395,0.2284912532091468,0.284230041327102,0.2041516134958055,0.2265750286368843,0.1986219855934857,0.192363890477098,0.1639028152718858,0.1614364939807926
3,Age,3-5 Years,0.5252225519287834,0.5,0.5244360902255639,0.565439672801636,0.5906210392902408,0.487719298245614,0.4151670951156812,0.3925667828106852,0.4165680473372781,0.3717791411042945,0.4743729552889858,0.4723756906077348,0.5581039755351682,0.4769230769230769,0.5296052631578947,0.4840425531914893
4,Age,35-59 Years,0.3424202992843201,0.3643384127421912,0.3540759178593652,0.3648362169185529,0.374133638382343,0.3553993850787476,0.3548466408506976,0.3559766053369075,0.3596035584213983,0.368467807346182,0.3666646255587533,0.3349369988545246,0.3879110554337613,0.3866336319166508,0.4035223036379997,0.3896929527931827
5,Age,5-17 Years,0.1579700715679896,0.1445218230710887,0.1411187167254373,0.1473705805922177,0.153960029607698,0.1500282361799585,0.1454914254102895,0.1403070549530888,0.1398292435369275,0.108338804990151,0.1154246525013777,0.1204276441389843,0.1376135295959912,0.1169557207293056,0.1578609075716673,0.1652914919518463
6,Age,60 and older,0.1964866623292127,0.2204371509342894,0.2354974763188826,0.2380496478150858,0.2283830159477828,0.2221246156742172,0.2304382568074251,0.2340684781284269,0.229983879634605,0.2172569618786451,0.2663645826954871,0.2859870179457808,0.2420294393986846,0.2690426275331936,0.2440545057205296,0.2553090761531178
7,Age,Under 18 Years,3265.0,3109.0,2884.0,2894.0,2852.0,3053.0,2977.0,3028.0,3042.0,2733.0,2654.0,2972.0,2733.0,2389.0,2931.0,2861.0
8,Age,Under 6 Years,1011.0,1174.0,1064.0,978.0,789.0,855.0,778.0,861.0,845.0,815.0,917.0,724.0,654.0,650.0,608.0,564.0
228,Educational Attainment,College Degree or higher,0.1942500472857953,0.2365539761813292,0.2214906002481153,0.2418300653594771,0.2428374021188392,0.2562356346301183,0.2578400134160657,0.2795010667979649,0.3042957521558607,0.4252485186817492,0.2928953887956525,0.267609814008706,0.2886697914983029,0.299689564594444,0.3322753090544604,0.3744208409826033
229,Educational Attainment,High School or Less,0.567524115755627,0.5351517479830964,0.5509113465025288,0.5441886899687411,0.5400276370336251,0.5197922873925257,0.5074626865671642,0.4730838667323158,0.4473011817310763,0.3247637236178444,0.4424198833213458,0.5348239018599129,0.4253272991756909,0.4359627477513332,0.4196458402940193,0.3908558440423114
230,Educational Attainment,Some College/Associate Degree,0.2382258369585776,0.2282942758355743,0.2275980532493558,0.2139812446717817,0.2171349608475357,0.2239720779773559,0.23469730001677,0.2474150664697193,0.2484030661130629,0.2499877577004064,0.2646847278830017,0.197566284131381,0.2860029093260061,0.2643476876542227,0.2480788506515202,0.2347233149750852
9,Employment,"6-17, Living with One Parent",549.0,604.0,666.0,654.0,561.0,777.0,760.0,668.0,635.0,595.0,363.0,522.0,419.0,229.0,264.0,276.0
10,Employment,"6-17, Living with One Parent, Parent Not in Labor Force",0.3096539162112932,0.3675496688741722,0.4279279279279279,0.4311926605504587,0.2049910873440285,0.1325611325611325,0.125,0.0314371257485029,0.0881889763779527,0.0890756302521008,0.1680440771349862,0.1340996168582375,0.2052505966587112,0.1659388646288209,0.375,0.3695652173913043
11,Employment,"6-17, Living with One Parent, Parent in Labor Force",0.6903460837887068,0.6324503311258278,0.5720720720720721,0.5688073394495413,0.7950089126559715,0.8674388674388674,0.875,0.968562874251497,0.9118110236220472,0.9109243697478993,0.8319559228650137,0.8659003831417624,0.7947494033412887,0.834061135371179,0.625,0.6304347826086957
12,Employment,"6-17, Living with Two Parents",1543.0,1276.0,1114.0,1252.0,1461.0,1346.0,1337.0,1403.0,1481.0,1252.0,1323.0,1606.0,1537.0,1353.0,1868.0,1863.0
13,Employment,"6-17, Living with Two Parents, One Parent in Labor Force",0.2469215813350615,0.2045454545454545,0.1454219030520646,0.1645367412140575,0.2108145106091718,0.2057949479940564,0.337322363500374,0.2751247327156094,0.3585415259959487,0.3146964856230032,0.2479213907785336,0.2515566625155666,0.2641509433962264,0.1892091648189209,0.1627408993576017,0.1658615136876006
14,Employment,"6-17, Living with Two Parents, Parents Not in Labor Force",0.1250810110174983,0.030564263322884,0.0278276481149012,0.0487220447284345,0.1054072553045859,0.0995542347696879,0.0897531787584143,0.0427655024946543,0.0371370695476029,0.0,0.0151171579743008,0.0323785803237858,0.0494469746258946,0.0679970436067997,0.1113490364025695,0.0128824476650563
15,Employment,"6-17, Living with Two Parents, Parents in Labor Force",0.62799740764744,0.7648902821316614,0.8267504488330341,0.786741214057508,0.6837782340862423,0.6946508172362555,0.5729244577412117,0.6821097647897363,0.6043214044564483,0.6853035143769968,0.7369614512471655,0.7160647571606475,0.686402081977879,0.7427937915742794,0.7259100642398287,0.821256038647343
231,Employment,Employed Residents,6890.0,6852.0,6987.0,7089.0,7113.0,7904.0,8242.0,8558.0,8752.0,15040.0,8734.0,6566.0,8493.0,8373.0,7768.0,7450.0
232,Employment,Managerial Professional,0.2391872278664731,0.3171336835960303,0.2869614999284385,0.2987727465086754,0.2917193870378181,0.2906123481781376,0.2853676292162097,0.3151437251694321,0.3457495429616087,0.4422872340425532,0.3537897870391573,0.313585135546756,0.3652419639703285,0.3762092439985668,0.3949536560247167,0.4123489932885906
233,Employment,Natural Resources,0.0805515239477503,0.1069760653823701,0.0966079862601975,0.0720835096628579,0.0652326725713482,0.0625,0.0522931327347731,0.0570226688478616,0.0650137111517367,0.0373670212765957,0.0626288069613006,0.0712762717027109,0.0899564347109384,0.0664039173533978,0.0871524201853759,0.0923489932885906
234,Employment,Production Transport Materials,0.1761973875181422,0.0966141272621132,0.0851581508515815,0.0926787981379602,0.093771966821313,0.1124746963562753,0.1043436059208929,0.1100724468333722,0.1147166361974405,0.0998670212765957,0.1389970231280055,0.1309777642400243,0.1414105734133992,0.1441538277797683,0.120236869207003,0.1051006711409396
235,Employment,Sales and Office,0.2915820029027576,0.2769994162288383,0.2969801059109775,0.302158273381295,0.2963587796991424,0.2818825910931174,0.2916767774811938,0.268053283477448,0.2308043875685557,0.2037234042553191,0.1970460270208381,0.1696618946085897,0.1983986812669257,0.1990923205541621,0.1776519052523172,0.1829530201342281
236,Employment,Services,0.2124818577648766,0.202276707530648,0.2342922570488049,0.2343066723092114,0.2529171938703782,0.2525303643724696,0.2663188546469303,0.2497078756718859,0.2437157221206581,0.2167553191489361,0.2475383558506984,0.3144989339019189,0.2049923466384081,0.2141406903141048,0.220005149330587,0.207248322147651
16,Employment,"Under 6 Years, Living with One Parent",237.0,320.0,318.0,257.0,217.0,433.0,320.0,373.0,267.0,248.0,291.0,149.0,141.0,177.0,155.0,154.0
17,Employment,"Under 6 Years, Living with One Parent, Parent Not in Labor Force",0.350210970464135,0.146875,0.1572327044025157,0.2840466926070039,0.0691244239631336,0.2563510392609699,0.371875,0.2332439678284182,0.2621722846441947,0.3306451612903225,0.3058419243986254,0.1543624161073825,0.1914893617021276,0.2259887005649717,0.2516129032258064,0.3181818181818182
18,Employment,"Under 6 Years, Living with One Parent, Parent in Labor Force",0.6497890295358649,0.853125,0.8427672955974843,0.7159533073929961,0.9308755760368664,0.74364896073903,0.628125,0.7667560321715817,0.7378277153558053,0.6693548387096774,0.6941580756013745,0.8456375838926175,0.8085106382978723,0.7740112994350282,0.7483870967741936,0.6818181818181818
19,Employment,"Under 6 Years, Living with Two Parents",645.0,842.0,733.0,696.0,547.0,394.0,407.0,433.0,548.0,538.0,582.0,533.0,473.0,402.0,378.0,375.0
20,Employment,"Under 6 Years, Living with Two Parents, One Parent in Labor Force",0.3209302325581395,0.1840855106888361,0.1105047748976807,0.1135057471264367,0.1462522851919561,0.1878172588832487,0.1867321867321867,0.115473441108545,0.2518248175182482,0.1710037174721189,0.218213058419244,0.2851782363977486,0.2431289640591966,0.1119402985074626,0.1296296296296296,0.0693333333333333
21,Employment,"Under 6 Years, Living with Two Parents, Parents Not in Labor Force",0.1348837209302325,0.0,0.0027285129604365,0.014367816091954,0.0402193784277879,0.0507614213197969,0.0638820638820638,0.0,0.0,0.0,0.0,0.0,0.0,0.0,0.0,0.0
22,Employment,"Under 6 Years, Living with Two Parents, Parents in Labor Force",0.5441860465116279,0.815914489311164,0.8867667121418826,0.8721264367816092,0.8135283363802559,0.7614213197969543,0.7493857493857494,0.8845265588914549,0.7481751824817519,0.828996282527881,0.781786941580756,0.7148217636022514,0.7568710359408034,0.8880597014925373,0.8703703703703703,0.9306666666666666
237,Employment,Unemployment Rate,0.0500482558941127,0.0990047145102147,0.0901192946058091,0.0923587192243908,0.1068558513309894,0.079860302677532,0.0672249886826618,0.0678575318592746,0.0585197934595524,0.0345534970190396,0.0483765526258444,0.0606580829756795,0.0498937241302159,0.0590020229265003,0.0644345417319041,0.0666499624154347
23,Employment,Worked in place of residence,0.7465660377358491,0.7551546391752577,0.7594711038478681,0.7427749820273185,0.727324667904585,0.736310133060389,0.7223110018438844,0.715470609448251,0.7179122182680902,0.7252414756196904,0.7205830074653395,0.7179609337779895,0.727107777912181,0.7343635921148698,0.7519705727798214,0.7758644253109198
24,Employment,Worked outside place of residence,0.2534339622641509,0.2448453608247422,0.2405288961521319,0.2572250179726815,0.2726753320954149,0.263689866939611,0.2776889981561155,0.284529390551749,0.2820877817319098,0.2747585243803095,0.2794169925346605,0.2820390662220104,0.272892222087819,0.2656364078851302,0.2480294272201786,0.2241355746890802
25,Households,Average Family Household Size,4.194645006016847,4.009014423076923,3.917562724014337,3.9888149939540503,4.015119443604475,4.132926119837115,4.147550432276657,4.139251523063534,4.141320151206746,3.4541577825159915,3.942146450531023,3.3514819587628866,3.878710771840543,3.83835005574136,3.851426972579743,3.7352856732701696
26,Households,Average Household Size,3.513333333333333,3.409809007309597,3.379212821117134,3.416843595187544,3.3281285358678434,3.431120783460283,3.444206468194474,3.3692627206645898,3.4157210645760263,2.345890097833044,3.3247475788172265,2.6373805165751474,3.242505133470226,3.206398348813209,3.2347131750367724,3.094574625290268
27,Households,Family Households,0.7641379310344828,0.7847205847677434,0.7890643412679708,0.7803727294173154,0.7483593573206608,0.7482045701849837,0.7431998286571,0.7158878504672898,0.7095110377553125,0.4717015635000457,0.7372759118071296,0.631279235306081,0.7262833675564682,0.7405572755417956,0.7509981088463963,0.7352754908169727
28,Households,Households,4350.0,4241.0,4243.0,4239.0,4419.0,4595.0,4669.0,4815.0,4847.0,10937.0,4853.0,4917.0,4870.0,4845.0,4759.0,4737.0
29,Households,"Households with 60 years and older, % of Total (DEC, 65 years and older)",0.5140229885057471,0.4390473944824334,0.4584020740042422,0.4751120547298891,0.4609640190088255,0.4648531011969532,0.4840436924394945,0.4897196261682243,0.491644316071797,0.3384840449849136,0.5520296723676077,0.5182021557860484,0.4731006160164271,0.5073271413828689,0.4759403235973944,0.4808950812750686
30,Households,"Households with Children, % of Total",0.3227586206896551,0.3560481018627682,0.333019090266321,0.341589997640953,0.3353699932111337,0.335582154515778,0.3341186549582352,0.3177570093457944,0.3179286156385393,0.1760080460821066,0.2820935503812075,0.2405938580435224,0.2720739219712526,0.249329205366357,0.3048959865517966,0.309267468862149
31,Households,Living in Group Quarters,87.0,0.0,0.0,353.0,475.0,504.0,580.0,652.0,694.0,3260.0,196.0,127.0,174.0,206.0,164.0,127.0
32,Households,Non-Family Households,0.2358620689655172,0.2152794152322565,0.2109356587320292,0.2196272705826846,0.2516406426793392,0.2517954298150163,0.2568001713428999,0.2841121495327103,0.2904889622446874,0.5282984364999543,0.2627240881928704,0.368720764693919,0.2737166324435318,0.2594427244582043,0.2490018911536037,0.2647245091830272
33,Households,"Single Person Households, % of Total",0.1788505747126436,0.1792030181560952,0.1553146358708461,0.1686718565699457,0.2038922833220185,0.1917301414581066,0.1865495823516813,0.2103842159916926,0.1990922219929853,0.4098930236810825,0.1831856583556562,0.2837095790115924,0.1868583162217659,0.1954592363261094,0.1884849758352595,0.210048553937091
34,Housing,Median Year Moved In Owner,1982.8649635036495,1992.4082073434124,1997.2880215343205,1991.593103448276,1991.9676945668132,1999.703808180536,1995.1875,1995.530012771392,2000.215710723192,1996.1487383798144,1992.862796833773,2005.4398148148148,2008.7759237187129,1998.857142857143,2002.8523489932888,2003.2015503875969
35,Housing,Median Year Moved In Renter,1995.9014598540143,2003.375550660793,2001.7006172839504,2005.159301130524,2005.9430438842203,2010.364372469636,2006.944099378882,2008.441265060241,2010.5672676837728,2011.031089036056,2013.735576923077,2010.4926829268293,2012.6412872841445,2013.4205405405403,2013.7299363057325,2013.8543417366948
36,Housing,Median Year Structure Built,1952.1924882629107,1948.851132686084,1941.7123287671236,1951.022222222222,1952.658157602664,1959.2584033613448,1951.708043694141,1952.15411558669,1951.853725850966,1955.5078597339784,1953.7823371989296,1944.89247311828,1953.5903983656792,1952.974828375286,1950.809948979592,1950.887573964497
37,Housing,"Overcrowding, Renter Occupied Housing",0.3293502613890963,0.0336503291880029,0.0451127819548872,0.0935792349726776,0.1407451212300414,0.1712962962962963,0.1474056603773585,0.127709431751611,0.1076746849942726,0.0903727877494665,0.1116564417177914,0.244472520530638,0.1042516016307513,0.1626168224299065,0.2025065963060686,0.1756225425950196
38,Housing,Owner Occupied,0.6929603301994955,0.6776703607639708,0.6551967947207165,0.6546355272469923,0.6173342385155013,0.6239390642002176,0.6367530520454059,0.6454828660436137,0.6397771817619146,0.2715552710981073,0.6641252833298991,0.3561114500711816,0.6474332648870637,0.6687306501547987,0.6814456818659382,0.6778551826050243
39,Housing,Post 1979 All and Pre 1979 Single Family Renter Occupied by Year Structure Built by Units in Structure,808.0,1302.0,1392.0,1413.0,1590.0,1555.0,1161.0,1198.0,1231.0,3927.0,1116.0,1510.0,1313.0,1195.0,1155.0,1245.0
40,Housing,Pre 1980 MultiFamily Renter Occupied by Year Structure Built by Units in Structure,531.0,18.0,19.0,30.0,39.0,86.0,535.0,509.0,515.0,4040.0,514.0,1656.0,404.0,410.0,361.0,281.0
41,Housing,Renter Occupied,0.3070396698005044,0.3223296392360292,0.3448032052792835,0.3453644727530078,0.3826657614844987,0.3760609357997824,0.3632469479545941,0.3545171339563863,0.3602228182380854,0.7284447289018927,0.335874716670101,0.6438885499288184,0.3525667351129363,0.3312693498452012,0.3185543181340617,0.3221448173949757
42,Housing,Total Number of Units,4463.0,4711.0,4683.0,4640.0,4745.0,4860.0,4868.0,4988.0,5005.0,12249.0,4978.0,5292.0,5079.0,5088.0,5021.0,4976.0
43,Housing,Total Vacant Units,102.0,470.0,440.0,401.0,326.0,265.0,199.0,173.0,158.0,1312.0,125.0,375.0,209.0,243.0,262.0,239.0
44,Housing,Vacancy Rate,0.0228545821196504,0.0997665039269794,0.0939568652573136,0.0864224137931034,0.0687038988408851,0.0545267489711934,0.0408792111750205,0.0346832397754611,0.0315684315684315,0.1071107845538411,0.0251104861390116,0.0708616780045351,0.0411498326442213,0.0477594339622641,0.0521808404700258,0.0480305466237942
45,Housing Prices,Contract Rent 100 to 149,0.0,0.0,0.0,0.0,0.0,0.0,0.0,0.0,0.0,123.0,0.0,27.0,0.0,0.0,0.0,0.0
46,Housing Prices,Contract Rent 1000 to 1249,247.0,245.0,225.0,114.0,221.0,160.0,168.0,136.0,136.0,503.0,146.0,330.0,164.0,316.0,241.0,253.0
47,Housing Prices,Contract Rent 1250 to 1499,164.0,131.0,139.0,183.0,145.0,168.0,155.0,166.0,159.0,812.0,116.0,300.0,57.0,74.0,106.0,130.0
48,Housing Prices,Contract Rent 150 to 199,0.0,0.0,21.0,21.0,16.0,22.0,22.0,0.0,0.0,61.0,0.0,7.0,0.0,0.0,0.0,0.0
49,Housing Prices,Contract Rent 1500 to 1999,46.0,344.0,289.0,258.0,307.0,389.0,433.0,483.0,469.0,958.0,472.0,171.0,521.0,260.0,280.0,185.0
50,Housing Prices,Contract Rent 200 to 249,39.0,0.0,0.0,0.0,0.0,0.0,0.0,0.0,19.0,92.0,17.0,243.0,13.0,21.0,18.0,0.0
51,Housing Prices,"Contract Rent 2000 to 2499 (Contract Rent 2000 or more, DEC2000 and ACS2009-2014)",0.0,162.0,233.0,247.0,277.0,398.0,275.0,294.0,215.0,712.0,175.0,38.0,156.0,229.0,167.0,122.0
52,Housing Prices,Contract Rent 250 to 299,7.0,42.0,47.0,57.0,51.0,41.0,8.0,0.0,0.0,171.0,0.0,75.0,32.0,0.0,0.0,20.0
53,Housing Prices,Contract Rent 2500 to 2999 (ACS2015-),,90.0,86.0,92.0,105.0,116.0,73.0,96.0,146.0,695.0,142.0,76.0,122.0,162.0,130.0,75.0
54,Housing Prices,Contract Rent 300 to 349,20.0,13.0,11.0,21.0,10.0,5.0,51.0,87.0,67.0,97.0,23.0,121.0,0.0,42.0,0.0,0.0
55,Housing Prices,Contract Rent 3000 to 3499 (ACS2015-),,0.0,0.0,0.0,0.0,0.0,30.0,34.0,73.0,584.0,133.0,326.0,276.0,173.0,83.0,175.0
56,Housing Prices,Contract Rent 350 to 399,7.0,0.0,22.0,25.0,23.0,27.0,31.0,0.0,0.0,82.0,66.0,149.0,10.0,0.0,42.0,33.0
57,Housing Prices,Contract Rent 3500 or more (ACS2015-),,0.0,0.0,0.0,0.0,0.0,9.0,35.0,65.0,472.0,55.0,104.0,103.0,150.0,171.0,277.0
58,Housing Prices,Contract Rent 400 to 449,18.0,0.0,0.0,9.0,6.0,14.0,17.0,9.0,0.0,54.0,0.0,135.0,2.0,12.0,0.0,0.0
59,Housing Prices,Contract Rent 500 to 549,23.0,33.0,27.0,0.0,0.0,0.0,0.0,0.0,41.0,244.0,50.0,119.0,33.0,0.0,2.0,2.0
60,Housing Prices,Contract Rent 550 to 599,116.0,53.0,58.0,56.0,43.0,9.0,26.0,60.0,52.0,310.0,53.0,224.0,64.0,0.0,8.0,8.0
61,Housing Prices,Contract Rent 600 to 649,39.0,0.0,38.0,38.0,72.0,60.0,53.0,24.0,21.0,28.0,0.0,95.0,0.0,48.0,95.0,0.0
62,Housing Prices,Contract Rent 650 to 699,50.0,16.0,46.0,81.0,49.0,51.0,54.0,18.0,11.0,271.0,12.0,136.0,0.0,25.0,15.0,114.0
63,Housing Prices,Contract Rent 700 to 749,49.0,20.0,31.0,32.0,54.0,11.0,15.0,6.0,0.0,231.0,0.0,38.0,0.0,0.0,0.0,0.0
64,Housing Prices,Contract Rent 750 to 749,82.0,49.0,35.0,32.0,54.0,11.0,0.0,0.0,0.0,162.0,0.0,28.0,0.0,0.0,0.0,0.0
65,Housing Prices,Contract Rent 750 to 799,135.0,0.0,19.0,9.0,26.0,69.0,24.0,17.0,0.0,49.0,0.0,138.0,0.0,0.0,0.0,0.0
66,Housing Prices,Contract Rent 800 to 899,156.0,66.0,94.0,97.0,122.0,93.0,99.0,68.0,68.0,448.0,33.0,134.0,0.0,12.0,12.0,11.0
67,Housing Prices,Contract Rent 900 to 999,80.0,91.0,26.0,54.0,78.0,31.0,36.0,76.0,78.0,432.0,48.0,77.0,84.0,0.0,0.0,0.0
68,Housing Prices,Contract Rent Less than 100,0.0,12.0,16.0,38.0,32.0,53.0,25.0,23.0,26.0,138.0,0.0,0.0,0.0,0.0,11.0,13.0
69,Housing Prices,Contract Rent Total,1328.0,1367.0,1463.0,1464.0,1691.0,1728.0,1696.0,1707.0,1746.0,7967.0,1630.0,3166.0,1717.0,1605.0,1516.0,1526.0
70,Housing Prices,Contract Rent Total No cash Rent (ACS2015-),50.0,0.0,0.0,0.0,0.0,0.0,92.0,75.0,100.0,238.0,89.0,75.0,80.0,81.0,135.0,108.0
71,Housing Prices,"Contract Rent Total No cash Rent (No cash rent, DEC2000 and ACS2009-2014)",50.0,90.0,86.0,92.0,105.0,116.0,73.0,96.0,146.0,695.0,142.0,76.0,122.0,162.0,130.0,75.0
72,Housing Prices,Contract Rent Total With cash Rent,1278.0,1277.0,1377.0,1372.0,1586.0,1612.0,1604.0,1632.0,1646.0,7729.0,1541.0,3091.0,1637.0,1524.0,1381.0,1418.0
73,Housing Prices,Extremely Rent Burdened,0.1784638554216867,0.3569861009509875,0.3561175666438824,0.2950819672131147,0.3075103489059728,0.3043981481481481,0.2641509433962264,0.252489748096075,0.2411225658648339,0.2453872222919543,0.2631901840490797,0.2492103600758054,0.2574257425742574,0.2,0.1655672823218997,0.1671035386631716
74,Housing Prices,Home Value 10000 to 14999 ,0.0,0.0,12.0,15.0,10.0,12.0,5.0,0.0,0.0,18.0,0.0,0.0,0.0,0.0,0.0,0.0
75,Housing Prices,Home Value 100000 to 124999,26.0,0.0,0.0,8.0,14.0,13.0,24.0,25.0,6.0,0.0,6.0,0.0,11.0,69.0,100.0,43.0
76,Housing Prices,"Home Value 1000000 to 1499999 (1000000 or more, DEC2000 and ACS2009-2014)",0.0,129.0,153.0,102.0,78.0,107.0,84.0,160.0,394.0,601.0,857.0,299.0,1349.0,1456.0,1745.0,1795.0
77,Housing Prices,Home Value 125000 to 149999,5.0,0.0,0.0,0.0,0.0,0.0,0.0,0.0,0.0,0.0,0.0,0.0,0.0,0.0,0.0,47.0
78,Housing Prices,Home Value 15000 to 19999 ,0.0,28.0,38.0,36.0,35.0,66.0,0.0,0.0,0.0,0.0,0.0,0.0,0.0,0.0,0.0,0.0
79,Housing Prices,Home Value 150000 to 174999,23.0,0.0,0.0,0.0,0.0,16.0,18.0,20.0,21.0,18.0,10.0,0.0,10.0,0.0,0.0,0.0
80,Housing Prices,Home Value 1500000 to 1999999 (ACS2015-),,0.0,0.0,0.0,0.0,0.0,19.0,34.0,37.0,278.0,138.0,50.0,246.0,402.0,373.0,405.0
81,Housing Prices,Home Value 175000 to 199999,86.0,22.0,25.0,36.0,25.0,10.0,7.0,10.0,0.0,0.0,0.0,0.0,0.0,10.0,0.0,0.0
82,Housing Prices,Home Value 20000 to 24999 ,21.0,0.0,0.0,0.0,0.0,0.0,0.0,0.0,0.0,0.0,0.0,0.0,0.0,0.0,0.0,0.0
83,Housing Prices,Home Value 200000 to 249999,397.0,164.0,129.0,10.0,18.0,14.0,0.0,0.0,0.0,0.0,0.0,0.0,0.0,8.0,8.0,10.0
84,Housing Prices,Home Value 2000000 or more (ACS2015-),,0.0,0.0,0.0,0.0,0.0,36.0,11.0,13.0,223.0,13.0,124.0,82.0,150.0,167.0,165.0
85,Housing Prices,Home Value 25000 to 29999 ,49.0,0.0,0.0,0.0,0.0,0.0,0.0,0.0,0.0,0.0,0.0,0.0,0.0,0.0,0.0,0.0
86,Housing Prices,Home Value 250000 to 299999,518.0,15.0,17.0,19.0,12.0,0.0,0.0,0.0,22.0,17.0,17.0,15.0,12.0,0.0,0.0,0.0
87,Housing Prices,Home Value 30000 to 34999 ,56.0,0.0,0.0,0.0,0.0,0.0,0.0,0.0,0.0,0.0,0.0,0.0,0.0,0.0,0.0,0.0
88,Housing Prices,Home Value 300000 to 399999,1063.0,27.0,60.0,96.0,150.0,138.0,110.0,81.0,50.0,47.0,19.0,13.0,21.0,9.0,3.0,5.0
89,Housing Prices,Home Value 35000 to 39999 ,37.0,19.0,17.0,0.0,0.0,0.0,0.0,0.0,0.0,0.0,0.0,0.0,0.0,0.0,0.0,0.0
90,Housing Prices,Home Value 40000 to 49999 ,37.0,10.0,0.0,0.0,0.0,0.0,0.0,0.0,0.0,0.0,0.0,0.0,0.0,0.0,0.0,0.0
91,Housing Prices,Home Value 400000 to 499999,534.0,305.0,322.0,424.0,498.0,413.0,415.0,393.0,214.0,95.0,67.0,70.0,97.0,63.0,63.0,9.0
92,Housing Prices,Home Value 50000 to 59999 ,5.0,27.0,26.0,41.0,9.0,10.0,0.0,0.0,0.0,0.0,0.0,0.0,0.0,0.0,0.0,0.0
93,Housing Prices,Home Value 500000 to 749999,152.0,1328.0,1248.0,1417.0,1384.0,1625.0,1611.0,1551.0,1329.0,811.0,830.0,423.0,467.0,164.0,155.0,101.0
94,Housing Prices,Home Value 60000 to 69999 ,6.0,78.0,47.0,0.0,14.0,14.0,16.0,13.0,21.0,7.0,14.0,0.0,6.0,0.0,0.0,0.0
95,Housing Prices,Home Value 70000 to 79999 ,0.0,0.0,0.0,0.0,0.0,0.0,0.0,0.0,0.0,0.0,0.0,0.0,0.0,0.0,0.0,0.0
96,Housing Prices,Home Value 750000 to 999999,0.0,652.0,649.0,552.0,452.0,402.0,595.0,773.0,940.0,814.0,1219.0,748.0,828.0,875.0,613.0,613.0
97,Housing Prices,Home Value 80000 to 89999 ,0.0,45.0,14.0,0.0,0.0,0.0,8.0,8.0,10.0,11.0,23.0,0.0,10.0,0.0,0.0,0.0
98,Housing Prices,Home Value 90000 to 99999 ,7.0,12.0,12.0,10.0,0.0,0.0,0.0,0.0,0.0,0.0,0.0,0.0,4.0,34.0,0.0,0.0
99,Housing Prices,Home Value Less than 10000,0.0,13.0,11.0,9.0,29.0,27.0,25.0,29.0,44.0,30.0,10.0,9.0,10.0,0.0,16.0,18.0
100,Housing Prices,Home Value Total,3022.0,2874.0,2780.0,2775.0,2728.0,2867.0,2973.0,3108.0,3101.0,2970.0,3223.0,1751.0,3153.0,3240.0,3243.0,3211.0
101,Housing Prices,Housing Units with a Mortgage,1815.0,1965.0,1845.0,1747.0,1553.0,1656.0,1866.0,1862.0,1853.0,1727.0,1961.0,1126.0,1877.0,1845.0,2045.0,2055.0
102,Housing Prices,Housing Units with a Mortgage 0 to 30%,1121.0,792.0,807.0,777.0,755.0,842.0,866.0,887.0,936.0,1002.0,1098.0,636.0,1140.0,1184.0,1343.0,1365.0
103,Housing Prices,Housing Units with a Mortgage 30-50%,436.0,608.0,582.0,508.0,426.0,477.0,570.0,512.0,532.0,345.0,392.0,167.0,429.0,327.0,391.0,309.0
104,Housing Prices,Housing Units with a Mortgage 50%+,249.0,565.0,456.0,462.0,372.0,337.0,430.0,463.0,385.0,380.0,471.0,300.0,308.0,334.0,311.0,381.0
105,Housing Prices,Housing Units with a Mortgage Not Computed,9.0,0.0,0.0,0.0,0.0,0.0,0.0,0.0,0.0,0.0,0.0,23.0,0.0,0.0,0.0,0.0
106,Housing Prices,Housing Units without a Mortgage,979.0,909.0,935.0,1028.0,1175.0,1211.0,1107.0,1246.0,1248.0,1243.0,1262.0,625.0,1276.0,1395.0,1198.0,1156.0
107,Housing Prices,Housing Units without a Mortgage 0 to 30%,815.0,839.0,859.0,935.0,1065.0,1085.0,978.0,1087.0,1090.0,1131.0,1098.0,489.0,1146.0,1243.0,1097.0,1054.0
108,Housing Prices,Housing Units without a Mortgage 30-50%,30.0,19.0,9.0,22.0,21.0,44.0,34.0,63.0,44.0,32.0,45.0,55.0,0.0,0.0,0.0,14.0
109,Housing Prices,Housing Units without a Mortgage 50%+,85.0,28.0,56.0,62.0,61.0,46.0,67.0,46.0,56.0,33.0,107.0,38.0,130.0,152.0,101.0,88.0
110,Housing Prices,Housing Units without a Mortgage Not Computed,49.0,23.0,11.0,9.0,28.0,36.0,28.0,50.0,58.0,47.0,12.0,43.0,0.0,0.0,0.0,0.0
111,Housing Prices,Median Contract Rent,817.3076923076923,1248.4693877551022,1219.4444444444443,1252.7322404371585,1177.6018099547512,1279.047619047619,1520.7852193995382,1630.4347826086955,1654.584221748401,1363.454433497537,1718.75,803.9179104477612,1845.0095969289828,1907.692307692308,1750.892857142857,1837.837837837838
112,Housing Prices,Median Gross Rent by Bedrooms - 1 Bedroom- COUNTY ONLY,,,,,,,1041.8210616438355,1212.0337527461554,1279.7652582159624,1433.5627351183891,1295.903900508762,3092.729722373435,963.0,1702.581532416503,1654.4774327122154,1761.755185113394
113,Housing Prices,Median Gross Rent by Bedrooms - 2 Bedrooms- COUNTY ONLY,,,,,,,1430.5943700969085,1576.6476121562953,1677.1192258793617,1942.087590121184,1989.8977576081156,2535.690426275332,2119.016820857864,2714.164245478802,2946.6950541410592,3351.207966890843
114,Housing Prices,Median Gross Rent by Bedrooms - 3-4 Bedrooms- COUNTY ONLY,,,,,,,5094.0,5046.0,5386.99265264758,4841.0,,4917.0,,,,
115,Housing Prices,Median Gross Rent by Bedrooms - 5 Bedrooms or more- COUNTY ONLY,,,,,,,,,,,,600.0,,,,
116,Housing Prices,Median Gross Rent by Bedrooms - No Bedroom- COUNTY ONLY,,,,,,,,,,1284.9527003176845,1656.0,476.3967434471803,1768.0,,,
117,Housing Prices,Median Home Value,322389.4637817498,626506.0240963856,632211.5384615385,620589.2731122089,599349.7109826589,642230.6313846153,633224.7051520795,657156.6731141199,718679.4582392776,882371.0073710073,876230.5168170631,865474.5989304812,1037249.8146775388,1133241.7582417582,1190114.6131805158,1211559.8885793872
118,Housing Prices,Median Rent,924.1610738255032,1449.7549019607843,1328.271028037383,1292.2535211267605,1284.1530054644809,1990.2117647058824,1582.3699421965318,1707.7625570776256,1748.0237154150198,1409.4474761255117,1865.521327014218,827.4553571428571,2010.9126984126983,1971.774193548387,1808.59375,2096.7741935483878
119,Housing Prices,Median Rent as % of Household Income,28.5953125,40.0,35.79423076923077,34.368809523809524,34.17068965517241,36.70602409638554,37.28152709359606,35.14586466165413,37.37903225806451,30.67507331378299,36.56835443037975,31.14664310954064,35.8083850931677,31.273497267759563,28.195833333333333,25.57804054054054
120,Housing Prices,Rent 100 to 149,0.0,0.0,0.0,0.0,0.0,0.0,0.0,0.0,0.0,141.0,0.0,17.0,0.0,0.0,0.0,0.0
121,Housing Prices,Rent 1000 to 1249,176.0,247.0,187.0,185.0,232.0,171.0,176.0,123.0,92.0,541.0,86.0,273.0,123.0,216.0,154.0,175.0
122,Housing Prices,Rent 1250 to 1499,248.0,102.0,107.0,71.0,183.0,208.0,192.0,195.0,155.0,733.0,106.0,337.0,59.0,152.0,136.0,109.0
123,Housing Prices,Rent 150 to 199,0.0,0.0,0.0,0.0,0.0,0.0,0.0,0.0,0.0,47.0,0.0,10.0,0.0,0.0,7.0,6.0
124,Housing Prices,Rent 1500 to 1999,83.0,363.0,335.0,301.0,253.0,340.0,346.0,438.0,506.0,958.0,422.0,200.0,393.0,248.0,320.0,188.0
125,Housing Prices,Rent 200 to 249,35.0,0.0,21.0,21.0,16.0,22.0,22.0,0.0,0.0,111.0,0.0,223.0,0.0,0.0,0.0,0.0
126,Housing Prices,"Rent 2000 to 2499  (Rent 2000 or more, DEC2000 and ACS2009-2014)",19.0,255.0,280.0,326.0,382.0,472.0,321.0,287.0,258.0,827.0,278.0,47.0,252.0,178.0,162.0,186.0
127,Housing Prices,Rent 250 to 299,0.0,12.0,12.0,0.0,0.0,0.0,0.0,0.0,0.0,122.0,0.0,98.0,0.0,0.0,0.0,0.0
128,Housing Prices,Rent 2500 to 2999 (ACS2015-),,90.0,86.0,92.0,105.0,116.0,153.0,195.0,115.0,678.0,111.0,53.0,105.0,129.0,40.0,55.0
129,Housing Prices,Rent 300 to 349,12.0,0.0,0.0,11.0,10.0,0.0,0.0,0.0,19.0,82.0,0.0,93.0,13.0,63.0,0.0,0.0
130,Housing Prices,Rent 3000 to 3499 (ACS2015-),,0.0,0.0,0.0,0.0,0.0,30.0,43.0,96.0,638.0,151.0,184.0,266.0,193.0,195.0,185.0
131,Housing Prices,Rent 350 to 399,14.0,43.0,46.0,56.0,42.0,33.0,32.0,36.0,29.0,54.0,63.0,149.0,20.0,0.0,60.0,53.0
132,Housing Prices,Rent 3500 or more (ACS2015-),,0.0,0.0,0.0,0.0,0.0,9.0,35.0,99.0,498.0,117.0,296.0,201.0,248.0,171.0,319.0
133,Housing Prices,Rent 400 to 449,22.0,0.0,0.0,0.0,0.0,0.0,15.0,15.0,16.0,28.0,0.0,124.0,10.0,10.0,0.0,0.0
134,Housing Prices,Rent 450 to 499,15.0,33.0,27.0,0.0,0.0,5.0,4.0,5.0,5.0,242.0,32.0,124.0,2.0,0.0,0.0,0.0
135,Housing Prices,Rent 500 to 549,29.0,0.0,0.0,0.0,19.0,9.0,12.0,28.0,54.0,351.0,11.0,103.0,52.0,2.0,8.0,8.0
136,Housing Prices,Rent 550 to 599,30.0,6.0,69.0,81.0,41.0,41.0,48.0,46.0,48.0,87.0,74.0,70.0,0.0,35.0,11.0,2.0
137,Housing Prices,Rent 600 to 649,83.0,13.0,13.0,31.0,66.0,46.0,38.0,8.0,0.0,127.0,12.0,173.0,45.0,21.0,54.0,30.0
138,Housing Prices,Rent 650 to 699,83.0,24.0,28.0,26.0,73.0,62.0,65.0,24.0,21.0,170.0,0.0,139.0,0.0,0.0,0.0,37.0
139,Housing Prices,Rent 700 to 749,61.0,11.0,7.0,16.0,8.0,11.0,14.0,15.0,8.0,357.0,0.0,28.0,0.0,0.0,0.0,0.0
140,Housing Prices,Rent 750 to 799,82.0,84.0,77.0,73.0,42.0,25.0,9.0,6.0,0.0,57.0,8.0,133.0,0.0,0.0,45.0,44.0
141,Housing Prices,Rent 800 to 899,137.0,34.0,87.0,88.0,118.0,89.0,63.0,56.0,19.0,337.0,31.0,112.0,12.0,12.0,12.0,11.0
142,Housing Prices,Rent 900 to 999,149.0,38.0,65.0,48.0,69.0,25.0,30.0,54.0,80.0,470.0,39.0,105.0,84.0,17.0,2.0,3.0
143,Housing Prices,Rent Burdened,0.4224397590361445,0.576444769568398,0.5604921394395078,0.5703551912568307,0.5381431105854524,0.5868055555555556,0.5825471698113207,0.5342706502636204,0.5286368843069874,0.4673026233211999,0.5343558282208589,0.4924194567277321,0.569015725101922,0.481619937694704,0.4096306068601583,0.3597640891218873
144,Housing Prices,Rent Less than 100,0.0,12.0,16.0,38.0,32.0,53.0,25.0,23.0,26.0,73.0,0.0,0.0,0.0,0.0,4.0,7.0
145,Housing Prices,Rent Total,1328.0,1367.0,1463.0,1464.0,1691.0,1728.0,1696.0,1707.0,1746.0,7967.0,1630.0,3166.0,1717.0,1605.0,1516.0,1526.0
146,Housing Prices,"Rent Total No cash rent  (No cash rent, DEC2000 and ACS2009-2014)",50.0,90.0,86.0,92.0,105.0,116.0,153.0,195.0,115.0,678.0,111.0,53.0,105.0,129.0,40.0,55.0
147,Housing Prices,Rent Total No cash rent (ACS2015-),50.0,0.0,0.0,0.0,0.0,0.0,92.0,75.0,100.0,238.0,89.0,75.0,80.0,81.0,135.0,108.0
148,Housing Prices,Rent Total With cash rent,1278.0,1277.0,1377.0,1372.0,1586.0,1612.0,1604.0,1632.0,1646.0,7729.0,1541.0,3091.0,1637.0,1524.0,1381.0,1418.0
149,Housing Type,10-19 Units,0.018597356038539,0.0180428783697728,0.0204996796925048,0.0075431034482758,0.0136986301369863,0.0111111111111111,0.0174609695973705,0.0230553327987169,0.0259740259740259,0.0538003102294064,0.02591402169546,0.0767195767195767,0.0183106910809214,0.0139544025157232,0.0189205337582154,0.0184887459807073
150,Housing Type,2-4 Units,0.0878332959892449,0.0698365527488855,0.0956651718983557,0.1077586206896551,0.1232876712328767,0.1378600823045267,0.115036976170912,0.1220930232558139,0.126073926073926,0.1742999428524777,0.114302932904781,0.1300075585789871,0.1141957078164993,0.0974842767295597,0.0790679147580163,0.0864147909967845
151,Housing Type,20 Units or More,0.0064978713869594,0.0324771810655911,0.0226350629938073,0.0109913793103448,0.0126448893572181,0.0086419753086419,0.0076006573541495,0.0044105854049719,0.0097902097902097,0.4480365744142379,0.0218963439132181,0.4178004535147392,0.0381964953731049,0.0371462264150943,0.0320653256323441,0.0311495176848874
152,Housing Type,5-9 Units,0.038539099260587,0.0163447251114413,0.0296818278881059,0.0299568965517241,0.0297154899894625,0.0189300411522633,0.0322514379622021,0.0172413793103448,0.0145854145854145,0.0621275206139276,0.0271193250301325,0.0468631897203325,0.0165386887182516,0.0167059748427672,0.0278828918542123,0.0156752411575562
153,Housing Type,Other Type,0.0,0.0,0.0,0.0017241379310344,0.0012644889357218,0.0014403292181069,0.0135579293344289,0.0136327185244587,0.0061938061938061,0.0027757367948403,0.0094415427882683,0.0,0.0,0.0,0.0,0.0
154,Housing Type,Single Family Housing,0.8485323773246695,0.8632986627043091,0.8315182575272262,0.8420258620689656,0.8193888303477345,0.8220164609053497,0.8140920295809367,0.8195669607056937,0.8173826173826174,0.2589599150951098,0.8013258336681398,0.3286092214663643,0.8127584170112226,0.8347091194968553,0.8420633339972117,0.8482717041800643
155,Income,Household Income 10000 to 14999,197.0,194.0,192.0,129.0,131.0,157.0,182.0,126.0,165.0,1194.0,167.0,396.0,162.0,111.0,108.0,79.0
156,Income,Household Income 100000 to 124999,440.0,472.0,372.0,350.0,319.0,424.0,413.0,512.0,702.0,1094.0,497.0,337.0,598.0,694.0,704.0,505.0
157,Income,Household Income 125000 to 149999,203.0,253.0,313.0,362.0,310.0,396.0,377.0,332.0,392.0,735.0,423.0,236.0,458.0,438.0,339.0,637.0
158,Income,Household Income 15000 to 19999,107.0,139.0,109.0,108.0,129.0,114.0,107.0,125.0,114.0,464.0,166.0,265.0,211.0,166.0,171.0,189.0
159,Income,Household Income 150000 to 199999,148.0,337.0,258.0,245.0,249.0,279.0,276.0,352.0,406.0,947.0,464.0,328.0,587.0,427.0,690.0,772.0
160,Income,Household Income 20000 to 24999,211.0,194.0,188.0,155.0,202.0,160.0,161.0,115.0,116.0,283.0,88.0,287.0,137.0,108.0,62.0,64.0
161,Income,Household Income 25000 to 29999,135.0,152.0,167.0,171.0,204.0,238.0,267.0,255.0,183.0,414.0,120.0,176.0,37.0,68.0,61.0,75.0
162,Income,Household Income 30000 to 34999,281.0,236.0,260.0,161.0,181.0,106.0,113.0,130.0,153.0,185.0,96.0,191.0,143.0,63.0,37.0,50.0
163,Income,Household Income 35000 to 39999,186.0,134.0,121.0,167.0,157.0,165.0,158.0,186.0,200.0,290.0,162.0,169.0,100.0,117.0,111.0,117.0
164,Income,Household Income 40000 to 44999,280.0,167.0,153.0,180.0,202.0,174.0,139.0,141.0,136.0,201.0,147.0,209.0,147.0,118.0,79.0,34.0
165,Income,Household Income 45000 to 49999,271.0,155.0,130.0,119.0,160.0,189.0,191.0,161.0,200.0,378.0,119.0,197.0,78.0,71.0,108.0,73.0
166,Income,Household Income 50000 to 59999,317.0,333.0,329.0,328.0,360.0,324.0,304.0,330.0,235.0,404.0,315.0,297.0,204.0,160.0,171.0,91.0
167,Income,Household Income 60000 to 74999,523.0,355.0,308.0,375.0,402.0,414.0,493.0,513.0,418.0,626.0,439.0,322.0,236.0,245.0,263.0,279.0
168,Income,Household Income 75000 to 99999,692.0,679.0,735.0,715.0,653.0,713.0,723.0,755.0,581.0,999.0,575.0,371.0,497.0,504.0,418.0,384.0
169,Income,Household Income Greater than 200000,39.0,223.0,363.0,410.0,489.0,472.0,532.0,518.0,585.0,1651.0,821.0,527.0,1129.0,1336.0,1284.0,1262.0
170,Income,Household Income Less than 10000,320.0,218.0,245.0,264.0,271.0,270.0,233.0,264.0,261.0,1072.0,254.0,609.0,146.0,219.0,153.0,126.0
171,Income,Households Total for Income,4350.0,4241.0,4243.0,4239.0,4419.0,4595.0,4669.0,4815.0,4847.0,10937.0,4853.0,4917.0,4870.0,4845.0,4759.0,4737.0
172,Income,Median Family Income,61177.13004484305,77079.56600361664,72833.33333333333,73788.81987577639,67359.81308411215,75391.38943248532,76704.54545454546,82092.92763157895,90427.21518987342,92309.39716312056,99245.47283702211,53503.93700787402,120263.9751552795,126346.15384615384,137622.95081967214,144585.12931034484
173,Income,Median Household Income,55899.05362776025,68387.32394366198,71079.54545454546,73500.0,67929.10447761194,74510.86956521739,74589.2494929006,77036.4238410596,85434.59552495697,73981.62939297124,90369.5652173913,48972.081218274114,114088.6287625418,117020.89337175792,122638.49431818182,136872.05651491365
174,Income,Percent in Poverty,0.0925017977381185,0.0806686550599986,0.097186523098298,0.1025922370045261,0.1063757935971903,0.1167538277361224,0.1268841116876699,0.0899302581671357,0.090424895272292,0.1397400185701021,0.0839062116376135,0.1897776759110703,0.0911836888804984,0.0910019144862795,0.0754242209174785,0.0685126260916661
175,Journey to Work,Journey to Work by Bike,,0.0054578532443905,0.0037141583717129,0.0,0.0,0.0053735926305015,0.0071296865396435,0.0061305445366029,0.0051008303677342,0.0328293148072469,0.007346842042896,0.0144859077310659,0.0074996975928389,0.0135069359941591,0.0114293221229637,0.019543528768621
176,Journey to Work,Journey to Work by Car,,0.6776834445118254,0.6857822017530828,0.6927390366642703,0.646907584630767,0.651740020470829,0.6223724646588814,0.612573626637817,0.6086595492289443,0.3894564773191663,0.6113283564403366,0.492678318375059,0.6288859320188702,0.6420053541007544,0.6357067787703626,0.6158261582615826
177,Journey to Work,Journey to Work by Carpooled,,0.1350818677986658,0.1588174119744466,0.1815959741193386,0.1951149835737751,0.2071392016376663,0.1556238475722188,0.1455703810554153,0.1340450771055753,0.0494483040457703,0.1174309752340324,0.0917965674696898,0.1139470182653925,0.161353127281577,0.156988964792433,0.1659149924832581
178,Journey to Work,Journey to Work by Drove Alone,,0.5426015767131595,0.5269647897786361,0.5111430625449317,0.4517926010569918,0.4446008188331627,0.4667486170866625,0.4670032455824017,0.4746144721233689,0.340008173273396,0.493897381206304,0.4008817509053692,0.5149389137534777,0.4806522268191774,0.4787178139779295,0.4499111657783244
179,Journey to Work,Journey to Work by Other Journey Type,,0.0110673135233474,0.0135195364730352,0.0161035226455787,0.017997428938723,0.0184237461617195,0.0178242163491087,0.0188724606322875,0.0180308422301304,0.0241111565181855,0.0180116127503258,0.033538025507794,0.0152413209144792,0.0119250425894378,0.0106410930110352,0.00683340166735
180,Journey to Work,Journey to Work by Transit,,0.23650697392359,0.22968355370673,0.2310567936736161,0.270818454506499,0.2534544524053224,0.2716656422864167,0.2898184877990143,0.297153024911032,0.3408936112246288,0.323498044792037,0.2649976381672178,0.2617636385629612,0.2215867607690435,0.1932475039411455,0.1750717507175071
181,Journey to Work,Journey to Work by Walk,,0.0106124924196482,0.0129252711335611,0.0102084831056793,0.0077131838308813,0.0113868986693961,0.0174554394591272,0.0134631566294025,0.0186239620403321,0.1625800299686691,0.0130347197535253,0.1509998425444811,0.0197169468973025,0.0093696763202725,0.0161586967945349,0.017356840235069
182,Journey to Work,Journey to Work by Worked at Home,,0.0586719223771983,0.0543752785618778,0.0498921639108555,0.0565633480931295,0.0596212896622313,0.0635525507068223,0.0591417237648755,0.0524317912218268,0.0501294101621032,0.0267804242208792,0.0433002676743819,0.0668924640135478,0.1016062302263324,0.1328166053599579,0.1653683203498701
238,Journey to Work,Total Workers 16 Years and Older,,6596.0,6731.0,6955.0,7001.0,7816.0,8135.0,8319.0,8430.0,14682.0,8439.0,6351.0,8267.0,8218.0,7612.0,7317.0
239,Language Spoken at Home,Asian/Pacific Islander,0.4550333723250533,0.5025203854707191,0.471253395990895,0.4710416366517793,0.4876871414579544,0.475148975181717,0.4804522805672671,0.467419025758735,0.4788082772375966,0.3931067156224091,0.4710419746737803,0.5614201183431953,0.4971150729335494,0.5167873601053324,0.5292089383993104,0.5375835189309577
240,Language Spoken at Home,English Only,0.2929195623752838,0.3294292068198666,0.3510536750128497,0.3440426451519954,0.303553938715545,0.2972300438740096,0.2834419317746263,0.2953328232593726,0.331276489653453,0.4451024517351652,0.348589059587324,0.3208678500986193,0.3489141004862237,0.3088215931533903,0.274384987732909,0.2788836302895323
241,Language Spoken at Home,Other European Languages,0.0415605862519782,0.0183098591549295,0.0189441221822453,0.0168563607549344,0.0183293689659997,0.0253421517909763,0.0320045994633959,0.0320071410354501,0.0330964846671653,0.034387461013068,0.021340875490133,0.0092307692307692,0.0181523500810372,0.0171165240289664,0.0145215834493733,0.0216453229398663
242,Language Spoken at Home,Other Languages,0.0220188536434321,0.0126760563380281,0.0117482928261986,0.0208183258896412,0.0208479082132363,0.0183354069805513,0.009646096844257,0.0047819433817903,0.0042383445524806,0.0081329701133088,0.0009641961817831,0.0037080867850098,0.0016207455429497,0.00348913759052,0.0030501956103706,0.0018095768374164
243,Language Spoken at Home,Spanish Only,0.1884676254042523,0.1370644922164566,0.1470005139878111,0.1472410315516496,0.1695816426472645,0.1839434221727457,0.1944550913504535,0.2004590665646518,0.1525804038893044,0.1192704015160488,0.1580638940669795,0.1047731755424063,0.1341977309562398,0.1537853851217906,0.1788342948080366,0.1600779510022271
183,Nativity,Foreign Born,0.5341574495770982,0.4559056746879956,0.4471409804328285,0.4587293988921562,0.4837494112105511,0.5004706029993098,0.5230807056364866,0.5246740587303521,0.4963281389933727,0.4430110849329883,0.4864980711530218,0.5791523482245132,0.4984653930472909,0.4944412680261736,0.4909371384496722,0.4977005275260381
184,Population,Total Population,15370.0,14503.0,14463.0,14623.0,14861.0,15937.0,16269.0,16414.0,16749.0,25891.0,16331.0,13095.0,15965.0,15741.0,15558.0,14786.0
185,Race/Ethnicity,Asian,7868.0,8181.0,7888.0,8097.0,8441.0,8787.0,9229.0,9008.0,9382.0,12541.0,8968.0,8121.0,9340.0,9607.0,9705.0,9629.0
186,Race/Ethnicity,"Asian Alone, Not Hispanic or Latino",7858.0,8134.0,7879.0,8084.0,8441.0,8760.0,9209.0,8991.0,9346.0,12470.0,8905.0,8091.0,9281.0,9566.0,9671.0,9565.0
187,Race/Ethnicity,Black/African American,1197.0,833.0,881.0,876.0,820.0,913.0,737.0,788.0,858.0,1662.0,771.0,1780.0,473.0,471.0,457.0,359.0
188,Race/Ethnicity,"Black/African American Alone, Not Hispanic or Latino",1118.0,765.0,865.0,853.0,808.0,904.0,724.0,746.0,797.0,1606.0,683.0,1666.0,429.0,459.0,398.0,295.0
189,Race/Ethnicity,Latino Population (of Any Race),3232.0,2587.0,2590.0,2646.0,2710.0,3458.0,3893.0,4290.0,3837.0,4218.0,3951.0,1690.0,3579.0,3015.0,3260.0,2651.0
190,Race/Ethnicity,Native American Indian,18.0,8.0,41.0,49.0,41.0,48.0,63.0,65.0,88.0,71.0,117.0,73.0,36.0,32.0,21.0,0.0
191,Race/Ethnicity,"Native American Indian Alone, Not Hispanic or Latino",18.0,8.0,41.0,49.0,41.0,39.0,26.0,8.0,14.0,12.0,14.0,73.0,6.0,0.0,0.0,0.0
192,Race/Ethnicity,Native Hawaiian/Pacific Islander,12.0,20.0,0.0,5.0,3.0,6.0,7.0,29.0,66.0,84.0,45.0,54.0,7.0,7.0,0.0,0.0
193,Race/Ethnicity,"Native Hawaiian/Pacific Islander Alone, Not Hispanic or Latino",12.0,20.0,0.0,5.0,3.0,6.0,7.0,29.0,66.0,84.0,45.0,54.0,7.0,7.0,0.0,0.0
194,Race/Ethnicity,Other/Two or More Races,2555.0,1098.0,1245.0,1437.0,1358.0,2205.0,2693.0,2942.0,3056.0,3789.0,3189.0,1409.0,3215.0,2497.0,2579.0,2318.0
195,Race/Ethnicity,"Population, Not Hispanic or Latino",12138.0,11916.0,11873.0,11977.0,12151.0,12479.0,12376.0,12124.0,12912.0,21673.0,12380.0,11405.0,12386.0,12726.0,12298.0,12135.0
196,Race/Ethnicity,Some Other Race Alone,1737.0,677.0,799.0,1035.0,1145.0,1859.0,2329.0,2446.0,2503.0,2365.0,2670.0,1096.0,2480.0,1757.0,1759.0,1341.0
197,Race/Ethnicity,"Some Other Race Alone, Not Hispanic or Latino",27.0,0.0,29.0,48.0,28.0,36.0,39.0,14.0,0.0,71.0,0.0,18.0,36.0,60.0,80.0,68.0
198,Race/Ethnicity,Two Or More Races,818.0,421.0,446.0,402.0,213.0,346.0,364.0,496.0,553.0,1424.0,519.0,313.0,735.0,740.0,820.0,977.0
199,Race/Ethnicity,"Two Or More Races, Not Hispanic or Latino",455.0,268.0,294.0,317.0,120.0,159.0,190.0,261.0,249.0,1205.0,276.0,231.0,397.0,432.0,514.0,536.0
200,Race/Ethnicity,"White Alone, Not Hispanic or Latino",2650.0,2721.0,2765.0,2621.0,2710.0,2575.0,2181.0,2075.0,2440.0,6225.0,2457.0,1272.0,2230.0,2202.0,1635.0,1671.0
201,Race/Ethnicity,"White, Including Hispanic or Latino",3720.0,4363.0,4408.0,4159.0,4198.0,3978.0,3540.0,3582.0,3299.0,7744.0,3241.0,1658.0,2894.0,3127.0,2796.0,2480.0
202,Sex,Female,0.5074170461938842,0.5065848445149279,0.509092166217244,0.5104971620050606,0.5149720745575668,0.5283303005584489,0.5177945786465056,0.5159619836724747,0.5120902740462118,0.469970259935885,0.4999081501438981,0.4746086292478045,0.4873160037582211,0.4770344959024204,0.4846381282941252,0.4815365886649533
203,Sex,Male,0.4925829538061158,0.493415155485072,0.490907833782756,0.4895028379949395,0.4850279254424332,0.4716696994415511,0.4822054213534943,0.4840380163275253,0.4879097259537883,0.530029740064115,0.5000918498561019,0.5253913707521954,0.5126839962417788,0.5229655040975796,0.5153618717058748,0.5184634113350467
204,Unit Size,1 Bedroom,674.0,538.0,529.0,446.0,490.0,393.0,358.0,423.0,435.0,3386.0,464.0,799.0,453.0,558.0,533.0,524.0
205,Unit Size,2 Bedrooms,1723.0,1568.0,1602.0,1731.0,1832.0,1962.0,1959.0,1905.0,1931.0,3137.0,1705.0,1761.0,1932.0,1804.0,1713.0,1698.0
206,Unit Size,3-4 Bedrooms,1662.0,2369.0,2247.0,2183.0,2115.0,2250.0,2289.0,2475.0,2426.0,2565.0,2445.0,1299.0,2196.0,2098.0,2090.0,2134.0
207,Unit Size,5 or More Bedrooms,165.0,179.0,233.0,225.0,257.0,199.0,187.0,141.0,162.0,156.0,214.0,157.0,247.0,332.0,347.0,375.0
208,Unit Size,No Bedroom,239.0,57.0,72.0,55.0,51.0,56.0,75.0,44.0,51.0,3005.0,150.0,1276.0,251.0,296.0,338.0,245.0
209,Vehicles Available,Households with no Vehicle,0.138729649163036,0.114595614241924,0.1112420457223662,0.1205472988912479,0.1255940257976917,0.1344940152339499,0.1293638894838295,0.142263759086189,0.165050546729936,0.4168419127731553,0.1658767772511848,0.4222086638194021,0.1513347022587269,0.1327141382868937,0.1162008825383484,0.1268735486594891
210,Vehicles Available,Percent of No Vehicle Homeowning Households,0.1135009927200529,0.0612386917188587,0.0442446043165467,0.0594594594594594,0.0538856304985337,0.0701081269619811,0.0918264379414732,0.1087516087516087,0.1164140599806514,0.1464646464646464,0.1085944771951597,0.1027984009137635,0.0967332699016809,0.0851851851851851,0.0656799259944495,0.0809716599190283
211,Vehicles Available,Percent of No Vehicle Renting Households,0.1956684092606422,0.226773957571324,0.238550922761449,0.2363387978142076,0.2412773506800709,0.2413194444444444,0.1951650943396226,0.2032806092560047,0.2514318442153493,0.5176352453872223,0.2791411042944785,0.5988629185091598,0.2516016307513104,0.2286604361370716,0.2242744063324538,0.2234600262123197
212,Vehicles Available,Vehicles Available,7224.0,6990.0,7247.0,7197.0,7091.0,7328.0,7862.0,7781.0,7954.0,10318.0,8266.0,5212.0,8037.0,8300.0,8347.0,7811.0
213,Vehicles Available,Vehicles Homeowners,0.756921373200443,0.7716738197424893,0.7472057403063337,0.7348895373072113,0.7142857142857143,0.7165665938864629,0.6982955990842025,0.7076211283896672,0.711968820719135,0.4757704981585579,0.7541737236873941,0.6270145817344589,0.7683215130023641,0.7804819277108433,0.7947765664310531,0.7774932787095122
214,Vehicles Available,Vehicles Per Capita,0.4700065061808718,0.4819692477418465,0.5010717002005116,0.4921698693838474,0.4771549693829486,0.4598105038589446,0.4832503534329092,0.4740465456317777,0.4748940235237924,0.3985168591402417,0.5061539403588268,0.3980145093547155,0.5034137175070467,0.5272854329458103,0.5365085486566397,0.5282699851210605
215,Vehicles Available,Vehicles Renters,0.243078626799557,0.2283261802575107,0.2527942596936663,0.2651104626927886,0.2857142857142857,0.2834334061135371,0.3017044009157975,0.2923788716103329,0.2880311792808649,0.5242295018414421,0.2458262763126058,0.372985418265541,0.2316784869976359,0.2195180722891566,0.2052234335689469,0.2225067212904877
