,Category,Attribute,2000_Potrero Hill,2010_Potrero Hill,2011_Potrero Hill,2012_Potrero Hill,2013_Potrero Hill,2014_Potrero Hill,2015_Potrero Hill,2016_Potrero Hill,2017_Potrero Hill,2018_Potrero Hill,2019_Potrero Hill,2020_Potrero Hill,2021_Potrero Hill,2022_Potrero Hill,2023_Potrero Hill,2024_Potrero Hill
11,Affordability,# Units at or below 100 AMI Monthly Affordable Rent,2899.0,3019.0,3088.0,3078.0,3041.0,3228.0,2756.0,2712.0,2623.0,2666.0,2921.0,2345.0,2318.0,2173.0,1850.0,1708
2,Affordability,# Units at or below 30 AMI Monthly Affordable Rent,2119.0,2939.0,3048.0,3078.0,3041.0,3228.0,2756.0,2712.0,2623.0,2666.0,2921.0,2345.0,2318.0,2173.0,1850.0,1708
5,Affordability,# Units at or below 50 AMI Monthly Affordable Rent,2899.0,3019.0,3088.0,3078.0,3041.0,3228.0,2756.0,2712.0,2623.0,2666.0,2921.0,2345.0,2318.0,2173.0,1850.0,1708
8,Affordability,# Units at or below 80 AMI Monthly Affordable Rent,2899.0,3019.0,3088.0,3078.0,3041.0,3228.0,2756.0,2712.0,2623.0,2666.0,2921.0,2345.0,2318.0,2173.0,1850.0,1708
9,Affordability,100 AMI Annual Income,70517.44186046511,107139.83050847458,113926.6304347826,129117.14770797965,132951.01088646968,145373.66548042704,147671.10266159696,155055.24861878454,156694.1624365482,160891.08910891088,170657.72669220946,192088.6075949367,198703.25693606757,203002.91340782124,204428.74857142856,206641.5130890052
10,Affordability,100 AMI Monthly Affordable Rent,5876.453488372093,8928.319209039548,9493.885869565216,10759.762308998304,11079.250907205807,12114.47212336892,12305.925221799747,12921.270718232045,13057.846869712352,13407.590759075907,14221.477224350789,16007.383966244726,16558.6047446723,16916.90945065177,17035.729047619046,17220.126090750433
0,Affordability,30 AMI Annual Income,21155.232558139534,32141.949152542373,34177.98913043478,38735.144312393895,39885.3032659409,43612.09964412811,44301.33079847909,46516.57458563536,47008.248730964464,48267.32673267326,51197.318007662834,57626.58227848101,59610.97708082027,60900.87402234637,61328.62457142856,61992.45392670156
1,Affordability,30 AMI Monthly Affordable Rent,1762.9360465116279,2678.4957627118642,2848.1657608695646,3227.9286926994914,3323.7752721617417,3634.3416370106756,3691.777566539924,3876.3812154696134,3917.3540609137053,4022.277227722772,4266.443167305236,4802.215189873417,4967.581423401689,5075.07283519553,5110.718714285714,5166.03782722513
3,Affordability,50 AMI Annual Income,35258.72093023256,53569.91525423729,56963.3152173913,64558.57385398982,66475.50544323484,72686.83274021352,73835.55133079848,77527.62430939227,78347.0812182741,80445.54455445544,85328.86334610473,96044.30379746835,99351.62846803378,101501.45670391062,102214.37428571428,103320.7565445026
4,Affordability,50 AMI Monthly Affordable Rent,2938.2267441860463,4464.159604519774,4746.942934782608,5379.881154499152,5539.625453602904,6057.23606168446,6152.962610899874,6460.635359116022,6528.923434856176,6703.7953795379535,7110.738612175394,8003.691983122363,8279.30237233615,8458.454725325884,8517.864523809523,8610.063045375216
6,Affordability,80 AMI Annual Income,56413.95348837209,85711.86440677967,91141.30434782608,103293.71816638373,106360.80870917575,116298.93238434164,118136.88212927757,124044.19889502763,125355.32994923857,128712.87128712871,136526.18135376758,153670.88607594938,158962.60554885407,162402.330726257,163542.99885714287,165313.21047120416
7,Affordability,80 AMI Monthly Affordable Rent,4701.162790697675,7142.6553672316395,7595.108695652173,8607.809847198643,8863.400725764646,9691.577698695137,9844.740177439797,10337.016574585636,10446.27749576988,10726.072607260727,11377.181779480632,12805.907172995781,13246.88379573784,13533.527560521417,13628.58323809524,13776.100872600347
0,Age,0-4 Years,0.0579219558062999,0.0560717196414017,0.0637175324675324,0.0610097023515869,0.0650400125529577,0.0699129903831476,0.0800234931355994,0.0766325270574562,0.0762363610599404,0.0629882468857766,0.0604841369302816,0.0615695520377231,0.0582543574789581,0.0570592538405267,0.0606609325486645,0.0603884343970523
1,Age,18-34 Years,0.292054536906441,0.2895680521597392,0.2948051948051948,0.2960039467192896,0.3055076102306606,0.2944588612425584,0.282064459290801,0.2756591850076269,0.2879410514382882,0.2951650362446337,0.3171294769474309,0.328528123947457,0.3554244814102989,0.3682915475161268,0.3684278600530298,0.375007806157497
2,Age,35-59 Years,0.4339445228020686,0.4339038304808476,0.4319805194805194,0.4533793783917119,0.4315863800407971,0.446038772706457,0.4423316937082446,0.4492627297159875,0.4239761938500779,0.3997466394538673,0.3834839390541521,0.3803974402155608,0.3641725760487772,0.3559220589213274,0.3476686283386148,0.3400362205707862
3,Age,5-17 Years,0.0998589562764457,0.0951915240423798,0.0869318181818181,0.0729320835388916,0.0746900988545426,0.0712868264387116,0.0817854783055576,0.0910147454056802,0.0915403145812668,0.1033851784080512,0.1117340544818943,0.0987537891545975,0.0835045397309298,0.0748154552104808,0.0787040031041841,0.0889901954661837
4,Age,60 and older,0.1162200282087447,0.1252648736756316,0.122564935064935,0.1166748889985199,0.1231758983210419,0.1183025492291253,0.1137948755597973,0.107430812813249,0.1203060790704265,0.1387148990076712,0.127168392586241,0.1307510946446615,0.1386440453310358,0.1439116845115382,0.1445385759555067,0.1355773434084806
5,Educational Attainment,College Degree or higher,0.6008861214225841,0.6974798489950005,0.7139983909895414,0.729156290467178,0.7488133662426428,0.7557692307692307,0.7321934717015635,0.7431578947368421,0.7349203508143906,0.7352235356857169,0.7412523020257827,0.7684228076025342,0.7948122648306781,0.8086567640951925,0.8252840909090909,0.8433993793268083
7,Educational Attainment,"College Degree or higher by Race, Asian Alone",0.4434889434889434,0.7389261744966443,0.7778485041374921,0.7688442211055276,0.7675574891236793,0.7647058823529411,0.7841140529531568,0.7742273441592457,0.747093023255814,0.7696312364425163,0.7962085308056872,0.826512766701644,0.8572860962566845,0.8650530503978779,0.9117460317460316,0.9188047087232116
8,Educational Attainment,"College Degree or higher by Race, Black or African American Alone",0.2487437185929648,0.1908256880733945,0.1896551724137931,0.4573643410852713,0.4774535809018567,0.454828660436137,0.3647342995169082,0.3431372549019608,0.2805507745266781,0.3011583011583011,0.35625,0.3133802816901408,0.3915547024952015,0.5095541401273885,0.6345029239766082,0.547945205479452
9,Educational Attainment,"College Degree or higher by Race, Hispanic or Latino",0.3593220338983051,0.4523809523809524,0.6217183770883055,0.6160896130346232,0.6515555555555556,0.6816546762589928,0.5013315579227696,0.4470588235294118,0.3889802631578947,0.3626666666666667,0.3873943120676403,0.5066666666666667,0.5980311730926989,0.6438461538461538,0.5841121495327103,0.5769491525423729
11,Educational Attainment,"College Degree or higher by Race, Some Other Race Alone",0.3320610687022901,0.3527272727272727,0.6244897959183674,0.7086956521739131,0.6181102362204725,0.7758620689655172,0.2580645161290322,0.1415730337078651,0.1522198731501057,0.2036659877800407,0.2480739599383667,0.5269922879177378,0.552434456928839,0.54421768707483,0.3929503916449086,0.3623559539052496
12,Educational Attainment,"College Degree or higher by Race, Two or More Races",0.4166666666666667,0.7377049180327869,0.7860262008733624,0.771551724137931,0.8461538461538461,0.6440217391304348,0.615819209039548,0.710261569416499,0.7075306479859895,0.6909090909090909,0.7234600262123198,0.7210526315789474,0.770197486535009,0.7523739956172388,0.7746077032810271,0.7944199706314243
13,Educational Attainment,"College Degree or higher by Race, White Alone",0.6983682215262897,0.757459505541347,0.758007619585156,0.75496779498424,0.7778783958602846,0.7823275862068966,0.7787184162542329,0.8062366737739872,0.8093129361245304,0.8002766251728908,0.8052276559865092,0.8004149377593361,0.8193724420190996,0.837222457926743,0.8530839520274129,0.8857901726427623
14,Educational Attainment,"College Degree or higher by Race, White Alone, Not Hispanic or Latino",0.7264218862491001,0.790376369699857,0.7703034017775053,0.7735212994177137,0.7925299095418734,0.7964827684016451,0.7986307486233071,0.8216192170818505,0.8275309541150765,0.8176453231041605,0.8189603365384616,0.8120058565153734,0.8260931899641577,0.8351550960118168,0.8527488855869242,0.882709501439612
16,Educational Attainment,High School or Less,0.1966231589031253,0.1484542393633302,0.1320394207562349,0.1179400338679151,0.1062274539586102,0.0994505494505494,0.1034104416201883,0.100137299771167,0.1124037945229998,0.1220335970135988,0.1264021429767286,0.1095365121707235,0.0821391401809302,0.0785816962146622,0.0655776515151515,0.0575316304607304
18,Educational Attainment,"High School or Less by Race, Asian Alone",0.3304668304668304,0.1335570469798657,0.098026734563972,0.1099246231155779,0.1025481665630826,0.1034482758620689,0.0682281059063136,0.0822420115243583,0.0968992248062015,0.1331887201735357,0.1294203426904848,0.1014340678558936,0.0678475935828877,0.0736074270557029,0.06,0.047087232115907
19,Educational Attainment,"High School or Less by Race, Black or African American Alone",0.5050251256281407,0.5614678899082569,0.5689655172413793,0.3617571059431524,0.2068965517241379,0.1090342679127725,0.1956521739130435,0.2352941176470588,0.3924268502581756,0.527027027027027,0.515625,0.5440140845070423,0.4433781190019193,0.3099787685774947,0.2222222222222222,0.2534246575342466
20,Educational Attainment,"High School or Less by Race, Hispanic or Latino",0.3525423728813559,0.3657142857142857,0.2147971360381861,0.2291242362525458,0.2115555555555555,0.164568345323741,0.3195739014647137,0.3654901960784313,0.4177631578947368,0.408,0.3873943120676403,0.2685714285714285,0.1361771944216571,0.14,0.1535380507343124,0.1559322033898305
22,Educational Attainment,"High School or Less by Race, Some Other Race Alone",0.4351145038167939,0.3018181818181818,0.1632653061224489,0.1826086956521739,0.2322834645669291,0.0646551724137931,0.6172043010752688,0.7820224719101123,0.7610993657505285,0.6761710794297352,0.6425269645608629,0.377892030848329,0.2378277153558052,0.1666666666666666,0.3211488250652741,0.2688860435339308
23,Educational Attainment,"High School or Less by Race, Two or More Races",0.3571428571428571,0.2349726775956284,0.1703056768558952,0.168103448275862,0.1318681318681318,0.1304347826086956,0.0,0.0,0.0245183887915936,0.0454545454545454,0.0524246395806028,0.0989473684210526,0.0718132854578097,0.1022644265887509,0.0392296718972895,0.0374449339207048
24,Educational Attainment,"High School or Less by Race, White Alone",0.1099390143398714,0.103154305200341,0.0931282630167913,0.0936001096340962,0.0865459249676584,0.0843052738336714,0.0789268038551706,0.060501066098081,0.0609232420826623,0.0596127247579529,0.0517144463181562,0.0655601659751037,0.0525238744884038,0.0534577853203224,0.0376927470017133,0.0321676257931238
25,Educational Attainment,"High School or Less by Race, White Alone, Not Hispanic or Latino",0.0928725701943844,0.0674924567254248,0.0796812749003984,0.0766166104811523,0.0714911000875401,0.0704864558218692,0.0614674802798035,0.0498220640569395,0.0466132556445739,0.0491295367365004,0.048076923076923,0.0632503660322108,0.0524731182795698,0.055834564254062,0.0392273402674591,0.0330353083800575
27,Educational Attainment,Some College/Associate Degree,0.2024907196742905,0.1540659116416692,0.1539621882542236,0.1529036756649068,0.1449591797987469,0.1447802197802198,0.1643960866782481,0.1567048054919908,0.1526758546626096,0.1427428673006844,0.1323455549974887,0.1220406802267422,0.1230485949883916,0.1127615396901453,0.1091382575757575,0.0990689902124612
29,Educational Attainment,"Some College/Associate Degree by Race, Asian Alone",0.226044226044226,0.1275167785234899,0.1241247612985359,0.1212311557788944,0.129894344313238,0.1318458417849898,0.1476578411405295,0.143530644316396,0.1560077519379845,0.0971800433839479,0.0743711265038279,0.0720531654424624,0.0748663101604278,0.0613395225464191,0.0282539682539682,0.0341080591608813
30,Educational Attainment,"Some College/Associate Degree by Race, Black or African American Alone",0.2462311557788944,0.2477064220183486,0.2413793103448276,0.1808785529715762,0.3156498673740053,0.4361370716510903,0.4396135265700483,0.4215686274509804,0.3270223752151463,0.1718146718146718,0.128125,0.1426056338028169,0.165067178502879,0.1804670912951167,0.1432748538011695,0.1986301369863013
31,Educational Attainment,"Some College/Associate Degree by Race, Hispanic or Latino",0.288135593220339,0.1819047619047619,0.1634844868735083,0.1547861507128309,0.1368888888888889,0.1537769784172661,0.1790945406125166,0.1874509803921568,0.1932565789473684,0.2293333333333333,0.2252113758647194,0.2247619047619047,0.2657916324856439,0.2161538461538461,0.2623497997329773,0.2671186440677966
33,Educational Attainment,"Some College/Associate Degree by Race, Some Other Race Alone",0.232824427480916,0.3454545454545454,0.2122448979591836,0.108695652173913,0.1496062992125984,0.1594827586206896,0.1247311827956989,0.0764044943820224,0.0866807610993657,0.120162932790224,0.1093990755007704,0.0951156812339331,0.2097378277153558,0.2891156462585034,0.2859007832898172,0.3687580025608195
34,Educational Attainment,"Some College/Associate Degree by Race, Two or More Races",0.2261904761904762,0.0273224043715847,0.0436681222707423,0.0603448275862069,0.0219780219780219,0.2255434782608695,0.384180790960452,0.289738430583501,0.2679509632224168,0.2636363636363636,0.2241153342070773,0.18,0.1579892280071813,0.1453615777940102,0.1861626248216833,0.1681350954478707
35,Educational Attainment,"Some College/Associate Degree by Race, White Alone",0.1916927641338388,0.139386189258312,0.1488641173980527,0.1514320953816637,0.1355756791720569,0.133367139959432,0.1423547798905965,0.1332622601279317,0.1297638217928073,0.1401106500691563,0.1430578976953344,0.1340248962655601,0.1281036834924966,0.1093197567529345,0.1092233009708737,0.0820422015641139
36,Educational Attainment,"Some College/Associate Degree by Race, White Alone, Not Hispanic or Latino",0.1807055435565154,0.1421311735747181,0.1500153233220962,0.1498620901011339,0.1359789903705865,0.1330307757764856,0.1399017710968894,0.1285587188612099,0.1258557902403496,0.133225140159339,0.1329627403846154,0.1247437774524158,0.1214336917562724,0.1090103397341211,0.1080237741456166,0.0842551901803303
38,Employment,Employed Residents,6591.0,7879.0,8162.0,8148.0,8453.0,8976.0,8950.0,8799.0,8998.0,9098.0,9827.0,9661.0,10250.0,10437.0,10785.0,10864.0
40,Employment,Managerial Professional,0.6229707176452739,0.661505267165884,0.6956628277382995,0.7297496318114874,0.7525139003903939,0.7600267379679144,0.7763128491620112,0.7808841913853847,0.765614581018004,0.7542316992745658,0.7502798412536889,0.7773522409688438,0.7974634146341464,0.8250455111622114,0.8369031061659713,0.8390095729013255
42,Employment,Natural Resources,0.0280685783644363,0.0284300038075897,0.0278118108306787,0.0176730486008836,0.0170353720572577,0.007464349376114,0.0041340782122905,0.0023866348448687,0.0067792842853967,0.0092327984172345,0.012211254706421,0.0183210847738329,0.0183414634146341,0.0135096292037941,0.0124246638850254,0.0048784977908689
44,Employment,Production Transport Materials,0.0453648915187376,0.03058763802513,0.0159274687576574,0.0144820814923907,0.0143144445758902,0.025735294117647,0.0256983240223463,0.0251164905102852,0.0225605690153367,0.0341833369971422,0.0157728706624605,0.0137666908187558,0.0222439024390243,0.0242406821883683,0.0270746407046824,0.0219072164948453
46,Employment,Sales and Office,0.2074040358064026,0.1971062317552989,0.1780200931144327,0.1629847815414825,0.1617177333491068,0.1554144385026738,0.1366480446927374,0.1369473803841345,0.1309179817737275,0.1240932072983073,0.1298463417116108,0.1161370458544664,0.0964878048780487,0.0900641946919613,0.0869726471951784,0.0907584683357879
48,Employment,Services,0.0961917766651494,0.0823708592460972,0.0825777995589316,0.0751104565537555,0.0544185496273512,0.0513591800356506,0.0572067039106145,0.0546653028753267,0.074127583907535,0.07825895801275,0.0918896916658186,0.074422937584101,0.0654634146341463,0.0471399827536648,0.0366249420491423,0.0434462444771723
52,Employment,"Unemployment Rate by Race, Asian Alone",0.0187713310580204,0.0345727332028701,0.0427872860635696,0.0617876424715057,0.0464414957780458,0.0378457059679767,0.0460107684777288,0.0415,0.033982782057091,0.0292937399678972,0.0154586052902782,0.0211710221634138,0.0353758686039166,0.0432794879609875,0.038483630097645,0.0405089587120228
53,Employment,"Unemployment Rate by Race, Black or African American Alone",0.2051696284329563,0.0808926080892608,0.0612244897959183,0.1437908496732026,0.2836438923395445,0.3813333333333333,0.4373757455268389,0.3703703703703703,0.2583454281567489,0.0574506283662477,0.0594202898550724,0.0457516339869281,0.0,0.0,0.0448179271708683,0.0307692307692307
54,Employment,"Unemployment Rate by Race, Hispanic or Latino",0.0676056338028169,0.0125523012552301,0.0339539978094194,0.0304182509505703,0.0169218372280419,0.0224625623960066,0.0320182961692395,0.0329457364341085,0.0340831629175187,0.0297619047619047,0.0251126851255634,0.0304826418289585,0.0317700453857791,0.0355555555555555,0.032484076433121,0.0415866922584772
56,Employment,"Unemployment Rate by Race, Some Other Race Alone",0.0523809523809523,0.0,0.0,0.0,0.0,0.0,0.0462328767123287,0.0464716006884681,0.0445859872611464,0.0396946564885496,0.0348837209302325,0.0,0.0,0.0161030595813204,0.0164556962025316,0.0340218712029161
57,Employment,"Unemployment Rate by Race, Two or More Races",0.0895522388059701,0.0921658986175115,0.1083916083916083,0.1103202846975089,0.094017094017094,0.05,0.0554272517321016,0.0291595197255574,0.0241134751773049,0.018018018018018,0.0,0.0410830999066293,0.0710862619808306,0.0555555555555555,0.0643662906436629,0.0697359512525389
58,Employment,"Unemployment Rate by Race, White Alone",0.0390281232064281,0.054188516875084,0.0432469304229195,0.0488255476378991,0.0431402056684223,0.0378797195916861,0.0248806232721789,0.0237608584568216,0.0217054263565891,0.0275522427791827,0.018816840395289,0.0166108506363027,0.0266311584553928,0.0186335403726708,0.0092997811816192,0.0136159460976979
59,Employment,"Unemployment Rate by Race, White Alone, Not Hispanic or Latino",0.0383897074081759,0.0584073460785789,0.0422514403900132,0.050044418122594,0.0471495927989712,0.0401110340041637,0.0259059816620579,0.0245274852113692,0.0216591166477916,0.0275163957798688,0.0188569770815201,0.0160762555128752,0.028030833917309,0.0194412442396313,0.0096755833807626,0.0139870223503965
61,Households,Average Family Household Size,2.8978313253012047,3.100752508361204,2.957979797979798,2.98400345871163,2.970273483947681,2.880521361332368,2.9753001715265865,2.88885340146918,2.832820197044335,2.809363525091799,2.8279316440777844,2.732670283303195,2.736291600633914,2.694555112881806,2.7021822849807444,2.816397594175372
62,Households,Average Household Size,2.0382018136214546,2.18989826878458,2.153589608565912,2.1331454737583657,2.175835475578406,2.204967894558973,2.2690635451505017,2.260418382474057,2.244540092459748,2.246594868546088,2.2415273050170192,2.150268077090277,2.069987649238369,2.014318519519114,1.986546499477534,2.0451502821892635
63,Households,Family Households,0.4003472892147405,0.4269141531322505,0.4344391785150079,0.4073617470940472,0.4323907455012853,0.4667117269347752,0.4874581939799331,0.515730522154505,0.517774589510601,0.5175799809946151,0.5022939174189729,0.4807998840747717,0.4329628104844243,0.4068620829393489,0.4070010449320794,0.4146213413833836
64,Households,Households,5183.0,5603.0,5697.0,5678.0,5835.0,5918.0,5980.0,6071.0,6273.0,6314.0,6757.0,6901.0,7287.0,7403.0,7656.0,7619.0
65,Households,"Households with 60 years and older, % of Total (DEC, 65 years and older)",0.1638047462859347,0.2205961092271997,0.2009829734948218,0.1873899260302923,0.1993144815766923,0.1867184859749915,0.1807692307692307,0.1802009553615549,0.1944842977841543,0.2231548938866012,0.2122243599230427,0.1964932618461092,0.2080417181281734,0.2088342563825476,0.2161703239289446,0.2140700879380496
66,Households,"Households with Children, % of Total",0.1935172679915107,0.1832946635730858,0.196419167983149,0.1805213103205354,0.194515852613539,0.2124028387968908,0.2526755852842809,0.2767254159117114,0.2566555077315479,0.2483370288248337,0.247003107888116,0.2221417185915084,0.186496500617538,0.1758746454140213,0.178030303030303,0.1884761779761123
67,Households,Non-Family Households,0.5996527107852595,0.5730858468677494,0.5655608214849921,0.5926382529059528,0.5676092544987147,0.5332882730652247,0.5125418060200669,0.4842694778454949,0.482225410489399,0.4824200190053848,0.4977060825810271,0.5192001159252282,0.5670371895155757,0.5931379170606511,0.5929989550679206,0.5853786586166163
68,Households,"Single Person Households, % of Total",0.3681265676249276,0.3824736748170623,0.3661576268211339,0.3767171539274392,0.352185089974293,0.3093950659006421,0.2971571906354515,0.2897380991599407,0.2800892714809501,0.2801710484637313,0.2844457599526417,0.3173453122735835,0.3536434746809386,0.3595839524517087,0.3612852664576803,0.3594959968499803
69,Housing,Median Year Moved In Owner,1991.8152173913045,2000.902896081772,2002.8009554140128,2002.3434410019777,2002.354862119013,2009.5099394987035,2003.678606001936,2004.9129593810444,2010.165437302424,2006.229022704837,2002.8286937901496,2007.613981762918,2001.6472819216183,2008.862467866324,2010.9857142857145,2011.487341772152
70,Housing,Median Year Moved In Renter,1996.5485714285717,2005.061306223044,2006.238798370672,2004.8408845738943,2006.7253750815396,2010.8455827765404,2010.6305770374777,2011.1157407407409,2014.7981927710844,2012.7631578947369,2011.518610421836,2015.595191682911,2018.3602335164835,2018.049872122762,2019.0046296296296,2018.6574212893556
71,Housing,Median Year Structure Built,1939.0,1946.629834254144,1942.3951890034364,1949.52772073922,1948.4661835748796,1950.396501457726,1940.6962025316457,1944.6192052980127,1955.3333333333333,1959.265306122449,1970.027624309392,1977.6984126984128,1972.86703601108,1975.66757493188,1981.3529411764705,1986.0463378176385
72,Housing,"Overcrowding, Renter Occupied Housing",0.067480501865039,0.0144404332129963,0.0157202438241899,0.0300992635286583,0.0276872964169381,0.0328376703841387,0.0431945307644499,0.0478163850812878,0.0672085026570803,0.0904353157572041,0.075880758807588,0.0821545157780195,0.0824053452115812,0.085343228200371,0.0719140539355404,0.0696506051609956
73,Housing,Owner Occupied,0.4270448805129201,0.4561841870426557,0.4528699315429173,0.4499823881648467,0.4738646101113967,0.4545454545454545,0.4618729096989966,0.4832811727886674,0.4900366650725331,0.483370288248337,0.453899659612254,0.4673235762932908,0.445450802799506,0.4175334323922734,0.4042580982236154,0.4252526578291114
75,Housing,"Owner Occupied by Race, Asian Alone",0.6345609065155807,0.4539877300613497,0.4683544303797468,0.4842249657064472,0.5253077975376197,0.540268456375839,0.5418768920282543,0.5684729064039409,0.5951957295373665,0.5814516129032258,0.5465360391882436,0.496783416726233,0.4544836956521739,0.4074778200253485,0.4319136172765447,0.43359375
76,Housing,"Owner Occupied by Race, Black or African American Alone",0.0983606557377049,0.2118451025056947,0.2055674518201284,0.3308550185873606,0.2773972602739726,0.1991150442477876,0.1098484848484848,0.1423357664233576,0.1428571428571428,0.1694915254237288,0.1548223350253807,0.0969529085872576,0.0691823899371069,0.0301724137931034,0.0580645161290322,0.1153846153846153
77,Housing,"Owner Occupied by Race, Hispanic or Latino",0.4457013574660634,0.6035714285714285,0.4634615384615385,0.464,0.4744027303754266,0.4036697247706422,0.3942028985507246,0.3851351351351351,0.3051948051948052,0.2201986754966887,0.1695652173913043,0.1739961759082218,0.2326007326007326,0.2716468590831918,0.2898172323759791,0.3551980198019802
79,Housing,"Owner Occupied by Race, Some Other Race Alone",0.1940298507462686,0.3333333333333333,0.3176470588235294,0.2574850299401197,0.2393617021276596,0.2252747252747252,0.1551724137931034,0.0822510822510822,0.0,0.0089285714285714,0.0101010101010101,0.0307692307692307,0.0247349823321554,0.0466666666666666,0.0495283018867924,0.1147540983606557
80,Housing,"Owner Occupied by Race, Two or More Races",0.5454545454545454,0.2222222222222222,0.2844827586206896,0.2698412698412698,0.3100775193798449,0.3443708609271523,0.5163934426229508,0.3466666666666667,0.3512396694214876,0.3832752613240418,0.4314720812182741,0.3757455268389662,0.5442404006677797,0.4796195652173913,0.5020188425302826,0.4766839378238341
81,Housing,"Owner Occupied by Race, White Alone",0.4697881245095475,0.4986801055915527,0.496085409252669,0.4772566580249823,0.5031948881789138,0.4697557635243095,0.4861466821885913,0.5159117305458769,0.5313523631258774,0.5216554379210779,0.4949324324324324,0.5176682421787081,0.4814734561213434,0.4558241758241758,0.4231759656652361,0.4582295675798053
82,Housing,"Owner Occupied by Race, White Alone, Not Hispanic or Latino",0.4693877551020408,0.4865727200212709,0.5019394879751745,0.4727178691492112,0.4984810126582278,0.4730404393409885,0.4763729246487867,0.5074476142388286,0.5273681579605098,0.521982210927573,0.4991105463786531,0.5276334435521965,0.4890232974910394,0.4612059158134243,0.4314810715076378,0.4572284989624164
83,Housing,Post 1979 All and Pre 1979 Single Family Renter Occupied by Year Structure Built by Units in Structure,783.0,2010.0,2006.0,1863.0,1715.0,1825.0,1432.0,1352.0,1511.0,1592.0,1944.0,2165.0,2426.0,2660.0,2953.0,2912.0
84,Housing,Pre 1980 MultiFamily Renter Occupied by Year Structure Built by Units in Structure,2152.0,818.0,781.0,879.0,978.0,977.0,1782.0,1781.0,1688.0,1670.0,1746.0,1511.0,1615.0,1652.0,1608.0,1467.0
85,Housing,Renter Occupied,0.5729551194870799,0.5438158129573443,0.5471300684570827,0.5500176118351532,0.5261353898886033,0.5454545454545454,0.5381270903010034,0.5167188272113326,0.5099633349274669,0.516629711751663,0.546100340387746,0.5326764237067092,0.554549197200494,0.5824665676077266,0.5957419017763845,0.5747473421708885
87,Housing,"Renter Occupied by Race, Asian Alone",0.3654390934844193,0.5460122699386503,0.5316455696202531,0.5157750342935528,0.4746922024623803,0.4597315436241611,0.4581231079717457,0.4315270935960591,0.4048042704626334,0.4185483870967741,0.4534639608117565,0.503216583273767,0.545516304347826,0.5925221799746515,0.5680863827234554,0.56640625
88,Housing,"Renter Occupied by Race, Black or African American Alone",0.9016393442622952,0.7881548974943052,0.7944325481798715,0.6691449814126395,0.7226027397260274,0.8008849557522124,0.8901515151515151,0.8576642335766423,0.8571428571428571,0.8305084745762712,0.8451776649746193,0.9030470914127424,0.9308176100628932,0.9698275862068966,0.9419354838709676,0.8846153846153846
89,Housing,"Renter Occupied by Race, Hispanic or Latino",0.5542986425339367,0.3964285714285714,0.5365384615384615,0.536,0.5255972696245734,0.5963302752293578,0.6057971014492753,0.6148648648648649,0.6948051948051948,0.7798013245033113,0.8304347826086956,0.8260038240917782,0.7673992673992674,0.7283531409168081,0.7101827676240209,0.6448019801980198
91,Housing,"Renter Occupied by Race, Some Other Race Alone",0.8059701492537313,0.6666666666666666,0.6823529411764706,0.7425149700598802,0.7606382978723404,0.7747252747252747,0.8448275862068966,0.9177489177489178,1.0,0.9910714285714286,0.98989898989899,0.9692307692307692,0.9752650176678446,0.9533333333333334,0.9504716981132076,0.8852459016393442
92,Housing,"Renter Occupied by Race, Two or More Races",0.4545454545454545,0.7777777777777778,0.7155172413793104,0.7301587301587301,0.689922480620155,0.6556291390728477,0.4836065573770491,0.6533333333333333,0.6487603305785123,0.6167247386759582,0.5685279187817259,0.6242544731610338,0.4557595993322204,0.5203804347826086,0.4979811574697174,0.5233160621761658
93,Housing,"Renter Occupied by Race, White Alone",0.5302118754904526,0.5013198944084474,0.5039145907473309,0.5227433419750177,0.4968051118210863,0.5302442364756905,0.5138533178114086,0.4840882694541231,0.4686476368741226,0.478344562078922,0.5050675675675675,0.4823317578212919,0.5185265438786566,0.5441758241758242,0.5768240343347639,0.5417704324201947
94,Housing,"Renter Occupied by Race, White Alone, Not Hispanic or Latino",0.5306122448979592,0.5134272799787291,0.4980605120248254,0.5272821308507887,0.5015189873417721,0.5269595606590115,0.5236270753512133,0.4925523857611714,0.4726318420394901,0.4780177890724269,0.5008894536213468,0.4723665564478035,0.5109767025089605,0.5387940841865757,0.5685189284923622,0.5427715010375835
95,Housing,Total Number of Units,5369.0,6022.0,6139.0,6194.0,6365.0,6377.0,6441.0,6509.0,6718.0,6914.0,7310.0,7531.0,8043.0,8416.0,8566.0,8683.0
96,Housing,Vacant Units,0.0413484820264481,0.0695782132181999,0.0719986968561655,0.0833064255731352,0.0832678711704634,0.0719774188489885,0.071572737152616,0.0672914426179136,0.0662399523667758,0.0867804454729534,0.0756497948016415,0.083654229186031,0.0939947780678851,0.120365969581749,0.1062339481671725,0.1225382932166301
97,Housing Prices,Contract Rent 100 to 149,119.0,115.0,113.0,64.0,85.0,103.0,226.0,192.0,152.0,96.0,41.0,0.0,0.0,0.0,0.0,0.0
98,Housing Prices,Contract Rent 1000 to 1249,372.0,69.0,97.0,145.0,172.0,161.0,196.0,172.0,124.0,134.0,137.0,96.0,162.0,87.0,44.0,56.0
99,Housing Prices,Contract Rent 1250 to 1499,321.0,395.0,282.0,266.0,202.0,137.0,253.0,255.0,234.0,332.0,397.0,195.0,114.0,83.0,81.0,77.0
100,Housing Prices,Contract Rent 150 to 199,174.0,22.0,45.0,17.0,0.0,0.0,0.0,0.0,0.0,0.0,0.0,0.0,0.0,0.0,0.0,0.0
101,Housing Prices,Contract Rent 1500 to 1999,276.0,601.0,576.0,594.0,546.0,593.0,590.0,484.0,439.0,444.0,354.0,242.0,252.0,233.0,200.0,292.0
102,Housing Prices,Contract Rent 200 to 249,60.0,61.0,76.0,79.0,37.0,18.0,0.0,0.0,0.0,0.0,0.0,0.0,0.0,0.0,0.0,0.0
103,Housing Prices,"Contract Rent 2000 to 2499 (Contract Rent 2000 or more, DEC2000 and ACS2009-2014)",411.0,1119.0,1354.0,1473.0,1576.0,1841.0,523.0,516.0,379.0,404.0,342.0,313.0,452.0,407.0,381.0,253.0
104,Housing Prices,Contract Rent 250 to 299,38.0,56.0,0.0,0.0,0.0,0.0,21.0,84.0,81.0,90.0,76.0,38.0,19.0,5.0,8.0,6.0
106,Housing Prices,Contract Rent 300 to 349,72.0,15.0,17.0,32.0,37.0,57.0,67.0,58.0,97.0,156.0,259.0,257.0,203.0,126.0,55.0,60.0
108,Housing Prices,Contract Rent 350 to 399,46.0,10.0,17.0,35.0,21.0,26.0,17.0,46.0,32.0,37.0,2.0,3.0,0.0,67.0,61.0,0.0
110,Housing Prices,Contract Rent 400 to 449,87.0,43.0,41.0,38.0,14.0,0.0,0.0,62.0,64.0,79.0,87.0,69.0,33.0,0.0,0.0,0.0
111,Housing Prices,Contract Rent 500 to 549,112.0,23.0,16.0,23.0,0.0,0.0,0.0,8.0,60.0,38.0,50.0,57.0,0.0,0.0,0.0,0.0
112,Housing Prices,Contract Rent 550 to 599,112.0,59.0,33.0,36.0,49.0,46.0,0.0,14.0,36.0,51.0,56.0,50.0,0.0,0.0,0.0,0.0
113,Housing Prices,Contract Rent 600 to 649,94.0,39.0,40.0,0.0,7.0,5.0,3.0,4.0,0.0,0.0,45.0,0.0,38.0,0.0,0.0,0.0
114,Housing Prices,Contract Rent 650 to 699,104.0,110.0,97.0,53.0,34.0,21.0,19.0,5.0,0.0,0.0,0.0,55.0,27.0,23.0,0.0,0.0
115,Housing Prices,Contract Rent 700 to 749,75.0,34.0,24.0,0.0,23.0,17.0,0.0,0.0,18.0,0.0,31.0,26.0,0.0,38.0,8.0,9.0
116,Housing Prices,Contract Rent 750 to 749,103.0,20.0,34.0,41.0,20.0,14.0,44.0,24.0,39.0,51.0,44.0,33.0,25.0,0.0,43.0,7.0
117,Housing Prices,Contract Rent 750 to 799,63.0,0.0,4.0,4.0,5.0,15.0,16.0,11.0,0.0,8.0,21.0,0.0,33.0,27.0,25.0,0.0
118,Housing Prices,Contract Rent 800 to 899,130.0,107.0,151.0,53.0,85.0,104.0,95.0,73.0,62.0,14.0,8.0,7.0,0.0,18.0,73.0,104.0
119,Housing Prices,Contract Rent 900 to 999,130.0,41.0,29.0,65.0,48.0,9.0,18.0,42.0,18.0,29.0,22.0,32.0,15.0,7.0,0.0,0.0
120,Housing Prices,Contract Rent Less than 100,35.0,28.0,31.0,65.0,46.0,0.0,0.0,0.0,0.0,0.0,0.0,0.0,0.0,0.0,0.0,0.0
121,Housing Prices,Contract Rent Total,2949.0,3047.0,3117.0,3123.0,3070.0,3228.0,3218.0,3137.0,3199.0,3262.0,3690.0,3676.0,4041.0,4312.0,4561.0,4379.0
122,Housing Prices,Contract Rent Total No cash Rent (ACS2015-),15.0,0.0,0.0,0.0,0.0,0.0,30.0,29.0,24.0,28.0,47.0,53.0,88.0,131.0,147.0,123.0
123,Housing Prices,"Contract Rent Total No cash Rent (No cash rent, DEC2000 and ACS2009-2014)",15.0,80.0,40.0,40.0,63.0,61.0,389.0,374.0,336.0,454.0,342.0,366.0,325.0,434.0,493.0,425.0
124,Housing Prices,Contract Rent Total With cash Rent,2934.0,2967.0,3077.0,3083.0,3007.0,3167.0,3188.0,3108.0,3175.0,3234.0,3643.0,3623.0,3953.0,4181.0,4414.0,4256.0
125,Housing Prices,Extremely Rent Burdened,0.1254662597490674,0.1444043321299639,0.1411613731151748,0.1370477105347422,0.1361563517915309,0.1294919454770756,0.1364201367308887,0.1166719795983423,0.1256642700844013,0.1100551808706315,0.1078590785907859,0.1202393906420021,0.1432813659985152,0.1449443413729128,0.131550098662574,0.1607672984699703
135,Housing Prices,Home Value 10000 to 14999 ,0.0,0.0,0.0,0.0,0.0,0.0,0.0,0.0,0.0,0.0,0.0,0.0,0.0,0.0,0.0,0.0
136,Housing Prices,Home Value 100000 to 124999,22.0,0.0,0.0,0.0,0.0,0.0,0.0,0.0,12.0,14.0,22.0,21.0,14.0,0.0,0.0,0.0
137,Housing Prices,"Home Value 1000000 to 1499999 (1000000 or more, DEC2000 and ACS2009-2014)",105.0,768.0,710.0,667.0,631.0,821.0,593.0,807.0,899.0,1076.0,1125.0,1082.0,1055.0,1218.0,1090.0,1058.0
138,Housing Prices,Home Value 125000 to 149999,10.0,0.0,0.0,0.0,0.0,0.0,0.0,0.0,0.0,0.0,0.0,0.0,0.0,0.0,0.0,0.0
139,Housing Prices,Home Value 15000 to 19999 ,0.0,0.0,0.0,0.0,0.0,0.0,0.0,0.0,0.0,0.0,0.0,0.0,0.0,0.0,0.0,0.0
140,Housing Prices,Home Value 150000 to 174999,9.0,16.0,19.0,9.0,12.0,0.0,0.0,13.0,15.0,16.0,21.0,24.0,22.0,0.0,0.0,0.0
142,Housing Prices,Home Value 175000 to 199999,54.0,0.0,0.0,0.0,0.0,0.0,0.0,0.0,0.0,0.0,0.0,0.0,0.0,21.0,24.0,0.0
143,Housing Prices,Home Value 20000 to 24999 ,0.0,0.0,0.0,0.0,0.0,0.0,0.0,0.0,0.0,0.0,0.0,0.0,0.0,0.0,0.0,0.0
144,Housing Prices,Home Value 200000 to 249999,119.0,0.0,9.0,9.0,12.0,12.0,11.0,0.0,7.0,19.0,20.0,28.0,23.0,22.0,21.0,0.0
146,Housing Prices,Home Value 25000 to 29999 ,0.0,0.0,0.0,0.0,0.0,0.0,0.0,0.0,0.0,0.0,0.0,0.0,0.0,0.0,0.0,0.0
147,Housing Prices,Home Value 250000 to 299999,140.0,14.0,16.0,15.0,14.0,34.0,25.0,25.0,40.0,31.0,19.0,20.0,13.0,24.0,5.0,31.0
148,Housing Prices,Home Value 30000 to 34999 ,0.0,0.0,0.0,0.0,0.0,0.0,0.0,0.0,0.0,0.0,0.0,0.0,0.0,0.0,0.0,0.0
149,Housing Prices,Home Value 300000 to 399999,330.0,72.0,76.0,68.0,48.0,17.0,16.0,14.0,0.0,0.0,17.0,9.0,51.0,47.0,57.0,42.0
150,Housing Prices,Home Value 35000 to 39999 ,0.0,0.0,0.0,0.0,0.0,0.0,0.0,0.0,0.0,0.0,0.0,0.0,0.0,0.0,0.0,0.0
151,Housing Prices,Home Value 40000 to 49999 ,11.0,0.0,0.0,0.0,0.0,0.0,0.0,0.0,0.0,0.0,0.0,0.0,0.0,0.0,0.0,0.0
152,Housing Prices,Home Value 400000 to 499999,449.0,97.0,88.0,156.0,151.0,129.0,168.0,155.0,48.0,39.0,19.0,7.0,20.0,15.0,8.0,22.0
153,Housing Prices,Home Value 50000 to 59999 ,0.0,0.0,0.0,0.0,0.0,0.0,0.0,15.0,19.0,24.0,17.0,37.0,0.0,0.0,0.0,0.0
154,Housing Prices,Home Value 500000 to 749999,607.0,836.0,918.0,913.0,1028.0,833.0,652.0,513.0,394.0,286.0,222.0,132.0,132.0,71.0,125.0,187.0
155,Housing Prices,Home Value 60000 to 69999 ,0.0,0.0,0.0,0.0,0.0,0.0,0.0,0.0,0.0,0.0,0.0,0.0,0.0,0.0,0.0,0.0
156,Housing Prices,Home Value 70000 to 79999 ,23.0,19.0,16.0,17.0,0.0,0.0,0.0,0.0,0.0,0.0,0.0,0.0,0.0,0.0,0.0,0.0
157,Housing Prices,Home Value 750000 to 999999,312.0,734.0,728.0,701.0,836.0,808.0,722.0,682.0,750.0,593.0,604.0,710.0,740.0,335.0,220.0,258.0
158,Housing Prices,Home Value 80000 to 89999 ,0.0,0.0,0.0,0.0,0.0,0.0,0.0,0.0,0.0,0.0,0.0,0.0,0.0,0.0,0.0,0.0
159,Housing Prices,Home Value 90000 to 99999 ,7.0,0.0,0.0,0.0,0.0,0.0,0.0,0.0,0.0,0.0,0.0,0.0,0.0,0.0,0.0,0.0
160,Housing Prices,Home Value Less than 10000,0.0,0.0,0.0,0.0,33.0,36.0,44.0,46.0,59.0,22.0,22.0,7.0,6.0,0.0,0.0,0.0
161,Housing Prices,Home Value Total,2198.0,2556.0,2580.0,2555.0,2765.0,2690.0,2762.0,2934.0,3074.0,3052.0,3067.0,3225.0,3246.0,3091.0,3095.0,3240.0
162,Housing Prices,Housing Units with a Mortgage,946.0,2148.0,2191.0,2169.0,2321.0,2233.0,2275.0,2455.0,2529.0,2444.0,2481.0,2485.0,2552.0,2391.0,2299.0,2460.0
163,Housing Prices,Housing Units with a Mortgage 0 to 30%,617.0,1175.0,1179.0,1213.0,1248.0,1344.0,1407.0,1663.0,1737.0,1680.0,1752.0,1781.0,1724.0,1606.0,1597.0,1807.0
164,Housing Prices,Housing Units with a Mortgage 30-50%,219.0,591.0,665.0,602.0,690.0,562.0,605.0,494.0,519.0,461.0,428.0,407.0,494.0,461.0,351.0,289.0
165,Housing Prices,Housing Units with a Mortgage 50%+,110.0,382.0,347.0,354.0,383.0,314.0,239.0,274.0,253.0,285.0,301.0,297.0,334.0,324.0,351.0,364.0
166,Housing Prices,"Housing Units with a Mortgage 50%+ by Race, American Indian and Alaska Native Alone",0.0,0.0,0.0,0.0,0.0,0.0,0.0,0.0,0.0,0.0,0.0,0.0,0.0,0.0,0.0,0.0
167,Housing Prices,"Housing Units with a Mortgage 50%+ by Race, Asian Alone",14.0,0.0,0.0,0.0,0.0,0.0,0.0,0.0,0.0,0.0,0.0,0.0,0.0,0.0,0.0,0.0
168,Housing Prices,"Housing Units with a Mortgage 50%+ by Race, Black or African American Alone",0.0,0.0,0.0,0.0,0.0,0.0,0.0,0.0,0.0,0.0,0.0,0.0,0.0,0.0,0.0,0.0
169,Housing Prices,"Housing Units with a Mortgage 50%+ by Race, Hispanic or Latino",9.0,0.0,0.0,0.0,0.0,0.0,0.0,0.0,0.0,0.0,0.0,0.0,0.0,0.0,93.0,114.0
170,Housing Prices,"Housing Units with a Mortgage 50%+ by Race, Native Hawaiian and Other Pacific Islander Alone",0.0,0.0,0.0,0.0,0.0,0.0,0.0,0.0,0.0,0.0,0.0,0.0,0.0,0.0,0.0,0.0
171,Housing Prices,"Housing Units with a Mortgage 50%+ by Race, Some Other Race Alone",0.0,0.0,0.0,0.0,0.0,0.0,0.0,0.0,0.0,0.0,0.0,0.0,0.0,0.0,0.0,8.0
172,Housing Prices,"Housing Units with a Mortgage 50%+ by Race, Two or More Races",0.0,0.0,0.0,0.0,0.0,0.0,0.0,0.0,0.0,0.0,0.0,0.0,0.0,0.0,109.0,120.0
173,Housing Prices,"Housing Units with a Mortgage 50%+ by Race, White Alone",96.0,0.0,0.0,0.0,0.0,0.0,0.0,0.0,0.0,0.0,0.0,0.0,0.0,0.0,235.0,225.0
174,Housing Prices,"Housing Units with a Mortgage 50%+ by Race, White Alone, Not Hispanic or Latino",96.0,0.0,0.0,0.0,0.0,0.0,0.0,0.0,0.0,0.0,0.0,0.0,0.0,0.0,235.0,225.0
175,Housing Prices,Housing Units with a Mortgage Not Computed,0.0,0.0,0.0,0.0,0.0,13.0,24.0,24.0,20.0,18.0,0.0,0.0,0.0,0.0,0.0,0.0
176,Housing Prices,"Housing Units with a Mortgage by Race, American Indian and Alaska Native Alone",0.0,0.0,0.0,0.0,0.0,0.0,0.0,0.0,0.0,0.0,0.0,0.0,0.0,0.0,0.0,0.0
177,Housing Prices,"Housing Units with a Mortgage by Race, Asian Alone",0.0,0.0,0.0,0.0,0.0,0.0,0.0,0.0,0.0,0.0,0.0,0.0,0.0,0.0,589.0,607.0
178,Housing Prices,"Housing Units with a Mortgage by Race, Black or African American Alone",0.0,0.0,0.0,0.0,0.0,0.0,0.0,0.0,0.0,0.0,0.0,0.0,0.0,0.0,9.0,5.0
179,Housing Prices,"Housing Units with a Mortgage by Race, Hispanic or Latino",0.0,0.0,0.0,0.0,0.0,0.0,0.0,0.0,0.0,0.0,0.0,0.0,0.0,0.0,145.0,204.0
180,Housing Prices,"Housing Units with a Mortgage by Race, Native Hawaiian and Other Pacific Islander Alone",0.0,0.0,0.0,0.0,0.0,0.0,0.0,0.0,0.0,0.0,0.0,0.0,0.0,0.0,0.0,0.0
181,Housing Prices,"Housing Units with a Mortgage by Race, Some Other Race Alone",0.0,0.0,0.0,0.0,0.0,0.0,0.0,0.0,0.0,0.0,0.0,0.0,0.0,0.0,0.0,29.0
182,Housing Prices,"Housing Units with a Mortgage by Race, Two or More Races",0.0,0.0,0.0,0.0,0.0,0.0,0.0,0.0,0.0,0.0,0.0,0.0,0.0,0.0,301.0,318.0
183,Housing Prices,"Housing Units with a Mortgage by Race, White Alone",0.0,0.0,0.0,0.0,0.0,0.0,0.0,0.0,0.0,0.0,0.0,0.0,0.0,0.0,1400.0,1501.0
184,Housing Prices,"Housing Units with a Mortgage by Race, White Alone, Not Hispanic or Latino",0.0,0.0,0.0,0.0,0.0,0.0,0.0,0.0,0.0,0.0,0.0,0.0,0.0,0.0,1377.0,1470.0
185,Housing Prices,Housing Units without a Mortgage,266.0,408.0,389.0,386.0,444.0,457.0,487.0,479.0,545.0,608.0,586.0,740.0,694.0,700.0,796.0,780.0
186,Housing Prices,Housing Units without a Mortgage 0 to 30%,231.0,370.0,331.0,338.0,395.0,435.0,464.0,460.0,496.0,514.0,498.0,538.0,504.0,528.0,605.0,596.0
187,Housing Prices,Housing Units without a Mortgage 30-50%,26.0,23.0,29.0,18.0,17.0,4.0,5.0,0.0,20.0,46.0,39.0,54.0,60.0,71.0,60.0,55.0
188,Housing Prices,Housing Units without a Mortgage 50%+,9.0,15.0,22.0,22.0,23.0,7.0,9.0,19.0,29.0,48.0,49.0,148.0,130.0,101.0,131.0,129.0
189,Housing Prices,"Housing Units without a Mortgage 50%+ by Race, American Indian and Alaska Native Alone",0.0,0.0,0.0,0.0,0.0,0.0,0.0,0.0,0.0,0.0,0.0,0.0,0.0,0.0,0.0,0.0
190,Housing Prices,"Housing Units without a Mortgage 50%+ by Race, Asian Alone",0.0,0.0,0.0,0.0,0.0,0.0,0.0,0.0,0.0,0.0,0.0,0.0,0.0,0.0,0.0,0.0
191,Housing Prices,"Housing Units without a Mortgage 50%+ by Race, Black or African American Alone",0.0,0.0,0.0,0.0,0.0,0.0,0.0,0.0,0.0,0.0,0.0,0.0,0.0,0.0,0.0,0.0
192,Housing Prices,"Housing Units without a Mortgage 50%+ by Race, Hispanic or Latino",0.0,0.0,0.0,0.0,0.0,0.0,0.0,0.0,0.0,0.0,0.0,0.0,0.0,0.0,35.0,36.0
193,Housing Prices,"Housing Units without a Mortgage 50%+ by Race, Native Hawaiian and Other Pacific Islander Alone",0.0,0.0,0.0,0.0,0.0,0.0,0.0,0.0,0.0,0.0,0.0,0.0,0.0,0.0,0.0,0.0
194,Housing Prices,"Housing Units without a Mortgage 50%+ by Race, Some Other Race Alone",0.0,0.0,0.0,0.0,0.0,0.0,0.0,0.0,0.0,0.0,0.0,0.0,0.0,0.0,0.0,0.0
195,Housing Prices,"Housing Units without a Mortgage 50%+ by Race, Two or More Races",0.0,0.0,0.0,0.0,0.0,0.0,0.0,0.0,0.0,0.0,0.0,0.0,0.0,0.0,35.0,36.0
196,Housing Prices,"Housing Units without a Mortgage 50%+ by Race, White Alone",9.0,0.0,0.0,0.0,0.0,0.0,0.0,0.0,0.0,0.0,0.0,0.0,0.0,0.0,12.0,9.0
197,Housing Prices,"Housing Units without a Mortgage 50%+ by Race, White Alone, Not Hispanic or Latino",9.0,0.0,0.0,0.0,0.0,0.0,0.0,0.0,0.0,0.0,0.0,0.0,0.0,0.0,12.0,9.0
198,Housing Prices,Housing Units without a Mortgage Not Computed,0.0,0.0,7.0,8.0,9.0,11.0,9.0,0.0,0.0,0.0,0.0,0.0,0.0,0.0,0.0,0.0
199,Housing Prices,"Housing Units without a Mortgage by Race, American Indian and Alaska Native Alone",0.0,0.0,0.0,0.0,0.0,0.0,0.0,0.0,0.0,0.0,0.0,0.0,0.0,0.0,0.0,0.0
200,Housing Prices,"Housing Units without a Mortgage by Race, Asian Alone",0.0,0.0,0.0,0.0,0.0,0.0,0.0,0.0,0.0,0.0,0.0,0.0,0.0,0.0,131.0,170.0
201,Housing Prices,"Housing Units without a Mortgage by Race, Black or African American Alone",0.0,0.0,0.0,0.0,0.0,0.0,0.0,0.0,0.0,0.0,0.0,0.0,0.0,0.0,0.0,10.0
202,Housing Prices,"Housing Units without a Mortgage by Race, Hispanic or Latino",0.0,0.0,0.0,0.0,0.0,0.0,0.0,0.0,0.0,0.0,0.0,0.0,0.0,0.0,77.0,83.0
203,Housing Prices,"Housing Units without a Mortgage by Race, Native Hawaiian and Other Pacific Islander Alone",0.0,0.0,0.0,0.0,0.0,0.0,0.0,0.0,0.0,0.0,0.0,0.0,0.0,0.0,0.0,0.0
204,Housing Prices,"Housing Units without a Mortgage by Race, Some Other Race Alone",0.0,0.0,0.0,0.0,0.0,0.0,0.0,0.0,0.0,0.0,0.0,0.0,0.0,0.0,21.0,27.0
205,Housing Prices,"Housing Units without a Mortgage by Race, Two or More Races",0.0,0.0,0.0,0.0,0.0,0.0,0.0,0.0,0.0,0.0,0.0,0.0,0.0,0.0,72.0,50.0
206,Housing Prices,"Housing Units without a Mortgage by Race, White Alone",0.0,0.0,0.0,0.0,0.0,0.0,0.0,0.0,0.0,0.0,0.0,0.0,0.0,0.0,572.0,523.0
207,Housing Prices,"Housing Units without a Mortgage by Race, White Alone, Not Hispanic or Latino",0.0,0.0,0.0,0.0,0.0,0.0,0.0,0.0,0.0,0.0,0.0,0.0,0.0,0.0,572.0,513.0
208,Housing Prices,Median Contract Rent,933.0769230769232,1696.7554076539102,1839.84375,1942.3400673400677,2000.0920050761424,2001.0,2027.7246653919692,2019.37984496124,2173.482849604221,2071.7821782178216,2279.970760233918,2962.431693989071,3169.817073170732,3325.334143377886,3500.1835390946503,3500.233291822333
209,Housing Prices,Median Home Value,483296.2138084633,826294.2779291553,800824.1758241758,782275.3209700428,775269.1387559809,912128.4158415842,911011.08033241,1002478.3147459727,1107341.49054505,1223977.6951672863,1244666.6666666667,1285351.201478743,1285308.056872038,1414819.3760262723,1498853.2110091744,1514588.8594164455
210,Housing Prices,Median Rent,981.081081081081,1795.8786936236393,1877.717391304348,1993.1159420289853,2000.1619804400975,2001.0,2167.652859960552,2112.222222222222,2270.671834625323,2169.9779249448125,2356.3829787234044,3017.6311030741413,3237.3076923076924,3441.155492154065,3500.2784711388454,3500.3296703296705
211,Housing Prices,Median Rent as % of Household Income,21.4710875331565,22.751326530612243,23.10258620689655,21.209016393442624,20.278959810874703,20.363171577123047,19.60828402366864,19.71254512635379,20.5287012987013,21.69377990430622,22.176794657762937,21.564123867069487,21.064482200647248,21.951615646258503,22.71821428571429,22.16831797235023
212,Housing Prices,Rent 100 to 149,108.0,83.0,94.0,43.0,85.0,80.0,208.0,192.0,152.0,96.0,41.0,0.0,0.0,0.0,0.0,0.0
213,Housing Prices,Rent 1000 to 1249,318.0,69.0,98.0,161.0,188.0,137.0,162.0,186.0,120.0,127.0,139.0,92.0,143.0,68.0,51.0,65.0
214,Housing Prices,Rent 1250 to 1499,341.0,251.0,214.0,156.0,118.0,131.0,264.0,258.0,241.0,244.0,262.0,133.0,20.0,91.0,66.0,77.0
215,Housing Prices,Rent 150 to 199,169.0,40.0,51.0,38.0,0.0,0.0,0.0,0.0,0.0,0.0,0.0,0.0,0.0,0.0,0.0,0.0
216,Housing Prices,Rent 1500 to 1999,362.0,643.0,644.0,690.0,613.0,520.0,506.0,448.0,391.0,475.0,422.0,287.0,303.0,229.0,179.0,248.0
217,Housing Prices,Rent 200 to 249,33.0,61.0,76.0,79.0,37.0,18.0,0.0,0.0,0.0,0.0,0.0,0.0,0.0,0.0,0.0,0.0
218,Housing Prices,"Rent 2000 to 2499  (Rent 2000 or more, DEC2000 and ACS2009-2014)",418.0,1221.0,1381.0,1532.0,1636.0,1970.0,507.0,450.0,387.0,453.0,423.0,338.0,373.0,328.0,314.0,281.0
219,Housing Prices,Rent 250 to 299,42.0,70.0,13.0,0.0,0.0,0.0,21.0,41.0,36.0,44.0,38.0,13.0,19.0,0.0,0.0,0.0
221,Housing Prices,Rent 300 to 349,90.0,0.0,0.0,0.0,0.0,19.0,17.0,60.0,119.0,150.0,250.0,243.0,194.0,126.0,55.0,60.0
223,Housing Prices,Rent 350 to 399,40.0,0.0,2.0,19.0,11.0,13.0,17.0,32.0,19.0,43.0,18.0,12.0,9.0,58.0,61.0,0.0
225,Housing Prices,Rent 400 to 449,93.0,34.0,29.0,44.0,41.0,36.0,18.0,48.0,0.0,0.0,0.0,0.0,0.0,9.0,0.0,0.0
226,Housing Prices,Rent 450 to 499,59.0,42.0,16.0,28.0,0.0,20.0,15.0,14.0,50.0,28.0,26.0,34.0,0.0,0.0,0.0,0.0
227,Housing Prices,Rent 500 to 549,61.0,60.0,79.0,74.0,68.0,46.0,0.0,7.0,93.0,112.0,123.0,87.0,0.0,0.0,0.0,0.0
228,Housing Prices,Rent 550 to 599,116.0,39.0,40.0,0.0,0.0,0.0,0.0,15.0,16.0,10.0,56.0,23.0,44.0,0.0,0.0,0.0
229,Housing Prices,Rent 600 to 649,126.0,107.0,65.0,26.0,7.0,0.0,0.0,0.0,0.0,17.0,19.0,66.0,48.0,5.0,0.0,0.0
230,Housing Prices,Rent 650 to 699,78.0,20.0,15.0,31.0,28.0,11.0,8.0,9.0,9.0,0.0,11.0,10.0,0.0,47.0,8.0,6.0
231,Housing Prices,Rent 700 to 749,125.0,31.0,45.0,13.0,31.0,35.0,45.0,27.0,16.0,29.0,38.0,22.0,9.0,0.0,37.0,0.0
232,Housing Prices,Rent 750 to 799,59.0,20.0,20.0,15.0,16.0,15.0,14.0,23.0,18.0,16.0,24.0,20.0,31.0,9.0,0.0,0.0
233,Housing Prices,Rent 800 to 899,113.0,45.0,91.0,63.0,90.0,107.0,105.0,48.0,44.0,33.0,39.0,34.0,15.0,32.0,83.0,90.0
234,Housing Prices,Rent 900 to 999,148.0,103.0,75.0,26.0,9.0,9.0,24.0,45.0,54.0,39.0,14.0,19.0,15.0,8.0,22.0,21.0
235,Housing Prices,Rent Burdened,0.311291963377416,0.318345914013784,0.3448829002245749,0.3192443163624719,0.3140065146579804,0.2908921933085502,0.2961466749533872,0.2649027733503347,0.2710221944357612,0.2716125076640098,0.2685636856368563,0.2603373231773667,0.2826033160108884,0.3000927643784786,0.3139662354746766,0.3139986298241607
245,Housing Prices,Rent Less than 100,35.0,28.0,29.0,45.0,29.0,0.0,0.0,0.0,0.0,0.0,0.0,0.0,0.0,0.0,0.0,0.0
246,Housing Prices,Rent Total,2949.0,3047.0,3117.0,3123.0,3070.0,3228.0,3218.0,3137.0,3199.0,3262.0,3690.0,3676.0,4041.0,4312.0,4561.0,4379.0
247,Housing Prices,"Rent Total No cash rent  (No cash rent, DEC2000 and ACS2009-2014)",15.0,80.0,40.0,40.0,63.0,61.0,519.0,427.0,360.0,424.0,338.0,359.0,445.0,462.0,459.0,331.0
248,Housing Prices,Rent Total No cash rent (ACS2015-),15.0,0.0,0.0,0.0,0.0,0.0,30.0,29.0,24.0,28.0,47.0,53.0,88.0,131.0,147.0,123.0
249,Housing Prices,Rent Total With cash rent,2934.0,2967.0,3077.0,3083.0,3007.0,3167.0,3188.0,3108.0,3175.0,3234.0,3643.0,3623.0,3953.0,4181.0,4414.0,4256.0
250,Housing Type,10-19 Units,0.0808344198174706,0.0851876453005646,0.0762339143182928,0.0750726509525347,0.0763550667714061,0.0669593852908891,0.0664493091134917,0.0832693194039023,0.0866329264662101,0.0928550766560601,0.0969904240766073,0.0957376178462355,0.0895188362551286,0.0857889733840304,0.0799673126313331,0.068294368305885
251,Housing Type,2-4 Units,0.3855466567330974,0.3480571238791099,0.376934354129337,0.3710041976105909,0.3514532600157109,0.3421671632429042,0.3510324483775811,0.3459824857889076,0.3627567728490622,0.3581139716517211,0.3352941176470588,0.2797769220555039,0.2642048986696506,0.2595057034220532,0.2439878589773523,0.2404698836807555
252,Housing Type,20 Units or More,0.0830694728999813,0.1541016273663235,0.1736439159472226,0.1754924120116241,0.1663786331500392,0.1740630390465736,0.1485794131346064,0.1596251344292518,0.1979755879726109,0.222302574486549,0.2585499316005472,0.3128402602576019,0.3554643789630735,0.3816539923954372,0.408358627130516,0.4307267073592076
253,Housing Type,5-9 Units,0.1126839262432482,0.0991364995018266,0.0904056035184883,0.0813690668388763,0.0898664571877454,0.091735925984005,0.0995187082751125,0.0943309264095867,0.0759154510270914,0.0608909459068556,0.0700410396716826,0.0440844509361306,0.052343652865846,0.0562024714828897,0.0478636469764184,0.0480248761948635
254,Housing Type,Other Type,0.0026075619295958,0.0,0.002769180648314,0.0030674846625766,0.0039277297721916,0.0032930845225027,0.0027945971122496,0.0029190351820556,0.002828222685323,0.0034712178189181,0.0023255813953488,0.0049130261585446,0.0,0.0,0.0,0.0
255,Housing Type,Single Family Housing,0.3352579623766064,0.3135171039521753,0.280013031438345,0.2939941879237972,0.3120188531029065,0.3217814019131253,0.3316255239869585,0.3138730987862959,0.2738910389997023,0.2623662134798958,0.2367989056087551,0.2626477227459832,0.2384682332463011,0.2168488593155893,0.2198225542843801,0.2124841644592882
256,Income,Household Income 10000 to 14999,179.0,228.0,146.0,130.0,140.0,89.0,88.0,88.0,167.0,127.0,188.0,115.0,122.0,162.0,109.0,52.0
257,Income,"Household Income 10000 to 14999 by Race, American Indian and Alaska Native Alone",0.0,0.0,0.0,0.0,0.0,0.0,0.0,0.0,0.0,0.0,0.0,0.0,0.0,0.0,0.0,13.0
258,Income,"Household Income 10000 to 14999 by Race, Asian Alone",19.0,14.0,2.0,20.0,17.0,23.0,18.0,10.0,10.0,10.0,72.0,48.0,55.0,63.0,69.0,7.0
259,Income,"Household Income 10000 to 14999 by Race, Black or African American Alone",61.0,96.0,46.0,5.0,7.0,5.0,3.0,21.0,95.0,15.0,19.0,23.0,0.0,0.0,0.0,0.0
260,Income,"Household Income 10000 to 14999 by Race, Hispanic or Latino",14.0,60.0,39.0,42.0,51.0,30.0,54.0,50.0,48.0,50.0,41.0,0.0,0.0,0.0,0.0,13.0
261,Income,"Household Income 10000 to 14999 by Race, Native Hawaiian and Other Pacific Islander Alone",31.0,9.0,16.0,23.0,24.0,16.0,0.0,0.0,0.0,0.0,0.0,0.0,0.0,0.0,0.0,0.0
262,Income,"Household Income 10000 to 14999 by Race, Some Other Race Alone",0.0,50.0,29.0,31.0,35.0,13.0,54.0,50.0,48.0,50.0,41.0,0.0,0.0,0.0,0.0,0.0
263,Income,"Household Income 10000 to 14999 by Race, Two or More Races",0.0,5.0,6.0,5.0,0.0,0.0,0.0,0.0,0.0,0.0,0.0,0.0,0.0,0.0,0.0,0.0
264,Income,"Household Income 10000 to 14999 by Race, White Alone",68.0,54.0,47.0,46.0,57.0,32.0,13.0,7.0,14.0,52.0,56.0,44.0,67.0,99.0,40.0,32.0
265,Income,"Household Income 10000 to 14999 by Race, White Alone, Not Hispanic or Latino",54.0,44.0,37.0,35.0,41.0,15.0,13.0,7.0,14.0,52.0,56.0,44.0,67.0,99.0,40.0,32.0
266,Income,Household Income 100000 to 124999,578.0,590.0,552.0,429.0,447.0,403.0,485.0,499.0,510.0,472.0,519.0,417.0,383.0,491.0,491.0,415.0
267,Income,"Household Income 100000 to 124999 by Race, American Indian and Alaska Native Alone",0.0,13.0,14.0,0.0,0.0,0.0,0.0,0.0,0.0,0.0,0.0,0.0,0.0,0.0,0.0,0.0
268,Income,"Household Income 100000 to 124999 by Race, Asian Alone",51.0,14.0,30.0,55.0,56.0,75.0,116.0,121.0,110.0,102.0,107.0,52.0,54.0,63.0,46.0,85.0
269,Income,"Household Income 100000 to 124999 by Race, Black or African American Alone",0.0,8.0,12.0,0.0,10.0,8.0,18.0,30.0,51.0,41.0,66.0,49.0,46.0,17.0,15.0,10.0
270,Income,"Household Income 100000 to 124999 by Race, Hispanic or Latino",54.0,48.0,13.0,10.0,29.0,29.0,34.0,30.0,31.0,14.0,7.0,0.0,0.0,38.0,32.0,43.0
271,Income,"Household Income 100000 to 124999 by Race, Native Hawaiian and Other Pacific Islander Alone",0.0,20.0,12.0,0.0,0.0,0.0,0.0,0.0,0.0,0.0,0.0,0.0,0.0,0.0,0.0,0.0
272,Income,"Household Income 100000 to 124999 by Race, Some Other Race Alone",15.0,17.0,0.0,0.0,8.0,7.0,7.0,12.0,9.0,0.0,0.0,0.0,0.0,0.0,8.0,15.0
273,Income,"Household Income 100000 to 124999 by Race, Two or More Races",9.0,8.0,15.0,25.0,28.0,25.0,25.0,31.0,33.0,37.0,35.0,43.0,24.0,27.0,43.0,38.0
274,Income,"Household Income 100000 to 124999 by Race, White Alone",503.0,510.0,469.0,349.0,345.0,288.0,319.0,305.0,307.0,292.0,311.0,273.0,259.0,384.0,379.0,267.0
275,Income,"Household Income 100000 to 124999 by Race, White Alone, Not Hispanic or Latino",476.0,479.0,456.0,339.0,324.0,266.0,297.0,287.0,292.0,284.0,311.0,273.0,259.0,360.0,379.0,267.0
276,Income,Household Income 125000 to 149999,368.0,440.0,519.0,589.0,643.0,562.0,526.0,494.0,487.0,485.0,567.0,485.0,477.0,397.0,453.0,486.0
277,Income,"Household Income 125000 to 149999 by Race, American Indian and Alaska Native Alone",0.0,0.0,0.0,24.0,0.0,0.0,0.0,0.0,0.0,0.0,0.0,0.0,0.0,7.0,0.0,0.0
278,Income,"Household Income 125000 to 149999 by Race, Asian Alone",17.0,54.0,89.0,95.0,126.0,124.0,130.0,125.0,104.0,111.0,90.0,74.0,53.0,67.0,56.0,99.0
279,Income,"Household Income 125000 to 149999 by Race, Black or African American Alone",5.0,11.0,9.0,11.0,11.0,0.0,0.0,9.0,10.0,0.0,60.0,0.0,10.0,0.0,0.0,11.0
280,Income,"Household Income 125000 to 149999 by Race, Hispanic or Latino",23.0,44.0,80.0,33.0,30.0,34.0,38.0,40.0,36.0,17.0,13.0,16.0,16.0,7.0,0.0,0.0
281,Income,"Household Income 125000 to 149999 by Race, Native Hawaiian and Other Pacific Islander Alone",0.0,0.0,0.0,6.0,9.0,0.0,0.0,0.0,0.0,0.0,0.0,0.0,0.0,0.0,0.0,0.0
282,Income,"Household Income 125000 to 149999 by Race, Some Other Race Alone",7.0,36.0,10.0,31.0,20.0,0.0,0.0,0.0,0.0,0.0,0.0,0.0,0.0,0.0,0.0,0.0
283,Income,"Household Income 125000 to 149999 by Race, Two or More Races",14.0,0.0,10.0,9.0,8.0,22.0,39.0,30.0,31.0,0.0,13.0,10.0,15.0,19.0,32.0,37.0
284,Income,"Household Income 125000 to 149999 by Race, White Alone",325.0,339.0,401.0,413.0,469.0,416.0,357.0,330.0,342.0,374.0,404.0,401.0,399.0,304.0,365.0,339.0
285,Income,"Household Income 125000 to 149999 by Race, White Alone, Not Hispanic or Latino",309.0,330.0,330.0,380.0,439.0,399.0,344.0,307.0,323.0,357.0,391.0,387.0,383.0,304.0,365.0,339.0
286,Income,Household Income 15000 to 19999,250.0,160.0,145.0,109.0,94.0,106.0,51.0,67.0,180.0,241.0,343.0,347.0,155.0,105.0,119.0,118.0
287,Income,"Household Income 15000 to 19999 by Race, American Indian and Alaska Native Alone",0.0,0.0,0.0,0.0,0.0,0.0,0.0,0.0,0.0,0.0,0.0,0.0,0.0,0.0,0.0,0.0
288,Income,"Household Income 15000 to 19999 by Race, Asian Alone",12.0,45.0,33.0,31.0,25.0,30.0,0.0,0.0,0.0,0.0,0.0,0.0,0.0,0.0,8.0,6.0
289,Income,"Household Income 15000 to 19999 by Race, Black or African American Alone",78.0,39.0,40.0,0.0,0.0,0.0,0.0,0.0,69.0,100.0,170.0,168.0,91.0,46.0,16.0,0.0
290,Income,"Household Income 15000 to 19999 by Race, Hispanic or Latino",15.0,14.0,0.0,0.0,0.0,0.0,0.0,23.0,100.0,114.0,132.0,127.0,21.0,11.0,51.0,52.0
291,Income,"Household Income 15000 to 19999 by Race, Native Hawaiian and Other Pacific Islander Alone",13.0,0.0,0.0,0.0,0.0,0.0,0.0,0.0,0.0,0.0,0.0,0.0,0.0,0.0,0.0,0.0
292,Income,"Household Income 15000 to 19999 by Race, Some Other Race Alone",15.0,14.0,0.0,0.0,0.0,0.0,0.0,0.0,64.0,79.0,99.0,92.0,0.0,11.0,50.0,53.0
293,Income,"Household Income 15000 to 19999 by Race, Two or More Races",0.0,5.0,11.0,11.0,10.0,0.0,0.0,0.0,0.0,0.0,0.0,0.0,10.0,11.0,14.0,13.0
294,Income,"Household Income 15000 to 19999 by Race, White Alone",132.0,57.0,61.0,67.0,59.0,76.0,51.0,67.0,47.0,62.0,74.0,87.0,54.0,37.0,31.0,46.0
295,Income,"Household Income 15000 to 19999 by Race, White Alone, Not Hispanic or Latino",132.0,57.0,61.0,67.0,59.0,76.0,51.0,44.0,24.0,41.0,54.0,62.0,54.0,37.0,31.0,46.0
296,Income,Household Income 150000 to 199999,369.0,810.0,719.0,746.0,789.0,945.0,977.0,905.0,788.0,808.0,783.0,711.0,829.0,867.0,776.0,569.0
297,Income,"Household Income 150000 to 199999 by Race, American Indian and Alaska Native Alone",0.0,10.0,0.0,0.0,0.0,0.0,0.0,0.0,0.0,0.0,0.0,0.0,0.0,0.0,7.0,7.0
298,Income,"Household Income 150000 to 199999 by Race, Asian Alone",32.0,53.0,26.0,27.0,8.0,80.0,132.0,118.0,128.0,162.0,167.0,150.0,178.0,171.0,204.0,172.0
299,Income,"Household Income 150000 to 199999 by Race, Black or African American Alone",0.0,24.0,36.0,49.0,51.0,26.0,26.0,22.0,7.0,0.0,0.0,52.0,106.0,87.0,60.0,5.0
300,Income,"Household Income 150000 to 199999 by Race, Hispanic or Latino",15.0,147.0,81.0,101.0,122.0,143.0,208.0,130.0,53.0,43.0,40.0,49.0,52.0,82.0,105.0,79.0
301,Income,"Household Income 150000 to 199999 by Race, Native Hawaiian and Other Pacific Islander Alone",0.0,0.0,0.0,0.0,0.0,0.0,0.0,0.0,0.0,0.0,0.0,0.0,0.0,0.0,0.0,0.0
302,Income,"Household Income 150000 to 199999 by Race, Some Other Race Alone",2.0,33.0,60.0,26.0,31.0,48.0,16.0,14.0,0.0,3.0,4.0,6.0,7.0,5.0,0.0,0.0
303,Income,"Household Income 150000 to 199999 by Race, Two or More Races",8.0,0.0,0.0,0.0,0.0,3.0,8.0,16.0,19.0,52.0,56.0,56.0,90.0,124.0,133.0,104.0
304,Income,"Household Income 150000 to 199999 by Race, White Alone",327.0,690.0,597.0,644.0,699.0,788.0,795.0,735.0,634.0,591.0,556.0,447.0,448.0,480.0,372.0,281.0
305,Income,"Household Income 150000 to 199999 by Race, White Alone, Not Hispanic or Latino",314.0,561.0,551.0,543.0,577.0,648.0,589.0,609.0,585.0,564.0,537.0,437.0,448.0,466.0,355.0,271.0
306,Income,Household Income 20000 to 24999,160.0,124.0,109.0,134.0,75.0,67.0,56.0,107.0,108.0,54.0,52.0,120.0,118.0,120.0,132.0,59.0
307,Income,"Household Income 20000 to 24999 by Race, American Indian and Alaska Native Alone",0.0,0.0,0.0,0.0,0.0,0.0,0.0,0.0,0.0,0.0,0.0,0.0,0.0,0.0,0.0,0.0
308,Income,"Household Income 20000 to 24999 by Race, Asian Alone",10.0,0.0,0.0,0.0,11.0,12.0,10.0,26.0,31.0,24.0,17.0,57.0,6.0,38.0,40.0,12.0
309,Income,"Household Income 20000 to 24999 by Race, Black or African American Alone",32.0,15.0,20.0,20.0,24.0,14.0,12.0,12.0,14.0,5.0,0.0,0.0,0.0,5.0,8.0,0.0
310,Income,"Household Income 20000 to 24999 by Race, Hispanic or Latino",47.0,0.0,0.0,0.0,0.0,0.0,0.0,24.0,20.0,4.0,11.0,11.0,44.0,12.0,21.0,0.0
311,Income,"Household Income 20000 to 24999 by Race, Native Hawaiian and Other Pacific Islander Alone",0.0,0.0,0.0,0.0,0.0,0.0,0.0,0.0,0.0,0.0,0.0,0.0,0.0,0.0,0.0,0.0
312,Income,"Household Income 20000 to 24999 by Race, Some Other Race Alone",6.0,0.0,0.0,0.0,0.0,0.0,0.0,24.0,20.0,4.0,11.0,11.0,44.0,12.0,21.0,0.0
313,Income,"Household Income 20000 to 24999 by Race, Two or More Races",0.0,0.0,0.0,0.0,0.0,13.0,0.0,0.0,0.0,0.0,0.0,0.0,0.0,0.0,0.0,0.0
314,Income,"Household Income 20000 to 24999 by Race, White Alone",112.0,109.0,89.0,114.0,40.0,28.0,34.0,45.0,43.0,21.0,24.0,52.0,68.0,65.0,63.0,47.0
315,Income,"Household Income 20000 to 24999 by Race, White Alone, Not Hispanic or Latino",71.0,109.0,89.0,114.0,40.0,28.0,34.0,45.0,43.0,21.0,24.0,52.0,68.0,65.0,63.0,47.0
316,Income,Household Income 25000 to 29999,233.0,212.0,201.0,111.0,222.0,158.0,223.0,142.0,130.0,182.0,173.0,237.0,175.0,138.0,51.0,107.0
317,Income,"Household Income 25000 to 29999 by Race, American Indian and Alaska Native Alone",0.0,0.0,0.0,0.0,0.0,0.0,0.0,0.0,0.0,0.0,0.0,0.0,0.0,0.0,0.0,0.0
318,Income,"Household Income 25000 to 29999 by Race, Asian Alone",32.0,51.0,64.0,23.0,11.0,14.0,14.0,5.0,0.0,59.0,50.0,45.0,21.0,25.0,25.0,41.0
319,Income,"Household Income 25000 to 29999 by Race, Black or African American Alone",42.0,51.0,55.0,0.0,0.0,0.0,0.0,0.0,32.0,38.0,44.0,29.0,25.0,0.0,0.0,6.0
320,Income,"Household Income 25000 to 29999 by Race, Hispanic or Latino",35.0,21.0,0.0,0.0,0.0,0.0,100.0,8.0,9.0,9.0,10.0,7.0,0.0,0.0,0.0,0.0
321,Income,"Household Income 25000 to 29999 by Race, Native Hawaiian and Other Pacific Islander Alone",0.0,0.0,0.0,18.0,14.0,9.0,18.0,21.0,0.0,0.0,0.0,0.0,0.0,0.0,0.0,0.0
322,Income,"Household Income 25000 to 29999 by Race, Some Other Race Alone",0.0,0.0,0.0,0.0,0.0,0.0,100.0,0.0,0.0,0.0,0.0,0.0,0.0,0.0,0.0,8.0
323,Income,"Household Income 25000 to 29999 by Race, Two or More Races",18.0,0.0,0.0,0.0,0.0,0.0,0.0,24.0,17.0,7.0,6.0,14.0,15.0,17.0,0.0,0.0
324,Income,"Household Income 25000 to 29999 by Race, White Alone",141.0,110.0,82.0,70.0,197.0,135.0,91.0,92.0,81.0,78.0,73.0,149.0,114.0,96.0,26.0,52.0
325,Income,"Household Income 25000 to 29999 by Race, White Alone, Not Hispanic or Latino",118.0,89.0,82.0,70.0,197.0,135.0,91.0,84.0,72.0,69.0,63.0,142.0,114.0,96.0,26.0,52.0
326,Income,Household Income 30000 to 34999,94.0,131.0,106.0,79.0,94.0,121.0,108.0,187.0,166.0,156.0,176.0,52.0,90.0,87.0,109.0,117.0
327,Income,"Household Income 30000 to 34999 by Race, American Indian and Alaska Native Alone",0.0,0.0,0.0,0.0,0.0,0.0,0.0,0.0,0.0,0.0,0.0,0.0,0.0,0.0,0.0,0.0
328,Income,"Household Income 30000 to 34999 by Race, Asian Alone",0.0,35.0,18.0,19.0,7.0,7.0,8.0,7.0,8.0,0.0,0.0,0.0,52.0,50.0,0.0,0.0
329,Income,"Household Income 30000 to 34999 by Race, Black or African American Alone",18.0,14.0,0.0,0.0,0.0,0.0,0.0,0.0,0.0,0.0,0.0,5.0,0.0,0.0,0.0,27.0
330,Income,"Household Income 30000 to 34999 by Race, Hispanic or Latino",9.0,0.0,0.0,0.0,0.0,0.0,0.0,99.0,88.0,95.0,132.0,8.0,8.0,0.0,0.0,0.0
331,Income,"Household Income 30000 to 34999 by Race, Native Hawaiian and Other Pacific Islander Alone",11.0,0.0,0.0,0.0,0.0,0.0,0.0,0.0,0.0,0.0,0.0,0.0,0.0,0.0,0.0,0.0
332,Income,"Household Income 30000 to 34999 by Race, Some Other Race Alone",0.0,0.0,0.0,0.0,0.0,0.0,0.0,99.0,78.0,86.0,123.0,0.0,0.0,0.0,0.0,0.0
333,Income,"Household Income 30000 to 34999 by Race, Two or More Races",9.0,4.0,0.0,0.0,0.0,0.0,0.0,0.0,10.0,20.0,24.0,31.0,8.0,0.0,5.0,6.0
334,Income,"Household Income 30000 to 34999 by Race, White Alone",56.0,78.0,88.0,60.0,87.0,114.0,100.0,81.0,70.0,50.0,29.0,16.0,30.0,37.0,104.0,84.0
335,Income,"Household Income 30000 to 34999 by Race, White Alone, Not Hispanic or Latino",56.0,78.0,88.0,60.0,87.0,114.0,100.0,81.0,70.0,50.0,29.0,16.0,30.0,37.0,104.0,84.0
336,Income,Household Income 35000 to 39999,146.0,52.0,50.0,46.0,44.0,60.0,36.0,10.0,41.0,68.0,68.0,82.0,133.0,26.0,38.0,8.0
337,Income,"Household Income 35000 to 39999 by Race, American Indian and Alaska Native Alone",8.0,0.0,0.0,0.0,0.0,0.0,0.0,0.0,0.0,0.0,0.0,0.0,0.0,0.0,0.0,0.0
338,Income,"Household Income 35000 to 39999 by Race, Asian Alone",0.0,19.0,19.0,20.0,1.0,5.0,0.0,0.0,0.0,22.0,26.0,15.0,16.0,0.0,0.0,0.0
339,Income,"Household Income 35000 to 39999 by Race, Black or African American Alone",15.0,19.0,14.0,9.0,11.0,12.0,10.0,0.0,0.0,0.0,0.0,0.0,6.0,6.0,0.0,0.0
340,Income,"Household Income 35000 to 39999 by Race, Hispanic or Latino",19.0,0.0,0.0,0.0,0.0,6.0,5.0,5.0,2.0,5.0,6.0,23.0,50.0,0.0,35.0,0.0
341,Income,"Household Income 35000 to 39999 by Race, Native Hawaiian and Other Pacific Islander Alone",0.0,0.0,0.0,0.0,0.0,0.0,0.0,0.0,0.0,0.0,0.0,0.0,0.0,0.0,0.0,0.0
342,Income,"Household Income 35000 to 39999 by Race, Some Other Race Alone",0.0,0.0,0.0,0.0,0.0,6.0,5.0,5.0,2.0,2.0,0.0,0.0,0.0,0.0,0.0,0.0
343,Income,"Household Income 35000 to 39999 by Race, Two or More Races",0.0,0.0,5.0,5.0,9.0,0.0,0.0,0.0,0.0,3.0,6.0,23.0,50.0,0.0,35.0,0.0
344,Income,"Household Income 35000 to 39999 by Race, White Alone",123.0,14.0,12.0,12.0,23.0,37.0,21.0,5.0,39.0,41.0,36.0,44.0,61.0,20.0,3.0,8.0
345,Income,"Household Income 35000 to 39999 by Race, White Alone, Not Hispanic or Latino",104.0,14.0,12.0,12.0,23.0,37.0,21.0,5.0,39.0,41.0,36.0,44.0,61.0,20.0,3.0,8.0
346,Income,Household Income 40000 to 44999,279.0,146.0,108.0,122.0,130.0,120.0,107.0,141.0,57.0,75.0,106.0,104.0,122.0,121.0,213.0,180.0
347,Income,"Household Income 40000 to 44999 by Race, American Indian and Alaska Native Alone",0.0,0.0,0.0,0.0,0.0,0.0,0.0,0.0,0.0,0.0,0.0,0.0,0.0,0.0,0.0,0.0
348,Income,"Household Income 40000 to 44999 by Race, Asian Alone",23.0,16.0,0.0,0.0,0.0,0.0,0.0,0.0,0.0,11.0,21.0,17.0,18.0,19.0,16.0,17.0
349,Income,"Household Income 40000 to 44999 by Race, Black or African American Alone",55.0,0.0,15.0,14.0,16.0,0.0,0.0,9.0,0.0,0.0,0.0,0.0,0.0,0.0,6.0,7.0
350,Income,"Household Income 40000 to 44999 by Race, Hispanic or Latino",36.0,28.0,11.0,11.0,13.0,24.0,17.0,15.0,15.0,29.0,26.0,10.0,37.0,70.0,133.0,109.0
351,Income,"Household Income 40000 to 44999 by Race, Native Hawaiian and Other Pacific Islander Alone",0.0,0.0,0.0,0.0,0.0,0.0,0.0,0.0,0.0,0.0,0.0,0.0,0.0,0.0,0.0,0.0
352,Income,"Household Income 40000 to 44999 by Race, Some Other Race Alone",7.0,0.0,0.0,0.0,0.0,0.0,0.0,0.0,5.0,33.0,26.0,10.0,37.0,9.0,64.0,73.0
353,Income,"Household Income 40000 to 44999 by Race, Two or More Races",20.0,0.0,0.0,0.0,0.0,0.0,0.0,0.0,0.0,0.0,15.0,24.0,23.0,61.0,69.0,36.0
354,Income,"Household Income 40000 to 44999 by Race, White Alone",174.0,130.0,93.0,108.0,114.0,120.0,107.0,132.0,52.0,31.0,44.0,53.0,44.0,32.0,58.0,47.0
355,Income,"Household Income 40000 to 44999 by Race, White Alone, Not Hispanic or Latino",145.0,102.0,82.0,97.0,101.0,96.0,90.0,117.0,37.0,31.0,44.0,53.0,44.0,32.0,58.0,47.0
356,Income,Household Income 45000 to 49999,178.0,120.0,94.0,102.0,173.0,127.0,70.0,78.0,119.0,92.0,51.0,72.0,75.0,137.0,108.0,175.0
357,Income,"Household Income 45000 to 49999 by Race, American Indian and Alaska Native Alone",0.0,0.0,0.0,0.0,0.0,0.0,0.0,0.0,0.0,0.0,0.0,0.0,0.0,0.0,0.0,0.0
358,Income,"Household Income 45000 to 49999 by Race, Asian Alone",16.0,48.0,30.0,37.0,40.0,43.0,10.0,15.0,7.0,20.0,19.0,29.0,27.0,18.0,18.0,13.0
359,Income,"Household Income 45000 to 49999 by Race, Black or African American Alone",20.0,0.0,0.0,0.0,0.0,0.0,0.0,0.0,0.0,0.0,0.0,0.0,0.0,0.0,0.0,0.0
360,Income,"Household Income 45000 to 49999 by Race, Hispanic or Latino",10.0,12.0,12.0,13.0,35.0,22.0,22.0,17.0,16.0,0.0,0.0,20.0,31.0,44.0,47.0,139.0
361,Income,"Household Income 45000 to 49999 by Race, Native Hawaiian and Other Pacific Islander Alone",0.0,0.0,0.0,0.0,0.0,0.0,0.0,0.0,0.0,0.0,0.0,0.0,0.0,0.0,0.0,0.0
362,Income,"Household Income 45000 to 49999 by Race, Some Other Race Alone",0.0,0.0,0.0,0.0,0.0,0.0,0.0,0.0,0.0,0.0,3.0,24.0,36.0,44.0,47.0,43.0
363,Income,"Household Income 45000 to 49999 by Race, Two or More Races",0.0,0.0,0.0,0.0,0.0,0.0,0.0,0.0,0.0,0.0,0.0,0.0,0.0,22.0,11.0,96.0
364,Income,"Household Income 45000 to 49999 by Race, White Alone",142.0,72.0,64.0,65.0,133.0,84.0,60.0,63.0,112.0,72.0,29.0,19.0,12.0,53.0,32.0,23.0
365,Income,"Household Income 45000 to 49999 by Race, White Alone, Not Hispanic or Latino",132.0,60.0,52.0,52.0,98.0,62.0,38.0,46.0,96.0,72.0,29.0,19.0,12.0,53.0,32.0,23.0
366,Income,Household Income 50000 to 59999,384.0,277.0,311.0,296.0,173.0,178.0,122.0,50.0,83.0,115.0,127.0,169.0,193.0,137.0,91.0,93.0
367,Income,"Household Income 50000 to 59999 by Race, American Indian and Alaska Native Alone",0.0,0.0,0.0,0.0,0.0,0.0,0.0,0.0,0.0,0.0,0.0,0.0,0.0,0.0,0.0,0.0
368,Income,"Household Income 50000 to 59999 by Race, Asian Alone",19.0,10.0,41.0,32.0,31.0,15.0,0.0,0.0,18.0,22.0,17.0,25.0,16.0,32.0,0.0,12.0
369,Income,"Household Income 50000 to 59999 by Race, Black or African American Alone",59.0,26.0,0.0,0.0,0.0,0.0,0.0,0.0,0.0,6.0,6.0,27.0,25.0,26.0,0.0,0.0
370,Income,"Household Income 50000 to 59999 by Race, Hispanic or Latino",81.0,0.0,52.0,58.0,53.0,66.0,52.0,0.0,0.0,0.0,0.0,0.0,31.0,40.0,19.0,19.0
371,Income,"Household Income 50000 to 59999 by Race, Native Hawaiian and Other Pacific Islander Alone",0.0,0.0,0.0,0.0,0.0,0.0,0.0,0.0,0.0,0.0,0.0,0.0,0.0,0.0,0.0,0.0
372,Income,"Household Income 50000 to 59999 by Race, Some Other Race Alone",37.0,0.0,52.0,58.0,53.0,66.0,52.0,0.0,0.0,0.0,0.0,0.0,31.0,40.0,19.0,19.0
373,Income,"Household Income 50000 to 59999 by Race, Two or More Races",18.0,0.0,0.0,0.0,0.0,13.0,10.0,7.0,9.0,7.0,8.0,10.0,0.0,0.0,0.0,0.0
374,Income,"Household Income 50000 to 59999 by Race, White Alone",251.0,241.0,218.0,206.0,89.0,84.0,60.0,43.0,56.0,80.0,96.0,107.0,121.0,39.0,72.0,62.0
375,Income,"Household Income 50000 to 59999 by Race, White Alone, Not Hispanic or Latino",213.0,241.0,218.0,206.0,89.0,84.0,60.0,43.0,56.0,80.0,96.0,107.0,121.0,39.0,72.0,62.0
376,Income,Household Income 60000 to 74999,430.0,283.0,427.0,359.0,367.0,373.0,384.0,322.0,308.0,223.0,123.0,105.0,213.0,256.0,314.0,305.0
377,Income,"Household Income 60000 to 74999 by Race, American Indian and Alaska Native Alone",0.0,0.0,0.0,0.0,0.0,0.0,0.0,0.0,0.0,0.0,0.0,0.0,0.0,0.0,0.0,0.0
378,Income,"Household Income 60000 to 74999 by Race, Asian Alone",33.0,11.0,17.0,45.0,70.0,83.0,137.0,112.0,92.0,56.0,23.0,8.0,26.0,25.0,35.0,80.0
379,Income,"Household Income 60000 to 74999 by Race, Black or African American Alone",25.0,18.0,68.0,22.0,20.0,24.0,7.0,0.0,9.0,0.0,0.0,0.0,0.0,0.0,0.0,0.0
380,Income,"Household Income 60000 to 74999 by Race, Hispanic or Latino",31.0,45.0,90.0,89.0,74.0,24.0,40.0,16.0,16.0,16.0,0.0,0.0,0.0,0.0,25.0,82.0
381,Income,"Household Income 60000 to 74999 by Race, Native Hawaiian and Other Pacific Islander Alone",0.0,0.0,0.0,0.0,0.0,0.0,0.0,0.0,0.0,0.0,0.0,0.0,0.0,0.0,0.0,0.0
382,Income,"Household Income 60000 to 74999 by Race, Some Other Race Alone",14.0,0.0,19.0,15.0,21.0,18.0,24.0,0.0,0.0,0.0,0.0,0.0,0.0,51.0,64.0,82.0
383,Income,"Household Income 60000 to 74999 by Race, Two or More Races",0.0,5.0,0.0,0.0,0.0,13.0,13.0,0.0,0.0,0.0,0.0,0.0,30.0,19.0,18.0,19.0
384,Income,"Household Income 60000 to 74999 by Race, White Alone",358.0,249.0,323.0,277.0,256.0,235.0,203.0,210.0,207.0,167.0,100.0,97.0,157.0,161.0,197.0,124.0
385,Income,"Household Income 60000 to 74999 by Race, White Alone, Not Hispanic or Latino",341.0,204.0,252.0,203.0,203.0,229.0,196.0,204.0,198.0,157.0,100.0,97.0,157.0,161.0,197.0,124.0
386,Income,Household Income 75000 to 99999,532.0,745.0,620.0,602.0,572.0,513.0,464.0,416.0,457.0,473.0,428.0,432.0,462.0,308.0,349.0,395.0
387,Income,"Household Income 75000 to 99999 by Race, American Indian and Alaska Native Alone",5.0,0.0,0.0,0.0,0.0,0.0,0.0,0.0,0.0,0.0,0.0,0.0,0.0,0.0,0.0,0.0
388,Income,"Household Income 75000 to 99999 by Race, Asian Alone",54.0,94.0,45.0,66.0,44.0,69.0,82.0,89.0,131.0,162.0,158.0,88.0,80.0,39.0,43.0,43.0
389,Income,"Household Income 75000 to 99999 by Race, Black or African American Alone",0.0,28.0,14.0,14.0,11.0,12.0,12.0,16.0,22.0,37.0,20.0,8.0,9.0,0.0,10.0,12.0
390,Income,"Household Income 75000 to 99999 by Race, Hispanic or Latino",14.0,45.0,16.0,21.0,32.0,56.0,58.0,26.0,52.0,53.0,54.0,48.0,66.0,0.0,0.0,0.0
391,Income,"Household Income 75000 to 99999 by Race, Native Hawaiian and Other Pacific Islander Alone",7.0,31.0,24.0,26.0,27.0,48.0,0.0,0.0,0.0,0.0,0.0,0.0,0.0,0.0,0.0,0.0
392,Income,"Household Income 75000 to 99999 by Race, Some Other Race Alone",6.0,0.0,0.0,6.0,15.0,18.0,17.0,12.0,47.0,33.0,31.0,33.0,95.0,55.0,71.0,78.0
393,Income,"Household Income 75000 to 99999 by Race, Two or More Races",17.0,27.0,38.0,26.0,29.0,0.0,0.0,13.0,14.0,12.0,0.0,3.0,3.0,33.0,26.0,59.0
394,Income,"Household Income 75000 to 99999 by Race, White Alone",443.0,565.0,499.0,464.0,446.0,366.0,353.0,286.0,243.0,229.0,219.0,300.0,275.0,181.0,199.0,203.0
395,Income,"Household Income 75000 to 99999 by Race, White Alone, Not Hispanic or Latino",435.0,520.0,483.0,443.0,425.0,322.0,307.0,272.0,238.0,209.0,205.0,285.0,245.0,181.0,199.0,203.0
396,Income,Household Income Greater than 200000,616.0,1130.0,1366.0,1601.0,1690.0,1910.0,1964.0,2222.0,2454.0,2525.0,2919.0,3338.0,3622.0,3938.0,4200.0,4393.0
397,Income,"Household Income Greater than 200000 by Race, American Indian and Alaska Native Alone",9.0,11.0,10.0,11.0,10.0,11.0,0.0,0.0,0.0,0.0,0.0,0.0,0.0,0.0,0.0,0.0
398,Income,"Household Income Greater than 200000 by Race, Asian Alone",39.0,172.0,188.0,216.0,238.0,270.0,282.0,319.0,417.0,446.0,613.0,748.0,798.0,886.0,1044.0,1143.0
399,Income,"Household Income Greater than 200000 by Race, Black or African American Alone",13.0,33.0,39.0,44.0,46.0,45.0,22.0,13.0,7.0,7.0,9.0,0.0,0.0,45.0,40.0,44.0
400,Income,"Household Income Greater than 200000 by Race, Hispanic or Latino",71.0,81.0,108.0,104.0,147.0,111.0,62.0,93.0,115.0,140.0,211.0,191.0,190.0,272.0,287.0,244.0
401,Income,"Household Income Greater than 200000 by Race, Native Hawaiian and Other Pacific Islander Alone",0.0,0.0,0.0,0.0,0.0,0.0,0.0,0.0,0.0,0.0,0.0,0.0,0.0,0.0,0.0,0.0
402,Income,"Household Income Greater than 200000 by Race, Some Other Race Alone",0.0,0.0,0.0,0.0,5.0,6.0,15.0,15.0,17.0,46.0,58.0,19.0,33.0,73.0,80.0,117.0
403,Income,"Household Income Greater than 200000 by Race, Two or More Races",11.0,27.0,31.0,45.0,45.0,55.0,21.0,101.0,101.0,142.0,231.0,289.0,331.0,390.0,346.0,329.0
404,Income,"Household Income Greater than 200000 by Race, White Alone",544.0,887.0,1098.0,1285.0,1346.0,1523.0,1624.0,1774.0,1912.0,1884.0,2008.0,2282.0,2460.0,2544.0,2690.0,2760.0
405,Income,"Household Income Greater than 200000 by Race, White Alone, Not Hispanic or Latino",482.0,826.0,1018.0,1201.0,1225.0,1440.0,1577.0,1696.0,1814.0,1790.0,1882.0,2157.0,2355.0,2427.0,2564.0,2705.0
406,Income,Household Income Less than 10000,387.0,155.0,224.0,223.0,182.0,186.0,319.0,343.0,218.0,218.0,134.0,115.0,118.0,113.0,103.0,147.0
407,Income,"Household Income Less than 10000 by Race, American Indian and Alaska Native Alone",20.0,20.0,21.0,36.0,29.0,0.0,0.0,0.0,0.0,0.0,0.0,0.0,0.0,0.0,0.0,0.0
408,Income,"Household Income Less than 10000 by Race, Asian Alone",49.0,16.0,30.0,43.0,46.0,44.0,52.0,68.0,68.0,33.0,49.0,43.0,72.0,82.0,63.0,62.0
409,Income,"Household Income Less than 10000 by Race, Black or African American Alone",167.0,57.0,99.0,81.0,85.0,80.0,154.0,142.0,27.0,46.0,0.0,0.0,0.0,0.0,0.0,8.0
410,Income,"Household Income Less than 10000 by Race, Hispanic or Latino",69.0,15.0,18.0,18.0,0.0,0.0,0.0,16.0,15.0,15.0,7.0,13.0,0.0,13.0,11.0,28.0
411,Income,"Household Income Less than 10000 by Race, Native Hawaiian and Other Pacific Islander Alone",0.0,0.0,0.0,0.0,0.0,0.0,0.0,0.0,0.0,0.0,0.0,0.0,0.0,0.0,0.0,0.0
412,Income,"Household Income Less than 10000 by Race, Some Other Race Alone",8.0,0.0,0.0,0.0,0.0,0.0,0.0,0.0,0.0,0.0,0.0,0.0,0.0,0.0,0.0,0.0
413,Income,"Household Income Less than 10000 by Race, Two or More Races",5.0,0.0,0.0,0.0,0.0,7.0,6.0,3.0,8.0,7.0,0.0,0.0,0.0,13.0,11.0,35.0
414,Income,"Household Income Less than 10000 by Race, White Alone",138.0,62.0,74.0,63.0,22.0,55.0,107.0,130.0,115.0,132.0,85.0,72.0,46.0,18.0,29.0,42.0
415,Income,"Household Income Less than 10000 by Race, White Alone, Not Hispanic or Latino",118.0,47.0,56.0,45.0,22.0,55.0,107.0,114.0,100.0,117.0,78.0,59.0,46.0,18.0,29.0,27.0
416,Income,Households Total for Income,5183.0,5603.0,5697.0,5678.0,5835.0,5918.0,5980.0,6071.0,6273.0,6314.0,6757.0,6901.0,7287.0,7403.0,7656.0,7619.0
417,Income,"Households Total for Income by Race, American Indian and Alaska Native Alone",42.0,54.0,45.0,71.0,39.0,11.0,0.0,0.0,0.0,0.0,0.0,0.0,0.0,7.0,7.0,20.0
418,Income,"Households Total for Income by Race, Asian Alone",406.0,652.0,632.0,729.0,731.0,894.0,991.0,1015.0,1124.0,1240.0,1429.0,1399.0,1472.0,1578.0,1667.0,1792.0
419,Income,"Households Total for Income by Race, Black or African American Alone",590.0,439.0,467.0,269.0,292.0,226.0,264.0,274.0,343.0,295.0,394.0,361.0,318.0,232.0,155.0,130.0
420,Income,"Households Total for Income by Race, Hispanic or Latino",543.0,560.0,520.0,500.0,586.0,545.0,690.0,592.0,616.0,604.0,690.0,523.0,546.0,589.0,766.0,808.0
421,Income,"Households Total for Income by Race, Native Hawaiian and Other Pacific Islander Alone",62.0,60.0,52.0,73.0,74.0,73.0,18.0,21.0,0.0,0.0,0.0,0.0,0.0,0.0,0.0,0.0
422,Income,"Households Total for Income by Race, Some Other Race Alone",117.0,150.0,170.0,167.0,188.0,182.0,290.0,231.0,290.0,336.0,396.0,195.0,283.0,300.0,424.0,488.0
423,Income,"Households Total for Income by Race, Two or More Races",129.0,81.0,116.0,126.0,129.0,151.0,122.0,225.0,242.0,287.0,394.0,503.0,599.0,736.0,743.0,772.0
424,Income,"Households Total for Income by Race, White Alone",3837.0,4167.0,4215.0,4243.0,4382.0,4381.0,4295.0,4305.0,4274.0,4156.0,4144.0,4443.0,4615.0,4550.0,4660.0,4417.0
425,Income,"Households Total for Income by Race, White Alone, Not Hispanic or Latino",3500.0,3761.0,3867.0,3867.0,3950.0,4006.0,3915.0,3961.0,4001.0,3935.0,3935.0,4234.0,4464.0,4395.0,4517.0,4337.0
426,Income,Median Family Income,66452.20588235294,127695.16728624536,131143.1623931624,147937.71043771043,149136.63663663663,152390.43824701197,150604.08921933087,161350.0,162205.88235294115,169082.8402366864,179047.61904761905,205016.46963123645,207342.10005408328,209494.7315761162,211186.29696063776,212660.08085106383
427,Income,Median Household Income,70517.44186046511,107139.83050847458,113926.6304347826,129117.14770797965,132951.01088646968,145373.66548042704,147671.10266159696,155055.24861878454,156694.1624365482,160891.08910891088,170657.72669220946,192088.6075949367,198703.25693606757,203002.91340782124,204428.74857142856,206641.5130890052
428,Income,"Median Household Income by Race, American Indian and Alaska Native Alone",35625.0,113461.53846153848,102678.57142857143,9999.0,9999.0,225001.0,0.0,0.0,0.0,0.0,0.0,0.0,0.0,137500.0,175000.0,13846.153846153846
429,Income,"Median Household Income by Race, Asian Alone",70454.54545454546,91223.40425531915,114166.66666666669,112954.54545454546,126289.68253968254,130443.54838709676,134326.92307692306,135900.0,145913.46153846153,147297.2972972973,169610.77844311378,203242.10828877005,203884.8671679198,205474.25959367945,210081.82088122604,210805.3315835521
430,Income,"Median Household Income by Race, Black or African American Alone",19294.8717948718,26225.49019607843,27590.90909090909,63750.0,62250.0,61250.0,9999.0,9999.0,18586.95652173913,19325.0,25909.090909090908,19687.5,101630.43478260867,159195.4022988506,168750.0,112500.0
431,Income,"Median Household Income by Race, Hispanic or Latino",52160.49382716049,120833.33333333334,127812.5,97619.04761904762,130000.0,136397.0588235294,98706.89655172414,97115.3846153846,48437.5,41724.137931034486,41153.84615384616,97135.41666666666,94318.18181818182,186280.48780487804,154285.7142857143,68048.78048780488
432,Income,"Median Household Income by Race, Native Hawaiian and Other Pacific Islander Alone",26923.07692307692,91935.48387096774,85416.66666666667,28750.0,29642.857142857145,80989.58333333333,27500.0,27500.0,0.0,0.0,0.0,0.0,0.0,0.0,0.0,0.0
433,Income,"Median Household Income by Race, Some Other Race Alone",56081.08108108108,116176.4705882353,63157.89473684211,59051.72413793104,64285.71428571428,65000.0,29550.0,32095.9595959596,30833.33333333333,32034.883720930236,31910.56910569106,22500.0,57903.22580645161,70000.0,62578.125,68780.48780487805
434,Income,"Median Household Income by Race, Two or More Races",56944.444444444445,94907.40740740742,98684.2105263158,116000.0,114732.14285714286,130113.63636363635,129487.17948717948,164062.5,149193.5483870968,198557.6923076923,207359.60173160167,206488.14878892733,204758.498489426,202820.62564102563,190413.53383458647,172596.15384615384
435,Income,"Median Household Income by Race, White Alone",87612.86681715575,116789.2156862745,124386.99360341152,138347.45762711865,142217.4840085288,157645.9390862944,167075.4716981132,174251.7006802721,182255.52050473183,183587.14043993232,194244.6043165468,201325.64460999123,203099.7174796748,205287.161163522,206691.71747211897,209991.34166666667
436,Income,"Median Household Income by Race, White Alone, Not Hispanic or Latino",90287.35632183908,116466.59707724424,123108.55263157896,137532.8947368421,140148.0637813212,156558.64197530865,167699.49066213923,176642.03612479474,184059.82905982903,184264.18439716316,192039.1061452514,200927.250811312,202611.5694267516,204728.24845488256,205957.726599064,209917.21737523103
437,Income,Percent in Poverty,0.1329807329051756,0.1070904645476772,0.1020857096301124,0.0991169431377403,0.0940083457995433,0.0667228435728512,0.0968763813172241,0.0927962706679292,0.1130051850273456,0.105830924346048,0.1088219756999471,0.0942175495349777,0.0631920960148531,0.0550224786955646,0.0608432546207985,0.0767008985879332
439,Income,"Percent in Poverty by Race, Asian Alone",0.125,0.036144578313253,0.0554539914686166,0.1051724137931034,0.0914844649021864,0.0987597611391823,0.1083370485956308,0.1019766397124887,0.1042424242424242,0.0631349782293178,0.0790131168019987,0.066043425814234,0.0772633441462695,0.0928819444444444,0.0745257452574525,0.0711805555555555
440,Income,"Percent in Poverty by Race, Black or African American Alone",0.4311485267588695,0.4392694063926941,0.385,0.2802101576182136,0.3944954128440367,0.4943609022556391,0.6207349081364829,0.5502958579881657,0.5690376569037657,0.4937238493723849,0.458041958041958,0.5175438596491229,0.3197492163009404,0.1497005988023952,0.0,0.4326530612244898
441,Income,"Percent in Poverty by Race, Hispanic or Latino",0.090295358649789,0.1268612269207862,0.126970227670753,0.1032689450222882,0.0569049271339347,0.0265042979942693,0.0812470477090222,0.0980392156862745,0.2541580041580041,0.2812662169174883,0.2630395683453237,0.2652694610778443,0.1261048909840895,0.0477371357718536,0.2072977260708619,0.2147239263803681
443,Income,"Percent in Poverty by Race, Some Other Race Alone",0.0797342192691029,0.312039312039312,0.1351351351351351,0.1861471861471861,0.1773584905660377,0.0040983606557377,0.1861979166666666,0.1746835443037974,0.408016443987667,0.4156079854809437,0.3891304347826086,0.4864864864864865,0.2057142857142857,0.094175960346964,0.3570127504553734,0.3376623376623376
444,Income,"Percent in Poverty by Race, Two or More Races",0.2786516853932584,0.0714285714285714,0.0797546012269938,0.1070234113712374,0.1021897810218978,0.0802005012531328,0.0842857142857142,0.0512295081967213,0.0658682634730539,0.0931734317343173,0.0807504078303425,0.0206327372764786,0.004466778336125,0.0115662650602409,0.01252408477842,0.0345454545454545
445,Income,"Percent in Poverty by Race, White Alone",0.0435652049707184,0.0506528046421663,0.0484586929716399,0.0510879848628193,0.0356617230838899,0.0340760157273918,0.044062153163152,0.0447574690446438,0.0377314814814814,0.0488380323227556,0.043349520312685,0.0402081362346263,0.0356546625327927,0.0402134789623929,0.029101856497742,0.031193606599639
446,Income,"Percent in Poverty by Race, White Alone, Not Hispanic or Latino",0.0452309157276622,0.0495230078563411,0.042374032323781,0.0477352861404936,0.0384815392615704,0.03783850624459,0.050218902910121,0.0464459840903258,0.0349605898804983,0.0473650793650793,0.0432501599488163,0.0387675211516605,0.035264483627204,0.04199611147116,0.0302911607259433,0.0272368421052631
457,Language Spoken at Home,Asian/Pacific Islander,0.0826429783411518,0.0726126748402693,0.0749891634156913,0.0945709281961471,0.0878576823025929,0.1107008042015427,0.1009496448806958,0.0916456891126494,0.0836784782942169,0.1007210455159982,0.1045352429092951,0.1170052401119804,0.1045038705137227,0.1110092390154453,0.1129087779690189,0.1189020337631264
459,Language Spoken at Home,English Only,0.7792194829823336,0.7318252460714902,0.7615084525357607,0.7147110332749562,0.7242594612738105,0.7126210405383226,0.685739366371399,0.7039018250471994,0.7271053842613898,0.7343397926994142,0.7309042403819151,0.7567295958653363,0.7421534130893737,0.725509556386205,0.6970051635111876,0.672604014355975
461,Language Spoken at Home,Other European Languages,0.0633795788002794,0.0955793472629943,0.0915474642392717,0.0980735551663747,0.0991860367542166,0.0930576070901034,0.0847498204452956,0.0910950283196979,0.0838318760546096,0.0611386510440138,0.0579893288402134,0.0605843083770009,0.0783954961294862,0.083574300021158,0.0989328743545611,0.1085338295892596
463,Language Spoken at Home,Other Languages,0.0066872941411318,0.0040580210671731,0.0093628088426527,0.0133099824868651,0.0152723000755223,0.0255210897751518,0.0239406272444338,0.014002517306482,0.0111980365086669,0.0121676430824695,0.0032996349340073,0.0041633766420213,0.0042927515833919,0.0090979617744551,0.0065404475043029,0.0075767645885949
465,Language Spoken at Home,Spanish Only,0.0680706657351033,0.0959247107580728,0.0625921109666233,0.0793345008756567,0.0734245195938575,0.0580994583948793,0.1046205410581757,0.099354940213971,0.0941862248811167,0.0916328676581042,0.1032715529345689,0.0615174790036609,0.0706544686840253,0.0708089428027364,0.0846127366609294,0.092383357703044
467,Nativity,Foreign Born,0.1432063939821344,0.2048899755501222,0.1983766233766233,0.2197007071205393,0.2090852032010042,0.2356128835292321,0.2271492548271052,0.2233602091959032,0.2099333994615275,0.2081779154057287,0.2141019721654244,0.2034355001684068,0.2141294983100271,0.2271064707055928,0.2528616697924077,0.2456753887466433
468,Population,Total Population,10635.0,12270.0,12320.0,12162.0,12746.0,13102.0,13621.0,13767.0,14114.0,14209.0,15161.0,14845.0,15089.0,15037.0,15463.0,16013.0
469,Race/Ethnicity,Asian,974.0,1577.0,1658.0,1753.0,1752.0,2199.0,2253.0,2235.0,2484.0,2756.0,3202.0,3316.0,3391.0,3521.0,3807.0,4207.0
470,Race/Ethnicity,Black/African American,1671.0,1095.0,1204.0,575.0,654.0,532.0,762.0,845.0,956.0,717.0,858.0,798.0,638.0,501.0,382.0,526.0
471,Race/Ethnicity,Latino Population (of Any Race),1202.0,1679.0,1142.0,1346.0,1441.0,1396.0,2117.0,1887.0,1924.0,1927.0,2224.0,1670.0,1697.0,1649.0,1960.0,2030.0
472,Race/Ethnicity,Native American Indian,42.0,236.0,234.0,347.0,331.0,11.0,21.0,24.0,33.0,47.0,35.0,0.0,0.0,7.0,8.0,22.0
473,Race/Ethnicity,Native Hawaiian/Pacific Islander,184.0,165.0,141.0,174.0,195.0,136.0,70.0,65.0,0.0,0.0,0.0,0.0,0.0,0.0,0.0,20.0
474,Race/Ethnicity,Other/Two or More Races,763.0,925.0,948.0,829.0,950.0,1042.0,1468.0,1766.0,1975.0,2186.0,2606.0,2268.0,2666.0,2900.0,3214.0,3321.0
475,Race/Ethnicity,"White Alone, Not Hispanic or Latino",6301.0,7128.0,7388.0,7402.0,7723.0,8113.0,7803.0,7823.0,7892.0,7901.0,7832.0,7926.0,7948.0,7748.0,7710.0,7728.0
476,Race/Ethnicity,"White, Including Hispanic or Latino",7001.0,8272.0,8135.0,8484.0,8864.0,9182.0,9047.0,8832.0,8666.0,8503.0,8460.0,8463.0,8394.0,8108.0,8052.0,7917.0
477,Sex,Female,0.4722143864598025,0.480521597392013,0.493262987012987,0.4736885380693965,0.4570845755531147,0.4479468783391848,0.4767638205711768,0.4740321057601511,0.4793113220915403,0.4785699204729396,0.4778048941362707,0.4771977096665544,0.4742527669162966,0.4821440446897652,0.4896850546465757,0.501155311309561
478,Sex,Male,0.5277856135401975,0.5194784026079869,0.506737012987013,0.5263114619306035,0.5429154244468853,0.5520531216608151,0.5232361794288232,0.5259678942398489,0.5206886779084597,0.5214300795270603,0.5221951058637293,0.5228022903334456,0.5257472330837034,0.5178559553102348,0.5103149453534243,0.498844688690439
479,Unit Size,1 Bedroom,1277.0,1420.0,1581.0,1602.0,1588.0,1560.0,1488.0,1563.0,1597.0,1650.0,1543.0,1745.0,1841.0,2004.0,2222.0,2161.0
480,Unit Size,2 Bedrooms,2339.0,2171.0,2293.0,2188.0,2383.0,2650.0,2642.0,2653.0,2724.0,2617.0,2876.0,2715.0,3038.0,3063.0,3135.0,3248.0
481,Unit Size,3-4 Bedrooms,1374.0,1962.0,1847.0,1959.0,1936.0,1752.0,1922.0,1892.0,1933.0,2058.0,2129.0,1993.0,1853.0,1832.0,1859.0,1924.0
482,Unit Size,5 or More Bedrooms,43.0,74.0,33.0,22.0,13.0,13.0,0.0,0.0,0.0,22.0,20.0,46.0,99.0,126.0,106.0,102.0
483,Unit Size,No Bedroom,336.0,395.0,385.0,423.0,445.0,402.0,389.0,401.0,464.0,567.0,742.0,1032.0,1212.0,1391.0,1244.0,1248.0
484,Vehicles Available,Households with no Vehicle,0.1538760442976491,0.1285025878993396,0.1151483236791293,0.1067277210285311,0.1050556983718937,0.0953024670496789,0.1108695652173913,0.1134903640256959,0.122270046229874,0.1395312005068102,0.1546544324404321,0.1640341979423272,0.1752435844654865,0.1865459948669458,0.1750261233019853,0.1691823073894212
485,Vehicles Available,Percent of No Vehicle Homeowning Households,0.056869881710646,0.0289514866979655,0.0333333333333333,0.0281800391389432,0.040506329113924,0.0453531598513011,0.0387400434467777,0.047375596455351,0.0523747560182173,0.0586500655307994,0.0472774698402347,0.0530232558139534,0.0462107208872458,0.0689097379488838,0.0701130856219709,0.062037037037037
486,Vehicles Available,Percent of No Vehicle Renting Households,0.2261783655476432,0.2120118148999015,0.1828681424446583,0.1709894332372718,0.1631921824104234,0.1369268897149938,0.1727781230577998,0.1753267452980554,0.1894341981869334,0.2152053954629061,0.2439024390243902,0.2614254624591948,0.2788913635238802,0.2708719851576994,0.246217934663451,0.2484585521808632
487,Vehicles Available,Vehicles Available,6996.0,7532.0,7767.0,7739.0,7951.0,8232.0,8250.0,8261.0,8205.0,8019.0,8269.0,8384.0,8555.0,8429.0,8596.0,8581.0
488,Vehicles Available,Vehicles Homeowners,0.4991423670668953,0.5290759426447159,0.5046993691257886,0.4899857862772968,0.5089925795497422,0.4900388726919339,0.5112727272727273,0.5454545454545454,0.5542961608775138,0.5523132560169597,0.5371870842907244,0.5599952290076335,0.5428404441846874,0.512397674694507,0.4891810144253141,0.511478848619042
489,Vehicles Available,Vehicles Per Capita,0.6578279266572638,0.6138549307253464,0.6304383116883117,0.6363262621279395,0.6238035462105759,0.6283010227446192,0.6056824021731151,0.6000581099731241,0.5813376789003826,0.5643606165106623,0.5454125717300969,0.5647692825867295,0.5669693153953211,0.5605506417503492,0.5559076505205975,0.5358770998563667
490,Vehicles Available,Vehicles Renters,0.5008576329331046,0.4709240573552841,0.4953006308742114,0.5100142137227032,0.4910074204502578,0.5099611273080661,0.4887272727272727,0.4545454545454545,0.4457038391224863,0.4476867439830402,0.4628129157092756,0.4400047709923664,0.4571595558153127,0.4876023253054929,0.5108189855746859,0.4885211513809579
491,,"Housing Units with a Mortgage 30%+ by Race, American Indian and Alaska Native Alone",0.0,0.0,0.0,0.0,0.0,0.0,0.0,0.0,0.0,0.0,0.0,0.0,0.0,0.0,0.0,0.0
492,,"Housing Units with a Mortgage 30%+ by Race, Asian Alone",28.0,0.0,0.0,0.0,0.0,0.0,0.0,0.0,0.0,0.0,0.0,0.0,0.0,0.0,77.0,89.0
493,,"Housing Units with a Mortgage 30%+ by Race, Black or African American Alone",9.0,0.0,0.0,0.0,0.0,0.0,0.0,0.0,0.0,0.0,0.0,0.0,0.0,0.0,0.0,0.0
494,,"Housing Units with a Mortgage 30%+ by Race, Hispanic or Latino",48.0,0.0,0.0,0.0,0.0,0.0,0.0,0.0,0.0,0.0,0.0,0.0,0.0,0.0,93.0,114.0
495,,"Housing Units with a Mortgage 30%+ by Race, Native Hawaiian and Other Pacific Islander Alone",0.0,0.0,0.0,0.0,0.0,0.0,0.0,0.0,0.0,0.0,0.0,0.0,0.0,0.0,0.0,0.0
496,,"Housing Units with a Mortgage 30%+ by Race, Some Other Race Alone",0.0,0.0,0.0,0.0,0.0,0.0,0.0,0.0,0.0,0.0,0.0,0.0,0.0,0.0,0.0,8.0
497,,"Housing Units with a Mortgage 30%+ by Race, Two or More Races",0.0,0.0,0.0,0.0,0.0,0.0,0.0,0.0,0.0,0.0,0.0,0.0,0.0,0.0,139.0,150.0
498,,"Housing Units with a Mortgage 30%+ by Race, White Alone",292.0,0.0,0.0,0.0,0.0,0.0,0.0,0.0,0.0,0.0,0.0,0.0,0.0,0.0,476.0,396.0
499,,"Housing Units with a Mortgage 30%+ by Race, White Alone, Not Hispanic or Latino",253.0,0.0,0.0,0.0,0.0,0.0,0.0,0.0,0.0,0.0,0.0,0.0,0.0,0.0,476.0,396.0
500,,"Housing Units with a Mortgage Not Calculated by Race, American Indian and Alaska Native Alone",0.0,0.0,0.0,0.0,0.0,0.0,0.0,0.0,0.0,0.0,0.0,0.0,0.0,0.0,0.0,0.0
501,,"Housing Units with a Mortgage Not Calculated by Race, Asian Alone",0.0,0.0,0.0,0.0,0.0,0.0,0.0,0.0,0.0,0.0,0.0,0.0,0.0,0.0,0.0,0.0
502,,"Housing Units with a Mortgage Not Calculated by Race, Black or African American Alone",0.0,0.0,0.0,0.0,0.0,0.0,0.0,0.0,0.0,0.0,0.0,0.0,0.0,0.0,0.0,0.0
503,,"Housing Units with a Mortgage Not Calculated by Race, Hispanic or Latino",0.0,0.0,0.0,0.0,0.0,0.0,0.0,0.0,0.0,0.0,0.0,0.0,0.0,0.0,0.0,0.0
504,,"Housing Units with a Mortgage Not Calculated by Race, Native Hawaiian and Other Pacific Islander Alone",0.0,0.0,0.0,0.0,0.0,0.0,0.0,0.0,0.0,0.0,0.0,0.0,0.0,0.0,0.0,0.0
505,,"Housing Units with a Mortgage Not Calculated by Race, Some Other Race Alone",0.0,0.0,0.0,0.0,0.0,0.0,0.0,0.0,0.0,0.0,0.0,0.0,0.0,0.0,0.0,0.0
506,,"Housing Units with a Mortgage Not Calculated by Race, Two or More Races",0.0,0.0,0.0,0.0,0.0,0.0,0.0,0.0,0.0,0.0,0.0,0.0,0.0,0.0,0.0,0.0
507,,"Housing Units with a Mortgage Not Calculated by Race, White Alone",0.0,0.0,0.0,0.0,0.0,0.0,0.0,0.0,0.0,0.0,0.0,0.0,0.0,0.0,0.0,0.0
508,,"Housing Units with a Mortgage Not Calculated by Race, White Alone, Not Hispanic or Latino",0.0,0.0,0.0,0.0,0.0,0.0,0.0,0.0,0.0,0.0,0.0,0.0,0.0,0.0,0.0,0.0
509,,"Housing Units without a Mortgage 30%+ by Race, American Indian and Alaska Native Alone",0.0,0.0,0.0,0.0,0.0,0.0,0.0,0.0,0.0,0.0,0.0,0.0,0.0,0.0,0.0,0.0
510,,"Housing Units without a Mortgage 30%+ by Race, Asian Alone",0.0,0.0,0.0,0.0,0.0,0.0,0.0,0.0,0.0,0.0,0.0,0.0,0.0,0.0,44.0,36.0
511,,"Housing Units without a Mortgage 30%+ by Race, Black or African American Alone",0.0,0.0,0.0,0.0,0.0,0.0,0.0,0.0,0.0,0.0,0.0,0.0,0.0,0.0,0.0,0.0
512,,"Housing Units without a Mortgage 30%+ by Race, Hispanic or Latino",0.0,0.0,0.0,0.0,0.0,0.0,0.0,0.0,0.0,0.0,0.0,0.0,0.0,0.0,35.0,36.0
513,,"Housing Units without a Mortgage 30%+ by Race, Native Hawaiian and Other Pacific Islander Alone",0.0,0.0,0.0,0.0,0.0,0.0,0.0,0.0,0.0,0.0,0.0,0.0,0.0,0.0,0.0,0.0
514,,"Housing Units without a Mortgage 30%+ by Race, Some Other Race Alone",0.0,0.0,0.0,0.0,0.0,0.0,0.0,0.0,0.0,0.0,0.0,0.0,0.0,0.0,0.0,0.0
515,,"Housing Units without a Mortgage 30%+ by Race, Two or More Races",0.0,0.0,0.0,0.0,0.0,0.0,0.0,0.0,0.0,0.0,0.0,0.0,0.0,0.0,35.0,36.0
516,,"Housing Units without a Mortgage 30%+ by Race, White Alone",35.0,0.0,0.0,0.0,0.0,0.0,0.0,0.0,0.0,0.0,0.0,0.0,0.0,0.0,112.0,112.0
517,,"Housing Units without a Mortgage 30%+ by Race, White Alone, Not Hispanic or Latino",35.0,0.0,0.0,0.0,0.0,0.0,0.0,0.0,0.0,0.0,0.0,0.0,0.0,0.0,112.0,112.0
518,,"Housing Units without a Mortgage Not Calculated by Race, American Indian and Alaska Native Alone",0.0,0.0,0.0,0.0,0.0,0.0,0.0,0.0,0.0,0.0,0.0,0.0,0.0,0.0,0.0,0.0
519,,"Housing Units without a Mortgage Not Calculated by Race, Asian Alone",0.0,0.0,0.0,0.0,0.0,0.0,0.0,0.0,0.0,0.0,0.0,0.0,0.0,0.0,0.0,0.0
520,,"Housing Units without a Mortgage Not Calculated by Race, Black or African American Alone",0.0,0.0,0.0,0.0,0.0,0.0,0.0,0.0,0.0,0.0,0.0,0.0,0.0,0.0,0.0,0.0
521,,"Housing Units without a Mortgage Not Calculated by Race, Hispanic or Latino",0.0,0.0,0.0,0.0,0.0,0.0,0.0,0.0,0.0,0.0,0.0,0.0,0.0,0.0,0.0,0.0
522,,"Housing Units without a Mortgage Not Calculated by Race, Native Hawaiian and Other Pacific Islander Alone",0.0,0.0,0.0,0.0,0.0,0.0,0.0,0.0,0.0,0.0,0.0,0.0,0.0,0.0,0.0,0.0
523,,"Housing Units without a Mortgage Not Calculated by Race, Some Other Race Alone",0.0,0.0,0.0,0.0,0.0,0.0,0.0,0.0,0.0,0.0,0.0,0.0,0.0,0.0,0.0,0.0
524,,"Housing Units without a Mortgage Not Calculated by Race, Two or More Races",0.0,0.0,0.0,0.0,0.0,0.0,0.0,0.0,0.0,0.0,0.0,0.0,0.0,0.0,0.0,0.0
525,,"Housing Units without a Mortgage Not Calculated by Race, White Alone",0.0,0.0,0.0,0.0,0.0,0.0,0.0,0.0,0.0,0.0,0.0,0.0,0.0,0.0,0.0,0.0
526,,"Housing Units without a Mortgage Not Calculated by Race, White Alone, Not Hispanic or Latino",0.0,0.0,0.0,0.0,0.0,0.0,0.0,0.0,0.0,0.0,0.0,0.0,0.0,0.0,0.0,0.0
