,Category,Attribute,2000_Seacliff,2010_Seacliff,2011_Seacliff,2012_Seacliff,2013_Seacliff,2014_Seacliff,2015_Seacliff,2016_Seacliff,2017_Seacliff,2018_Seacliff,2019_Seacliff,2020_Seacliff,2021_Seacliff,2022_Seacliff,2023_Seacliff,2024_Seacliff
227,Affordability,# Units at or below 100 AMI Monthly Affordable Rent,201.0,121.0,124.0,158.0,171.0,194.0,172.0,170.0,169.0,176.0,183.0,884.0,200.0,136.0,119.0,110
218,Affordability,# Units at or below 30 AMI Monthly Affordable Rent,201.0,121.0,124.0,158.0,171.0,194.0,172.0,170.0,169.0,176.0,183.0,884.0,200.0,136.0,119.0,110
221,Affordability,# Units at or below 50 AMI Monthly Affordable Rent,201.0,121.0,124.0,158.0,171.0,194.0,172.0,170.0,169.0,176.0,183.0,884.0,200.0,136.0,119.0,110
224,Affordability,# Units at or below 80 AMI Monthly Affordable Rent,201.0,121.0,124.0,158.0,171.0,194.0,172.0,170.0,169.0,176.0,183.0,884.0,200.0,136.0,119.0,110
225,Affordability,100 AMI Annual Income,145192.3076923077,156048.38709677418,185333.3333333333,149695.1219512195,201635.0864978903,155555.55555555556,143506.4935064935,180357.14285714284,166758.24175824175,170052.08333333334,173093.22033898305,157655.82655826557,203791.13524590165,208972.3214953271,210259.0310344828,210174.82558139536
226,Affordability,100 AMI Monthly Affordable Rent,12099.358974358975,13004.032258064515,15444.444444444443,12474.59349593496,16802.92387482419,12962.962962962964,11958.87445887446,15029.761904761903,13896.520146520146,14171.006944444445,14424.435028248588,13137.985546522132,16982.59460382514,17414.360124610594,17521.585919540234,17514.568798449614
216,Affordability,30 AMI Annual Income,43557.692307692305,46814.51612903225,55599.99999999999,44908.53658536585,60490.52594936709,46666.666666666664,43051.94805194805,54107.14285714285,50027.47252747253,51015.625,51927.96610169492,47296.74796747967,61137.34057377049,62691.69644859813,63077.709310344835,63052.4476744186
217,Affordability,30 AMI Monthly Affordable Rent,3629.807692307692,3901.209677419354,4633.333333333333,3742.3780487804875,5040.877162447257,3888.8888888888887,3587.6623376623374,4508.928571428571,4168.956043956044,4251.302083333333,4327.330508474576,3941.395663956639,5094.778381147541,5224.308037383177,5256.47577586207,5254.370639534884
219,Affordability,50 AMI Annual Income,72596.15384615384,78024.19354838709,92666.66666666666,74847.56097560975,100817.54324894515,77777.77777777778,71753.24675324676,90178.57142857142,83379.12087912088,85026.04166666667,86546.61016949153,78827.91327913279,101895.56762295082,104486.16074766355,105129.5155172414,105087.41279069768
220,Affordability,50 AMI Monthly Affordable Rent,6049.679487179487,6502.016129032258,7722.222222222222,6237.29674796748,8401.461937412096,6481.481481481482,5979.43722943723,7514.880952380951,6948.260073260073,7085.503472222223,7212.217514124294,6568.992773261066,8491.29730191257,8707.180062305297,8760.792959770117,8757.284399224807
222,Affordability,80 AMI Annual Income,116153.84615384616,124838.70967741935,148266.66666666666,119756.09756097561,161308.06919831224,124444.44444444445,114805.19480519481,144285.7142857143,133406.5934065934,136041.6666666667,138474.57627118644,126124.66124661246,163032.90819672134,167177.8571962617,168207.22482758624,168139.8604651163
223,Affordability,80 AMI Monthly Affordable Rent,9679.48717948718,10403.225806451612,12355.555555555555,9979.674796747968,13442.339099859353,10370.37037037037,9567.099567099567,12023.809523809525,11117.216117216116,11336.805555555557,11539.54802259887,10510.388437217705,13586.075683060111,13931.488099688475,14017.268735632186,14011.655038759693
0,Age,0-2 Years,0.54,0.5126050420168067,0.4014598540145985,0.3756906077348066,0.3423076923076923,0.3717948717948718,0.2891566265060241,0.3421052631578947,0.4310344827586206,0.5522388059701493,0.4589371980676328,0.5026455026455027,0.5227272727272727,0.5209580838323353,0.4550898203592814,0.7007299270072993
1,Age,0-4 Years,0.0741747572815534,0.0469995803608896,0.0546875,0.0666969147005444,0.0837738918259455,0.0801866779804836,0.0718586912886391,0.0724755700325733,0.0548658390068081,0.0654618473895582,0.060630235341045,0.0074603668013677,0.0543782487005197,0.0583475298126064,0.0541546093427035,0.0497774180493727
2,Age,18-34 Years,0.1580582524271844,0.0973562736046999,0.0828993055555555,0.1011796733212341,0.0683204554697031,0.0950360627916843,0.0943396226415094,0.0912052117263843,0.0812975570684821,0.0995983935742971,0.0937375349022736,0.418713086726764,0.1151539384246301,0.141396933560477,0.1244315832988838,0.1339538648320518
3,Age,3-5 Years,0.46,0.4873949579831932,0.5985401459854015,0.6243093922651933,0.6576923076923077,0.6282051282051282,0.7108433734939759,0.6578947368421053,0.5689655172413793,0.4477611940298507,0.5410628019323671,0.4973544973544973,0.4772727272727273,0.4790419161676646,0.5449101796407185,0.2992700729927007
4,Age,35-59 Years,0.3972815533980582,0.4015946286193873,0.39453125,0.367967332123412,0.4013826758845059,0.3487484089944845,0.367322360497792,0.3762214983713355,0.3976772126551862,0.38714859437751,0.3801356202632628,0.326701896176562,0.3610555777688924,0.3390119250425894,0.3501446878875568,0.3520841764467827
5,Age,5-17 Years,0.1766990291262136,0.175828787242971,0.1597222222222222,0.161070780399274,0.1947946319642131,0.1960118795078489,0.2123645122440786,0.2157980456026058,0.2282739287144573,0.2096385542168674,0.2261667331471878,0.0693192415293752,0.1995201919232307,0.1699318568994889,0.166597767672592,0.159854309995953
6,Age,60 and older,0.1937864077669903,0.278220730172052,0.3081597222222222,0.3030852994555354,0.2517283448556324,0.2800169707254985,0.2541148133279807,0.2442996742671009,0.237885462555066,0.238152610441767,0.2393298763462305,0.1778054087659309,0.2698920431827269,0.2913117546848381,0.3046713517982637,0.3043302306758397
7,Age,Under 18 Years,646.0,531.0,494.0,502.0,685.0,651.0,708.0,708.0,707.0,685.0,719.0,620.0,635.0,536.0,534.0,518.0
8,Age,Under 6 Years,250.0,119.0,137.0,181.0,260.0,234.0,249.0,228.0,174.0,201.0,207.0,189.0,176.0,167.0,167.0,137.0
228,Educational Attainment,College Degree or higher,0.7268698060941828,0.7900943396226415,0.7843954734961287,0.8081321473951716,0.8233601841196778,0.7795893719806763,0.7868375072801398,0.8098341232227488,0.8069767441860465,0.8348729792147807,0.845931909982689,0.7568857877341167,0.8318485523385301,0.8363424577751892,0.8263574660633484,0.8360927152317881
229,Educational Attainment,High School or Less,0.1108033240997229,0.088443396226415,0.0887432995830851,0.0889453621346886,0.071921749136939,0.0821256038647343,0.0728013977868375,0.0598341232227488,0.0505813953488372,0.046189376443418,0.0386612810155799,0.1244950422328314,0.0712694877505567,0.0832847990681421,0.0791855203619909,0.0894039735099337
230,Educational Attainment,Some College/Associate Degree,0.1623268698060941,0.1214622641509434,0.1268612269207862,0.1029224904701397,0.1047180667433832,0.1382850241545893,0.1403610949330227,0.1303317535545023,0.1424418604651162,0.1189376443418013,0.1154068090017311,0.1186191700330517,0.0968819599109131,0.0803727431566686,0.0944570135746606,0.0745033112582781
9,Employment,"6-17, Living with One Parent",41.0,28.0,48.0,64.0,97.0,115.0,129.0,97.0,106.0,59.0,74.0,31.0,47.0,54.0,52.0,63.0
10,Employment,"6-17, Living with One Parent, Parent Not in Labor Force",0.1219512195121951,0.0,0.4375,0.5625,0.2577319587628865,0.2347826086956521,0.4496124031007752,0.2886597938144329,0.3113207547169811,0.6949152542372882,0.5,0.0,0.0,0.0,0.0,0.0
11,Employment,"6-17, Living with One Parent, Parent in Labor Force",0.8780487804878049,1.0,0.5625,0.4375,0.7422680412371134,0.7652173913043478,0.5503875968992248,0.711340206185567,0.6886792452830188,0.3050847457627119,0.5,1.0,1.0,1.0,1.0,1.0
12,Employment,"6-17, Living with Two Parents",348.0,384.0,309.0,257.0,328.0,302.0,330.0,383.0,427.0,418.0,431.0,386.0,397.0,303.0,307.0,309.0
13,Employment,"6-17, Living with Two Parents, One Parent in Labor Force",0.3448275862068966,0.8671875,0.8446601941747572,0.7237354085603113,0.5426829268292683,0.543046357615894,0.696969696969697,0.6370757180156658,0.6206088992974239,0.6555023923444976,0.5336426914153132,0.3704663212435233,0.3224181360201511,0.2112211221122112,0.1628664495114006,0.0970873786407767
14,Employment,"6-17, Living with Two Parents, Parents Not in Labor Force",0.0603448275862069,0.0729166666666666,0.0679611650485436,0.0894941634241245,0.0853658536585365,0.0596026490066225,0.0575757575757575,0.0783289817232376,0.0374707259953161,0.069377990430622,0.0580046403712296,0.0595854922279792,0.0403022670025188,0.033003300330033,0.0,0.058252427184466
15,Employment,"6-17, Living with Two Parents, Parents in Labor Force",0.5948275862068966,0.0598958333333333,0.087378640776699,0.1867704280155642,0.3719512195121951,0.3973509933774834,0.2454545454545454,0.2845953002610966,0.3419203747072599,0.2751196172248804,0.408352668213457,0.5699481865284974,0.6372795969773299,0.7557755775577558,0.8371335504885994,0.8446601941747572
231,Employment,Employed Residents,1249.0,1011.0,956.0,960.0,1039.0,993.0,986.0,983.0,1018.0,1016.0,1101.0,2218.0,1265.0,1223.0,1219.0,1251.0
232,Employment,Managerial Professional,0.6621297037630104,0.6884272997032641,0.7269874476987448,0.784375,0.8152069297401348,0.7552870090634441,0.7302231237322515,0.7151576805696847,0.7239685658153242,0.7529527559055118,0.7411444141689373,0.5973850315599639,0.7343873517786561,0.695829926410466,0.7383100902379,0.7609912070343725
233,Employment,Natural Resources,0.0472377902321857,0.0128585558852621,0.0156903765690376,0.0,0.0182868142444658,0.0181268882175226,0.0162271805273833,0.0183112919633774,0.0235756385068762,0.0127952755905511,0.0136239782016348,0.0,0.0142292490118577,0.0245298446443172,0.0164068908941755,0.017585931254996
234,Employment,Production Transport Materials,0.0040032025620496,0.0445103857566765,0.0418410041841004,0.0229166666666666,0.0134744947064485,0.0221550855991943,0.011156186612576,0.0081383519837232,0.0117878192534381,0.0078740157480314,0.0154405086285195,0.0279531109107303,0.0221343873517786,0.017170891251022,0.0106644790812141,0.0063948840927258
235,Employment,Sales and Office,0.2602081665332266,0.2314540059347181,0.2081589958158995,0.1625,0.1231953801732435,0.1762336354481369,0.2068965517241379,0.2126144455747711,0.1895874263261296,0.1771653543307086,0.1462306993642143,0.2380522993688007,0.150197628458498,0.1668029435813573,0.1369975389663658,0.1302957633892885
236,Employment,Services,0.0264211369095276,0.0227497527200791,0.0073221757322175,0.0302083333333333,0.0298363811357074,0.0281973816717019,0.0354969574036511,0.0457782299084435,0.0510805500982318,0.0492125984251968,0.0835603996366939,0.1366095581605049,0.0790513833992094,0.0956663941128372,0.0976210008203445,0.0847322142286171
16,Employment,"Under 6 Years, Living with One Parent",7.0,0.0,3.0,5.0,5.0,5.0,28.0,12.0,13.0,28.0,23.0,13.0,15.0,15.0,0.0,0.0
17,Employment,"Under 6 Years, Living with One Parent, Parent Not in Labor Force",0.0,,0.0,0.0,0.0,0.0,0.0,0.0,0.0,0.0,0.0,0.0,0.0,0.0,,
18,Employment,"Under 6 Years, Living with One Parent, Parent in Labor Force",1.0,,1.0,1.0,1.0,1.0,1.0,1.0,1.0,1.0,1.0,1.0,1.0,1.0,,
19,Employment,"Under 6 Years, Living with Two Parents",243.0,119.0,134.0,176.0,255.0,229.0,221.0,216.0,161.0,173.0,184.0,176.0,161.0,152.0,167.0,137.0
20,Employment,"Under 6 Years, Living with Two Parents, One Parent in Labor Force",0.5390946502057613,0.5630252100840336,0.4477611940298507,0.4659090909090909,0.4549019607843137,0.5502183406113537,0.4570135746606334,0.5092592592592593,0.3540372670807453,0.3121387283236994,0.1521739130434782,0.2045454545454545,0.217391304347826,0.2434210526315789,0.2395209580838323,0.3138686131386861
21,Employment,"Under 6 Years, Living with Two Parents, Parents Not in Labor Force",0.0534979423868312,0.0840336134453781,0.0746268656716417,0.0681818181818181,0.0509803921568627,0.0218340611353711,0.0226244343891402,0.0462962962962962,0.0434782608695652,0.0462427745664739,0.0380434782608695,0.0284090909090909,0.0,0.0,0.0,0.0
22,Employment,"Under 6 Years, Living with Two Parents, Parents in Labor Force",0.4074074074074074,0.3529411764705882,0.4776119402985074,0.4659090909090909,0.4941176470588235,0.4279475982532751,0.5203619909502263,0.4444444444444444,0.6024844720496895,0.6416184971098265,0.8097826086956522,0.7670454545454546,0.782608695652174,0.756578947368421,0.7604790419161677,0.6861313868613139
237,Employment,Unemployment Rate,0.02421875,0.0316091954022988,0.0343434343434343,0.0283400809716599,0.0280636108512628,0.0424300867888138,0.0500963391136801,0.0502415458937198,0.0450281425891182,0.0469043151969981,0.0359019264448336,0.025054945054945,0.0132605304212168,0.0129136400322841,0.0232371794871794,0.0203602192638997
23,Employment,Worked in place of residence,0.7921117502054231,0.7764589515331355,0.7770767613038907,0.7949790794979079,0.7988338192419825,0.7985611510791367,0.8076923076923077,0.8058151609553479,0.7613516367476241,0.747872340425532,0.7403474903474904,0.7920433996383364,0.8061564059900166,0.8460905349794239,0.8447563996696945,0.831053901850362
24,Employment,Worked outside place of residence,0.2078882497945768,0.2235410484668644,0.2229232386961093,0.205020920502092,0.2011661807580174,0.2014388489208633,0.1923076923076923,0.1941848390446521,0.2386483632523759,0.2521276595744681,0.2596525096525096,0.2079566003616636,0.1938435940099833,0.1539094650205761,0.1552436003303055,0.1689460981496379
25,Households,Average Family Household Size,3.165730337078652,3.0608695652173914,2.9727403156384504,2.9086757990867578,3.047106325706595,3.0762463343108504,3.22953216374269,3.2549019607843137,3.1560283687943262,3.155049786628734,3.256150506512301,3.0271398747390394,3.171673819742489,3.151090342679128,3.1522070015220702,3.0992700729927005
26,Households,Average Household Size,2.651905252317199,2.633149171270718,2.60633484162896,2.4960362400906004,2.681570338058888,2.5901098901098902,2.707608695652174,2.738015607580825,2.670588235294117,2.697724810400867,2.813692480359147,2.222300635144672,2.772727272727273,2.6742596810933943,2.623644251626898,2.576642335766423
27,Households,Family Households,0.733264675592173,0.7624309392265194,0.7884615384615384,0.7440543601359003,0.8102508178844057,0.7494505494505495,0.7434782608695653,0.7391304347826086,0.7540106951871658,0.761646803900325,0.7755331088664422,0.3380381086803105,0.7749445676274944,0.7312072892938497,0.7125813449023861,0.7142857142857143
28,Households,Households,971.0,905.0,884.0,883.0,917.0,910.0,920.0,897.0,935.0,923.0,891.0,1417.0,902.0,878.0,922.0,959.0
29,Households,"Households with 60 years and older, % of Total (DEC, 65 years and older)",0.446961894953656,0.492817679558011,0.5158371040723982,0.4994337485843714,0.430752453653217,0.4604395604395604,0.4369565217391304,0.4202898550724637,0.413903743315508,0.4203683640303358,0.4287317620650954,0.278757939308398,0.4844789356984479,0.520501138952164,0.5607375271149675,0.5182481751824818
30,Households,"Households with Children, % of Total",0.3501544799176107,0.3149171270718232,0.3212669683257919,0.3250283125707814,0.4122137404580153,0.3791208791208791,0.4043478260869565,0.3901895206243032,0.4,0.3824485373781148,0.3984287317620651,0.1009174311926605,0.38470066518847,0.3302961275626423,0.289587852494577,0.305526590198123
31,Households,Living in Group Quarters,0.0,0.0,0.0,93.0,90.0,118.0,116.0,124.0,125.0,101.0,0.0,68.0,0.0,0.0,0.0,0.0
32,Households,Non-Family Households,0.266735324407827,0.2375690607734806,0.2115384615384615,0.2559456398640997,0.1897491821155943,0.2505494505494505,0.2565217391304348,0.2608695652173913,0.2459893048128342,0.2383531960996749,0.2244668911335578,0.6619618913196895,0.2250554323725055,0.2687927107061503,0.2874186550976139,0.2857142857142857
33,Households,"Single Person Households, % of Total",0.2080329557157569,0.1966850828729281,0.1787330316742081,0.2027180067950169,0.1701199563794983,0.2197802197802197,0.2076086956521739,0.1962095875139353,0.2042780748663101,0.189599133261105,0.1762065095398428,0.3436838390966831,0.1818181818181818,0.2175398633257403,0.2440347071583514,0.251303441084463
34,Housing,Median Year Moved In Owner,1987.4019607843136,1993.8118811881188,1996.3818181818183,1993.0397727272727,1996.0,2000.2287581699347,1997.9197080291967,2000.280373831776,2009.2016806722688,2000.7389162561576,2007.6519337016573,1998.785046728972,2006.4177215189875,2004.8039215686276,2006.0616438356165,2007.4137931034484
35,Housing,Median Year Moved In Renter,1995.3846153846157,2003.467741935484,2001.4615384615383,2004.954954954955,2007.043010752688,2010.7297297297296,2009.1379310344828,2010.0252525252524,2014.253333333333,2011.4224137931035,2011.957446808511,2014.665948275862,2018.0102040816328,2012.2342342342345,2014.0,2013.8
36,Housing,Median Year Structure Built,1939.0,1939.0,1939.0,1939.0,1939.0,1940.0,1939.0,1939.0,1939.0,1939.0,1939.0,1939.0,1939.0,1939.0,1939.0,1939.0
37,Housing,"Overcrowding, Renter Occupied Housing",0.0327102803738317,0.1074380165289256,0.1209677419354838,0.0,0.0116959064327485,0.0309278350515463,0.0218340611353711,0.0136986301369863,0.0295566502463054,0.0,0.0,0.0,0.0,0.0,0.0,0.0
38,Housing,Owner Occupied,0.7879088206144698,0.8662983425414365,0.8597285067873304,0.8210645526613817,0.8135223555070883,0.7868131868131868,0.7510869565217392,0.7558528428093646,0.7828877005347593,0.7627302275189599,0.7530864197530864,0.2117148906139732,0.7427937915742794,0.7471526195899773,0.7516268980477223,0.7653806047966631
39,Housing,Post 1979 All and Pre 1979 Single Family Renter Occupied by Year Structure Built by Units in Structure,56.0,44.0,42.0,77.0,103.0,126.0,69.0,72.0,68.0,69.0,88.0,122.0,79.0,71.0,97.0,77.0
40,Housing,Pre 1980 MultiFamily Renter Occupied by Year Structure Built by Units in Structure,158.0,77.0,82.0,75.0,62.0,62.0,160.0,147.0,135.0,150.0,132.0,995.0,153.0,151.0,132.0,148.0
41,Housing,Renter Occupied,0.2120911793855302,0.1337016574585635,0.1402714932126696,0.1789354473386183,0.1864776444929116,0.2131868131868131,0.2489130434782608,0.2441471571906354,0.2171122994652406,0.2372697724810401,0.2469135802469135,0.7882851093860268,0.2572062084257206,0.2528473804100228,0.2483731019522776,0.2346193952033368
42,Housing,Total Number of Units,1060.0,1032.0,1033.0,1017.0,1030.0,1031.0,1037.0,1031.0,1045.0,1025.0,1020.0,1505.0,1039.0,1021.0,1017.0,1016.0
43,Housing,Total Vacant Units,51.0,127.0,149.0,134.0,113.0,121.0,117.0,134.0,110.0,102.0,129.0,88.0,137.0,143.0,95.0,57.0
44,Housing,Vacancy Rate,0.0481132075471698,0.1230620155038759,0.1442400774443369,0.1317600786627335,0.1097087378640776,0.1173617846750727,0.1128254580520733,0.1299709020368574,0.1052631578947368,0.0995121951219512,0.1264705882352941,0.0584717607973421,0.1318575553416746,0.1400587659157688,0.0934119960668633,0.0561023622047244
45,Housing Prices,Contract Rent 100 to 149,0.0,0.0,0.0,0.0,0.0,0.0,0.0,0.0,0.0,0.0,0.0,0.0,0.0,0.0,0.0,0.0
46,Housing Prices,Contract Rent 1000 to 1249,33.0,7.0,19.0,9.0,6.0,17.0,15.0,22.0,29.0,43.0,40.0,31.0,22.0,0.0,0.0,0.0
47,Housing Prices,Contract Rent 1250 to 1499,15.0,0.0,0.0,18.0,16.0,23.0,19.0,24.0,12.0,16.0,16.0,168.0,31.0,34.0,14.0,6.0
48,Housing Prices,Contract Rent 150 to 199,0.0,0.0,0.0,0.0,0.0,0.0,0.0,0.0,0.0,0.0,0.0,0.0,0.0,0.0,0.0,0.0
49,Housing Prices,Contract Rent 1500 to 1999,12.0,22.0,15.0,4.0,18.0,36.0,39.0,47.0,41.0,30.0,15.0,154.0,16.0,12.0,6.0,5.0
50,Housing Prices,Contract Rent 200 to 249,0.0,0.0,0.0,0.0,0.0,0.0,0.0,0.0,0.0,0.0,0.0,0.0,0.0,0.0,0.0,0.0
51,Housing Prices,"Contract Rent 2000 to 2499 (Contract Rent 2000 or more, DEC2000 and ACS2009-2014)",57.0,55.0,67.0,97.0,96.0,89.0,55.0,50.0,16.0,33.0,31.0,177.0,44.0,44.0,69.0,70.0
52,Housing Prices,Contract Rent 250 to 299,0.0,0.0,0.0,0.0,0.0,0.0,0.0,0.0,0.0,0.0,0.0,18.0,0.0,0.0,0.0,0.0
53,Housing Prices,Contract Rent 2500 to 2999 (ACS2015-),,0.0,4.0,5.0,4.0,11.0,0.0,6.0,14.0,28.0,33.0,144.0,31.0,17.0,6.0,15.0
54,Housing Prices,Contract Rent 300 to 349,0.0,0.0,0.0,0.0,0.0,0.0,0.0,0.0,0.0,0.0,0.0,0.0,0.0,0.0,0.0,0.0
55,Housing Prices,Contract Rent 3000 to 3499 (ACS2015-),,0.0,0.0,0.0,0.0,0.0,26.0,14.0,38.0,32.0,52.0,136.0,63.0,68.0,28.0,24.0
56,Housing Prices,Contract Rent 350 to 399,0.0,0.0,0.0,0.0,0.0,0.0,0.0,0.0,0.0,0.0,0.0,16.0,0.0,0.0,0.0,0.0
57,Housing Prices,Contract Rent 3500 or more (ACS2015-),,0.0,0.0,0.0,0.0,0.0,47.0,46.0,31.0,20.0,20.0,190.0,12.0,32.0,95.0,87.0
58,Housing Prices,Contract Rent 400 to 449,0.0,0.0,0.0,0.0,0.0,0.0,0.0,0.0,0.0,0.0,0.0,0.0,0.0,0.0,0.0,0.0
59,Housing Prices,Contract Rent 500 to 549,8.0,0.0,0.0,0.0,0.0,0.0,0.0,0.0,0.0,0.0,0.0,0.0,0.0,0.0,0.0,0.0
60,Housing Prices,Contract Rent 550 to 599,0.0,0.0,0.0,0.0,0.0,0.0,0.0,0.0,0.0,0.0,0.0,16.0,0.0,0.0,0.0,0.0
61,Housing Prices,Contract Rent 600 to 649,0.0,9.0,0.0,0.0,0.0,0.0,0.0,0.0,0.0,0.0,0.0,0.0,0.0,0.0,0.0,0.0
62,Housing Prices,Contract Rent 650 to 699,0.0,11.0,14.0,14.0,0.0,0.0,0.0,0.0,6.0,4.0,5.0,0.0,0.0,0.0,0.0,0.0
63,Housing Prices,Contract Rent 700 to 749,6.0,0.0,0.0,0.0,18.0,0.0,0.0,0.0,0.0,0.0,0.0,0.0,5.0,0.0,0.0,0.0
64,Housing Prices,Contract Rent 750 to 749,0.0,0.0,0.0,0.0,0.0,0.0,0.0,0.0,0.0,0.0,0.0,0.0,0.0,0.0,0.0,0.0
65,Housing Prices,Contract Rent 750 to 799,16.0,0.0,0.0,0.0,0.0,0.0,0.0,0.0,0.0,0.0,0.0,8.0,0.0,0.0,0.0,0.0
66,Housing Prices,Contract Rent 800 to 899,15.0,0.0,0.0,6.0,0.0,0.0,0.0,0.0,0.0,0.0,0.0,50.0,0.0,0.0,0.0,0.0
67,Housing Prices,Contract Rent 900 to 999,23.0,17.0,5.0,5.0,13.0,18.0,18.0,7.0,13.0,0.0,0.0,9.0,0.0,0.0,0.0,0.0
68,Housing Prices,Contract Rent Less than 100,16.0,0.0,0.0,0.0,0.0,0.0,0.0,0.0,0.0,0.0,0.0,0.0,0.0,0.0,0.0,0.0
69,Housing Prices,Contract Rent Total,214.0,121.0,124.0,158.0,171.0,194.0,229.0,219.0,203.0,219.0,220.0,1117.0,232.0,222.0,229.0,225.0
70,Housing Prices,Contract Rent Total No cash Rent (ACS2015-),13.0,0.0,0.0,0.0,0.0,0.0,10.0,3.0,3.0,13.0,8.0,0.0,8.0,15.0,11.0,18.0
71,Housing Prices,"Contract Rent Total No cash Rent (No cash rent, DEC2000 and ACS2009-2014)",13.0,0.0,4.0,5.0,4.0,11.0,0.0,6.0,14.0,28.0,33.0,144.0,31.0,17.0,6.0,15.0
72,Housing Prices,Contract Rent Total With cash Rent,201.0,121.0,120.0,153.0,167.0,183.0,219.0,216.0,200.0,206.0,212.0,1117.0,224.0,207.0,218.0,207.0
73,Housing Prices,Extremely Rent Burdened,0.1401869158878504,0.1322314049586777,0.1129032258064516,0.1392405063291139,0.1286549707602339,0.2268041237113402,0.1572052401746725,0.2191780821917808,0.270935960591133,0.2876712328767123,0.25,0.0537153088630259,0.3491379310344827,0.2792792792792792,0.2663755458515284,0.2488888888888888
74,Housing Prices,Home Value 10000 to 14999 ,0.0,0.0,0.0,0.0,0.0,0.0,0.0,0.0,0.0,0.0,0.0,0.0,0.0,0.0,0.0,0.0
75,Housing Prices,Home Value 100000 to 124999,0.0,24.0,22.0,9.0,0.0,0.0,0.0,0.0,0.0,0.0,0.0,0.0,0.0,3.0,0.0,0.0
76,Housing Prices,"Home Value 1000000 to 1499999 (1000000 or more, DEC2000 and ACS2009-2014)",522.0,615.0,615.0,564.0,604.0,588.0,47.0,37.0,46.0,45.0,49.0,47.0,51.0,35.0,49.0,52.0
77,Housing Prices,Home Value 125000 to 149999,0.0,0.0,0.0,0.0,0.0,0.0,0.0,0.0,0.0,0.0,0.0,0.0,0.0,0.0,0.0,0.0
78,Housing Prices,Home Value 15000 to 19999 ,0.0,0.0,0.0,0.0,0.0,6.0,5.0,5.0,7.0,6.0,0.0,0.0,0.0,0.0,0.0,0.0
79,Housing Prices,Home Value 150000 to 174999,0.0,0.0,0.0,0.0,0.0,0.0,0.0,0.0,0.0,0.0,0.0,0.0,0.0,0.0,0.0,0.0
80,Housing Prices,Home Value 1500000 to 1999999 (ACS2015-),,0.0,0.0,0.0,0.0,0.0,92.0,74.0,63.0,42.0,38.0,46.0,23.0,38.0,39.0,23.0
81,Housing Prices,Home Value 175000 to 199999,0.0,0.0,0.0,0.0,0.0,0.0,0.0,0.0,0.0,0.0,0.0,0.0,0.0,0.0,0.0,0.0
82,Housing Prices,Home Value 20000 to 24999 ,0.0,0.0,0.0,0.0,0.0,0.0,0.0,0.0,0.0,0.0,0.0,0.0,0.0,0.0,0.0,0.0
83,Housing Prices,Home Value 200000 to 249999,6.0,9.0,8.0,9.0,10.0,12.0,0.0,0.0,0.0,0.0,0.0,0.0,0.0,0.0,0.0,0.0
84,Housing Prices,Home Value 2000000 or more (ACS2015-),,0.0,0.0,0.0,0.0,0.0,445.0,482.0,542.0,536.0,528.0,124.0,561.0,552.0,578.0,608.0
85,Housing Prices,Home Value 25000 to 29999 ,0.0,0.0,0.0,0.0,0.0,0.0,0.0,0.0,0.0,0.0,0.0,28.0,0.0,0.0,0.0,6.0
86,Housing Prices,Home Value 250000 to 299999,7.0,0.0,0.0,0.0,0.0,0.0,0.0,0.0,0.0,0.0,0.0,0.0,0.0,0.0,0.0,0.0
87,Housing Prices,Home Value 30000 to 34999 ,0.0,0.0,0.0,0.0,0.0,0.0,0.0,0.0,0.0,0.0,0.0,0.0,0.0,0.0,0.0,0.0
88,Housing Prices,Home Value 300000 to 399999,39.0,15.0,22.0,22.0,52.0,40.0,5.0,0.0,0.0,0.0,0.0,0.0,5.0,0.0,0.0,0.0
89,Housing Prices,Home Value 35000 to 39999 ,0.0,0.0,0.0,0.0,0.0,0.0,0.0,0.0,0.0,0.0,0.0,0.0,0.0,0.0,0.0,0.0
90,Housing Prices,Home Value 40000 to 49999 ,0.0,0.0,0.0,0.0,0.0,0.0,0.0,0.0,0.0,0.0,0.0,0.0,0.0,0.0,0.0,0.0
91,Housing Prices,Home Value 400000 to 499999,21.0,11.0,14.0,13.0,5.0,13.0,14.0,11.0,11.0,5.0,0.0,0.0,13.0,17.0,17.0,15.0
92,Housing Prices,Home Value 50000 to 59999 ,0.0,0.0,0.0,0.0,0.0,0.0,0.0,0.0,0.0,0.0,0.0,0.0,0.0,0.0,0.0,0.0
93,Housing Prices,Home Value 500000 to 749999,58.0,40.0,16.0,25.0,13.0,26.0,24.0,15.0,22.0,20.0,14.0,20.0,7.0,11.0,10.0,3.0
94,Housing Prices,Home Value 60000 to 69999 ,0.0,0.0,0.0,0.0,0.0,0.0,0.0,0.0,0.0,0.0,0.0,0.0,0.0,0.0,0.0,0.0
95,Housing Prices,Home Value 70000 to 79999 ,7.0,0.0,0.0,0.0,0.0,0.0,0.0,0.0,0.0,0.0,0.0,0.0,0.0,0.0,0.0,0.0
96,Housing Prices,Home Value 750000 to 999999,135.0,70.0,63.0,83.0,62.0,31.0,51.0,46.0,33.0,36.0,28.0,35.0,4.0,0.0,0.0,21.0
97,Housing Prices,Home Value 80000 to 89999 ,0.0,0.0,0.0,0.0,0.0,0.0,0.0,0.0,0.0,0.0,0.0,0.0,0.0,0.0,0.0,0.0
98,Housing Prices,Home Value 90000 to 99999 ,0.0,0.0,0.0,0.0,0.0,0.0,0.0,0.0,0.0,6.0,6.0,0.0,6.0,0.0,0.0,0.0
99,Housing Prices,Home Value Less than 10000,0.0,0.0,0.0,0.0,0.0,0.0,8.0,8.0,8.0,8.0,8.0,0.0,0.0,0.0,0.0,6.0
100,Housing Prices,Home Value Total,795.0,784.0,760.0,725.0,746.0,716.0,691.0,678.0,732.0,704.0,671.0,300.0,670.0,656.0,693.0,734.0
101,Housing Prices,Housing Units with a Mortgage,474.0,605.0,552.0,487.0,510.0,463.0,440.0,432.0,469.0,405.0,410.0,256.0,426.0,413.0,438.0,451.0
102,Housing Prices,Housing Units with a Mortgage 0 to 30%,291.0,321.0,327.0,285.0,273.0,265.0,245.0,276.0,294.0,259.0,238.0,213.0,275.0,272.0,285.0,322.0
103,Housing Prices,Housing Units with a Mortgage 30-50%,101.0,104.0,75.0,39.0,67.0,59.0,84.0,80.0,77.0,72.0,105.0,12.0,67.0,66.0,74.0,55.0
104,Housing Prices,Housing Units with a Mortgage 50%+,76.0,180.0,150.0,163.0,170.0,139.0,111.0,76.0,98.0,74.0,67.0,31.0,84.0,75.0,79.0,74.0
105,Housing Prices,Housing Units with a Mortgage Not Computed,6.0,0.0,0.0,0.0,0.0,0.0,0.0,0.0,0.0,0.0,0.0,0.0,0.0,0.0,0.0,0.0
106,Housing Prices,Housing Units without a Mortgage,208.0,179.0,208.0,238.0,236.0,253.0,251.0,246.0,263.0,299.0,261.0,44.0,244.0,243.0,255.0,283.0
107,Housing Prices,Housing Units without a Mortgage 0 to 30%,162.0,159.0,181.0,186.0,198.0,209.0,201.0,202.0,229.0,259.0,222.0,44.0,210.0,177.0,193.0,206.0
108,Housing Prices,Housing Units without a Mortgage 30-50%,16.0,20.0,11.0,10.0,0.0,0.0,8.0,17.0,20.0,21.0,22.0,0.0,19.0,32.0,30.0,30.0
109,Housing Prices,Housing Units without a Mortgage 50%+,15.0,0.0,16.0,38.0,34.0,39.0,36.0,20.0,14.0,19.0,17.0,0.0,15.0,34.0,32.0,40.0
110,Housing Prices,Housing Units without a Mortgage Not Computed,15.0,0.0,0.0,4.0,4.0,5.0,6.0,7.0,0.0,0.0,0.0,0.0,0.0,0.0,0.0,7.0
111,Housing Prices,Median Contract Rent,1125.0,1875.0,2000.2089552238808,2000.4226804123712,2000.2604166666667,1535.5833333333333,2168.181818181818,2080.0,1987.8048780487804,2151.5151515151515,2483.870967741936,2250.0,2431.818181818182,2897.058823529412,3250.0,3156.25
112,Housing Prices,Median Gross Rent by Bedrooms - 1 Bedroom- COUNTY ONLY,,,,,,,1355.0,1472.0,1411.0,1786.0,1833.0,2085.0,2614.0,3172.0,1750.0,2625.0
113,Housing Prices,Median Gross Rent by Bedrooms - 2 Bedrooms- COUNTY ONLY,,,,,,,2262.0,2402.0,2381.0,2150.0,2302.0,3501.0,2224.0,2424.0,2922.0,2917.0
114,Housing Prices,Median Gross Rent by Bedrooms - 3-4 Bedrooms- COUNTY ONLY,,,,,,,6626.0,5876.0,,,6447.0,5697.0,6524.0,,7002.0,7002.0
115,Housing Prices,Median Gross Rent by Bedrooms - 5 Bedrooms or more- COUNTY ONLY,,,,,,,,,,,,,,,,
116,Housing Prices,Median Gross Rent by Bedrooms - No Bedroom- COUNTY ONLY,,,,,,,,,,,,2136.0,,,,
117,Housing Prices,Median Home Value,1000000.4770114942,1000000.725203252,1000000.7642276424,1000000.714539007,1000000.7649006622,1000001.0,2000000.4471910112,2000000.593360996,2000000.6494464944,2000000.6865671645,2000000.7291666667,1717391.3043478262,2000000.8057041,2000000.8115942029,2000000.8010380624,2000000.792763158
118,Housing Prices,Median Rent,1146.875,1875.0,2000.5365853658536,2000.4226804123712,2000.2604166666667,1535.5833333333333,2195.833333333333,2170.2127659574467,2095.2380952380954,2151.5151515151515,2483.870967741936,2434.5637583892617,2438.775510204081,3048.6111111111118,3291.6666666666665,3308.823529411765
119,Housing Prices,Median Rent as % of Household Income,14.635714285714286,25.79464285714285,23.933333333333334,23.307575757575755,19.97285714285714,26.352083333333333,25.070238095238096,27.2125,29.003571428571423,30.015,28.04516129032258,23.15344827586207,28.54,30.26818181818182,35.983333333333334,36.36964285714286
120,Housing Prices,Rent 100 to 149,16.0,0.0,0.0,0.0,0.0,0.0,0.0,0.0,0.0,0.0,0.0,0.0,0.0,0.0,0.0,0.0
121,Housing Prices,Rent 1000 to 1249,40.0,25.0,19.0,24.0,32.0,35.0,33.0,22.0,28.0,19.0,12.0,20.0,6.0,0.0,0.0,0.0
122,Housing Prices,Rent 1250 to 1499,0.0,0.0,14.0,23.0,16.0,23.0,19.0,31.0,26.0,40.0,39.0,155.0,47.0,0.0,7.0,6.0
123,Housing Prices,Rent 150 to 199,0.0,0.0,0.0,0.0,0.0,0.0,0.0,0.0,0.0,0.0,0.0,0.0,0.0,0.0,0.0,0.0
124,Housing Prices,Rent 1500 to 1999,27.0,22.0,0.0,4.0,18.0,36.0,34.0,39.0,36.0,30.0,20.0,137.0,11.0,39.0,13.0,5.0
125,Housing Prices,Rent 200 to 249,0.0,0.0,0.0,0.0,0.0,0.0,0.0,0.0,0.0,0.0,0.0,0.0,0.0,0.0,0.0,0.0
126,Housing Prices,"Rent 2000 to 2499  (Rent 2000 or more, DEC2000 and ACS2009-2014)",57.0,55.0,82.0,97.0,96.0,89.0,60.0,47.0,21.0,33.0,31.0,149.0,49.0,46.0,24.0,31.0
127,Housing Prices,Rent 250 to 299,0.0,0.0,0.0,0.0,0.0,0.0,0.0,0.0,0.0,0.0,0.0,18.0,0.0,0.0,0.0,0.0
128,Housing Prices,Rent 2500 to 2999 (ACS2015-),,0.0,4.0,5.0,4.0,11.0,0.0,17.0,14.0,28.0,33.0,148.0,26.0,15.0,51.0,51.0
129,Housing Prices,Rent 300 to 349,0.0,0.0,0.0,0.0,0.0,0.0,0.0,0.0,0.0,0.0,0.0,0.0,0.0,0.0,0.0,0.0
130,Housing Prices,Rent 3000 to 3499 (ACS2015-),,0.0,0.0,0.0,0.0,0.0,26.0,14.0,38.0,22.0,43.0,158.0,56.0,36.0,24.0,17.0
131,Housing Prices,Rent 350 to 399,0.0,0.0,0.0,0.0,0.0,0.0,0.0,0.0,0.0,0.0,0.0,0.0,0.0,0.0,0.0,0.0
132,Housing Prices,Rent 3500 or more (ACS2015-),,0.0,0.0,0.0,0.0,0.0,47.0,46.0,31.0,30.0,29.0,233.0,24.0,71.0,99.0,97.0
133,Housing Prices,Rent 400 to 449,0.0,0.0,0.0,0.0,0.0,0.0,0.0,0.0,0.0,0.0,0.0,16.0,0.0,0.0,0.0,0.0
134,Housing Prices,Rent 450 to 499,0.0,0.0,0.0,0.0,0.0,0.0,0.0,0.0,0.0,0.0,0.0,0.0,0.0,0.0,0.0,0.0
135,Housing Prices,Rent 500 to 549,8.0,0.0,0.0,0.0,0.0,0.0,0.0,0.0,0.0,0.0,0.0,16.0,0.0,0.0,0.0,0.0
136,Housing Prices,Rent 550 to 599,0.0,0.0,0.0,0.0,0.0,0.0,0.0,0.0,0.0,0.0,0.0,0.0,0.0,0.0,0.0,0.0
137,Housing Prices,Rent 600 to 649,0.0,0.0,0.0,0.0,0.0,0.0,0.0,0.0,0.0,0.0,0.0,0.0,0.0,0.0,0.0,0.0
138,Housing Prices,Rent 650 to 699,6.0,9.0,0.0,0.0,0.0,0.0,0.0,0.0,0.0,0.0,0.0,0.0,0.0,0.0,0.0,0.0
139,Housing Prices,Rent 700 to 749,0.0,0.0,0.0,0.0,0.0,0.0,0.0,0.0,0.0,0.0,0.0,0.0,0.0,0.0,0.0,0.0
140,Housing Prices,Rent 750 to 799,0.0,0.0,0.0,0.0,0.0,0.0,0.0,0.0,0.0,0.0,0.0,0.0,0.0,0.0,0.0,0.0
141,Housing Prices,Rent 800 to 899,31.0,0.0,0.0,0.0,0.0,0.0,0.0,0.0,6.0,4.0,5.0,0.0,0.0,0.0,0.0,0.0
142,Housing Prices,Rent 900 to 999,16.0,10.0,5.0,5.0,5.0,0.0,0.0,0.0,0.0,0.0,0.0,67.0,5.0,0.0,0.0,0.0
143,Housing Prices,Rent Burdened,0.1728971962616822,0.2148760330578512,0.1693548387096774,0.2278481012658227,0.2573099415204678,0.3762886597938144,0.296943231441048,0.3789954337899543,0.4482758620689655,0.4429223744292237,0.4136363636363636,0.3357206803939123,0.4741379310344827,0.4684684684684684,0.5458515283842795,0.5155555555555555
144,Housing Prices,Rent Less than 100,0.0,0.0,0.0,0.0,0.0,0.0,0.0,0.0,0.0,0.0,0.0,0.0,0.0,0.0,0.0,0.0
145,Housing Prices,Rent Total,214.0,121.0,124.0,158.0,171.0,194.0,229.0,219.0,203.0,219.0,220.0,1117.0,232.0,222.0,229.0,225.0
146,Housing Prices,"Rent Total No cash rent  (No cash rent, DEC2000 and ACS2009-2014)",13.0,0.0,4.0,5.0,4.0,11.0,0.0,17.0,14.0,28.0,33.0,148.0,26.0,15.0,51.0,51.0
147,Housing Prices,Rent Total No cash rent (ACS2015-),13.0,0.0,0.0,0.0,0.0,0.0,10.0,3.0,3.0,13.0,8.0,0.0,8.0,15.0,11.0,18.0
148,Housing Prices,Rent Total With cash rent,201.0,121.0,120.0,153.0,167.0,183.0,219.0,216.0,200.0,206.0,212.0,1117.0,224.0,207.0,218.0,207.0
149,Housing Type,10-19 Units,0.0273584905660377,0.0494186046511627,0.0290416263310745,0.0265486725663716,0.0271844660194174,0.0106692531522793,0.026036644165863,0.026188166828322,0.0229665071770334,0.0253658536585365,0.0274509803921568,0.1627906976744186,0.0481231953801732,0.058765915768854,0.0619469026548672,0.0551181102362204
150,Housing Type,2-4 Units,0.1547169811320754,0.1017441860465116,0.1384317521781219,0.1720747295968535,0.1514563106796116,0.1658583899127061,0.1783992285438765,0.1551891367604267,0.1368421052631579,0.1521951219512195,0.1558823529411764,0.3767441860465116,0.1376323387872954,0.1273261508325171,0.0993117010816125,0.0866141732283464
151,Housing Type,20 Units or More,0.0,0.0087209302325581,0.0,0.0,0.0,0.0,0.0,0.0,0.0,0.0,0.0,0.0657807308970099,0.0,0.0,0.0,0.0
152,Housing Type,5-9 Units,0.0669811320754717,0.0610465116279069,0.0726040658276863,0.0668633235004916,0.0766990291262136,0.0766246362754607,0.0838958534233365,0.064015518913676,0.0574162679425837,0.0419512195121951,0.0470588235294117,0.2870431893687707,0.0365736284889316,0.0538687561214495,0.0688298918387414,0.0807086614173228
153,Housing Type,Other Type,0.0,0.0,0.0,0.0,0.0,0.0,0.0,0.0,0.0,0.0,0.0,0.0,0.0,0.0,0.0,0.0
154,Housing Type,Single Family Housing,0.7509433962264151,0.7790697674418605,0.7599225556631172,0.7345132743362832,0.7446601941747573,0.7468477206595538,0.7116682738669238,0.7546071774975752,0.7827751196172249,0.7804878048780488,0.7696078431372549,0.107641196013289,0.7776708373435997,0.7600391772771793,0.7699115044247787,0.7775590551181102
155,Income,Household Income 10000 to 14999,23.0,9.0,6.0,6.0,5.0,6.0,5.0,5.0,14.0,14.0,13.0,32.0,2.0,8.0,8.0,7.0
156,Income,Household Income 100000 to 124999,92.0,134.0,129.0,126.0,68.0,77.0,58.0,30.0,53.0,44.0,36.0,207.0,44.0,24.0,28.0,29.0
157,Income,Household Income 125000 to 149999,143.0,50.0,24.0,41.0,53.0,78.0,77.0,80.0,81.0,82.0,103.0,84.0,86.0,70.0,38.0,65.0
158,Income,Household Income 15000 to 19999,15.0,7.0,14.0,18.0,13.0,23.0,17.0,13.0,13.0,6.0,5.0,0.0,9.0,9.0,10.0,10.0
159,Income,Household Income 150000 to 199999,94.0,62.0,75.0,55.0,53.0,54.0,60.0,70.0,91.0,96.0,118.0,369.0,96.0,98.0,74.0,69.0
160,Income,Household Income 20000 to 24999,16.0,0.0,0.0,6.0,15.0,20.0,19.0,18.0,11.0,22.0,14.0,9.0,5.0,7.0,7.0,6.0
161,Income,Household Income 25000 to 29999,15.0,80.0,47.0,48.0,11.0,18.0,8.0,14.0,21.0,22.0,13.0,17.0,16.0,8.0,0.0,4.0
162,Income,Household Income 30000 to 34999,0.0,11.0,21.0,19.0,41.0,7.0,12.0,11.0,10.0,10.0,0.0,6.0,0.0,0.0,0.0,0.0
163,Income,Household Income 35000 to 39999,14.0,10.0,0.0,4.0,21.0,23.0,12.0,8.0,5.0,0.0,4.0,0.0,5.0,5.0,16.0,9.0
164,Income,Household Income 40000 to 44999,8.0,0.0,16.0,19.0,16.0,11.0,16.0,17.0,18.0,21.0,19.0,16.0,5.0,5.0,6.0,12.0
165,Income,Household Income 45000 to 49999,10.0,14.0,10.0,15.0,10.0,9.0,9.0,3.0,0.0,3.0,0.0,0.0,14.0,5.0,0.0,0.0
166,Income,Household Income 50000 to 59999,5.0,10.0,16.0,27.0,27.0,28.0,53.0,55.0,39.0,27.0,34.0,64.0,58.0,52.0,7.0,6.0
167,Income,Household Income 60000 to 74999,80.0,63.0,42.0,27.0,47.0,66.0,73.0,58.0,64.0,54.0,62.0,73.0,35.0,17.0,78.0,66.0
168,Income,Household Income 75000 to 99999,54.0,57.0,52.0,57.0,43.0,53.0,93.0,68.0,89.0,92.0,67.0,89.0,21.0,18.0,56.0,55.0
169,Income,Household Income Greater than 200000,364.0,398.0,420.0,386.0,474.0,407.0,380.0,421.0,407.0,404.0,382.0,396.0,488.0,535.0,580.0,602.0
170,Income,Household Income Less than 10000,38.0,0.0,12.0,29.0,20.0,30.0,28.0,26.0,19.0,26.0,21.0,55.0,18.0,17.0,14.0,19.0
171,Income,Households Total for Income,971.0,905.0,884.0,883.0,917.0,910.0,920.0,897.0,935.0,923.0,891.0,1417.0,902.0,878.0,922.0,959.0
172,Income,Median Family Income,158783.7837837838,203504.1832884097,204384.99214659687,201832.91788856304,207397.0848623853,203287.80273972603,200578.0578034682,207717.14540816323,203125.125,203382.09814323607,197544.64285714284,189550.26455026452,209548.9930555556,213523.2681818182,216204.35185185185,215474.40927419355
173,Income,Median Household Income,145192.3076923077,156048.38709677418,185333.3333333333,149695.1219512195,201635.0864978903,155555.55555555556,143506.4935064935,180357.14285714284,166758.24175824175,170052.08333333334,173093.22033898305,157655.82655826557,203791.13524590165,208972.3214953271,210259.0310344828,210174.82558139536
174,Income,Percent in Poverty,0.0494548286604361,0.0222408728493495,0.0303819444444444,0.0535390199637023,0.0618137454249695,0.0763682647433177,0.0730630268968285,0.0594462540716612,0.0456547857428914,0.0325301204819277,0.0251296370163542,0.1165682312713708,0.0235905637744902,0.0332197614991482,0.0355518809425382,0.046539862403885
175,Journey to Work,Journey to Work by Bike,,0.0,0.0031545741324921,0.006276150627615,0.0116618075801749,0.014388489208633,0.0353430353430353,0.067497403946002,0.0644139387539598,0.0617021276595744,0.054054054054054,0.0630588235294117,0.0,0.0090534979423868,0.0156895127993393,0.0209171359613837
176,Journey to Work,Journey to Work by Car,,0.7161226508407518,0.722397476340694,0.6589958158995816,0.6618075801749271,0.6485097636176773,0.6403326403326404,0.5981308411214953,0.6578669482576558,0.6659574468085107,0.6216216216216216,0.220235294117647,0.5831946755407654,0.5160493827160494,0.4417836498761354,0.4102976669348351
177,Journey to Work,Journey to Work by Carpooled,,0.1444114737883284,0.1661409043112513,0.1841004184100418,0.1389698736637512,0.0596094552929085,0.0987525987525987,0.0934579439252336,0.1151003167898627,0.1085106382978723,0.0694980694980695,0.0352941176470588,0.0582362728785357,0.0279835390946502,0.051197357555739,0.0522928399034593
178,Journey to Work,Journey to Work by Drove Alone,,0.5717111770524234,0.5562565720294427,0.4748953974895397,0.5228377065111759,0.5889003083247688,0.5415800415800416,0.5046728971962616,0.542766631467793,0.5574468085106383,0.5521235521235521,0.1849411764705882,0.5249584026622296,0.4880658436213991,0.3905862923203964,0.3580048270313757
179,Journey to Work,Journey to Work by Other Journey Type,,0.019782393669634,0.0178759200841219,0.0230125523012552,0.0242954324586977,0.0113052415210688,0.0093555093555093,0.0176531671858774,0.0253431890179514,0.0287234042553191,0.0366795366795366,0.0781176470588235,0.0266222961730449,0.0123456790123456,0.0115606936416184,0.0032180209171359
180,Journey to Work,Journey to Work by Transit,,0.172106824925816,0.1503680336487907,0.1903765690376569,0.119533527696793,0.132579650565262,0.1237006237006237,0.122533748701973,0.0939809926082365,0.1106382978723404,0.1052123552123552,0.4018823529411764,0.0615640599001663,0.0518518518518518,0.0520231213872832,0.0386162510056315
181,Journey to Work,Journey to Work by Walk,,0.0178041543026706,0.0157728706624605,0.0146443514644351,0.0155490767735665,0.0154162384378211,0.0322245322245322,0.0259605399792315,0.0147835269271383,0.0212765957446808,0.0453667953667953,0.0503529411764705,0.0282861896838602,0.0271604938271604,0.0445912469033856,0.0362027353177795
182,Journey to Work,Journey to Work by Worked at Home,,0.0741839762611275,0.0904311251314406,0.106694560669456,0.1671525753158406,0.1778006166495375,0.159043659043659,0.1682242990654205,0.143611404435058,0.1117021276595744,0.137065637065637,0.1863529411764705,0.3003327787021631,0.3835390946502057,0.4343517753922378,0.4907481898632341
238,Journey to Work,Total Workers 16 Years and Older,,1011.0,951.0,956.0,1029.0,973.0,962.0,963.0,947.0,940.0,1036.0,2125.0,1202.0,1215.0,1211.0,1243.0
239,Language Spoken at Home,Asian/Pacific Islander,0.1531040268456376,0.0889476001761338,0.1074380165289256,0.0865337870685464,0.0869951176209498,0.1300738007380073,0.1474913494809688,0.1035996488147497,0.1182203389830508,0.1310700472711645,0.1048832271762208,0.0588787973692452,0.1010570824524313,0.1135232926277702,0.1193181818181818,0.1047700170357751
240,Language Spoken at Home,English Only,0.7088926174496645,0.8027300748568912,0.7713498622589532,0.7715119105493436,0.7811806480248558,0.7297047970479705,0.7041522491349481,0.7431957857769974,0.7576271186440678,0.7670820799312419,0.8101910828025478,0.8665831506420294,0.825369978858351,0.8231569425599277,0.8046328671328671,0.8253833049403748
241,Language Spoken at Home,Other European Languages,0.074244966442953,0.0510788199031263,0.039485766758494,0.0568789499270782,0.0599201065246338,0.0747232472324723,0.0899653979238754,0.0904302019315188,0.0745762711864406,0.0575848732273313,0.048832271762208,0.0560601315377388,0.0325581395348837,0.0416101311623699,0.0563811188811188,0.0523850085178875
242,Language Spoken at Home,Other Languages,0.0209731543624161,0.0136503742844561,0.0114784205693296,0.0106951871657754,0.0124278739458499,0.0096863468634686,0.0043252595155709,0.0035118525021949,0.0046610169491525,0.0025784271594327,0.0021231422505307,0.0,0.0,0.0,0.0,0.0
243,Language Spoken at Home,Spanish Only,0.0427852348993288,0.0435931307793923,0.0702479338842975,0.0743801652892562,0.0594762538837106,0.0558118081180811,0.0540657439446366,0.059262510974539,0.0449152542372881,0.0416845724108293,0.0339702760084925,0.0184779204509865,0.041014799154334,0.0217096336499321,0.0196678321678321,0.0174616695059625
183,Nativity,Foreign Born,0.2003883495145631,0.1326059588753672,0.1393229166666666,0.1533575317604355,0.1419276128507523,0.185405176071277,0.1979124849458049,0.1608306188925081,0.1569883860632759,0.1710843373493976,0.1719186278420423,0.1554243083618278,0.2015193922431027,0.2291311754684838,0.229433650268706,0.2084176446782679
184,Population,Total Population,2575.0,2383.0,2304.0,2204.0,2459.0,2357.0,2491.0,2456.0,2497.0,2490.0,2507.0,3217.0,2501.0,2348.0,2419.0,2471.0
185,Race/Ethnicity,Asian,522.0,422.0,388.0,349.0,443.0,525.0,580.0,423.0,453.0,471.0,462.0,393.0,535.0,594.0,621.0,551.0
186,Race/Ethnicity,"Asian Alone, Not Hispanic or Latino",522.0,422.0,388.0,349.0,443.0,525.0,580.0,423.0,453.0,471.0,462.0,393.0,535.0,594.0,621.0,551.0
187,Race/Ethnicity,Black/African American,31.0,15.0,12.0,12.0,10.0,10.0,13.0,14.0,13.0,0.0,0.0,105.0,31.0,30.0,29.0,31.0
188,Race/Ethnicity,"Black/African American Alone, Not Hispanic or Latino",31.0,15.0,12.0,12.0,0.0,0.0,0.0,0.0,0.0,0.0,0.0,105.0,31.0,30.0,29.0,31.0
189,Race/Ethnicity,Latino Population (of Any Race),80.0,151.0,195.0,222.0,220.0,144.0,165.0,131.0,103.0,80.0,104.0,161.0,146.0,137.0,162.0,169.0
190,Race/Ethnicity,Native American Indian,0.0,0.0,0.0,0.0,0.0,0.0,0.0,0.0,0.0,0.0,0.0,2.0,0.0,0.0,0.0,0.0
191,Race/Ethnicity,"Native American Indian Alone, Not Hispanic or Latino",0.0,0.0,0.0,0.0,0.0,0.0,0.0,0.0,0.0,0.0,0.0,0.0,0.0,0.0,0.0,0.0
192,Race/Ethnicity,Native Hawaiian/Pacific Islander,0.0,19.0,0.0,0.0,0.0,0.0,0.0,0.0,0.0,0.0,0.0,0.0,0.0,0.0,0.0,0.0
193,Race/Ethnicity,"Native Hawaiian/Pacific Islander Alone, Not Hispanic or Latino",0.0,19.0,0.0,0.0,0.0,0.0,0.0,0.0,0.0,0.0,0.0,0.0,0.0,0.0,0.0,0.0
194,Race/Ethnicity,Other/Two or More Races,105.0,191.0,222.0,251.0,164.0,106.0,141.0,149.0,137.0,142.0,244.0,362.0,248.0,308.0,326.0,289.0
195,Race/Ethnicity,"Population, Not Hispanic or Latino",2495.0,2232.0,2109.0,1982.0,2239.0,2213.0,2326.0,2325.0,2394.0,2410.0,2403.0,3056.0,2355.0,2211.0,2257.0,2302.0
196,Race/Ethnicity,Some Other Race Alone,28.0,70.0,91.0,93.0,57.0,0.0,15.0,5.0,9.0,10.0,14.0,122.0,10.0,16.0,34.0,36.0
197,Race/Ethnicity,"Some Other Race Alone, Not Hispanic or Latino",14.0,0.0,0.0,0.0,0.0,0.0,15.0,5.0,9.0,10.0,6.0,16.0,0.0,9.0,9.0,12.0
198,Race/Ethnicity,Two Or More Races,77.0,121.0,131.0,158.0,107.0,106.0,126.0,144.0,128.0,132.0,230.0,240.0,238.0,292.0,292.0,253.0
199,Race/Ethnicity,"Two Or More Races, Not Hispanic or Latino",77.0,110.0,114.0,140.0,102.0,101.0,120.0,144.0,128.0,132.0,230.0,235.0,215.0,228.0,225.0,146.0
200,Race/Ethnicity,"White Alone, Not Hispanic or Latino",1851.0,1666.0,1595.0,1481.0,1694.0,1587.0,1611.0,1753.0,1804.0,1797.0,1705.0,2307.0,1574.0,1350.0,1373.0,1562.0
201,Race/Ethnicity,"White, Including Hispanic or Latino",1917.0,1736.0,1682.0,1592.0,1842.0,1716.0,1757.0,1870.0,1894.0,1877.0,1801.0,2355.0,1687.0,1416.0,1443.0,1600.0
202,Sex,Female,0.5359223300970873,0.5140579101972303,0.5321180555555556,0.5340290381125227,0.4957299715331436,0.5176071277047094,0.5387394620634284,0.5171009771986971,0.5098117741289547,0.5204819277108433,0.4838452333466294,0.392601802921977,0.5173930427828869,0.5259795570698467,0.5039272426622571,0.5224605422905706
203,Sex,Male,0.4640776699029126,0.4859420898027696,0.4678819444444444,0.4659709618874773,0.5042700284668564,0.4823928722952906,0.4612605379365717,0.4828990228013029,0.4901882258710452,0.4795180722891566,0.5161547666533706,0.607398197078023,0.4826069572171131,0.4740204429301533,0.4960727573377428,0.4775394577094294
204,Unit Size,1 Bedroom,73.0,10.0,5.0,26.0,42.0,67.0,74.0,90.0,57.0,59.0,46.0,416.0,27.0,21.0,20.0,30.0
205,Unit Size,2 Bedrooms,213.0,232.0,245.0,241.0,183.0,175.0,219.0,177.0,173.0,167.0,210.0,420.0,211.0,234.0,249.0,207.0
206,Unit Size,3-4 Bedrooms,544.0,545.0,541.0,567.0,626.0,617.0,607.0,605.0,662.0,647.0,603.0,449.0,672.0,591.0,604.0,604.0
207,Unit Size,5 or More Bedrooms,210.0,236.0,242.0,183.0,179.0,160.0,127.0,151.0,144.0,140.0,161.0,72.0,129.0,175.0,144.0,175.0
208,Unit Size,No Bedroom,20.0,9.0,0.0,0.0,0.0,12.0,10.0,8.0,9.0,12.0,0.0,148.0,0.0,0.0,0.0,0.0
209,Vehicles Available,Households with no Vehicle,0.0574826560951437,0.0707182320441989,0.0656108597285067,0.0758776896942242,0.0599781897491821,0.0406593406593406,0.0304347826086956,0.0334448160535117,0.0213903743315508,0.028169014084507,0.0291806958473625,0.3274523641496119,0.0376940133037694,0.030751708428246,0.054229934924078,0.0594369134515119
210,Vehicles Available,Percent of No Vehicle Homeowning Households,0.020125786163522,0.0548469387755102,0.0552631578947368,0.056551724137931,0.049597855227882,0.020949720670391,0.0086830680173661,0.0103244837758112,0.0068306010928961,0.0085227272727272,0.0089418777943368,0.1066666666666666,0.0298507462686567,0.0289634146341463,0.0274170274170274,0.0490463215258855
211,Vehicles Available,Percent of No Vehicle Renting Households,0.1962616822429906,0.1735537190082644,0.1290322580645161,0.1645569620253164,0.1052631578947368,0.1134020618556701,0.0960698689956331,0.1050228310502283,0.0738916256157635,0.091324200913242,0.0909090909090909,0.3867502238137869,0.0603448275862069,0.036036036036036,0.1353711790393013,0.0933333333333333
212,Vehicles Available,Vehicles Available,1905.0,1613.0,1568.0,1500.0,1677.0,1610.0,1633.0,1602.0,1720.0,1653.0,1655.0,1290.0,1706.0,1614.0,1666.0,1646.0
213,Vehicles Available,Vehicles Homeowners,0.8236220472440945,0.9218846869187848,0.9017857142857144,0.8573333333333333,0.8330351818723912,0.831055900621118,0.7942437232088181,0.8102372034956304,0.8343023255813954,0.8354506957047791,0.8283987915407856,0.337984496124031,0.824736225087925,0.8296158612143743,0.8397358943577431,0.8317132442284325
214,Vehicles Available,Vehicles Per Capita,0.7398058252427184,0.6768778850188838,0.6805555555555556,0.6805807622504537,0.6819845465636437,0.6830717013152312,0.6555600160578081,0.6522801302931596,0.6888265919102924,0.6638554216867469,0.6601515755883526,0.4009947155735157,0.6821271491403439,0.6873935264054515,0.6887143447705664,0.6661270740590854
215,Vehicles Available,Vehicles Renters,0.1763779527559055,0.0781153130812151,0.0982142857142857,0.1426666666666666,0.1669648181276088,0.168944099378882,0.2057562767911818,0.1897627965043695,0.1656976744186046,0.1645493042952208,0.1716012084592145,0.662015503875969,0.175263774912075,0.1703841387856257,0.1602641056422569,0.1682867557715674
