,Category,Attribute,2024_South of Market,2024_San Francisco,2023_South of Market,2023_San Francisco,2022_South of Market,2022_San Francisco,2021_South of Market,2021_San Francisco,2020_South of Market,2020_San Francisco,2019_South of Market,2019_San Francisco,2018_South of Market,2018_San Francisco,2017_South of Market,2017_San Francisco,2016_South of Market,2016_San Francisco,2015_South of Market,2015_San Francisco,2014_South of Market,2014_San Francisco,2013_South of Market,2013_San Francisco,2012_South of Market,2012_San Francisco,2011_South of Market,2011_San Francisco,2010_South of Market,2010_San Francisco,2000_South of Market,2000_San Francisco
0,Affordability,# Units at or below 100 AMI Monthly Affordable Rent,8403,156904,7911.0,158878.0,7963.0,164391.0,8513.0,177267.0,2364.0,179637.0,9151.0,194605.0,4912.0,196852.0,8030.0,201554.0,7736.0,206125.0,7012.0,208027.0,7228.0,219759.0,6912.0,217742.0,6687.0,213982.0,6509.0,212110.0,6183.0,209068.0,4784.0,209020.0
1,Affordability,# Units at or below 30 AMI Monthly Affordable Rent,6163,156904,6569.0,158878.0,5452.0,142404.0,5924.0,155085.0,2364.0,133315.0,5943.0,146746.0,3091.0,152803.0,4474.0,131265.0,4500.0,139452.0,3980.0,146046.0,3940.0,103611.0,3874.0,106717.0,3821.0,108966.0,3649.0,114525.0,3460.0,119019.0,2538.0,147066.0
2,Affordability,# Units at or below 50 AMI Monthly Affordable Rent,8403,156904,7911.0,158878.0,7963.0,164391.0,8513.0,177267.0,2364.0,179637.0,7097.0,194605.0,4464.0,196852.0,6099.0,201554.0,5692.0,206125.0,5507.0,195487.0,5261.0,219759.0,5003.0,217742.0,4925.0,213982.0,4888.0,212110.0,4646.0,203005.0,3881.0,193235.0
3,Affordability,# Units at or below 80 AMI Monthly Affordable Rent,8403,156904,7911.0,158878.0,7963.0,164391.0,8513.0,177267.0,2364.0,179637.0,9151.0,194605.0,4912.0,196852.0,7221.0,201554.0,6424.0,206125.0,6435.0,208027.0,5780.0,219759.0,6806.0,217742.0,6598.0,213982.0,6456.0,212110.0,6073.0,209068.0,4674.0,209020.0
4,Affordability,100 AMI Annual Income,102842.26190476192,140630.3486172417,121003.93700787402,140840.72978303747,95440.47619047618,136440.23367285798,90569.27297668038,126479.8932723461,157860.38592508514,117453.07472291742,69384.61538461539,113537.43350844154,73255.20833333333,104995.55809378768,48491.28540305011,96817.47583985272,43465.90909090909,88612.28084661327,39761.30653266332,81982.65550239234,37034.3137254902,78773.52733781732,39649.12280701754,75789.09138932911,39957.38636363637,73882.86576506091,37763.76146788991,73015.850789739,41378.67647058824,71436.31988152536,21528.846153846152,55915.28958767848
5,Affordability,100 AMI Monthly Affordable Rent,8570.188492063493,11719.195718103474,10083.661417322835,11736.72748191979,7953.373015873015,11370.019472738166,7547.439414723365,10539.991106028841,13155.032160423762,9787.756226909785,5782.051282051282,9461.452792370128,6104.600694444444,8749.629841148973,4040.940450254176,8068.122986654394,3622.1590909090905,7384.356737217772,3313.442211055277,6831.887958532695,3086.1928104575168,6564.460611484777,3304.093567251462,6315.7576157774265,3329.7821969696975,6156.905480421742,3146.9801223241593,6084.6542324782495,3448.2230392156866,5953.02665679378,1794.0705128205127,4659.607465639873
6,Affordability,30 AMI Annual Income,30852.678571428576,42189.10458517251,36301.18110236221,42252.21893491124,28632.142857142855,40932.0701018574,27170.781893004114,37943.96798170383,47358.11577752554,35235.922416875226,20815.384615384617,34061.23005253246,21976.562499999996,31498.6674281363,14547.385620915033,29045.242751955815,13039.772727272726,26583.68425398398,11928.391959798997,24594.7966507177,11110.294117647061,23632.058201345193,11894.736842105262,22736.727416798734,11987.21590909091,22164.859729518274,11329.128440366972,21904.755236921697,12413.60294117647,21430.895964457606,6458.653846153846,16774.586876303543
7,Affordability,30 AMI Monthly Affordable Rent,2571.056547619048,3515.758715431042,3025.0984251968507,3521.0182445759365,2386.0119047619046,3411.00584182145,2264.2318244170096,3161.9973318086522,3946.5096481271285,2936.3268680729357,1734.6153846153848,2838.4358377110384,1831.380208333333,2624.888952344692,1212.2821350762526,2420.436895996318,1086.6477272727273,2215.3070211653317,994.0326633165831,2049.5663875598084,925.8578431372551,1969.3381834454328,991.2280701754385,1894.7272847332279,998.9346590909091,1847.0716441265229,944.0940366972477,1825.3962697434747,1034.4669117647059,1785.9079970381338,538.2211538461538,1397.882239691962
8,Affordability,50 AMI Annual Income,51421.13095238096,70315.17430862084,60501.96850393701,70420.36489151874,47720.23809523809,68220.11683642899,45284.63648834019,63239.94663617305,78930.19296254257,58726.53736145871,34692.307692307695,56768.71675422077,36627.604166666664,52497.77904689384,24245.642701525056,48408.73791992636,21732.954545454544,44306.140423306635,19880.65326633166,40991.32775119617,18517.1568627451,39386.76366890866,19824.56140350877,37894.54569466456,19978.693181818184,36941.432882530455,18881.880733944956,36507.9253948695,20689.33823529412,35718.15994076268,10764.423076923076,27957.64479383924
9,Affordability,50 AMI Monthly Affordable Rent,4285.0942460317465,5859.597859051737,5041.830708661418,5868.363740959895,3976.6865079365075,5685.009736369083,3773.7197073616826,5269.995553014421,6577.516080211881,4893.878113454893,2891.025641025641,4730.726396185064,3052.300347222222,4374.814920574487,2020.470225127088,4034.061493327197,1811.0795454545453,3692.178368608886,1656.7211055276384,3415.9439792663475,1543.0964052287584,3282.2303057423883,1652.046783625731,3157.8788078887133,1664.8910984848487,3078.452740210871,1573.4900611620797,3042.3271162391247,1724.1115196078433,2976.51332839689,897.0352564102564,2329.8037328199366
10,Affordability,80 AMI Annual Income,82273.80952380954,112504.27889379335,96803.14960629922,112672.58382642998,76352.38095238095,109152.1869382864,72455.41838134431,101183.91461787689,126288.30874006811,93962.45977833394,55507.69230769231,90829.94680675323,58604.166666666664,83996.44647503016,38793.02832244009,77453.98067188218,34772.72727272727,70889.82467729061,31809.04522613066,65586.12440191388,29627.450980392165,63018.82187025386,31719.298245614034,60631.27311146329,31965.909090909096,59106.29261204873,30211.00917431193,58412.6806317912,33102.941176470595,57149.05590522029,17223.076923076922,44732.23167014279
11,Affordability,80 AMI Monthly Affordable Rent,6856.150793650795,9375.35657448278,8066.929133858269,9389.381985535832,6362.6984126984125,9096.015578190532,6037.951531778693,8431.992884823074,10524.02572833901,7830.204981527829,4625.641025641026,7569.162233896102,4883.680555555556,6999.70387291918,3232.752360203341,6454.498389323515,2897.7272727272725,5907.485389774218,2650.7537688442217,5465.510366826157,2468.954248366014,5251.568489187822,2643.2748538011697,5052.606092621941,2663.825757575758,4925.524384337395,2517.5840978593274,4867.7233859826,2758.5784313725494,4762.421325435024,1435.2564102564102,3727.6859725118993
12,Age,0-2 Years,0.6332179930795848,0.5478517844964764,0.5387700534759359,0.5406992325496406,0.4794520547945205,0.5435105855696382,0.476010101010101,0.5452634434122194,0.4675324675324675,0.5463237718430597,0.3444700460829493,0.5439706576294453,0.3723577235772358,0.5485122061580229,0.3249158249158249,0.5440728159567982,0.3841059602649007,0.5398601090002427,0.4352159468438538,0.5406174484518621,0.551789077212806,0.5405688483381436,0.519327731092437,0.5284299122869234,0.6060070671378092,0.5306792579454485,0.5818181818181818,0.537271756021756,0.5933503836317136,0.5470185194379623,0.5048231511254019,0.5067081678651927
13,Age,0-4 Years,0.0224074433029656,0.0410560088487774,0.0295165600453478,0.0420818720739854,0.0344194771828228,0.0429241305894045,0.0306743552779112,0.044113206543054,0.0525802752293578,0.0449551586788678,0.0235264776789425,0.0451682212163969,0.0280419409900024,0.0454203559955169,0.0173638911128903,0.045376638858545,0.0197622275524037,0.0455484248199895,0.0233792074282871,0.0453526040368801,0.0300140252454417,0.0451965654091783,0.0310164634488958,0.0448415927988704,0.0311975458702321,0.0443776522702378,0.0286199227437668,0.0442509760598566,0.0212976721149083,0.0440338149220979,0.0175401221417412,0.0400176122296851
14,Age,18-34 Years,0.3548362085675518,0.2720516049880636,0.3951332091667341,0.2751838010561819,0.3533297989478406,0.2839780215639264,0.3684927118372577,0.2937872454640216,0.2078268348623853,0.305727332987868,0.3649098013134924,0.3058618588627659,0.3093148012679834,0.3066219589313914,0.3217073658927141,0.3056840821116546,0.3027948691208676,0.3052043890961046,0.2806610291272868,0.3044161499051527,0.2741654978962132,0.3034690431088777,0.2848232848232848,0.3032975760903671,0.3130173062452972,0.303876826740466,0.3288072105817628,0.3034485355963694,0.3492446755819712,0.3029564563668388,0.3052833404345973,0.3214952885998148
15,Age,3-5 Years,0.3667820069204152,0.4521482155035235,0.4612299465240642,0.4593007674503593,0.5205479452054794,0.4564894144303618,0.523989898989899,0.4547365565877805,0.5324675324675324,0.4536762281569403,0.6555299539170507,0.4560293423705546,0.6276422764227643,0.4514877938419771,0.6750841750841751,0.4559271840432018,0.6158940397350994,0.4601398909997573,0.5647840531561462,0.4593825515481379,0.448210922787194,0.4594311516618564,0.480672268907563,0.4715700877130765,0.3939929328621908,0.4693207420545515,0.4181818181818181,0.4627282439782439,0.4066496163682864,0.4529814805620376,0.495176848874598,0.4932918321348073
16,Age,35-59 Years,0.3423531692188408,0.3571679565096113,0.3242772694145275,0.3582532487301127,0.3428082052118592,0.3555327627544171,0.3628063431042768,0.3533718894867573,0.3316800458715596,0.3441166739989114,0.3665308836977304,0.3477087189166407,0.3709461107047062,0.3498157591311249,0.3878602882305845,0.3530123918927381,0.4015017207216602,0.3570726313357319,0.4099928149007903,0.3598353198993224,0.3794670406732118,0.3612654748190046,0.384671573860763,0.3645669909005334,0.3817213636626729,0.3666356963787091,0.3712396113777361,0.3702449251164367,0.3777860326894502,0.3732403935169017,0.40001420252805,0.3578295244311752
17,Age,5-17 Years,0.0555146346191122,0.0956109919010985,0.0423111183091748,0.0950096245352536,0.0530565637616736,0.0925993527995892,0.0643921191734742,0.0923392494160466,0.112413990825688,0.0893695890108821,0.0595643860670047,0.0891075388026607,0.0573030968056571,0.0888260994267166,0.0553943154523618,0.0887436248895444,0.0529773699030138,0.089276704499908,0.0460951749295307,0.0887033409362156,0.0517812061711079,0.088993279990716,0.051076024048997,0.0893044497176027,0.047751345719743,0.0898952923094862,0.0605759101018377,0.0902896167317373,0.0540490341753343,0.0908309342788169,0.0624201107797187,0.1041181461325835
18,Age,60 and older,0.2248885442915293,0.2341134377524491,0.2087618430642157,0.2294714536044663,0.2163859548958036,0.2249657322926627,0.1736344706070799,0.2163884090901202,0.2954988532110091,0.2158312453234706,0.1854684512428298,0.2121536622015356,0.2343940502316508,0.2093158265152501,0.2176741393114491,0.2071832622475178,0.2229638127020544,0.2028978502482659,0.2398717736141049,0.201692585222429,0.2645722300140252,0.2010756366722233,0.2484126538180592,0.1979893904926263,0.2263124385020547,0.1952145323011006,0.2107573451948964,0.1917659464955999,0.1976225854383358,0.1889384009153445,0.2147422241158926,0.1765394286067413
19,Age,Under 18 Years,2006.0,112981.0,1769.0,114067.0,2139.0,114689.0,2361.0,117386.0,2206.0,116553.0,1978.0,116625.0,1531.0,116002.0,1434.0,115114.0,1362.0,113760.0,1217.0,111913.0,1323.0,110271.0,1377.0,108795.0,1275.0,107603.0,1425.0,106642.0,1217.0,105626.0,1126.0,111955.0
20,Age,Under 6 Years,578.0,39591.0,748.0,41045.0,876.0,42369.0,792.0,44241.0,693.0,45495.0,868.0,46622.0,615.0,46411.0,594.0,45924.0,604.0,45321.0,602.0,44279.0,531.0,42964.0,595.0,42297.0,566.0,41722.0,550.0,41184.0,391.0,40282.0,311.0,37268.0
21,Educational Attainment,College Degree or higher,0.5308440083583175,0.6037814737779744,0.5536059619829253,0.6015770791834534,0.5353747135403969,0.5981580544247345,0.5472370766488414,0.5954773065649281,0.7187579168325432,0.5817083849870736,0.503681011907703,0.5809853065788942,0.5261236759232751,0.5718184592579675,0.4736416652231653,0.5583391409602758,0.4397597670468333,0.5483582916944467,0.423342718198106,0.5386867457615273,0.4070404860973515,0.5295800684635643,0.3838713980789754,0.5241250965981674,0.3959260289210233,0.5198689199853714,0.3925803673938002,0.5138067991451463,0.3884563557418775,0.5124188366490302,0.2717168262653899,0.4497981722207769
22,Educational Attainment,High School or Less,0.2777777777777778,0.2226179457153548,0.2547993019197208,0.2249546945438751,0.2743185918377298,0.2277040043832001,0.2502770149828973,0.2256737658772623,0.1163186276283884,0.2350681531009399,0.2761005978556253,0.2355443598360608,0.2993129115373604,0.2375143509031986,0.3235752641607483,0.2434933793052855,0.3402086872118418,0.2497404280502513,0.3517404658305605,0.2564566535550907,0.3754705765801466,0.2634329941120096,0.3637273212379936,0.2697919788036021,0.3712458286985539,0.2777815204768412,0.370264064293915,0.2867029253043871,0.3698158406947148,0.2866962090560432,0.4900820793433652,0.3267562373595388
23,Educational Attainment,Some College/Associate Degree,0.1913782138639048,0.1736005805066708,0.1915947360973539,0.1734682262726714,0.1903066946218733,0.1741379411920654,0.2024859083682613,0.1788489275578095,0.1649234555390684,0.1832234619119865,0.2202183902366717,0.1834703335850449,0.1745634125393644,0.1906671898388339,0.2027830706160863,0.1981674797344386,0.2200315457413249,0.2019012802553019,0.2249168159713335,0.204856600683382,0.2174889373225018,0.2069869374244261,0.2524012806830309,0.2060829245982304,0.2328281423804226,0.2023495595377873,0.2371555683122847,0.1994902755504666,0.2417278035634077,0.2008849542949266,0.2382010943912448,0.2234455904196843
24,Employment,"6-17, Living with One Parent",580.0,20099.0,416.0,20175.0,355.0,19426.0,667.0,20458.0,634.0,20445.0,643.0,19973.0,496.0,20256.0,472.0,20087.0,362.0,19772.0,294.0,19777.0,369.0,19907.0,328.0,19719.0,290.0,20009.0,414.0,20335.0,487.0,20089.0,232.0,19204.0
25,Employment,"6-17, Living with One Parent, Parent Not in Labor Force",0.0534482758620689,0.1659286531668242,0.0649038461538461,0.1765551425030979,0.476056338028169,0.1788839699371975,0.1934032983508246,0.1864796167758334,0.4148264984227129,0.1962827097089753,0.6158631415241057,0.1985680668903019,0.625,0.1812302527646129,0.4110169491525424,0.165181460646189,0.4723756906077348,0.1608335019219097,0.2551020408163265,0.1700965768316731,0.1653116531165311,0.1591400010046717,0.0823170731707317,0.1724732491505654,0.096551724137931,0.1948123344494977,0.0966183574879227,0.1800835997049422,0.0800821355236139,0.1810443526307929,0.5560344827586207,0.2812955634242866
26,Employment,"6-17, Living with One Parent, Parent in Labor Force",0.946551724137931,0.8340713468331757,0.935096153846154,0.8234448574969021,0.523943661971831,0.8211160300628024,0.8065967016491754,0.8135203832241665,0.5851735015772871,0.8037172902910247,0.3841368584758942,0.8014319331096981,0.375,0.8187697472353871,0.5889830508474576,0.8348185393538109,0.5276243093922652,0.8391664980780902,0.7448979591836735,0.8299034231683269,0.8346883468834688,0.8408599989953283,0.9176829268292684,0.8275267508494345,0.903448275862069,0.8051876655505023,0.9033816425120772,0.8199164002950577,0.919917864476386,0.818955647369207,0.4439655172413793,0.7187044365757134
27,Employment,"6-17, Living with Two Parents",799.0,49075.0,538.0,48594.0,836.0,48739.0,835.0,48247.0,820.0,46389.0,455.0,46832.0,420.0,46257.0,298.0,45768.0,349.0,45467.0,280.0,44455.0,350.0,43591.0,384.0,43379.0,366.0,42049.0,390.0,41463.0,282.0,41539.0,417.0,48312.0
28,Employment,"6-17, Living with Two Parents, One Parent in Labor Force",0.4292866082603254,0.2628018339276617,0.4163568773234201,0.251903527184426,0.361244019138756,0.2531237817764008,0.2826347305389221,0.2552697577051422,0.4134146341463414,0.261117937442066,0.1956043956043956,0.2751323881106935,0.2309523809523809,0.2824869749443327,0.2181208053691275,0.2922128998426848,0.2005730659025787,0.2958849275298568,0.2071428571428571,0.3079743560904285,0.2571428571428571,0.299786653208231,0.2317708333333333,0.2915927061481362,0.1038251366120218,0.2885918809008537,0.3333333333333333,0.3013047777536599,0.3475177304964539,0.303762729001661,0.2517985611510791,0.3014571948998178
29,Employment,"6-17, Living with Two Parents, Parents Not in Labor Force",0.0,0.0145287824758023,0.0,0.0186854344157714,0.0,0.0172346580766942,0.0526946107784431,0.0200841503098638,0.0451219512195121,0.0181508547284916,0.1318681318681318,0.0196873932353946,0.119047619047619,0.0202347752772553,0.2181208053691275,0.0196206956825729,0.0744985673352435,0.018540919787978,0.1035714285714285,0.0182881565628163,0.0,0.0207841068110389,0.0,0.0210009451577952,0.0,0.0214036005612499,0.0,0.0210066806550418,0.0,0.0248681961530128,0.381294964028777,0.1003477396920019
30,Employment,"6-17, Living with Two Parents, Parents in Labor Force",0.5707133917396746,0.7226693835965359,0.5836431226765799,0.7294110383998025,0.638755980861244,0.729641560146905,0.6646706586826348,0.7246460919849939,0.5414634146341464,0.7207312078294423,0.6725274725274726,0.7051802186539119,0.65,0.6972782497784119,0.5637583892617449,0.6881664044747422,0.7249283667621776,0.685574152682165,0.6892857142857143,0.6737374873467551,0.7428571428571429,0.67942923998073,0.7682291666666666,0.6874063486940686,0.8961748633879781,0.6900045185378962,0.6666666666666666,0.6776885415912983,0.6524822695035462,0.671369074845326,0.3669064748201439,0.5981950654081801
31,Employment,Employed Residents,14723.0,475344.0,15041.0,483955.0,14265.0,496966.0,15452.0,511122.0,18449.0,500641.0,14251.0,522693.0,8912.0,514605.0,10809.0,504143.0,9818.0,487737.0,9165.0,477522.0,8488.0,465885.0,8407.0,456055.0,8345.0,449117.0,8127.0,446684.0,7814.0,443834.0,5452.0,427823.0
32,Employment,Managerial Professional,0.6450451674251172,0.636263421858696,0.6520178179642311,0.6344990753272515,0.6324570627409745,0.6206521170462366,0.6102769867978255,0.6037599633746933,0.7146728819990243,0.584368839148212,0.6121675671882675,0.5758313197230497,0.6508078994614004,0.5636459031684495,0.5851605143861597,0.5504787332165675,0.5875942147076798,0.5458249015350486,0.5779596290234588,0.5345366286788881,0.5367577756833176,0.5232213958380287,0.5297965980730344,0.5170692131431516,0.5332534451767525,0.5124611181496136,0.5069521348591116,0.5045401223236113,0.4918095725620681,0.5047833198898687,0.3954512105649303,0.4833868211853968
33,Employment,Natural Resources,0.015010527745704,0.0307777104581103,0.0138953527026128,0.029322974243473,0.009533824044865,0.0278288655561949,0.006665803779446,0.0286017819620364,0.0180497587945146,0.029214546950809,0.0097537014946319,0.0309416808719458,0.0108842010771992,0.0325375773651635,0.0098991581089832,0.0350297435449862,0.0174169892035037,0.0354781367827333,0.0161483906164757,0.0365072185155867,0.0143732327992459,0.0367000440022752,0.0211728321636731,0.0406288715176897,0.0310365488316357,0.0417508132624683,0.0330995447274517,0.0447967690806028,0.0400563091886357,0.0460577603338185,0.0416360968451944,0.042050100158243
34,Employment,Production Transport Materials,0.0438090063166474,0.0523683900501531,0.0421514526959643,0.0536682129536837,0.0525762355415352,0.0556396212215725,0.072676676158426,0.0568063984723803,0.0297035069651471,0.0570708351892873,0.0503122587888569,0.058803159789781,0.0526256732495511,0.0599275172219469,0.0584697936904431,0.0545757850451161,0.0516398451823181,0.0526451755761814,0.0545553737043098,0.0536205661728674,0.0573751178133836,0.0548161026862852,0.0429404068038539,0.0521801098551709,0.0526063511084481,0.0528949026645617,0.0654608096468561,0.056415721180969,0.0508062452009214,0.058440768395391,0.0775862068965517,0.0745331597412948
35,Employment,Sales and Office,0.1328533586904842,0.1501544144871924,0.1328369124393325,0.1525885671188437,0.1261128636522958,0.1615362016717441,0.1389464147035982,0.1689498788938844,0.1459157677922922,0.1773106876983707,0.1471475685916777,0.1802453830451144,0.1432899461400359,0.1825788711730356,0.1850309926912758,0.1954723163864221,0.1635771032796903,0.1998392576326995,0.1636661211129296,0.2054271845066824,0.208765315739868,0.2118033420264657,0.1975734506958487,0.2171952944272072,0.2142600359496704,0.2180166860751207,0.2275132275132275,0.220927993839045,0.2462247248528282,0.2243113416277256,0.262472487160675,0.2555168843189824
36,Employment,Services,0.1632819398220471,0.130436063145848,0.1590984641978592,0.129921170356748,0.1793200140203295,0.1343431945042518,0.1714341185607041,0.1418819772970054,0.0916580844490216,0.1520350910133209,0.1806189039365658,0.154178456570109,0.1423922800718133,0.1613101310714043,0.1614395411231381,0.1644434218069079,0.1797718476268079,0.166212528473337,0.1876704855428259,0.1699084021259753,0.1827285579641847,0.173459115446945,0.2085167122635898,0.1729265110567804,0.1688436189334931,0.1748764798482355,0.166974283253353,0.1733193935757717,0.1711031481955464,0.166406809753196,0.2197358767424798,0.1434331487554432
37,Employment,"Under 6 Years, Living with One Parent",142.0,6580.0,223.0,6745.0,243.0,7242.0,60.0,7622.0,26.0,8015.0,36.0,8712.0,30.0,8972.0,71.0,9280.0,63.0,9061.0,93.0,9277.0,168.0,9251.0,177.0,9029.0,219.0,9269.0,272.0,9025.0,212.0,8317.0,76.0,8668.0
38,Employment,"Under 6 Years, Living with One Parent, Parent Not in Labor Force",0.0,0.2427051671732522,0.0,0.2317272053372868,0.0,0.2346037006351836,0.0,0.2332721070585148,0.0,0.2331877729257642,0.0,0.1887052341597796,0.0,0.1754346856888096,0.0,0.1479525862068965,0.0,0.1351947908619357,0.0,0.1384068125471596,0.238095238095238,0.1318776348502864,0.2824858757062147,0.1348986598737401,0.2968036529680365,0.1807098931923616,0.3161764705882353,0.1905817174515235,0.4575471698113207,0.2776241433209089,0.6842105263157895,0.3289109367789571
39,Employment,"Under 6 Years, Living with One Parent, Parent in Labor Force",1.0,0.7572948328267477,1.0,0.7682727946627131,1.0,0.7653962993648163,1.0,0.7667278929414851,1.0,0.7668122270742358,1.0,0.8112947658402204,1.0,0.8245653143111904,1.0,0.8520474137931034,1.0,0.8648052091380642,1.0,0.8615931874528403,0.7619047619047619,0.8681223651497135,0.7175141242937854,0.8651013401262598,0.7031963470319634,0.8192901068076384,0.6838235294117647,0.8094182825484765,0.5424528301886793,0.722375856679091,0.3157894736842105,0.6710890632210429
40,Employment,"Under 6 Years, Living with Two Parents",436.0,31178.0,525.0,32695.0,633.0,33144.0,732.0,34687.0,667.0,35920.0,832.0,36371.0,585.0,36135.0,523.0,35287.0,541.0,34710.0,509.0,33503.0,363.0,32018.0,418.0,31593.0,347.0,30861.0,278.0,30505.0,179.0,30522.0,209.0,25388.0
41,Employment,"Under 6 Years, Living with Two Parents, One Parent in Labor Force",0.4747706422018348,0.2492783372891141,0.4076190476190476,0.249365346383239,0.4660347551342812,0.2557325609461742,0.4590163934426229,0.2829878628881137,0.5262368815592204,0.2931514476614699,0.3004807692307692,0.2815154931126447,0.3042735042735042,0.2911304829113048,0.3365200764818356,0.3134015359764219,0.4158964879852125,0.3202823393834629,0.555992141453831,0.3241799241858938,0.7024793388429752,0.3401836466987319,0.6602870813397129,0.3268445541733928,0.6051873198847262,0.3272739055766177,0.8165467625899281,0.3348631371906245,0.5195530726256983,0.3595111722691829,0.2344497607655502,0.370174885772806
42,Employment,"Under 6 Years, Living with Two Parents, Parents Not in Labor Force",0.0,0.0162614664186285,0.0,0.0166386297599021,0.0,0.0095341539946898,0.0,0.009484821402831,0.0,0.0053452115812917,0.0408653846153846,0.0075884633361744,0.041025641025641,0.0085789400857894,0.0841300191204589,0.0100036840762887,0.066543438077634,0.01120714491501,0.0648330058939096,0.0139688983076142,0.0,0.0153663564245112,0.0,0.0175671826037413,0.0,0.0194420141926703,0.0,0.024356662842157,0.0,0.0238844112443483,0.3062200956937799,0.0863793918386639
43,Employment,"Under 6 Years, Living with Two Parents, Parents in Labor Force",0.5252293577981652,0.7344601962922573,0.5923809523809523,0.7339960238568588,0.5339652448657188,0.7347332850591359,0.5409836065573771,0.7075273157090552,0.4737631184407796,0.7015033407572383,0.6586538461538461,0.7108960435511809,0.6547008547008547,0.7002905770029058,0.5793499043977055,0.6765947799472893,0.5175600739371534,0.668510515701527,0.3791748526522593,0.6618511775064919,0.2975206611570248,0.6444499968767569,0.3397129186602871,0.6555882632228658,0.3948126801152737,0.6532840802307119,0.1834532374100719,0.6407801999672185,0.4804469273743016,0.6166044164864688,0.4593301435406698,0.5434457223885301
44,Employment,Unemployment Rate,0.0892007170674414,0.0608135844766881,0.0653416149068323,0.0562046654080624,0.0615961083355245,0.0535574280864409,0.0581933284635987,0.0528643499003607,0.0343365611096571,0.0473714538922793,0.0289598912304554,0.0421464851369989,0.0556437109912197,0.0467561898167262,0.045510455104551,0.0542882955154614,0.0564863571086644,0.0616593070488925,0.0620028553946563,0.0674995414830973,0.0796851412551218,0.0756142580428994,0.0951919974185221,0.0824785173449569,0.0748728157487281,0.0804399877212729,0.0772366930917327,0.0751930879380297,0.0642771804062126,0.0714463457119018,0.1443573667711598,0.0459336392752786
45,Employment,Worked in place of residence,0.8187792770747395,0.8253169561041847,0.8476399260121943,0.823000162549794,0.8690138849532445,0.8150015822719782,0.870722433460076,0.8033030688796547,0.8443597661126075,0.787710045863901,0.8239148816234498,0.7662421676810082,0.8288486627527724,0.763732761445209,0.8202498601528995,0.758829095879553,0.7979445015416239,0.75375162546046,0.7798013245033113,0.7547692840780026,0.7684787792083929,0.7585445293737045,0.7732725527831094,0.7619994669640917,0.7698906016907011,0.7654151647580465,0.7615791510772804,0.7678917094340922,0.7703355704697986,0.7633115045678713,0.7999251356915591,0.7693386500634328
46,Employment,Worked outside place of residence,0.1812207229252604,0.1746830438958153,0.1523600739878057,0.1769998374502059,0.1309861150467554,0.1849984177280218,0.1292775665399239,0.1966969311203452,0.1556402338873924,0.2122899541360989,0.1760851183765501,0.2337578323189918,0.1711513372472276,0.236267238554791,0.1797501398471005,0.2411709041204469,0.2020554984583761,0.24624837453954,0.2201986754966887,0.2452307159219974,0.231521220791607,0.2414554706262954,0.2267274472168906,0.2380005330359082,0.2301093983092988,0.2345848352419535,0.2384208489227196,0.2321082905659077,0.2296644295302013,0.2366884954321287,0.2000748643084409,0.2306613499365671
47,Households,Average Family Household Size,2.712375395088743,3.1319983337300643,2.6945554445554447,3.144151117308533,2.767949032099976,3.2018118894912773,3.049584696702744,3.2615402697381954,3.0900500277932186,3.28706601556316,2.7642530671157086,3.2517095916023706,2.774730656219393,3.268945126068028,2.7808014354066986,3.289369891655579,2.750913520097442,3.2672108135580915,2.741155866900175,3.2838383338079966,2.869969040247678,3.298934193677973,2.8564338886919534,3.2995935115235646,2.7984263769201947,3.334838052183911,2.9098765432098768,3.339890688687735,2.9169152109075416,3.344840920606982,3.210161662817552,3.3800225564931448
48,Households,Average Household Size,1.680179853506418,2.209471781902731,1.6875987064751448,2.237901330812144,1.7343356483248111,2.2943849561823813,1.822467095194368,2.3444979393966285,2.633328262853666,2.3684053111240844,1.804066985645933,2.359117045903988,1.9557281553398056,2.362153216954271,1.7315499017865494,2.352446654005139,1.7164135514018692,2.326626108742424,1.666497513447681,2.3229749890800586,1.7135662237462497,2.320853188109825,1.7373445825932503,2.3119669277632724,1.720055229547808,2.314770502501632,1.759149655755526,2.3034212201512974,1.7670815341630683,2.304953708122554,1.802123071819539,2.2949552827042594
49,Households,Family Households,0.2982812386685038,0.4629277618913811,0.3011205535083101,0.4678741837925105,0.3114553918949859,0.4703304028998791,0.3040250994796449,0.4719280924304026,0.6841344691207788,0.4723127316858534,0.3314992025518341,0.479277241058859,0.396504854368932,0.478662290843646,0.3127864558974839,0.4702044464305664,0.3197040498442368,0.4642084744715392,0.2897594641226022,0.4581213162925523,0.3115087869695671,0.4576034099950309,0.3131660746003552,0.4539077458659704,0.3070992981244966,0.4499820682113482,0.2935137093851914,0.4474618425143229,0.2980695961391922,0.4473728166459864,0.2872781555813568,0.4462210095497954
50,Households,Households,13789.0,362994.0,13297.0,361734.0,13103.0,360015.0,13068.0,360574.0,13148.0,347723.0,12540.0,361559.0,7725.0,358942.0,10691.0,358040.0,10272.0,356034.0,9853.0,352566.0,9332.0,348153.0,9008.0,344700.0,8691.0,340178.0,8279.0,337745.0,7874.0,335264.0,6029.0,329850.0
51,Households,"Households with 60 years and older, % of Total (DEC, 65 years and older)",0.2777576328957865,0.3636754326517794,0.2759269008046928,0.3620035716852715,0.2893230557887506,0.3581128564087607,0.2538261401897765,0.3537359876197396,0.4944478247642227,0.3558723466667433,0.271371610845295,0.3504075406780083,0.3596116504854369,0.3465239509447209,0.3206435319427556,0.3435649648084013,0.3353777258566978,0.3372374548498177,0.3490307520552116,0.3331659887794058,0.3840548649807115,0.3313887859647913,0.373556838365897,0.3244067304902814,0.3345990104706017,0.3196943952871732,0.3022104118854934,0.3131090023538468,0.2884175768351537,0.3084285816550539,0.4035495106982916,0.3122601182355616
52,Households,"Households with Children, % of Total",0.0845601566466023,0.1813693890257139,0.0860344438595171,0.1835188287526193,0.1075326261161566,0.1840395539074761,0.1075145393327211,0.1862308430447009,0.2600395497414055,0.1853199241925325,0.1108452950558213,0.1872280872554687,0.1034304207119741,0.1872252341603936,0.0900757646618651,0.1849988828063903,0.0914135514018691,0.1852800575225961,0.0817010047701207,0.1858971086264699,0.0894770681525932,0.1885119473334999,0.1021314387211367,0.1874963736582535,0.0935450465999309,0.1873430968492965,0.0997705036840198,0.1865963966898103,0.1028702057404114,0.1864709601985301,0.0920550671753192,0.1723874488403819
53,Households,Living in Group Quarters,2627.0,26112.0,2258.0,24801.0,1796.0,23183.0,1156.0,19002.0,257.0,19758.0,1435.0,20176.0,2817.0,99313.0,4540.0,100859.0,4388.0,101563.0,4338.0,101403.0,3952.0,99865.0,3830.0,98556.0,3739.0,97294.0,0.0,0.0,0.0,0.0,3217.0,19742.0
54,Households,Non-Family Households,0.7017187613314961,0.5370722381086189,0.6988794464916899,0.5321258162074894,0.6885446081050142,0.5296695971001208,0.695974900520355,0.5280719075695973,0.3158655308792212,0.5276872683141466,0.6685007974481658,0.520722758941141,0.603495145631068,0.5213377091563539,0.6872135441025161,0.5297955535694335,0.6802959501557633,0.5357915255284608,0.7102405358773978,0.5418786837074476,0.6884912130304329,0.5423965900049691,0.6868339253996447,0.5460922541340296,0.6929007018755033,0.5500179317886518,0.7064862906148085,0.552538157485677,0.7019304038608077,0.5526271833540135,0.7127218444186432,0.5537789904502046
55,Households,"Single Person Households, % of Total",0.5662484589165276,0.3880752849909364,0.5658419192299015,0.3795468493423344,0.5627718843013051,0.370431787564407,0.5668044077134986,0.3656974712541669,0.2282476422269546,0.3628462885687745,0.5289473684210526,0.3559889257354954,0.4313268608414239,0.3597628586233987,0.5598166682256104,0.3665847391352921,0.5621105919003115,0.3708775004634388,0.5819547345985994,0.3779462568710539,0.5833690527218174,0.3823635011043995,0.5734902309058615,0.3869567740063823,0.5738119894143366,0.3940848614548853,0.5695132262350525,0.4006306533035278,0.5628651257302515,0.4016058986351055,0.5748880411345165,0.3861755343337881
56,Housing,Median Year Moved In Owner,2014.0446373217608,2007.6477461846248,2015.604606525912,2006.3591026631293,2014.333868378812,2005.251952191235,2011.0165094339625,2005.4737919483905,1997.7958496915312,2003.1260388697096,2012.48,2007.0089461238213,2008.7961476725525,2001.7370067504528,2014.1008403361343,2009.146091310434,2008.0210772833725,2000.187938712356,2006.4176417641763,1999.6412538848176,2010.0699523052465,2000.6779985725557,2005.1718213058416,1997.5284754672896,2004.621212121212,1997.1416645945085,2005.263333333333,1993.848383462497,2004.4453125,1995.6842698438252,1996.933806146572,1987.6388952189964
57,Housing,Median Year Moved In Renter,2018.2191400832176,2015.9938834595152,2018.695007800312,2016.5115832671431,2016.3920619554692,2014.5253318985476,2018.116037735849,2011.535989556136,2014.17193426043,2013.023803462322,2012.2235726399097,2012.8029277571784,2011.4492924528304,2011.2591798383655,2014.4672040022235,2014.2607703428332,2010.243104918965,2010.163989518698,2008.9184032873493,2008.6635687491075,2010.41210209349,2010.36722362394,2005.70622210554,2005.421611492817,2004.943168077388,2004.352184865961,2005.6552567237163,2005.622983870968,2005.078332840674,2004.8217412659092,1996.378952825298,1996.148247771288
58,Housing,Median Year Structure Built,2003.8520192036149,1945.566896353718,2002.26825633383,1945.1754582655976,2001.4687406521089,1944.5780497258984,1998.4395132426628,1944.236438679245,1948.5326657129235,1945.37322767794,1992.539727582293,1943.4359038418831,1983.233562315996,1942.3594918609767,1992.1913580246917,1942.047870171528,1991.220562894888,1941.6269704596637,1990.7356389214535,1941.7023507482008,1990.486124401914,1949.2994290710835,1987.0964125560536,1941.2592200959407,1986.419191919192,1941.074692243788,1983.5477707006369,1948.3707559981888,1989.37125748503,1939.0,1959.581993569132,1940.100117657312
59,Housing,"Overcrowding, Renter Occupied Housing",0.1026899309342057,0.0734325271237664,0.1156875771092341,0.0787509157344527,0.1052012929767852,0.0820756891618869,0.1363158397858713,0.082845229599508,0.0227004716981132,0.0810068776808164,0.128842504743833,0.0811220554467032,0.0884939867169269,0.0790011969201636,0.1047672462142456,0.0744354303381849,0.0879838518166706,0.0737345626872705,0.0934779866279803,0.0743386762815936,0.0974842767295597,0.0740940461031634,0.1147940881044626,0.0721038566434206,0.1325229765787133,0.0716439754459395,0.1343397377249161,0.0702590000517717,0.1406350224502886,0.06915216052771,0.224025974025974,0.1382092963593535
60,Housing,Owner Occupied,0.2019725868445862,0.3819677460233502,0.2075656163044295,0.38490990617415,0.2208654506601541,0.3854506062247406,0.1994949494949495,0.3820935508383855,0.742013994523882,0.3778035965409248,0.1594896331738437,0.3760741677015369,0.2788349514563106,0.3762000546049222,0.166121036385745,0.3730784269913976,0.180101246105919,0.3682007898122089,0.1954734598599411,0.3643856753061838,0.2162451778825546,0.366143620764434,0.226354351687389,0.3660226283724978,0.2237947301806466,0.3693095967405299,0.2078753472641623,0.3709129668832995,0.2080264160528321,0.3750924644459292,0.1280599500416319,0.3497573551713679
61,Housing,Post 1979 All and Pre 1979 Single Family Renter Occupied by Year Structure Built by Units in Structure,8102.0,82164.0,7311.0,77998.0,6860.0,73992.0,6400.0,73349.0,2213.0,69953.0,6338.0,70573.0,3190.0,68451.0,5449.0,67616.0,5238.0,65448.0,4828.0,65701.0,3362.0,114951.0,3150.0,114749.0,3206.0,113799.0,3173.0,113725.0,3058.0,111672.0,1434.0,42099.0
62,Housing,Pre 1980 MultiFamily Renter Occupied by Year Structure Built by Units in Structure,2902.0,141862.0,3226.0,144178.0,3349.0,146950.0,4061.0,149184.0,1179.0,146145.0,4202.0,154965.0,2381.0,155386.0,3466.0,156751.0,3184.0,159388.0,3099.0,158259.0,1690.0,90725.0,1714.0,89862.0,1621.0,88408.0,1718.0,87105.0,1486.0,88150.0,3794.0,172030.0
63,Housing,Renter Occupied,0.7980274131554137,0.6180322539766497,0.7924343836955704,0.6150900938258499,0.7791345493398458,0.6145493937752594,0.8005050505050505,0.6179064491616145,0.257986005476118,0.6221964034590752,0.8405103668261563,0.623925832298463,0.7211650485436893,0.6237999453950778,0.833878963614255,0.6269215730086024,0.819898753894081,0.6317992101877911,0.8045265401400589,0.6356143246938162,0.7837548221174454,0.6338563792355659,0.7736456483126111,0.6339773716275022,0.7762052698193533,0.63069040325947,0.7921246527358377,0.6290870331167004,0.7919735839471679,0.6249075355540709,0.871940049958368,0.6502426448286321
64,Housing,Total Number of Units,16840.0,413571.0,16074.0,410552.0,15872.0,407284.0,15318.0,403943.0,13947.0,382814.0,14487.0,396851.0,8929.0,393098.0,12684.0,389511.0,12107.0,385944.0,11879.0,382915.0,11381.0,379773.0,11058.0,377499.0,10743.0,375132.0,10098.0,374229.0,9418.0,371781.0,6254.0,346527.0
65,Housing,Total Vacant Units,3051.0,50577.0,2777.0,48818.0,2769.0,47269.0,2250.0,43369.0,799.0,35091.0,1947.0,35292.0,1204.0,34156.0,1993.0,31471.0,1835.0,29910.0,2026.0,30349.0,2049.0,31620.0,2050.0,32799.0,2052.0,34954.0,1819.0,36484.0,1544.0,36517.0,249.0,16827.0
66,Housing,Vacancy Rate,0.1811757719714964,0.1222933909776072,0.1727634689560781,0.1189082016407178,0.1744581653225806,0.1160590644366093,0.1468860164512338,0.1073641578143451,0.0572883057288305,0.0916659265335123,0.1343963553530751,0.0889301022298041,0.1348415276066748,0.0868892744302947,0.1571270892462945,0.0807961777716162,0.15156521020897,0.077498289907344,0.1705530768583214,0.0792577987281772,0.1800369036112819,0.0832602633678539,0.1853861457768131,0.0868849983708566,0.1910080982965652,0.0931778680571105,0.1801346801346801,0.0974911083855072,0.1639413888299002,0.0982218026203598,0.0398145187080268,0.0485589867456215
67,Housing Prices,Contract Rent 100 to 149,40.0,735.0,49.0,669.0,53.0,561.0,11.0,710.0,20.0,848.0,106.0,795.0,12.0,762.0,135.0,965.0,124.0,1047.0,79.0,1198.0,41.0,1115.0,27.0,1235.0,30.0,1291.0,32.0,1188.0,32.0,1189.0,37.0,2218.0
68,Housing Prices,Contract Rent 1000 to 1249,456.0,12360.0,445.0,12735.0,442.0,13883.0,781.0,15685.0,219.0,16005.0,499.0,17491.0,372.0,18314.0,657.0,20972.0,656.0,22300.0,714.0,23989.0,643.0,24438.0,570.0,25594.0,443.0,25189.0,348.0,26334.0,442.0,27887.0,135.0,29768.0
69,Housing Prices,Contract Rent 1250 to 1499,460.0,11850.0,489.0,12425.0,440.0,13053.0,808.0,15334.0,62.0,14963.0,734.0,17640.0,400.0,19616.0,504.0,19477.0,453.0,21110.0,414.0,22981.0,276.0,23214.0,375.0,23799.0,492.0,25427.0,702.0,25043.0,680.0,24253.0,107.0,17994.0
70,Housing Prices,Contract Rent 150 to 199,230.0,1248.0,79.0,1131.0,131.0,1144.0,70.0,1263.0,0.0,1219.0,66.0,1059.0,29.0,880.0,49.0,811.0,29.0,898.0,50.0,1082.0,67.0,1157.0,62.0,1037.0,78.0,988.0,78.0,959.0,59.0,834.0,770.0,6640.0
71,Housing Prices,Contract Rent 1500 to 1999,1048.0,27125.0,868.0,27134.0,1083.0,28583.0,875.0,31884.0,507.0,31616.0,647.0,34159.0,498.0,35576.0,377.0,38851.0,365.0,42047.0,399.0,43104.0,468.0,44214.0,521.0,44733.0,495.0,43113.0,564.0,43130.0,522.0,40401.0,139.0,23743.0
72,Housing Prices,Contract Rent 200 to 249,104.0,1262.0,142.0,1483.0,126.0,2141.0,90.0,2304.0,20.0,3011.0,222.0,3326.0,194.0,3487.0,334.0,3469.0,541.0,3989.0,519.0,3926.0,438.0,3442.0,578.0,4052.0,582.0,4233.0,390.0,3905.0,405.0,4157.0,411.0,4167.0
73,Housing Prices,"Contract Rent 2000 to 2499 (Contract Rent 2000 or more, DEC2000 and ACS2009-2014)",1225.0,30319.0,867.0,29598.0,779.0,30033.0,798.0,28406.0,448.0,27086.0,521.0,29234.0,372.0,29473.0,515.0,28761.0,503.0,28746.0,604.0,28844.0,1279.0,60838.0,1139.0,54800.0,1086.0,49997.0,895.0,43369.0,847.0,38455.0,157.0,14053.0
74,Housing Prices,Contract Rent 250 to 299,224.0,2653.0,169.0,3199.0,261.0,4040.0,828.0,6816.0,0.0,6796.0,922.0,6530.0,684.0,6214.0,991.0,6238.0,1005.0,5584.0,960.0,5431.0,1094.0,5289.0,909.0,4617.0,755.0,4912.0,711.0,5107.0,687.0,4943.0,119.0,3338.0
75,Housing Prices,Contract Rent 2500 to 2999 (ACS2015-),1061.0,22846.0,1100.0,23891.0,997.0,23653.0,1199.0,24685.0,580.0,24242.0,1028.0,25265.0,497.0,24192.0,819.0,22868.0,829.0,20913.0,610.0,17655.0,169.0,5684.0,106.0,5764.0,89.0,5769.0,53.0,5919.0,110.0,6063.0,,
76,Housing Prices,Contract Rent 300 to 349,708.0,5250.0,687.0,5449.0,784.0,5715.0,320.0,3379.0,0.0,3005.0,133.0,2602.0,49.0,2405.0,166.0,2698.0,218.0,2768.0,161.0,2640.0,109.0,2310.0,187.0,2483.0,123.0,2392.0,144.0,2351.0,187.0,3015.0,439.0,5346.0
77,Housing Prices,Contract Rent 3000 to 3499 (ACS2015-),1161.0,23443.0,1038.0,21301.0,925.0,21499.0,584.0,22343.0,563.0,21710.0,1172.0,21726.0,426.0,19059.0,741.0,16228.0,370.0,13638.0,223.0,11377.0,0.0,0.0,0.0,0.0,0.0,0.0,0.0,0.0,0.0,0.0,,
78,Housing Prices,Contract Rent 350 to 399,353.0,2168.0,339.0,2685.0,305.0,1786.0,56.0,1491.0,0.0,1795.0,239.0,2458.0,146.0,2398.0,179.0,2479.0,141.0,2277.0,72.0,2357.0,133.0,2308.0,115.0,2073.0,179.0,2135.0,157.0,2003.0,185.0,1992.0,365.0,5235.0
79,Housing Prices,Contract Rent 3500 or more (ACS2015-),2041.0,54106.0,2298.0,51935.0,1851.0,46454.0,1659.0,35189.0,580.0,27172.0,948.0,21699.0,537.0,17755.0,481.0,14008.0,340.0,10639.0,265.0,8074.0,0.0,0.0,0.0,0.0,0.0,0.0,0.0,0.0,0.0,0.0,,
80,Housing Prices,Contract Rent 400 to 449,91.0,1585.0,15.0,1400.0,125.0,1212.0,68.0,2155.0,17.0,2320.0,228.0,2476.0,293.0,3090.0,353.0,4110.0,322.0,4150.0,411.0,4019.0,380.0,4073.0,365.0,3501.0,327.0,3185.0,419.0,3064.0,233.0,3259.0,273.0,5503.0
81,Housing Prices,Contract Rent 500 to 549,112.0,1258.0,107.0,1460.0,140.0,1687.0,209.0,2081.0,0.0,2161.0,384.0,2627.0,55.0,2418.0,152.0,2233.0,158.0,2209.0,162.0,2307.0,145.0,2353.0,168.0,2688.0,266.0,3496.0,261.0,4026.0,227.0,4323.0,245.0,5711.0
82,Housing Prices,Contract Rent 550 to 599,210.0,2419.0,202.0,2363.0,131.0,1747.0,234.0,2690.0,0.0,3590.0,425.0,4301.0,57.0,4313.0,382.0,4226.0,333.0,4420.0,290.0,4412.0,331.0,4282.0,250.0,4787.0,310.0,5226.0,315.0,4891.0,357.0,4718.0,329.0,8537.0
83,Housing Prices,Contract Rent 600 to 649,86.0,1843.0,273.0,2304.0,321.0,2531.0,271.0,2173.0,0.0,1783.0,121.0,2201.0,54.0,2096.0,126.0,2260.0,258.0,2602.0,306.0,2951.0,345.0,2960.0,333.0,3458.0,254.0,3042.0,250.0,3149.0,224.0,3226.0,390.0,6972.0
84,Housing Prices,Contract Rent 650 to 699,142.0,1902.0,183.0,1485.0,150.0,1653.0,135.0,2130.0,0.0,2732.0,359.0,3097.0,253.0,3068.0,270.0,3347.0,312.0,3600.0,291.0,3924.0,148.0,3730.0,141.0,3853.0,236.0,4307.0,202.0,4354.0,156.0,4837.0,150.0,9456.0
85,Housing Prices,Contract Rent 700 to 749,171.0,1346.0,154.0,1294.0,163.0,1477.0,226.0,1778.0,0.0,1317.0,303.0,1934.0,62.0,2353.0,230.0,2499.0,135.0,2715.0,140.0,2941.0,205.0,3324.0,195.0,3669.0,119.0,3191.0,117.0,3798.0,112.0,3340.0,142.0,8024.0
86,Housing Prices,Contract Rent 750 to 749,60.0,1231.0,206.0,1843.0,227.0,2128.0,239.0,1856.0,37.0,2719.0,219.0,3140.0,86.0,2883.0,108.0,3171.0,70.0,3493.0,96.0,3794.0,126.0,3669.0,203.0,3703.0,178.0,4732.0,229.0,4357.0,204.0,5126.0,127.0,8938.0
87,Housing Prices,Contract Rent 750 to 799,259.0,1971.0,126.0,1628.0,116.0,1410.0,229.0,2216.0,8.0,1943.0,13.0,2186.0,63.0,2598.0,142.0,2683.0,158.0,3147.0,125.0,2939.0,116.0,3463.0,141.0,3307.0,111.0,2749.0,173.0,3763.0,35.0,4187.0,144.0,8550.0
88,Housing Prices,Contract Rent 800 to 899,205.0,3330.0,167.0,3236.0,153.0,3578.0,468.0,5227.0,63.0,6009.0,510.0,6448.0,213.0,6990.0,482.0,8196.0,439.0,8259.0,357.0,8930.0,297.0,9029.0,253.0,9095.0,316.0,8873.0,206.0,10206.0,286.0,10955.0,363.0,18041.0
89,Housing Prices,Contract Rent 900 to 999,250.0,4376.0,288.0,4635.0,337.0,5326.0,161.0,5184.0,60.0,6380.0,517.0,7088.0,142.0,7599.0,387.0,7175.0,268.0,7452.0,305.0,8051.0,347.0,8357.0,253.0,8953.0,218.0,9207.0,263.0,10760.0,193.0,11497.0,251.0,16283.0
90,Housing Prices,Contract Rent Less than 100,137.0,1142.0,61.0,951.0,58.0,653.0,61.0,705.0,9.0,907.0,0.0,903.0,0.0,1057.0,124.0,1232.0,155.0,1465.0,165.0,1505.0,157.0,1430.0,78.0,1331.0,59.0,1093.0,49.0,795.0,53.0,852.0,60.0,1385.0
91,Housing Prices,Contract Rent Total,11004.0,224342.0,10537.0,222499.0,10209.0,221247.0,10461.0,222801.0,3392.0,216352.0,10540.0,225586.0,5571.0,223908.0,8915.0,224463.0,8422.0,224942.0,7927.0,224096.0,7314.0,220679.0,6969.0,218532.0,6746.0,214547.0,6558.0,212471.0,6236.0,209509.0,5236.0,214198.0
92,Housing Prices,Contract Rent Total No cash Rent (ACS2015-),170.0,6574.0,185.0,6265.0,111.0,5300.0,81.0,5117.0,199.0,5023.0,224.0,5201.0,77.0,5312.0,211.0,5506.0,240.0,5474.0,209.0,5665.0,0.0,0.0,0.0,0.0,0.0,0.0,0.0,0.0,0.0,0.0,83.0,4296.0
93,Housing Prices,"Contract Rent Total No cash Rent (No cash rent, DEC2000 and ACS2009-2014)",1061.0,22846.0,1100.0,23891.0,997.0,23653.0,1199.0,24685.0,580.0,24242.0,1028.0,25265.0,497.0,24192.0,819.0,22868.0,829.0,20913.0,610.0,17655.0,169.0,5684.0,106.0,5764.0,89.0,5769.0,53.0,5919.0,110.0,6063.0,83.0,4296.0
94,Housing Prices,Contract Rent Total With cash Rent,10834.0,217768.0,10352.0,216234.0,10098.0,215947.0,10380.0,217684.0,3193.0,211329.0,10316.0,220385.0,5494.0,218596.0,8704.0,218957.0,8182.0,219468.0,7718.0,218431.0,7145.0,214995.0,6863.0,212768.0,6657.0,208778.0,6505.0,206552.0,6126.0,203446.0,5153.0,209902.0
95,Housing Prices,Extremely Rent Burdened,0.1794801890221737,0.188364193953874,0.1794628452121097,0.1762300055281147,0.1977666764619453,0.1729740968239117,0.186693432750215,0.1710943846751136,0.1285377358490566,0.1711285312823546,0.1988614800759013,0.1712694936742528,0.1604738826063543,0.1823114850742269,0.2111048794167134,0.189639272396787,0.2340299216338162,0.2033368601683989,0.225810521004163,0.2083660574039697,0.2121957888980038,0.2156344736019285,0.2168173339073037,0.2184851646440795,0.2048621405277201,0.221047136524864,0.2128697773711497,0.2104240108061806,0.1964400256574727,0.2075137583588294,0.2112299465240641,0.1636709959943603
96,Housing Prices,Home Value 10000 to 14999 ,0.0,212.0,0.0,183.0,0.0,205.0,0.0,175.0,0.0,144.0,0.0,79.0,0.0,98.0,0.0,82.0,0.0,59.0,0.0,74.0,0.0,76.0,0.0,71.0,0.0,59.0,0.0,74.0,0.0,45.0,0.0,62.0
97,Housing Prices,Home Value 100000 to 124999,0.0,786.0,0.0,984.0,0.0,893.0,0.0,644.0,28.0,582.0,4.0,462.0,4.0,422.0,4.0,524.0,4.0,482.0,0.0,477.0,0.0,560.0,0.0,706.0,0.0,668.0,0.0,667.0,0.0,726.0,11.0,663.0
98,Housing Prices,"Home Value 1000000 to 1499999 (1000000 or more, DEC2000 and ACS2009-2014)",917.0,44558.0,1127.0,46265.0,959.0,46445.0,633.0,43297.0,3736.0,41084.0,648.0,37869.0,775.0,33886.0,365.0,29448.0,315.0,25127.0,184.0,20784.0,118.0,33662.0,138.0,30888.0,142.0,30973.0,91.0,32270.0,99.0,33403.0,69.0,9895.0
99,Housing Prices,Home Value 125000 to 149999,0.0,376.0,0.0,182.0,0.0,99.0,0.0,153.0,29.0,98.0,0.0,59.0,0.0,74.0,0.0,102.0,0.0,122.0,0.0,166.0,0.0,211.0,0.0,247.0,0.0,189.0,0.0,159.0,0.0,149.0,23.0,708.0
100,Housing Prices,Home Value 15000 to 19999 ,0.0,71.0,0.0,103.0,0.0,88.0,0.0,54.0,0.0,89.0,0.0,49.0,0.0,54.0,0.0,51.0,0.0,46.0,0.0,29.0,0.0,187.0,0.0,159.0,0.0,198.0,0.0,191.0,0.0,158.0,0.0,117.0
101,Housing Prices,Home Value 150000 to 174999,0.0,434.0,0.0,319.0,0.0,333.0,0.0,265.0,10.0,197.0,0.0,307.0,0.0,463.0,0.0,490.0,0.0,440.0,0.0,438.0,0.0,484.0,0.0,485.0,0.0,405.0,0.0,503.0,0.0,536.0,14.0,1269.0
102,Housing Prices,Home Value 1500000 to 1999999 (ACS2015-),150.0,29091.0,152.0,28389.0,209.0,28361.0,158.0,24715.0,2773.0,20876.0,85.0,19365.0,215.0,15807.0,58.0,12388.0,15.0,9489.0,23.0,7792.0,0.0,0.0,0.0,0.0,0.0,0.0,0.0,0.0,0.0,0.0,,
103,Housing Prices,Home Value 175000 to 199999,0.0,106.0,0.0,160.0,0.0,84.0,10.0,59.0,0.0,50.0,0.0,104.0,0.0,184.0,0.0,187.0,0.0,288.0,0.0,337.0,0.0,418.0,0.0,309.0,0.0,401.0,0.0,318.0,0.0,361.0,15.0,2042.0
104,Housing Prices,Home Value 20000 to 24999 ,0.0,103.0,0.0,76.0,0.0,8.0,0.0,28.0,0.0,47.0,0.0,25.0,0.0,18.0,0.0,39.0,0.0,37.0,0.0,23.0,0.0,26.0,0.0,29.0,0.0,139.0,0.0,143.0,0.0,142.0,0.0,411.0
105,Housing Prices,Home Value 200000 to 249999,21.0,573.0,22.0,506.0,12.0,556.0,0.0,627.0,6.0,537.0,0.0,756.0,0.0,731.0,18.0,877.0,17.0,1051.0,75.0,1321.0,115.0,1541.0,103.0,1595.0,52.0,1551.0,64.0,1776.0,20.0,1667.0,25.0,6734.0
106,Housing Prices,Home Value 2000000 or more (ACS2015-),158.0,33698.0,211.0,33776.0,247.0,30680.0,255.0,24626.0,1758.0,20385.0,167.0,21444.0,128.0,18798.0,74.0,15408.0,27.0,12454.0,8.0,10149.0,0.0,0.0,0.0,0.0,0.0,0.0,0.0,0.0,0.0,0.0,,
107,Housing Prices,Home Value 25000 to 29999 ,0.0,11.0,0.0,27.0,0.0,71.0,0.0,82.0,0.0,75.0,0.0,59.0,0.0,49.0,0.0,68.0,0.0,7.0,0.0,12.0,0.0,9.0,0.0,26.0,0.0,19.0,0.0,51.0,0.0,74.0,0.0,777.0
108,Housing Prices,Home Value 250000 to 299999,10.0,419.0,17.0,480.0,27.0,426.0,0.0,749.0,12.0,833.0,0.0,799.0,10.0,1039.0,0.0,977.0,0.0,1075.0,0.0,1169.0,0.0,1519.0,0.0,1456.0,0.0,1495.0,0.0,1421.0,0.0,1463.0,45.0,10611.0
109,Housing Prices,Home Value 30000 to 34999 ,0.0,8.0,0.0,12.0,0.0,0.0,0.0,0.0,0.0,0.0,0.0,10.0,0.0,34.0,0.0,38.0,0.0,64.0,0.0,84.0,0.0,77.0,0.0,58.0,0.0,45.0,0.0,45.0,0.0,21.0,0.0,955.0
110,Housing Prices,Home Value 300000 to 399999,94.0,1602.0,124.0,1818.0,127.0,2252.0,230.0,2573.0,87.0,2432.0,94.0,2460.0,61.0,2805.0,48.0,3145.0,50.0,3943.0,49.0,4767.0,59.0,5129.0,92.0,5243.0,76.0,4933.0,59.0,4397.0,47.0,3406.0,165.0,25189.0
111,Housing Prices,Home Value 35000 to 39999 ,0.0,12.0,0.0,9.0,0.0,5.0,0.0,29.0,13.0,58.0,0.0,45.0,0.0,53.0,0.0,110.0,0.0,84.0,0.0,80.0,0.0,83.0,0.0,101.0,0.0,64.0,0.0,81.0,0.0,123.0,0.0,1056.0
112,Housing Prices,Home Value 40000 to 49999 ,0.0,75.0,0.0,68.0,0.0,65.0,0.0,49.0,0.0,41.0,0.0,74.0,0.0,75.0,0.0,85.0,0.0,208.0,0.0,211.0,0.0,228.0,0.0,279.0,0.0,305.0,0.0,240.0,0.0,225.0,0.0,831.0
113,Housing Prices,Home Value 400000 to 499999,234.0,2288.0,194.0,2258.0,187.0,2266.0,167.0,2185.0,64.0,2168.0,59.0,2820.0,82.0,3895.0,115.0,5230.0,101.0,6965.0,114.0,8565.0,173.0,9354.0,178.0,9796.0,148.0,9546.0,166.0,8321.0,127.0,7079.0,210.0,20035.0
114,Housing Prices,Home Value 50000 to 59999 ,49.0,117.0,0.0,88.0,0.0,91.0,0.0,91.0,0.0,101.0,0.0,91.0,8.0,129.0,0.0,153.0,0.0,195.0,0.0,202.0,0.0,296.0,0.0,398.0,0.0,380.0,0.0,400.0,0.0,402.0,0.0,411.0
115,Housing Prices,Home Value 500000 to 749999,469.0,6702.0,289.0,6738.0,427.0,6778.0,545.0,11672.0,371.0,14124.0,395.0,18502.0,305.0,22866.0,431.0,28879.0,653.0,33939.0,885.0,37576.0,997.0,39490.0,994.0,41232.0,1041.0,40918.0,946.0,39818.0,926.0,39479.0,150.0,22252.0
116,Housing Prices,Home Value 60000 to 69999 ,0.0,31.0,0.0,20.0,0.0,14.0,0.0,13.0,0.0,34.0,0.0,67.0,0.0,57.0,0.0,115.0,0.0,191.0,0.0,227.0,0.0,233.0,20.0,299.0,16.0,332.0,15.0,386.0,14.0,505.0,0.0,303.0
117,Housing Prices,Home Value 70000 to 79999 ,0.0,127.0,0.0,191.0,0.0,46.0,0.0,158.0,0.0,201.0,0.0,186.0,0.0,194.0,0.0,223.0,0.0,271.0,0.0,314.0,0.0,258.0,0.0,242.0,0.0,258.0,0.0,437.0,0.0,458.0,0.0,281.0
118,Housing Prices,Home Value 750000 to 999999,683.0,15913.0,606.0,15324.0,679.0,17664.0,597.0,24204.0,802.0,26087.0,500.0,28869.0,525.0,31656.0,624.0,33015.0,595.0,32795.0,497.0,31905.0,489.0,32153.0,446.0,31352.0,399.0,32015.0,365.0,32698.0,389.0,34403.0,42.0,10032.0
119,Housing Prices,Home Value 80000 to 89999 ,0.0,71.0,0.0,89.0,0.0,43.0,0.0,60.0,0.0,100.0,0.0,148.0,0.0,188.0,0.0,222.0,37.0,247.0,52.0,296.0,55.0,253.0,63.0,263.0,71.0,222.0,15.0,352.0,16.0,425.0,0.0,262.0
120,Housing Prices,Home Value 90000 to 99999 ,0.0,105.0,0.0,16.0,0.0,80.0,0.0,104.0,0.0,92.0,14.0,162.0,26.0,140.0,15.0,110.0,15.0,139.0,15.0,218.0,0.0,202.0,0.0,252.0,0.0,227.0,0.0,295.0,0.0,309.0,0.0,303.0
121,Housing Prices,Home Value Less than 10000,0.0,1163.0,18.0,1154.0,20.0,1215.0,12.0,1161.0,67.0,936.0,34.0,1162.0,15.0,1319.0,24.0,1611.0,21.0,1374.0,24.0,1254.0,12.0,1025.0,5.0,682.0,0.0,289.0,0.0,231.0,0.0,196.0,0.0,116.0
122,Housing Prices,Home Value Total,2785.0,138652.0,2760.0,139235.0,2894.0,138768.0,2607.0,137773.0,9756.0,131371.0,2000.0,135973.0,2154.0,135034.0,1776.0,133577.0,1850.0,131092.0,1926.0,128470.0,2018.0,127474.0,2039.0,126168.0,1945.0,125631.0,1721.0,125274.0,1638.0,125755.0,769.0,115315.0
123,Housing Prices,Housing Units with a Mortgage,2354.0,88796.0,2273.0,89491.0,2296.0,88696.0,1933.0,89064.0,5747.0,85383.0,1517.0,89744.0,1585.0,89454.0,1454.0,89845.0,1634.0,89772.0,1724.0,89459.0,1731.0,88893.0,1821.0,88729.0,1775.0,89798.0,1541.0,89583.0,1531.0,89788.0,125.0,54435.0
124,Housing Prices,Housing Units with a Mortgage 0 to 30%,1320.0,56203.0,1388.0,56372.0,1427.0,56525.0,1221.0,56227.0,3782.0,52776.0,1086.0,55849.0,1030.0,55122.0,937.0,54107.0,1025.0,52499.0,910.0,49874.0,822.0,47633.0,770.0,45780.0,763.0,45483.0,616.0,44283.0,631.0,44917.0,76.0,33318.0
125,Housing Prices,Housing Units with a Mortgage 30-50%,541.0,17093.0,458.0,17431.0,505.0,16639.0,432.0,17385.0,1063.0,17385.0,318.0,18446.0,401.0,18515.0,329.0,19655.0,373.0,20586.0,524.0,21780.0,599.0,22368.0,807.0,22998.0,735.0,23568.0,667.0,23760.0,571.0,23833.0,34.0,12389.0
126,Housing Prices,Housing Units with a Mortgage 50%+,461.0,15053.0,399.0,15121.0,315.0,15048.0,244.0,14934.0,894.0,14686.0,101.0,14985.0,142.0,15396.0,188.0,15684.0,236.0,16367.0,290.0,17528.0,310.0,18638.0,244.0,19680.0,277.0,20452.0,258.0,21220.0,329.0,20755.0,15.0,8506.0
127,Housing Prices,Housing Units with a Mortgage Not Computed,32.0,447.0,28.0,567.0,49.0,484.0,36.0,518.0,8.0,536.0,12.0,464.0,12.0,421.0,0.0,399.0,0.0,320.0,0.0,277.0,0.0,254.0,0.0,271.0,0.0,295.0,0.0,320.0,0.0,283.0,0.0,222.0
128,Housing Prices,Housing Units without a Mortgage,431.0,49856.0,487.0,49744.0,598.0,50072.0,674.0,48709.0,4009.0,45988.0,483.0,46229.0,569.0,45580.0,322.0,43732.0,216.0,41320.0,202.0,39011.0,287.0,38581.0,218.0,37439.0,170.0,35833.0,180.0,35691.0,107.0,35967.0,0.0,25110.0
129,Housing Prices,Housing Units without a Mortgage 0 to 30%,405.0,40976.0,479.0,41425.0,586.0,41739.0,664.0,40617.0,3687.0,38954.0,451.0,39447.0,440.0,38837.0,249.0,37150.0,125.0,35094.0,125.0,32810.0,195.0,32577.0,146.0,31893.0,109.0,30836.0,127.0,30586.0,90.0,30951.0,0.0,22071.0
130,Housing Prices,Housing Units without a Mortgage 30-50%,18.0,2743.0,0.0,2665.0,0.0,2816.0,0.0,2897.0,175.0,2760.0,9.0,3105.0,28.0,3226.0,9.0,3285.0,7.0,2912.0,24.0,2896.0,36.0,2709.0,32.0,2344.0,38.0,1947.0,40.0,2118.0,2.0,2067.0,0.0,1335.0
131,Housing Prices,Housing Units without a Mortgage 50%+,8.0,5474.0,8.0,4908.0,12.0,4660.0,10.0,4383.0,147.0,3539.0,23.0,3062.0,101.0,2949.0,64.0,2804.0,69.0,2727.0,42.0,2774.0,42.0,2743.0,28.0,2569.0,14.0,2440.0,13.0,2470.0,15.0,2459.0,0.0,1231.0
132,Housing Prices,Housing Units without a Mortgage Not Computed,0.0,663.0,0.0,746.0,0.0,857.0,0.0,812.0,0.0,735.0,0.0,615.0,0.0,568.0,0.0,493.0,15.0,587.0,11.0,531.0,14.0,552.0,12.0,633.0,9.0,610.0,0.0,517.0,0.0,490.0,0.0,473.0
133,Housing Prices,Median Contract Rent,2028.9795918367347,2360.0052772189056,2073.2410611303344,2314.345563889452,1770.544783010157,2227.5080744514366,1476.7945544554457,2031.349010772372,2609.051724137931,1913.7382970647773,1195.8917835671343,1820.420679762288,1238.5752688172042,1735.5098943107714,933.3333333333334,1644.6230470258165,815.0341685649203,1574.3097010488264,804.4817927170868,1498.2431138766808,655.8,1277.125786163522,705.7881773399015,1428.0326904491783,702.9494382022472,1389.1041019388838,727.8384279475982,1332.518068921455,735.7843137254902,1264.2868923432152,470.9183673469388,841.380743861205
134,Housing Prices,Median Gross Rent by Bedrooms - 1 Bedroom- COUNTY ONLY,2668.1291046298184,2527.9544131073585,2770.694959305109,2527.763279799277,2497.770390935694,2431.3887613866423,2549.8572145294,2332.782505826766,1943.716156880256,2236.9238444897705,2197.626751818343,1987.3592815457653,2013.969099276792,1879.697100817997,2009.670274449169,1773.904183048578,2024.598722176422,1702.3081390250975,1774.0472457627118,1615.6187887418328,,,,,,,,,,,,
135,Housing Prices,Median Gross Rent by Bedrooms - 2 Bedrooms- COUNTY ONLY,3083.753910397056,3037.3912325463225,3275.447245100824,2974.0977105440743,2944.113228783672,2888.7137188599822,2710.019239036973,2686.888502338676,3115.424225509349,2478.535920269136,2127.4280645733547,2357.3725121002717,1863.379191321499,2259.758818197654,1822.4141863161965,2163.1152869029315,1980.05791426216,2064.7827937154125,2238.3430084745764,2040.4539020537125,,,,,,,,,,,,
136,Housing Prices,Median Gross Rent by Bedrooms - 3-4 Bedrooms- COUNTY ONLY,,6430.173012770701,,6439.977962507547,,6172.378898796101,5140.0,5879.461080366243,5551.0,5407.014069372479,,5141.023766261463,,5049.50689427445,,4804.605713132323,,4725.432584904807,,4900.870439210516,,,,,,,,,,,,
137,Housing Prices,Median Gross Rent by Bedrooms - 5 Bedrooms or more- COUNTY ONLY,3501.0,2236.218649701972,,1969.8453809326795,,2070.645886936705,3501.0,2411.8356148287407,,2445.470040582478,,1831.595673876872,905.0,1608.7699591836736,,1489.3307520612218,,1810.520923520924,759.0,1406.267073943865,,,,,,,,,,,,
138,Housing Prices,Median Gross Rent by Bedrooms - No Bedroom- COUNTY ONLY,1575.0065754398436,2056.9530122877245,1603.013593736557,2019.7694670479325,1618.3919111578,2009.441433506406,1366.603409999112,1869.028631857237,2575.0,1853.5116718054253,1476.6522973212702,1656.6306397444298,1515.4435913840905,1578.3927933074528,1251.6323927328951,1444.259250117122,507.49447147279966,1351.2930499794438,812.0754237288136,1307.3434908332092,,,,,,,,,,,,
139,Housing Prices,Median Home Value,938689.6046852124,1426646.1690381076,1048802.1295474712,1419458.553982492,988217.9675994108,1388653.245774572,892169.1792294807,1274285.747280412,1453559.9571734476,1202749.2454483495,950000.0,1141164.276849138,1026451.6129032258,1014371.7169332468,843349.358974359,927726.0336210814,761344.537815126,859155.3590486355,679096.0451977401,800109.7006738755,600802.6008024073,983842.0055049296,640467.8068410463,744882.6154443151,646373.6791546589,751347.0248321099,643102.5369978858,767822.1909596918,660637.1490280777,785814.4638548964,441190.4761904762,422742.7002745196
140,Housing Prices,Median Rent,2120.59620596206,2477.560434224673,2135.4679802955666,2420.0504501979467,1795.47471162378,2316.617543624611,1520.5066344993968,2130.896266987786,2761.996904024768,1990.7136894824707,1246.9325153374234,1896.5871467423435,1289.7310513447433,1806.484197708529,965.7314629258516,1710.554971943939,834.020618556701,1632.989666060664,817.6190476190476,1558.9823431996829,732.04,1965.3573282929492,720.9615384615385,1488.3549711725911,723.7577639751553,1447.190041902884,738.1521739130435,1387.895407670619,768.2170542635658,1328.375972442621,498.0483271375465,927.747476647232
141,Housing Prices,Median Rent as % of Household Income,26.339487632508835,25.094034253511204,25.83598884066956,25.122283722837228,27.50922370617696,24.78552434711643,27.055166666666665,24.74661730346344,20.3119335347432,24.884884489661,28.99280057595392,24.816020014044945,28.799125109361327,25.01581448239451,30.240694126620895,26.056794397037518,30.27337067209776,27.20303856565577,30.653445747800586,27.92436527127097,30.48162771958098,28.632000471809388,30.175917431192666,28.963136085198386,30.247945768282666,28.994228655185047,30.401143200962697,28.385966623770184,30.225801447776625,28.285377898351065,29.79003359462486,25.37444913267698
142,Housing Prices,Rent 100 to 149,43.0,399.0,15.0,333.0,14.0,251.0,0.0,321.0,0.0,458.0,76.0,694.0,12.0,750.0,149.0,972.0,165.0,1113.0,134.0,1137.0,78.0,1000.0,27.0,1037.0,30.0,1015.0,32.0,796.0,32.0,792.0,48.0,1888.0
143,Housing Prices,Rent 1000 to 1249,539.0,10990.0,515.0,11140.0,363.0,12152.0,878.0,14128.0,294.0,15829.0,489.0,16887.0,372.0,17905.0,636.0,19380.0,652.0,20684.0,711.0,23176.0,659.0,23850.0,475.0,24688.0,432.0,25259.0,362.0,26026.0,523.0,27324.0,246.0,31472.0
144,Housing Prices,Rent 1250 to 1499,375.0,11993.0,475.0,12954.0,482.0,13260.0,729.0,15788.0,36.0,15049.0,779.0,17442.0,409.0,18871.0,541.0,19847.0,540.0,22179.0,472.0,23455.0,357.0,23527.0,397.0,24109.0,480.0,24342.0,638.0,25891.0,663.0,25837.0,110.0,20419.0
145,Housing Prices,Rent 150 to 199,184.0,656.0,36.0,664.0,68.0,549.0,11.0,680.0,29.0,652.0,30.0,504.0,0.0,436.0,39.0,530.0,29.0,562.0,17.0,622.0,13.0,558.0,9.0,607.0,45.0,702.0,31.0,721.0,31.0,782.0,652.0,5637.0
146,Housing Prices,Rent 1500 to 1999,992.0,26179.0,847.0,25819.0,1127.0,27908.0,829.0,30793.0,384.0,31148.0,684.0,33828.0,511.0,36134.0,448.0,39029.0,345.0,41804.0,426.0,42873.0,519.0,43912.0,580.0,44764.0,500.0,44086.0,558.0,42781.0,520.0,40777.0,163.0,25750.0
147,Housing Prices,Rent 200 to 249,86.0,1114.0,106.0,1291.0,91.0,1363.0,145.0,1752.0,0.0,2198.0,181.0,2088.0,125.0,2115.0,236.0,2279.0,322.0,2726.0,358.0,2892.0,353.0,2835.0,515.0,3427.0,429.0,3379.0,341.0,3218.0,338.0,3222.0,470.0,4434.0
148,Housing Prices,"Rent 2000 to 2499  (Rent 2000 or more, DEC2000 and ACS2009-2014)",1107.0,28833.0,812.0,28543.0,721.0,29857.0,820.0,29065.0,385.0,27648.0,470.0,30072.0,315.0,30181.0,393.0,30039.0,387.0,29992.0,502.0,30192.0,1279.0,66552.0,1223.0,60497.0,1173.0,55161.0,1010.0,48885.0,907.0,43209.0,157.0,15785.0
149,Housing Prices,Rent 250 to 299,284.0,2073.0,189.0,2439.0,258.0,3153.0,715.0,5803.0,20.0,6828.0,834.0,6752.0,690.0,6408.0,1014.0,6332.0,1136.0,6101.0,1119.0,6246.0,1192.0,5723.0,941.0,5209.0,825.0,5168.0,715.0,5356.0,708.0,5328.0,135.0,3433.0
150,Housing Prices,Rent 2500 to 2999 (ACS2015-),991.0,24391.0,862.0,23658.0,1020.0,23861.0,1021.0,25262.0,646.0,24434.0,989.0,25889.0,547.0,24624.0,729.0,23011.0,679.0,21664.0,577.0,19249.0,169.0,5684.0,106.0,5764.0,89.0,5769.0,53.0,5919.0,110.0,6063.0,,
151,Housing Prices,Rent 300 to 349,561.0,4729.0,705.0,4995.0,833.0,6496.0,310.0,4202.0,0.0,3376.0,207.0,2910.0,84.0,2456.0,232.0,2707.0,206.0,2713.0,138.0,2489.0,126.0,2480.0,202.0,2326.0,226.0,2344.0,205.0,2147.0,185.0,2557.0,342.0,4508.0
152,Housing Prices,Rent 3000 to 3499 (ACS2015-),1249.0,23089.0,1342.0,23165.0,770.0,21987.0,748.0,22182.0,460.0,21888.0,1065.0,21970.0,448.0,19425.0,809.0,17239.0,633.0,15017.0,347.0,12540.0,0.0,0.0,0.0,0.0,0.0,0.0,0.0,0.0,0.0,0.0,,
153,Housing Prices,Rent 350 to 399,402.0,2940.0,311.0,3246.0,291.0,2204.0,124.0,1664.0,0.0,1675.0,50.0,1848.0,89.0,2357.0,85.0,2210.0,127.0,1989.0,53.0,2084.0,109.0,1863.0,136.0,1785.0,103.0,1994.0,88.0,2073.0,167.0,2051.0,398.0,4710.0
154,Housing Prices,Rent 3500 or more (ACS2015-),2337.0,60110.0,2380.0,56730.0,2077.0,51175.0,1806.0,39942.0,829.0,31116.0,1165.0,25265.0,582.0,21083.0,625.0,16596.0,363.0,12376.0,276.0,9419.0,0.0,0.0,0.0,0.0,0.0,0.0,0.0,0.0,0.0,0.0,,
155,Housing Prices,Rent 400 to 449,127.0,1973.0,49.0,1771.0,79.0,1557.0,68.0,2041.0,17.0,2130.0,293.0,2476.0,170.0,2654.0,293.0,3520.0,356.0,3748.0,386.0,3531.0,284.0,3364.0,231.0,3022.0,269.0,2909.0,313.0,2693.0,284.0,2957.0,224.0,4998.0
156,Housing Prices,Rent 450 to 499,57.0,1146.0,92.0,1365.0,112.0,1344.0,119.0,1820.0,0.0,2017.0,465.0,2634.0,228.0,2839.0,366.0,2806.0,180.0,2819.0,180.0,3015.0,218.0,3140.0,303.0,3012.0,367.0,3707.0,413.0,3919.0,174.0,3851.0,269.0,5235.0
157,Housing Prices,Rent 500 to 549,96.0,1595.0,203.0,2090.0,220.0,1941.0,193.0,2545.0,0.0,3108.0,397.0,3890.0,21.0,3635.0,225.0,3587.0,249.0,3490.0,275.0,3377.0,316.0,3189.0,195.0,3382.0,247.0,3717.0,241.0,3839.0,379.0,4185.0,377.0,6882.0
158,Housing Prices,Rent 550 to 599,244.0,2054.0,163.0,1848.0,183.0,1935.0,319.0,1999.0,0.0,2113.0,188.0,2503.0,38.0,2441.0,115.0,2450.0,250.0,2452.0,248.0,2731.0,347.0,2730.0,379.0,3361.0,348.0,3581.0,340.0,3762.0,274.0,3904.0,321.0,7125.0
159,Housing Prices,Rent 600 to 649,53.0,1502.0,134.0,1609.0,172.0,1676.0,168.0,1974.0,0.0,2322.0,221.0,2561.0,279.0,2668.0,362.0,3093.0,416.0,3223.0,341.0,3152.0,194.0,3149.0,176.0,3230.0,195.0,3283.0,165.0,3458.0,134.0,3487.0,216.0,8197.0
160,Housing Prices,Rent 650 to 699,155.0,1645.0,249.0,1681.0,276.0,1518.0,270.0,1884.0,0.0,2004.0,432.0,2473.0,63.0,2328.0,135.0,2515.0,146.0,2842.0,229.0,3314.0,230.0,3478.0,206.0,4046.0,109.0,3694.0,144.0,3713.0,71.0,3331.0,169.0,8174.0
161,Housing Prices,Rent 700 to 749,190.0,1246.0,224.0,1264.0,219.0,1597.0,198.0,1848.0,0.0,2276.0,220.0,2656.0,109.0,2923.0,278.0,2996.0,84.0,2989.0,58.0,3496.0,75.0,3495.0,130.0,3322.0,161.0,3793.0,230.0,3586.0,186.0,4533.0,178.0,8384.0
162,Housing Prices,Rent 750 to 799,206.0,1523.0,146.0,1563.0,150.0,1657.0,286.0,2450.0,15.0,2100.0,127.0,2412.0,61.0,2399.0,62.0,2728.0,78.0,3363.0,129.0,3196.0,136.0,3461.0,129.0,3629.0,150.0,3511.0,167.0,4044.0,129.0,4164.0,82.0,8123.0
163,Housing Prices,Rent 800 to 899,137.0,3410.0,239.0,3411.0,204.0,3519.0,353.0,4242.0,30.0,4916.0,423.0,5728.0,139.0,5821.0,384.0,6618.0,388.0,7523.0,315.0,8037.0,269.0,7956.0,295.0,8269.0,317.0,8259.0,224.0,9338.0,205.0,9785.0,357.0,17915.0
164,Housing Prices,Rent 900 to 999,325.0,3424.0,197.0,4029.0,310.0,4606.0,209.0,4824.0,48.0,5468.0,531.0,6388.0,202.0,7482.0,499.0,7666.0,368.0,7132.0,344.0,7223.0,305.0,7813.0,257.0,8256.0,192.0,8309.0,239.0,9945.0,163.0,10929.0,190.0,15951.0
165,Housing Prices,Rent Burdened,0.4015812431842966,0.3773702650417666,0.3908133244756572,0.3624825280113618,0.4151239102752473,0.3544816426889404,0.4111461619348054,0.3563897828106696,0.2889150943396226,0.3563544593994971,0.4347248576850095,0.3529297030844112,0.4040567223119727,0.3699197884845561,0.4549635445877734,0.3878991192312319,0.4715032058893375,0.4067626321451752,0.4614608300744292,0.4173791589318863,0.4567951873120043,0.4319849192718836,0.4827091404792653,0.4383156700162905,0.4583456863326415,0.4389853971390884,0.4946630070143336,0.428152547877122,0.4618345093008338,0.4262060341083199,0.4400305576776165,0.3576130496083063
166,Housing Prices,Rent Less than 100,94.0,754.0,61.0,626.0,58.0,381.0,61.0,475.0,0.0,576.0,0.0,515.0,0.0,661.0,49.0,807.0,83.0,967.0,83.0,985.0,86.0,920.0,57.0,790.0,59.0,565.0,49.0,361.0,53.0,441.0,49.0,882.0
167,Housing Prices,Rent Total,11004.0,224342.0,10537.0,222499.0,10209.0,221247.0,10461.0,222801.0,3392.0,216352.0,10540.0,225586.0,5571.0,223908.0,8915.0,224463.0,8422.0,224942.0,7927.0,224096.0,7314.0,220679.0,6969.0,218532.0,6746.0,214547.0,6558.0,212471.0,6236.0,209509.0,5236.0,214198.0
168,Housing Prices,"Rent Total No cash rent  (No cash rent, DEC2000 and ACS2009-2014)",991.0,24391.0,862.0,23658.0,1020.0,23861.0,1021.0,25262.0,646.0,24434.0,989.0,25889.0,547.0,24624.0,729.0,23011.0,679.0,21664.0,577.0,19249.0,169.0,5684.0,106.0,5764.0,89.0,5769.0,53.0,5919.0,110.0,6063.0,83.0,4296.0
169,Housing Prices,Rent Total No cash rent (ACS2015-),170.0,6574.0,185.0,6265.0,111.0,5300.0,81.0,5117.0,199.0,5023.0,224.0,5201.0,77.0,5312.0,211.0,5506.0,240.0,5474.0,209.0,5665.0,0.0,0.0,0.0,0.0,0.0,0.0,0.0,0.0,0.0,0.0,83.0,4296.0
170,Housing Prices,Rent Total With cash rent,10834.0,217768.0,10352.0,216234.0,10098.0,215947.0,10380.0,217684.0,3193.0,211329.0,10316.0,220385.0,5494.0,218596.0,8704.0,218957.0,8182.0,219468.0,7718.0,218431.0,7145.0,214995.0,6863.0,212768.0,6657.0,208778.0,6505.0,206552.0,6126.0,203446.0,5153.0,209902.0
171,Housing Type,10-19 Units,0.0887767220902612,0.0925379197284142,0.0792584297623491,0.0923999883084237,0.0715095766129032,0.0900771942919437,0.0826478652565609,0.0930403547035101,0.0160608016060801,0.0962190515498388,0.0768965279215848,0.0935187261717874,0.0929555381341695,0.0946685050547191,0.0890097760958688,0.0985825817499377,0.0833402164037333,0.0992631055282631,0.0989982321744254,0.0998890093101602,0.0981460328617871,0.0989643813541247,0.1217218303490685,0.1030360345325418,0.115237829284185,0.1013723169444355,0.1162606456724103,0.10052668285996,0.1203015502229772,0.1009007991263674,0.0933802366485449,0.1011609484975196
172,Housing Type,2-4 Units,0.0501781472684085,0.2017718843922809,0.0514495458504417,0.2021278668719187,0.0633190524193548,0.2101162824957523,0.0641075858467162,0.2096360130018344,0.108267010826701,0.2022287586138438,0.0717885000345137,0.2142365774560225,0.1621682159256355,0.2153279843703097,0.0695364238410596,0.2133649627353271,0.0685553811844387,0.2122846837883216,0.0673457361730785,0.2137759032683493,0.0707319216237589,0.2160211494761344,0.0759631036353771,0.2171740852293648,0.0926184492227497,0.2192934753633387,0.1104179045355516,0.2190690726800969,0.1136122318963686,0.2143170307250774,0.1285577230572433,0.2333180387098263
173,Housing Type,20 Units or More,0.7564133016627078,0.3071685393801789,0.7575587905935051,0.3055252440616536,0.758820564516129,0.3019416426866756,0.7580624102363233,0.2920684353980636,0.0290385029038502,0.2945817028635316,0.761924484020156,0.2800774094055451,0.5618770299025647,0.2735017730947499,0.7487385682749921,0.2661850371363068,0.740150326257537,0.2659349542938872,0.7287650475629261,0.2614392228040165,0.7165451190580793,0.2584728245557214,0.6784228612769035,0.2548589532687503,0.6742064600204785,0.2540519070620475,0.6706278470984354,0.2523401446707764,0.636865576555532,0.2510832990389503,0.6744483530540454,0.2294308957166397
174,Housing Type,5-9 Units,0.0462589073634204,0.0921437915134281,0.0575463481398531,0.0930332820203043,0.0555065524193548,0.0927362724781724,0.0567959263611437,0.0943524210098949,0.0217251021725102,0.0946569352218048,0.0520466625250224,0.0983492545060992,0.0720125433979169,0.0986598761631959,0.0565279091769158,0.1020946776856109,0.062195424134798,0.1036549343946272,0.0654937284283188,0.1040544246112061,0.0767067920217907,0.1046335574145608,0.0850967625248688,0.1019472899265958,0.0699990691613143,0.0992397342802,0.0707070707070707,0.100793898922852,0.0729454236568273,0.0996500628057915,0.0601215222257755,0.1129839810462099
175,Housing Type,Other Type,0.0,0.0023091561062066,0.0,0.0018901381554589,0.0,0.0019715972147199,0.0,0.0020002822180357,0.00093210009321,0.0019957472819698,0.0,0.0018596400160261,0.0,0.0020529231896371,0.0053610848312835,0.0020589919155043,0.0052861980672338,0.0023319445308127,0.0051351123831972,0.00235039107896,0.0049204815042614,0.0021433856540617,0.0047929101103273,0.0020211974071454,0.0,0.0017513835130034,0.0,0.0016540674293013,0.0063707793586748,0.0015116426068034,0.0012791813239526,0.0016160356913025
176,Housing Type,Single Family Housing,0.0583729216152019,0.304068708879491,0.0541868856538509,0.3050234805822405,0.050844254032258,0.3031570108327359,0.0383862122992557,0.3089024936686612,0.8239764823976482,0.3103178044690111,0.0373438254987229,0.3119583924445195,0.1109866726397132,0.315788938127388,0.0308262377798801,0.317713748777313,0.040472453952259,0.3165303774640881,0.0342621432780537,0.3184910489273076,0.0329496529303224,0.3197647015453969,0.0340025321034545,0.3209624396356016,0.0479381923112724,0.3242911828369747,0.0319865319865319,0.3256161334370132,0.0499044383096198,0.3325371656970098,0.0422129836904381,0.3214901003385018
177,Income,Household Income 10000 to 14999,1158.0,15308.0,1165.0,15529.0,1256.0,16000.0,1485.0,16766.0,147.0,17288.0,1987.0,18085.0,1112.0,18491.0,1998.0,19887.0,2018.0,20617.0,1857.0,21438.0,1851.0,21208.0,1650.0,21150.0,1566.0,21154.0,1449.0,20189.0,1264.0,20010.0,559.0,16394.0
178,Income,Household Income 100000 to 124999,840.0,26735.0,635.0,26209.0,758.0,25620.0,763.0,27559.0,981.0,27970.0,916.0,30267.0,373.0,31518.0,826.0,33643.0,894.0,33784.0,751.0,33451.0,725.0,33454.0,675.0,32521.0,566.0,32239.0,633.0,32711.0,729.0,33163.0,172.0,27331.0
179,Income,Household Income 125000 to 149999,882.0,22202.0,923.0,22308.0,977.0,23366.0,921.0,26235.0,805.0,25181.0,882.0,25995.0,589.0,26865.0,589.0,26092.0,342.0,24878.0,372.0,24220.0,371.0,24036.0,451.0,22511.0,592.0,22628.0,516.0,22421.0,450.0,20872.0,170.0,16203.0
180,Income,Household Income 15000 to 19999,571.0,9038.0,579.0,8663.0,597.0,8641.0,420.0,8796.0,219.0,9914.0,411.0,10648.0,368.0,11261.0,549.0,11817.0,565.0,12624.0,693.0,13153.0,730.0,13637.0,563.0,13054.0,621.0,13720.0,819.0,14251.0,730.0,14661.0,398.0,13984.0
181,Income,Household Income 150000 to 199999,1197.0,40776.0,1482.0,41831.0,1317.0,41397.0,1328.0,42044.0,1762.0,41573.0,1109.0,43041.0,876.0,40710.0,849.0,38845.0,872.0,37112.0,733.0,34042.0,709.0,32900.0,622.0,32129.0,602.0,30817.0,434.0,29802.0,318.0,29308.0,176.0,17613.0
182,Income,Household Income 20000 to 24999,643.0,7934.0,610.0,8692.0,646.0,8944.0,153.0,9052.0,242.0,8831.0,300.0,10249.0,183.0,11101.0,335.0,11901.0,313.0,12088.0,328.0,12936.0,349.0,13469.0,439.0,13963.0,451.0,13745.0,418.0,13822.0,394.0,13280.0,260.0,14158.0
183,Income,Household Income 25000 to 29999,384.0,7042.0,198.0,6819.0,245.0,8370.0,409.0,9408.0,145.0,8838.0,422.0,8990.0,264.0,9442.0,328.0,9524.0,269.0,10116.0,299.0,10420.0,253.0,11209.0,141.0,11514.0,175.0,11528.0,162.0,12108.0,184.0,12023.0,201.0,14381.0
184,Income,Household Income 30000 to 34999,202.0,7458.0,226.0,7237.0,216.0,6572.0,322.0,6759.0,229.0,7459.0,383.0,8892.0,175.0,9029.0,227.0,9868.0,202.0,10295.0,204.0,10782.0,232.0,10978.0,235.0,12185.0,266.0,12069.0,191.0,11743.0,188.0,11157.0,282.0,15215.0
185,Income,Household Income 35000 to 39999,119.0,5089.0,187.0,5673.0,291.0,5733.0,554.0,7482.0,198.0,6850.0,185.0,6979.0,189.0,7686.0,165.0,8432.0,111.0,9028.0,199.0,10040.0,204.0,10577.0,285.0,10063.0,176.0,9882.0,218.0,10401.0,124.0,10462.0,310.0,14898.0
186,Income,Household Income 40000 to 44999,385.0,6774.0,246.0,6485.0,207.0,6629.0,345.0,7242.0,329.0,7180.0,200.0,8401.0,135.0,8703.0,201.0,9090.0,264.0,9521.0,293.0,10048.0,318.0,10111.0,259.0,10533.0,301.0,11229.0,311.0,11813.0,272.0,12388.0,262.0,15386.0
187,Income,Household Income 45000 to 49999,101.0,7018.0,200.0,6578.0,336.0,6266.0,133.0,6862.0,215.0,6867.0,591.0,6892.0,283.0,7473.0,459.0,8105.0,266.0,8397.0,301.0,8882.0,231.0,9158.0,254.0,9786.0,232.0,9577.0,116.0,9415.0,148.0,10300.0,176.0,13500.0
188,Income,Household Income 50000 to 59999,377.0,11035.0,382.0,11474.0,299.0,13172.0,429.0,13729.0,401.0,13496.0,411.0,14334.0,348.0,14470.0,330.0,15341.0,352.0,17317.0,336.0,18365.0,348.0,19378.0,274.0,19492.0,263.0,19646.0,334.0,20395.0,388.0,20695.0,263.0,24932.0
189,Income,Household Income 60000 to 74999,516.0,17650.0,389.0,17737.0,442.0,17182.0,841.0,19022.0,600.0,20959.0,390.0,21137.0,288.0,23398.0,270.0,24553.0,272.0,25900.0,314.0,26979.0,316.0,26252.0,330.0,26291.0,328.0,26841.0,283.0,26781.0,347.0,27010.0,405.0,33365.0
190,Income,Household Income 75000 to 99999,1018.0,29418.0,969.0,30304.0,1050.0,30936.0,729.0,29804.0,1538.0,30297.0,698.0,32723.0,401.0,33589.0,601.0,34768.0,583.0,36333.0,547.0,36784.0,440.0,36872.0,522.0,37860.0,540.0,37058.0,567.0,37903.0,569.0,38689.0,272.0,39969.0
191,Income,Household Income Greater than 200000,4071.0,132400.0,4142.0,130863.0,3308.0,125937.0,3247.0,113561.0,5089.0,98664.0,2519.0,97866.0,1590.0,86676.0,1742.0,76014.0,1474.0,65693.0,1270.0,58060.0,1087.0,52380.0,1097.0,48524.0,920.0,45348.0,848.0,42493.0,791.0,39183.0,145.0,20260.0
192,Income,Household Income Less than 10000,1325.0,17117.0,964.0,15332.0,1158.0,15250.0,989.0,16253.0,248.0,16356.0,1136.0,17060.0,551.0,18530.0,1222.0,20160.0,1475.0,22331.0,1356.0,22966.0,1168.0,22534.0,1211.0,23124.0,1092.0,22697.0,980.0,21497.0,978.0,22063.0,1978.0,32261.0
193,Income,Households Total for Income,13789.0,362994.0,13297.0,361734.0,13103.0,360015.0,13068.0,360574.0,13148.0,347723.0,12540.0,361559.0,7725.0,358942.0,10691.0,358040.0,10272.0,356034.0,9853.0,352566.0,9332.0,348153.0,9008.0,344700.0,8691.0,340178.0,8279.0,337745.0,7874.0,335264.0,6029.0,329850.0
194,Income,Median Family Income,117810.15037593983,173217.40919847722,142654.63917525773,168157.06857647406,104234.69387755102,162072.2573065061,125694.44444444444,147571.96998698416,182975.92174567343,136237.13751169317,83450.0,131782.45925697073,114880.95238095238,123389.0414629245,73354.83870967742,114544.38509474756,73333.33333333333,104226.22450924336,68081.3953488372,96832.0036998497,62150.34965034965,94375.29425612051,59301.07526881721,91412.3330491617,48273.02631578947,89631.6362975967,40574.71264367816,88215.45859723199,38815.78947368421,86703.84419407802,33777.77777777778,63964.11709159584
195,Income,Median Household Income,102842.26190476192,140630.3486172417,121003.93700787402,140840.72978303747,95440.47619047618,136440.23367285798,90569.27297668038,126479.8932723461,157860.38592508514,117453.07472291742,69384.61538461539,113537.43350844154,73255.20833333333,104995.55809378768,48491.28540305011,96817.47583985272,43465.90909090909,88612.28084661327,39761.30653266332,81982.65550239234,37034.3137254902,78773.52733781732,39649.12280701754,75789.09138932911,39957.38636363637,73882.86576506091,37763.76146788991,73015.850789739,41378.67647058824,71436.31988152536,21528.846153846152,55915.28958767848
196,Income,Percent in Poverty,0.2316115864667556,0.1113604023552502,0.2033460450239882,0.1056659306523586,0.1959657752242384,0.1047756967547361,0.1584732700575971,0.1030257299879177,0.0415540346235693,0.1025115875378968,0.2227448345372081,0.1031213469423362,0.2192993315177024,0.1082799641527579,0.2577089154178308,0.1161249583248412,0.2788169464428457,0.1241638395338585,0.2716056402092335,0.1320454925572838,0.2643456962911126,0.13237241619923,0.2597410241318422,0.1342626531666365,0.2545054676522695,0.1315243500198909,0.2719074569314012,0.1229353033059334,0.243412297045515,0.1186272068431713,0.249221432564082,0.1131303602506546
197,Journey to Work,Journey to Work by Bike,0.0397119485422638,0.0329879276302361,0.0398026991847639,0.0328941674178437,0.0420090677245678,0.0341092630722379,0.0413661990297626,0.0335150801847893,0.0195236235845372,0.0360319321482704,0.0419250281848928,0.0395593184563246,0.0544520547945205,0.0402347124177166,0.0502517247809062,0.0391703298703084,0.0607399794450154,0.0413504597283024,0.0624724061810154,0.040321010944916,0.0659275154983309,0.0380119973241799,0.0597408829174664,0.0349765620975634,0.0568125310790651,0.0337878173375318,0.0537995097406786,0.0309165432438948,0.0497986577181208,0.0296686416502084,,
198,Journey to Work,Journey to Work by Car,0.1650702649793749,0.3452646188684758,0.1466054668767555,0.3458510748341253,0.1418957211674695,0.3510609441848422,0.1360954503736725,0.3588679653159753,0.5231215485022591,0.37429372183569,0.1441657271702367,0.3901755455750085,0.2476027397260274,0.4020433086110863,0.1718254708185717,0.4114097840900359,0.2175745118191161,0.4221576916161781,0.2451434878587196,0.4308964478752917,0.2613257033857892,0.4365885488062991,0.2751919385796545,0.4452395190134804,0.2853058180009945,0.4531176660909666,0.2920913430525093,0.4547285273080058,0.2602684563758389,0.4605014841250592,,
199,Journey to Work,Journey to Work by Carpooled,0.028875061175977,0.0594444432508384,0.0229499212166883,0.0598689890880534,0.0252904505525644,0.0644066891061601,0.0248459420479874,0.0648023603071281,0.0964467005076142,0.0687035531460274,0.0138810597519729,0.0694032388569016,0.0477168949771689,0.0727092207031444,0.0111877680402759,0.0681800719025877,0.0369989722507708,0.0718422163963489,0.0501103752759381,0.0725140795212214,0.0580591320934668,0.0751203570684417,0.0663387715930902,0.075151344123951,0.0670064644455494,0.0802577434686911,0.0436072764804541,0.0780284503840457,0.0381208053691275,0.0793273506346511,,
200,Journey to Work,Journey to Work by Drove Alone,0.1361952038033979,0.2858201756176374,0.1236555456600671,0.2859820857460718,0.116605270614905,0.2866542550786821,0.111249508325685,0.2940656050088471,0.4266748479946449,0.3055901686896625,0.1302846674182638,0.3207723067181068,0.1998858447488584,0.3293340879079419,0.1606377027782957,0.3432297121874482,0.1805755395683453,0.3503154752198291,0.1950331125827814,0.3583823683540703,0.2032665712923223,0.3614681917378574,0.2088531669865643,0.3700881748895294,0.218299353555445,0.3728599226222754,0.2484840665720552,0.37670007692396,0.2221476510067114,0.3811741334904081,,
201,Journey to Work,Journey to Work by Other Journey Type,0.0621547927008319,0.0305493905805866,0.0530245940946769,0.0324318504710777,0.0427883253046188,0.0361559421504925,0.0388094925921069,0.0391636442245334,0.0218106766330116,0.0399008861416274,0.038683765501691,0.0388361848251384,0.0340182648401826,0.035435220762716,0.0345888495245198,0.0315392734522543,0.0242548818088386,0.0280143667707797,0.0171081677704194,0.0243859660380344,0.018001907486886,0.0231721626986302,0.0189539347408829,0.0223852685000414,0.0105668821481849,0.0208049470705376,0.0135466391433363,0.0207005820962353,0.017986577181208,0.0203019068408348,,
202,Journey to Work,Journey to Work by Transit,0.2279242117038383,0.1874601186396615,0.2082619716380078,0.2143989563036599,0.2237177670728251,0.2393217190460338,0.2428215550019667,0.2776723592662871,0.2357338093378702,0.3125722620103036,0.2898111612175874,0.3476826498743311,0.3004566210045662,0.3422055421519276,0.2840760768226739,0.340200744907574,0.310688591983556,0.3361264075128678,0.3139072847682119,0.33148957377498,0.298760133524082,0.3290030377137092,0.2935460652591171,0.3261373485718893,0.3279462953754351,0.3235692184302985,0.3273126048251839,0.3268556470223538,0.3412080536912751,0.3255488952796738,,
203,Journey to Work,Journey to Work by Walk,0.175068167517304,0.0936462681789177,0.2582037404946222,0.0997802411225646,0.2857041654859734,0.1054430156049005,0.3403697390848302,0.1105132947421516,0.0375411390639817,0.1202991391883776,0.3984639233370913,0.1177632890462844,0.260958904109589,0.1145086825723051,0.3617378333022562,0.1107756825286417,0.3072970195272353,0.1061221844516083,0.2737306843267108,0.1036997110302594,0.2656175488793514,0.1026067312226523,0.2663147792706334,0.1009229583940837,0.2449030333167578,0.0987910300169064,0.2340343181524964,0.0984351140656035,0.2459060402684564,0.0979984523520783,,
204,Journey to Work,Journey to Work by Worked at Home,0.3300706145563867,0.310091676102122,0.2941015277111735,0.2746437098507286,0.2638849532445452,0.2339091159414929,0.2005375639176609,0.1802676562662631,0.1622692028783399,0.116902058675731,0.0869503945885005,0.0659830122229127,0.1025114155251141,0.0655725334842482,0.0975200447510721,0.0669041851511855,0.0794450154162384,0.0662288899202635,0.0876379690949227,0.0692072903365182,0.0903671912255603,0.070617522234529,0.0862523992322456,0.0703383434229416,0.0744654400795624,0.0699293210537588,0.0792155850857953,0.0683635862639066,0.0848322147651006,0.0659806197521453,,
205,Journey to Work,Total Workers 16 Years and Older,14303.0,465443.0,14597.0,473701.0,14116.0,486642.0,15254.0,499596.0,17927.0,489538.0,14192.0,511662.0,8760.0,503595.0,10726.0,494558.0,9730.0,478326.0,9060.0,467523.0,8388.0,455935.0,8336.0,446499.0,8044.0,438886.0,7751.0,435495.0,7450.0,432915.0,,
206,Language Spoken at Home,Asian/Pacific Islander,0.2868303128841654,0.2470039804215141,0.2807376194250907,0.2459647954995896,0.3045571651813997,0.247097183003279,0.3166157151119557,0.2481442975804763,0.2117351570538038,0.2558145309884826,0.2915034905499745,0.2516018990089936,0.2870045158053186,0.2531708347159793,0.3120130366145541,0.2568026549790575,0.3157614766742911,0.2561885070759319,0.3153367289190719,0.2592387211354363,0.3502024291497975,0.260963254722774,0.3349376630907509,0.2613799537269324,0.3043374357748835,0.2653853842419396,0.294691811773212,0.2665288360625807,0.2914347165991903,0.2677287629452116,0.2771232381640766,0.2609588949238919
207,Language Spoken at Home,English Only,0.4938335250029741,0.5640374393838846,0.5182944636822563,0.5661986246521591,0.5119736453097943,0.5709539892586235,0.5034289019251426,0.5733330751346163,0.6426193790473885,0.5682819383259912,0.5190277541290652,0.5713939580039774,0.5487330657300552,0.5691634740112824,0.5061363752100626,0.5625054664191796,0.510399489334539,0.5601954434407136,0.542840973401245,0.5575280480692013,0.5192596876807403,0.5543380140103793,0.5120904610031893,0.550138780705953,0.5463018281754093,0.547604150711213,0.5480508525637163,0.546699749514331,0.5421938259109311,0.5455905248223936,0.5207806288398988,0.5425749346208006
208,Language Spoken at Home,Other European Languages,0.0741563231153586,0.0673309517123619,0.069589886937294,0.0655517407058917,0.0686320057439709,0.0624193320168072,0.0588283896554573,0.059645113932201,0.0983477576711251,0.059691133305852,0.0661501787842669,0.0600565192671686,0.0926367285499247,0.0599342363268876,0.0642155115343484,0.0608971244205595,0.0630352678333954,0.062842279218325,0.0526315789473684,0.0620848055213137,0.0468478889531521,0.0625744610004773,0.0506813569150478,0.0644114427675554,0.0498267415461823,0.0638871509163081,0.0658552750497077,0.0637733623530679,0.0666118421052631,0.0625979691493488,0.0633899530177087,0.0667712733856367
209,Language Spoken at Home,Other Languages,0.0155450688027917,0.0104100425997025,0.0088864783678918,0.0108631458829653,0.0109388858385775,0.0116678663049295,0.0101627695612658,0.0104836747809647,0.0126792955274465,0.0109883833542754,0.0087689426187638,0.0097013546871888,0.00382589061716,0.0099188512473981,0.0117635076641034,0.0098431988027327,0.0093090057981807,0.0101513500962148,0.0032258064516129,0.0100414772961448,0.004973973395026,0.0091828376019031,0.0067265874166425,0.0077827552621819,0.00507826502569,0.0074262630877989,0.0034946074591793,0.0068748924566641,0.005123987854251,0.0074376849790379,0.0088182146729309,0.0093180446590223
210,Language Spoken at Home,Spanish Only,0.1296347701947099,0.1112175858825366,0.1224915515874671,0.1114216932593942,0.1038982979262575,0.1078616294163606,0.1109642237461786,0.1083938385717415,0.034618410700236,0.1052240140253986,0.1145496339179295,0.1072462690326713,0.0677997992975413,0.1078126036984524,0.1058715689769313,0.1099515553784705,0.1014947603595936,0.1106224201688145,0.0859649122807017,0.1111069479779037,0.0787160208212839,0.1129414326644662,0.0955639315743693,0.1162870675373771,0.0944557294778348,0.1156970510427402,0.0879074531541845,0.1161231596133562,0.0946356275303643,0.116645058104008,0.1298879653053849,0.1203768524106484
211,Nativity,Foreign Born,0.4443109129676293,0.3403494832376768,0.4218155316219937,0.342062934632266,0.424493291464459,0.3385720139991239,0.4541086016338299,0.3411085800360263,0.3004300458715596,0.3453368702026664,0.4353645357053786,0.3428171556321123,0.4195318215069495,0.3443893212863572,0.4449059247397918,0.3476908126511878,0.432057565960997,0.3491118540488798,0.4106560548278339,0.3513759706790252,0.4250210378681627,0.3552538529141195,0.4231050176996123,0.3557249176341387,0.3902297852636453,0.3570791503803887,0.3848765070818213,0.3563440752225165,0.3824913323427439,0.3562922956380173,0.3907115466553046,0.3676179588095266
212,Population,Total Population,25795.0,828137.0,24698.0,834326.0,24521.0,849196.0,24972.0,864367.0,34880.0,843307.0,24058.0,873136.0,16404.0,868157.0,19984.0,862338.0,19178.0,848284.0,18093.0,838717.0,17825.0,827231.0,17797.0,815872.0,17277.0,806149.0,17086.0,796570.0,16152.0,787463.0,14082.0,776733.0
213,Race/Ethnicity,Asian,10895.0,291269.0,10006.0,291587.0,10488.0,295301.0,11018.0,297045.0,12279.0,295594.0,9440.0,300424.0,6570.0,297109.0,8037.0,294766.0,7501.0,287268.0,7142.0,283839.0,7466.0,277746.0,6945.0,272144.0,6174.0,270041.0,6341.0,266890.0,5800.0,264325.0,4504.0,239938.0
214,Race/Ethnicity,"Asian Alone, Not Hispanic or Latino",10765.0,289132.0,10006.0,289226.0,10488.0,293206.0,11018.0,294750.0,12268.0,292611.0,9311.0,297514.0,6453.0,294288.0,7881.0,292113.0,7279.0,284461.0,6896.0,281309.0,7277.0,275566.0,6773.0,270166.0,6030.0,268086.0,6306.0,265286.0,5765.0,262894.0,4498.0,238597.0
215,Race/Ethnicity,Black/African American,2480.0,40938.0,2475.0,42187.0,1857.0,43734.0,2138.0,44783.0,1019.0,44310.0,2151.0,45141.0,1166.0,44954.0,2052.0,45225.0,2146.0,45129.0,2222.0,46350.0,2017.0,47181.0,2124.0,47596.0,2224.0,48063.0,2355.0,49025.0,2213.0,48716.0,2208.0,59060.0
216,Race/Ethnicity,"Black/African American Alone, Not Hispanic or Latino",2480.0,38533.0,2471.0,39883.0,1853.0,41610.0,2129.0,42290.0,1019.0,42212.0,2090.0,43367.0,1105.0,43171.0,1967.0,43532.0,2063.0,43280.0,2171.0,44404.0,1988.0,45223.0,2124.0,45513.0,2220.0,45937.0,2335.0,47110.0,2179.0,47512.0,2148.0,57819.0
217,Race/Ethnicity,Latino Population (of Any Race),4228.0,134409.0,4049.0,133028.0,3714.0,131258.0,3874.0,133033.0,2567.0,128095.0,4037.0,133007.0,1880.0,132320.0,2852.0,131645.0,2321.0,129630.0,1900.0,128337.0,1755.0,126317.0,1833.0,123998.0,1778.0,121482.0,1677.0,118832.0,1593.0,115660.0,1766.0,109565.0
218,Race/Ethnicity,Native American Indian,569.0,6014.0,429.0,5476.0,192.0,4682.0,92.0,4168.0,32.0,3742.0,181.0,3223.0,33.0,2746.0,92.0,3306.0,25.0,2922.0,66.0,2854.0,77.0,3124.0,123.0,3430.0,111.0,3690.0,71.0,3733.0,56.0,3994.0,176.0,3524.0
219,Race/Ethnicity,"Native American Indian Alone, Not Hispanic or Latino",75.0,1520.0,92.0,1691.0,113.0,1758.0,44.0,1675.0,32.0,1780.0,33.0,1634.0,19.0,1363.0,11.0,1435.0,16.0,1427.0,14.0,1520.0,10.0,1680.0,64.0,1942.0,60.0,2044.0,31.0,2064.0,56.0,2092.0,168.0,2054.0
220,Race/Ethnicity,Native Hawaiian/Pacific Islander,167.0,2928.0,203.0,3141.0,114.0,3312.0,148.0,3111.0,71.0,3159.0,137.0,3154.0,79.0,2876.0,69.0,3108.0,34.0,3046.0,79.0,3520.0,86.0,3454.0,59.0,3365.0,72.0,3437.0,69.0,3237.0,196.0,3266.0,28.0,3581.0
221,Race/Ethnicity,"Native Hawaiian/Pacific Islander Alone, Not Hispanic or Latino",167.0,2714.0,203.0,2825.0,114.0,3010.0,148.0,2847.0,71.0,3002.0,137.0,2900.0,79.0,2659.0,69.0,2807.0,34.0,2800.0,79.0,3241.0,86.0,3297.0,59.0,3266.0,72.0,3374.0,69.0,3194.0,196.0,3259.0,28.0,3379.0
222,Race/Ethnicity,Other/Two or More Races,4175.0,163040.0,3973.0,153653.0,3946.0,145963.0,4005.0,139467.0,3687.0,125071.0,3410.0,115689.0,1730.0,114521.0,2462.0,108266.0,2185.0,101232.0,1793.0,93165.0,1718.0,86057.0,1845.0,78343.0,1747.0,72083.0,1451.0,65327.0,1344.0,61023.0,1742.0,85305.0
223,Race/Ethnicity,"Population, Not Hispanic or Latino",21567.0,693728.0,20649.0,701298.0,20807.0,717938.0,21098.0,731334.0,32313.0,715212.0,20021.0,740129.0,14524.0,735837.0,17132.0,730693.0,16857.0,718654.0,16193.0,710380.0,16070.0,700914.0,15964.0,691874.0,15499.0,684667.0,15409.0,677738.0,14559.0,671803.0,12316.0,667168.0
224,Race/Ethnicity,Some Other Race Alone,1742.0,64723.0,1892.0,64679.0,1910.0,65376.0,2262.0,67048.0,1378.0,65222.0,2005.0,67055.0,968.0,67260.0,1408.0,64657.0,1163.0,59600.0,930.0,54310.0,899.0,49468.0,952.0,43764.0,971.0,38956.0,790.0,35292.0,737.0,33147.0,899.0,49990.0
225,Race/Ethnicity,"Some Other Race Alone, Not Hispanic or Latino",220.0,6455.0,224.0,6437.0,174.0,5958.0,70.0,5572.0,487.0,4507.0,164.0,3626.0,131.0,4163.0,181.0,4369.0,366.0,4217.0,333.0,3941.0,267.0,4109.0,205.0,3747.0,238.0,3178.0,52.0,2895.0,72.0,2817.0,37.0,2211.0
226,Race/Ethnicity,Two Or More Races,2433.0,98317.0,2081.0,88974.0,2036.0,80587.0,1743.0,72419.0,2309.0,59849.0,1405.0,48634.0,762.0,47261.0,1054.0,43609.0,1022.0,41632.0,863.0,38855.0,819.0,36589.0,893.0,34579.0,776.0,33127.0,661.0,30035.0,607.0,27876.0,843.0,35315.0
227,Race/Ethnicity,"Two Or More Races, Not Hispanic or Latino",873.0,50101.0,974.0,48020.0,1008.0,46750.0,1010.0,45411.0,1801.0,41578.0,1106.0,37097.0,678.0,36981.0,755.0,33881.0,826.0,32874.0,663.0,29746.0,639.0,28138.0,712.0,26593.0,658.0,25118.0,570.0,22816.0,520.0,21598.0,671.0,24222.0
228,Race/Ethnicity,"White Alone, Not Hispanic or Latino",6987.0,305273.0,6679.0,313216.0,7057.0,325646.0,6679.0,338789.0,16635.0,329522.0,7180.0,353991.0,6059.0,353212.0,6268.0,352556.0,6273.0,349595.0,6037.0,346219.0,5803.0,342901.0,6027.0,340647.0,6221.0,336930.0,6046.0,334373.0,5771.0,331631.0,4766.0,338886.0
229,Race/Ethnicity,"White, Including Hispanic or Latino",7509.0,323948.0,7612.0,338282.0,7924.0,356204.0,7571.0,375793.0,17792.0,371431.0,8739.0,405505.0,6826.0,405951.0,7272.0,407667.0,7287.0,408687.0,6791.0,408989.0,6461.0,409669.0,6701.0,410994.0,6949.0,408835.0,6799.0,408358.0,6543.0,406139.0,5424.0,385325.0
230,Sex,Female,0.3851133940686179,0.4867226074912725,0.3898291359624261,0.4860857746252663,0.4047551078667264,0.4853108116383026,0.4273986865289124,0.4877187583514872,0.5065366972477064,0.4904346815572502,0.4073073405935655,0.4899431474592732,0.4687881004633016,0.4898284526877051,0.4435048038430744,0.4902520821302088,0.4416518927938263,0.4905255786977003,0.4385121317636655,0.4911024815283343,0.4522300140252454,0.4916014994602475,0.4440636062257684,0.4920342896925008,0.435202870868785,0.4927835921151052,0.4419992976706075,0.4931933163438241,0.4510896483407627,0.4936320817613018,0.3978128106803011,0.4914455803989273
231,Sex,Male,0.614886605931382,0.5132773925087274,0.6101708640375739,0.5139142253747336,0.5952448921332735,0.5146891883616974,0.5726013134710877,0.5122812416485127,0.4934633027522935,0.5095653184427498,0.5926926594064345,0.5100568525407267,0.5312118995366983,0.5101715473122949,0.5564951961569256,0.5097479178697912,0.5583481072061738,0.5094744213022997,0.5614878682363345,0.5088975184716656,0.5477699859747546,0.5083985005397526,0.5559363937742317,0.5079657103074993,0.5647971291312149,0.5072164078848947,0.5580007023293925,0.5068066836561759,0.5489103516592373,0.5063679182386982,0.602187189319699,0.5085544196010727
232,Unit Size,1 Bedroom,4946.0,105697.0,4966.0,104704.0,5254.0,103595.0,5306.0,101827.0,766.0,95564.0,5053.0,99415.0,3056.0,101416.0,4929.0,101729.0,4866.0,104137.0,5010.0,104433.0,4903.0,104092.0,4292.0,101808.0,4126.0,101489.0,3842.0,101201.0,3666.0,101611.0,1696.0,96929.0
233,Unit Size,2 Bedrooms,4147.0,122995.0,3673.0,121577.0,3565.0,120854.0,2880.0,120274.0,3958.0,115121.0,2731.0,118913.0,2006.0,117901.0,2295.0,118927.0,2065.0,118990.0,1759.0,117520.0,1842.0,118564.0,1995.0,118579.0,1792.0,115977.0,1769.0,115281.0,1717.0,114638.0,652.0,103199.0
234,Unit Size,3-4 Bedrooms,1099.0,110262.0,1045.0,109923.0,985.0,109063.0,929.0,108530.0,8070.0,102574.0,893.0,106979.0,1182.0,104785.0,618.0,102199.0,659.0,99363.0,583.0,97922.0,525.0,96723.0,726.0,96440.0,745.0,96404.0,811.0,95490.0,749.0,94350.0,291.0,78124.0
235,Unit Size,5 or More Bedrooms,357.0,11223.0,222.0,11034.0,186.0,10909.0,189.0,11065.0,750.0,10155.0,122.0,10137.0,155.0,10298.0,86.0,10185.0,83.0,9548.0,98.0,9881.0,121.0,9979.0,123.0,9700.0,120.0,9647.0,107.0,9581.0,100.0,9450.0,14.0,5997.0
236,Unit Size,No Bedroom,6291.0,63394.0,6168.0,63314.0,5882.0,62863.0,6014.0,62247.0,403.0,59400.0,5688.0,61407.0,2530.0,58698.0,4756.0,56471.0,4434.0,53906.0,4429.0,53159.0,3990.0,50415.0,3922.0,50972.0,3960.0,51615.0,3569.0,52676.0,3186.0,51732.0,3601.0,62278.0
237,Vehicles Available,Households with no Vehicle,0.5708898397273189,0.3018066414320898,0.5710310596375122,0.2997340587282368,0.5904754636342823,0.2992847520242212,0.6039179675543311,0.3057846655610221,0.0661697596592637,0.3133212355811954,0.6419457735247209,0.3084199259318673,0.5259546925566343,0.3056426943628775,0.6036853428117108,0.304463188470562,0.5802180685358256,0.3036563923670211,0.5875367908251294,0.3048450502884566,0.567616802400343,0.3040444861885435,0.5850355239786856,0.3023730780388743,0.6008514555287079,0.3051961032165513,0.6051455489793454,0.301301277591082,0.5854711709423419,0.2969421112914002,0.657285595337219,0.2856475583864118
238,Vehicles Available,Percent of No Vehicle Homeowning Households,0.2868940754039497,0.1134494994662897,0.2340579710144927,0.1080978202319819,0.2702142363510711,0.1070707944194627,0.2911392405063291,0.1070238726020337,0.0432554325543255,0.1080527665923225,0.2535,0.1051164569436579,0.1940575673166202,0.1053216227024304,0.2404279279279279,0.1083345186671358,0.1864864864864865,0.1061925975650688,0.1703011422637591,0.1004670351054721,0.1476709613478691,0.0974002541694777,0.1677292790583619,0.0958404666793481,0.1444730077120822,0.0943477326456049,0.1289947704822777,0.0921579896866069,0.0848595848595848,0.0918134467814401,0.1430429128738621,0.110965615921606
239,Vehicles Available,Percent of No Vehicle Renting Households,0.6427662668120684,0.4182186126538945,0.6592958147480308,0.4196558186778367,0.6812616318934274,0.4198429809217752,0.6818659783959469,0.4286919717595522,0.1320754716981132,0.4379622097322881,0.7156546489563568,0.4309620277854122,0.654281098546042,0.4264519356164138,0.676051598429613,0.4211785461300971,0.6667062455473759,0.4187346071431747,0.6889113157562761,0.4220111023846922,0.6834837298331966,0.4234113803307066,0.7071315827234897,0.4216133106364285,0.7324340349836941,0.4286613189650752,0.7301006404391582,0.4246132413364647,0.7169660038486209,0.4200678729792038,0.7328113063407181,0.3796067821909182
240,Vehicles Available,Vehicles Available,6945.0,373023.0,6766.0,379835.0,6526.0,380150.0,5230.0,378485.0,22612.0,362471.0,5674.0,390320.0,4755.0,388399.0,5134.0,388467.0,5333.0,383323.0,4969.0,375627.0,4948.0,375369.0,4751.0,372514.0,4315.0,367044.0,3994.0,365371.0,4082.0,364274.0,2778.0,367151.0
241,Vehicles Available,Vehicles Homeowners,0.3582433405327573,0.5594742078283287,0.4009754655631096,0.5657608681083313,0.4333435488813975,0.5700790731788274,0.4581261950286807,0.5711481528289051,0.803732531399257,0.5648345409473915,0.3500176242509693,0.5565533206654033,0.5162986330178759,0.5553809836475627,0.3365796649785742,0.5525262094558169,0.405400337521095,0.5462797370659164,0.4443550010062387,0.5469251903942424,0.4765561843168957,0.5457791173118576,0.4876868027783624,0.5444027840510228,0.5005793742757821,0.5523627146343226,0.4251377065598397,0.552667437902535,0.4042136207741303,0.5531967258448095,0.3156947444204463,0.4896650152117249
242,Vehicles Available,Vehicles Per Capita,0.269238224462105,0.4719904241198807,0.2739493076362458,0.4724768416875745,0.2661392276008319,0.4671478849008562,0.2767488623134723,0.4563546130417693,0.6482798165137614,0.4449784613193777,0.235846703799152,0.4511556297361401,0.2898683247988295,0.4534357418958659,0.2569055244195356,0.4552685550880729,0.2780790489102096,0.4580212232841963,0.274636599789974,0.4559055920884947,0.2775876577840112,0.4571076118234303,0.2669551047929426,0.463882067553634,0.2497540082190195,0.4631452499233441,0.2337586327987826,0.4659102356642171,0.2527241208519069,0.4783266956335622,0.1972731146144013,0.4726862383856486
243,Vehicles Available,Vehicles Renters,0.6417566594672426,0.4467231243113695,0.5990245344368903,0.4443587347137573,0.5666564511186025,0.4397764040510324,0.5418738049713193,0.4387994240194459,0.1962674686007429,0.445563920975747,0.6499823757490306,0.4499615699938512,0.483701366982124,0.4512009557182176,0.6634203350214258,0.456509819366896,0.594599662478905,0.4621141961218085,0.5556449989937613,0.4610451325383958,0.5234438156831043,0.461623096206666,0.5123131972216376,0.4628926698056986,0.4994206257242178,0.4585417552119092,0.5748622934401603,0.4560679419001508,0.5957863792258696,0.450833713084107,0.6843052555795537,0.5103349847882751
