,Category,Attribute,2000_Twin Peaks,2010_Twin Peaks,2011_Twin Peaks,2012_Twin Peaks,2013_Twin Peaks,2014_Twin Peaks,2015_Twin Peaks,2016_Twin Peaks,2017_Twin Peaks,2018_Twin Peaks,2019_Twin Peaks,2020_Twin Peaks,2021_Twin Peaks,2022_Twin Peaks,2023_Twin Peaks,2024_Twin Peaks
506,Affordability,# Units at or below 100 AMI Monthly Affordable Rent,3015.0,2042.0,2030.0,1988.0,1984.0,2085.0,2236.0,2024.0,1936.0,1805.0,1749.0,571.0,1656.0,1313.0,1319.0,1246
497,Affordability,# Units at or below 30 AMI Monthly Affordable Rent,2068.0,1490.0,1293.0,1316.0,1400.0,1226.0,1437.0,1249.0,1469.0,1306.0,1577.0,480.0,1656.0,1313.0,1319.0,1246
500,Affordability,# Units at or below 50 AMI Monthly Affordable Rent,3015.0,2042.0,2030.0,1988.0,1984.0,2085.0,2236.0,2024.0,1936.0,1805.0,1749.0,557.0,1656.0,1313.0,1319.0,1246
503,Affordability,# Units at or below 80 AMI Monthly Affordable Rent,3015.0,2042.0,2030.0,1988.0,1984.0,2085.0,2236.0,2024.0,1936.0,1805.0,1749.0,571.0,1656.0,1313.0,1319.0,1246
504,Affordability,100 AMI Annual Income,76832.4607329843,89952.90423861853,91933.39100346022,91666.66666666666,92931.25810635538,91591.53952843274,89896.80426098536,97647.33840304182,107627.688172043,115934.84419263455,128450.92024539875,81281.72588832487,141884.32835820896,165882.35294117648,163775.51020408163,162528.86836027715
505,Affordability,100 AMI Monthly Affordable Rent,6402.705061082025,7496.075353218211,7661.115916955018,7638.888888888888,7744.271508862948,7632.628294036062,7491.4003550821135,8137.278200253485,8968.974014336916,9661.237016052879,10704.24335378323,6773.477157360406,11823.694029850747,13823.529411764706,13647.959183673469,13544.072363356428
495,Affordability,30 AMI Annual Income,23049.738219895287,26985.871271585558,27580.017301038064,27499.999999999996,27879.377431906614,27477.46185852982,26969.04127829561,29294.201520912546,32288.306451612898,34780.45325779037,38535.27607361962,24384.51776649746,42565.298507462685,49764.705882352944,49132.65306122449,48758.66050808314
496,Affordability,30 AMI Monthly Affordable Rent,1920.8115183246073,2248.822605965463,2298.3347750865055,2291.6666666666665,2323.2814526588845,2289.7884882108183,2247.420106524634,2441.1834600760453,2690.692204301075,2898.371104815864,3211.2730061349685,2032.0431472081218,3547.1082089552237,4147.058823529412,4094.387755102041,4063.2217090069284
498,Affordability,50 AMI Annual Income,38416.23036649215,44976.452119309266,45966.69550173011,45833.33333333333,46465.62905317769,45795.76976421637,44948.40213049268,48823.66920152091,53813.8440860215,57967.42209631728,64225.46012269938,40640.862944162436,70942.16417910448,82941.17647058824,81887.75510204081,81264.43418013857
499,Affordability,50 AMI Monthly Affordable Rent,3201.3525305410126,3748.0376766091053,3830.557958477509,3819.444444444444,3872.135754431474,3816.314147018031,3745.7001775410567,4068.6391001267425,4484.487007168458,4830.6185080264395,5352.121676891615,3386.738578680203,5911.8470149253735,6911.764705882353,6823.9795918367345,6772.036181678214
501,Affordability,80 AMI Annual Income,61465.96858638744,71962.32339089483,73546.71280276818,73333.33333333333,74345.0064850843,73273.2316227462,71917.44340878828,78117.87072243346,86102.1505376344,92747.87535410764,102760.736196319,65025.3807106599,113507.46268656717,132705.88235294117,131020.40816326531,130023.09468822172
502,Affordability,80 AMI Monthly Affordable Rent,5122.16404886562,5996.860282574569,6128.892733564015,6111.11111111111,6195.417207090359,6106.10263522885,5993.120284065691,6509.822560202789,7175.179211469534,7728.989612842303,8563.394683026583,5418.781725888325,9458.955223880597,11058.823529411764,10918.367346938776,10835.257890685143
0,Age,"0-2 Years, Under 6 Years",0.602803738317757,0.5223214285714286,0.4564315352697095,0.4516129032258064,0.6386554621848739,0.8070866141732284,0.7665369649805448,0.6920529801324503,0.6627906976744186,0.7168458781362007,0.6123348017621145,0.4674556213017751,0.5813953488372093,0.6845238095238095,0.7897727272727273,0.7244094488188977
1,Age,0-4 Years,0.0195436507936507,0.0504179023995686,0.0219997179523339,0.0224109131403118,0.0248166948674562,0.0317848410757946,0.0302325581395348,0.0362973957630549,0.0382633341922185,0.0309265494450679,0.0248909417500641,0.059245630174793,0.0144533662754786,0.0153343388637506,0.0188271212313954,0.0264866268501687
2,Age,18-34 Years,0.2560515873015873,0.1387166352116473,0.1807925539416161,0.1934855233853006,0.1529892836999436,0.1960304904357831,0.2270861833105335,0.256780461476184,0.2585673795413553,0.2832023943135054,0.2720041057223505,0.1942962281508739,0.2489190858554663,0.2264957264957265,0.2350845948352627,0.2012464294988314
3,Age,"3-5 Years, Under 6 Years",0.397196261682243,0.4776785714285714,0.5435684647302904,0.5483870967741935,0.361344537815126,0.1929133858267716,0.2334630350194552,0.3079470198675497,0.3372093023255814,0.2831541218637993,0.3876651982378855,0.5325443786982249,0.4186046511627907,0.3154761904761904,0.2102272727272727,0.2755905511811024
4,Age,35-59 Years,0.4415674603174603,0.433944459423025,0.4428148357072345,0.4263641425389755,0.473209249858996,0.4392348626492162,0.4191518467852257,0.3941438402374848,0.3894614790002577,0.3489213118842748,0.3441108545034642,0.3501379944802208,0.3676343421865349,0.3647561588738059,0.3552983081032947,0.4010646585302518
5,Age,5-17 Years,0.0709325396825396,0.0686168778646535,0.0683965590184741,0.076141425389755,0.0760011280315848,0.0673090752193297,0.0694938440492476,0.0647685872351909,0.0690543674310744,0.0779398927547075,0.0728765717218373,0.1043238270469181,0.0749845583693638,0.0760432378079436,0.0686935504388754,0.0701116593092703
6,Age,60 and older,0.2119047619047619,0.3083041251011054,0.2859963333803412,0.281597995545657,0.2729836435420191,0.2656407306198763,0.2540355677154582,0.2480097152880852,0.244653439835094,0.2590098516024442,0.2861175263022838,0.2919963201471941,0.2940086473131563,0.3173705379587732,0.3220964253911716,0.3010906258114775
7,Age,Under 18 Years,912.0,747.0,565.0,644.0,639.0,616.0,669.0,695.0,783.0,825.0,719.0,624.0,684.0,712.0,681.0,737.0
8,Age,Under 6 Years,214.0,448.0,241.0,217.0,238.0,254.0,257.0,302.0,344.0,279.0,227.0,169.0,172.0,168.0,176.0,254.0
507,Educational Attainment,College Degree or higher,0.6182680365812352,0.5717900063251107,0.5636216653193209,0.581573896353167,0.6017670682730923,0.6168588598343349,0.6031623004185398,0.6382488479262672,0.6568249258160237,0.6543884892086331,0.6709104367135456,0.2885679903730445,0.6607986260197509,0.6486366985998526,0.6334171969809087,0.6649946800425597
508,Educational Attainment,High School or Less,0.1807609800158067,0.2065148640101201,0.2111560226354082,0.1805822136916186,0.1651405622489959,0.1512100048725028,0.1550147263990079,0.1551459293394777,0.1425816023738872,0.1538129496402877,0.1250925240562546,0.4555956678700361,0.1561471303850007,0.1790714812085482,0.194169009915643,0.1807265541875665
509,Educational Attainment,Some College/Associate Degree,0.2009709834029581,0.2216951296647691,0.2252223120452708,0.2378438899552143,0.2330923694779116,0.2319311352931622,0.2418229731824523,0.206605222734255,0.200593471810089,0.1917985611510791,0.2039970392301998,0.2558363417569194,0.1830542435952483,0.1722918201915991,0.1724137931034483,0.1542787657698738
9,Employment,"6-17, Living with One Parent",116.0,90.0,92.0,243.0,133.0,108.0,145.0,120.0,76.0,123.0,116.0,22.0,17.0,42.0,35.0,38.0
10,Employment,"6-17, Living with One Parent, Parent Not in Labor Force",0.0172413793103448,0.0,0.0,0.0,0.0,0.0,0.0,0.0,0.0,0.0,0.0,0.0,0.0,0.0,0.0,0.0
11,Employment,"6-17, Living with One Parent, Parent in Labor Force",0.9827586206896552,1.0,1.0,1.0,1.0,1.0,1.0,1.0,1.0,1.0,1.0,1.0,1.0,1.0,1.0,1.0
12,Employment,"6-17, Living with Two Parents",174.0,209.0,232.0,184.0,268.0,254.0,267.0,273.0,342.0,404.0,355.0,338.0,418.0,452.0,421.0,407.0
13,Employment,"6-17, Living with Two Parents, One Parent in Labor Force",0.1206896551724138,0.0382775119617224,0.043103448275862,0.108695652173913,0.0373134328358208,0.1259842519685039,0.1235955056179775,0.1098901098901098,0.0789473684210526,0.1039603960396039,0.1267605633802817,0.2307692307692307,0.1507177033492823,0.1305309734513274,0.1021377672209026,0.0
14,Employment,"6-17, Living with Two Parents, Parents Not in Labor Force",0.0,0.0,0.0,0.0,0.0,0.0,0.0,0.0,0.0,0.0,0.0,0.0,0.0,0.0,0.0,0.0
15,Employment,"6-17, Living with Two Parents, Parents in Labor Force",0.8793103448275862,0.9617224880382776,0.956896551724138,0.8913043478260869,0.9626865671641792,0.8740157480314961,0.8764044943820225,0.8901098901098901,0.9210526315789472,0.8960396039603961,0.8732394366197183,0.7692307692307693,0.8492822966507177,0.8694690265486725,0.8978622327790974,1.0
510,Employment,Employed Residents,6189.0,3669.0,3658.0,3518.0,3881.0,3938.0,4204.0,4168.0,4620.0,4648.0,4460.0,2772.0,4609.0,4346.0,4452.0,4349.0
511,Employment,Managerial Professional,0.6631119728550654,0.7067320795857182,0.6539092400218699,0.6350198976691301,0.6640041226488018,0.6564245810055865,0.648430066603235,0.7077735124760077,0.7097402597402598,0.7179432013769363,0.7381165919282511,0.3225108225108225,0.7776090258190497,0.8133916244822825,0.8131176999101527,0.8160496665900207
512,Employment,Natural Resources,0.02391339473259,0.0283455982556554,0.0259704756697649,0.0190449118817509,0.0139139397062612,0.020822752666328,0.0283063748810656,0.0275911708253358,0.0261904761904761,0.0322719449225473,0.0262331838565022,0.0306637806637806,0.0123671078325016,0.0078232857800276,0.0042677448337825,0.0018395033340997
513,Employment,Production Transport Materials,0.0232670867668444,0.0119923684927773,0.0183160196828868,0.0207504263786242,0.0216439062097397,0.0172676485525647,0.0259276879162702,0.0201535508637236,0.0209956709956709,0.0279690189328743,0.0356502242152466,0.0937950937950937,0.0151876762855283,0.0260009203865623,0.017969451931716,0.0243734191768222
514,Employment,Sales and Office,0.2147358216190014,0.1940583265194876,0.2290869327501367,0.2271176805002842,0.2177273898479773,0.212544438801422,0.1974310180780209,0.1710652591170825,0.1558441558441558,0.1288726333907056,0.1159192825112107,0.2662337662337662,0.1143415057496203,0.0867464335020708,0.0754716981132075,0.0903656012876523
515,Employment,Services,0.0749717240264986,0.0588716271463614,0.0727173318753417,0.0980670835702103,0.0827106415872197,0.0929405789740985,0.0999048525214081,0.0734165067178502,0.0872294372294372,0.0929432013769363,0.0840807174887892,0.2867965367965367,0.0804946843133,0.0660377358490566,0.089173405211141,0.0673718096114049
16,Employment,"Under 6 Years, Living with One Parent",48.0,41.0,41.0,38.0,0.0,0.0,0.0,23.0,41.0,46.0,48.0,40.0,19.0,15.0,14.0,33.0
17,Employment,"Under 6 Years, Living with One Parent, Parent Not in Labor Force",0.0,0.2195121951219512,0.1707317073170731,0.3157894736842105,,,,0.0,0.0,0.0,0.0,0.0,0.0,0.0,0.0,0.0
18,Employment,"Under 6 Years, Living with One Parent, Parent in Labor Force",1.0,0.7804878048780488,0.8292682926829268,0.6842105263157895,,,,1.0,1.0,1.0,1.0,1.0,1.0,1.0,1.0,1.0
19,Employment,"Under 6 Years, Living with Two Parents",165.0,407.0,200.0,179.0,238.0,254.0,257.0,279.0,290.0,224.0,166.0,120.0,146.0,153.0,162.0,221.0
20,Employment,"Under 6 Years, Living with Two Parents, One Parent in Labor Force",0.4303030303030303,0.6609336609336609,0.315,0.0949720670391061,0.4159663865546218,0.4251968503937008,0.4319066147859922,0.3906810035842294,0.4379310344827586,0.1830357142857142,0.0843373493975903,0.0,0.0,0.0980392156862745,0.1604938271604938,0.1131221719457013
21,Employment,"Under 6 Years, Living with Two Parents, Parents Not in Labor Force",0.0,0.0,0.0,0.106145251396648,0.0504201680672268,0.0393700787401574,0.0544747081712062,0.057347670250896,0.0,0.0,0.0,0.0,0.0,0.0,0.0,0.0
22,Employment,"Under 6 Years, Living with Two Parents, Parents in Labor Force",0.5696969696969697,0.339066339066339,0.685,0.7988826815642458,0.5336134453781513,0.5354330708661418,0.5136186770428015,0.5519713261648745,0.5620689655172414,0.8169642857142857,0.9156626506024096,1.0,1.0,0.9019607843137256,0.8395061728395061,0.8868778280542986
516,Employment,Unemployment Rate,0.0517848935192278,0.0,0.0774842767295597,0.0901132852729145,0.0708830548926014,0.0518358531317494,0.0343563902885936,0.0365233472029588,0.0180658873538788,0.0119047619047619,0.0217152884404474,0.0121168923734853,0.0292754844144903,0.0363636363636363,0.0315423102023058,0.0502293077091067
23,Employment,Worked in place of residence,0.6892378148511613,0.7056837366347777,0.7579354126414574,0.7693401592718999,0.7258485639686684,0.7274143302180686,0.7292069632495164,0.6792590787228857,0.6749834400529918,0.7008472735172714,0.7406653088934148,0.761503416856492,0.7921706619749285,0.7670083876980429,0.7832647462277091,0.8032558139534883
24,Employment,Worked outside place of residence,0.3107621851488387,0.2943162633652222,0.2420645873585426,0.2306598407281001,0.2741514360313316,0.2725856697819314,0.2707930367504835,0.3207409212771143,0.3250165599470082,0.2991527264827286,0.2593346911065852,0.2384965831435079,0.2078293380250714,0.2329916123019571,0.2167352537722908,0.1967441860465116
25,Households,Average Family Household Size,2.5743865030674846,2.704340704340704,2.623106060606061,2.6005244755244754,2.631399317406143,2.611111111111111,2.7781569965870307,2.795133437990581,2.940868263473054,2.9366485013623977,2.9121621621621623,4.022140221402214,2.7755102040816326,2.8116621983914207,2.779930795847751,2.784572619874913
26,Households,Average Household Size,1.7279641185647423,1.7840713053479011,1.7188507768982704,1.789427570093458,1.8094547563805103,1.811978116901814,1.8618221855216075,1.938717876306128,2.009845288326301,2.0499153976311337,2.0252655756531723,3.0061486864169926,2.0302944507361267,2.0532544378698225,2.0197465369879164,1.9630164692285463
27,Households,Family Households,0.2542901716068643,0.351063829787234,0.3095866314863676,0.3341121495327103,0.339907192575406,0.3420673769075727,0.322598403523259,0.3597853713640214,0.3758087201125176,0.4139875916525662,0.4249210450760838,0.6059250978200111,0.4439411098527746,0.4414201183431953,0.42587680518715,0.415775787344698
28,Households,Households,5128.0,3478.0,3411.0,3424.0,3448.0,3473.0,3633.0,3541.0,3555.0,3546.0,3483.0,1789.0,3532.0,3380.0,3393.0,3461.0
29,Households,"Households with 60 years and older, % of Total (DEC, 65 years and older)",0.234399375975039,0.308223116733755,0.3356786866021694,0.3671144859813084,0.3604988399071925,0.3472502159516268,0.3492981007431874,0.3405817565659418,0.3285513361462728,0.3386914833615341,0.3815676141257537,0.567915036333147,0.3672140430351076,0.4071005917159763,0.40377247273799,0.3666570355388616
30,Households,"Households with Children, % of Total",0.0688377535101404,0.1610120759056929,0.1222515391380826,0.1241238317757009,0.1261600928074246,0.1151742009789807,0.1123038810900082,0.1228466534877153,0.1291139240506329,0.1356457980823463,0.1248923341946597,0.2738960313024036,0.1248584371460928,0.1363905325443787,0.1326259946949602,0.1473562554175093
31,Households,Living in Group Quarters,1219.0,0.0,0.0,1386.0,1492.0,1549.0,1584.0,1490.0,1615.0,1493.0,740.0,57.0,924.0,1016.0,1008.0,908.0
32,Households,Non-Family Households,0.7457098283931357,0.648936170212766,0.6904133685136323,0.6658878504672897,0.660092807424594,0.6579326230924273,0.677401596476741,0.6402146286359786,0.6241912798874825,0.5860124083474337,0.5750789549239161,0.3940749021799888,0.5560588901472253,0.5585798816568047,0.57412319481285,0.5842242126553019
33,Households,"Single Person Households, % of Total",0.4752340093603744,0.4824611845888442,0.5016124303723248,0.4617406542056075,0.4541763341067285,0.4537863518571839,0.4649050371593724,0.4323637390567636,0.4393811533052039,0.42526790750141,0.4220499569336778,0.3404136389044159,0.4116647791619479,0.3970414201183432,0.4205717653993516,0.4449581045940479
34,Housing,Median Year Moved In Owner,1990.2374670184695,1993.582887700535,1995.672811059908,1994.1379310344828,1993.4343434343436,2000.074433656958,1996.5185185185185,1998.7272727272727,2009.035040431267,2001.468253968254,2006.8804347826087,2001.1507936507935,2006.7401812688825,2004.36170212766,2008.138075313808,2010.1676190476192
35,Housing,Median Year Moved In Renter,1996.6238608119304,2003.8624338624336,2001.7058823529408,2002.947481243301,2004.2518837459636,2010.051222351572,2006.8633952254645,2010.168089647812,2014.321766561514,2011.7282863849769,2012.9591836734692,2013.415300546448,2012.5922242314648,2013.3721340388008,2014.0892494929003,2017.02024291498
36,Housing,Median Year Structure Built,1956.1736444749488,1961.7990654205607,1966.5827664399092,1963.299522673031,1962.7517985611512,1969.4989177489176,1963.817813765182,1963.523732904264,1963.2989228007184,1964.4176372712147,1963.878842676311,1946.0541871921184,1963.2015590200444,1963.6754966887415,1962.7037887485649,1963.6046511627908
37,Housing,"Overcrowding, Renter Occupied Housing",0.0423506237688772,0.0,0.0,0.0,0.0136088709677419,0.0153477218225419,0.0162637362637362,0.025217790004585,0.0383177570093457,0.0181905217807563,0.0254318618042226,0.091317365269461,0.0635613779718583,0.0692475463467829,0.0700104493207941,0.0601779173207744
38,Housing,Owner Occupied,0.4080839486980179,0.4128809660724554,0.4048666080328349,0.4193925233644859,0.4245939675174014,0.399654477397063,0.3737957610789981,0.3840722959615927,0.3980309423347398,0.4108855047941342,0.4016652311225954,0.626607043040805,0.4164779161947904,0.457396449704142,0.4358974358974359,0.4478474429355678
39,Housing,"Owner Occupied by Race, American Indian and Alaska Native Alone",0.0,,,,,,,,,,,0.0,,,0.0,0.0
40,Housing,"Owner Occupied by Race, Asian Alone",0.6,0.5370879120879121,0.5879556259904913,0.6478102189781022,0.5768566493955095,0.5892857142857143,0.5841209829867675,0.5255102040816326,0.6153846153846154,0.7064516129032258,0.6948590381426202,0.5823699421965318,0.5677830940988836,0.521891418563923,0.5213675213675214,0.4478330658105939
41,Housing,"Owner Occupied by Race, Black or African American Alone",0.0802919708029197,0.2083333333333333,0.1604938271604938,0.0,0.0,0.0,0.0,0.0,0.1764705882352941,0.1547619047619047,0.2916666666666667,0.6811989100817438,0.3020833333333333,0.2473118279569892,0.3116883116883117,0.2758620689655172
42,Housing,"Owner Occupied by Race, Hispanic or Latino",0.2197452229299363,0.2824858757062147,0.2792792792792792,0.453781512605042,0.4067278287461773,0.3576923076923077,0.2608695652173913,0.3305613305613306,0.2607802874743326,0.2453987730061349,0.2338709677419354,0.8353413654618473,0.4103852596314908,0.5160599571734475,0.5482546201232033,0.5185185185185185
43,Housing,"Owner Occupied by Race, Native Hawaiian and Other Pacific Islander Alone",,,,,,,,,,,,,,,,
44,Housing,"Owner Occupied by Race, Some Other Race Alone",0.1121495327102803,0.0,0.0,0.0,0.0,0.0,0.0,0.1104651162790697,0.1155778894472361,0.1132075471698113,0.1338028169014084,0.7073170731707317,0.3164556962025316,0.4193548387096774,0.2727272727272727,0.2688172043010752
45,Housing,"Owner Occupied by Race, Two or More Races",0.2936507936507936,0.3243243243243243,0.2212389380530973,0.3225806451612903,0.2046511627906976,0.1741573033707865,0.1052631578947368,0.0723684210526315,0.0,0.1203703703703703,0.1043478260869565,0.9239130434782608,0.583596214511041,0.6447761194029851,0.6687116564417178,0.504424778761062
46,Housing,"Owner Occupied by Race, White Alone",0.405289492494639,0.3990247866720845,0.3832807570977918,0.3924628854206319,0.431980906921241,0.3979077876791941,0.3766375545851528,0.3986723935962514,0.3920877399138269,0.3786407766990291,0.3631067961165048,0.5803921568627451,0.3630335681723995,0.4238896075894782,0.3932438284971849,0.4524351388256714
47,Housing,"Owner Occupied by Race, White Alone, Not Hispanic or Latino",0.413741223671013,0.3949017969076473,0.3857740585774059,0.3848029256399837,0.4220383275261324,0.3886808156471077,0.3699444885011895,0.3817157712305026,0.3906794425087108,0.3837362637362637,0.3721136767317939,0.5668016194331984,0.3887841658812441,0.4453665283540802,0.4076816288755206,0.4573055028462998
48,Housing,Post 1979 All and Pre 1979 Single Family Renter Occupied by Year Structure Built by Units in Structure,584.0,2030.0,2017.0,1988.0,1969.0,2040.0,556.0,455.0,473.0,485.0,493.0,428.0,520.0,470.0,483.0,414.0
49,Housing,Pre 1980 MultiFamily Renter Occupied by Year Structure Built by Units in Structure,2462.0,0.0,0.0,0.0,0.0,31.0,1719.0,1726.0,1667.0,1604.0,1591.0,240.0,1523.0,1345.0,1413.0,1485.0
50,Housing,Renter Occupied,0.5919160513019821,0.5871190339275446,0.5951333919671651,0.580607476635514,0.5754060324825986,0.6003455226029369,0.626204238921002,0.6159277040384072,0.6019690576652602,0.5891144952058658,0.5983347688774046,0.373392956959195,0.5835220838052095,0.5426035502958579,0.5641025641025641,0.5521525570644322
51,Housing,"Renter Occupied by Race, American Indian and Alaska Native Alone",1.0,,,,,,,,,,,1.0,,,1.0,1.0
52,Housing,"Renter Occupied by Race, Asian Alone",0.4,0.4629120879120879,0.4120443740095087,0.3521897810218978,0.4231433506044905,0.4107142857142857,0.4158790170132325,0.4744897959183674,0.3846153846153846,0.2935483870967741,0.3051409618573797,0.4176300578034682,0.4322169059011164,0.478108581436077,0.4786324786324786,0.5521669341894061
53,Housing,"Renter Occupied by Race, Black or African American Alone",0.9197080291970804,0.7916666666666666,0.8395061728395061,1.0,1.0,1.0,1.0,1.0,0.8235294117647058,0.8452380952380952,0.7083333333333334,0.3188010899182561,0.6979166666666666,0.7526881720430108,0.6883116883116883,0.7241379310344828
54,Housing,"Renter Occupied by Race, Hispanic or Latino",0.7802547770700637,0.7175141242937854,0.7207207207207207,0.5462184873949579,0.5932721712538226,0.6423076923076924,0.7391304347826086,0.6694386694386695,0.7392197125256673,0.754601226993865,0.7661290322580645,0.1646586345381526,0.5896147403685092,0.4839400428265524,0.4517453798767967,0.4814814814814814
55,Housing,"Renter Occupied by Race, Native Hawaiian and Other Pacific Islander Alone",,,,,,,,,,,,,,,,
56,Housing,"Renter Occupied by Race, Some Other Race Alone",0.8878504672897196,1.0,1.0,1.0,1.0,1.0,1.0,0.8895348837209303,0.8844221105527639,0.8867924528301887,0.8661971830985915,0.2926829268292683,0.6835443037974683,0.5806451612903226,0.7272727272727273,0.7311827956989247
57,Housing,"Renter Occupied by Race, Two or More Races",0.7063492063492064,0.6756756756756757,0.7787610619469026,0.6774193548387096,0.7953488372093023,0.8258426966292135,0.8947368421052632,0.9276315789473684,1.0,0.8796296296296297,0.8956521739130435,0.0760869565217391,0.416403785488959,0.3552238805970149,0.3312883435582822,0.495575221238938
58,Housing,"Renter Occupied by Race, White Alone",0.5947105075053609,0.6009752133279155,0.6167192429022083,0.6075371145793681,0.568019093078759,0.6020922123208059,0.6233624454148472,0.6013276064037485,0.6079122600861732,0.6213592233009708,0.6368932038834951,0.4196078431372549,0.6369664318276005,0.5761103924105218,0.606756171502815,0.5475648611743287
59,Housing,"Renter Occupied by Race, White Alone, Not Hispanic or Latino",0.5862587763289869,0.6050982030923527,0.6142259414225941,0.6151970743600162,0.5779616724738676,0.6113191843528922,0.6300555114988104,0.6182842287694974,0.6093205574912892,0.6162637362637363,0.627886323268206,0.4331983805668016,0.6112158341187559,0.5546334716459198,0.5923183711244794,0.5426944971537002
60,Housing,Total Number of Units,5369.0,3648.0,3691.0,3669.0,3689.0,3713.0,3777.0,3800.0,3805.0,3800.0,3770.0,1921.0,3795.0,3796.0,3801.0,3795.0
61,Housing,Total Vacant Units,223.0,170.0,280.0,245.0,241.0,240.0,144.0,259.0,250.0,254.0,287.0,132.0,263.0,416.0,408.0,334.0
62,Housing,Vacancy Rate,0.0415347364499906,0.0466008771929824,0.0758602004876727,0.0667756881984191,0.0653293575494714,0.0646377592243468,0.0381254964257347,0.0681578947368421,0.0657030223390276,0.0668421052631579,0.0761273209549071,0.0687142113482561,0.0693017127799736,0.1095890410958904,0.1073401736385161,0.0880105401844532
63,Housing Prices,Contract Rent 100 to 149,0.0,0.0,0.0,0.0,0.0,0.0,0.0,0.0,0.0,0.0,0.0,0.0,0.0,0.0,0.0,0.0
64,Housing Prices,Contract Rent 1000 to 1249,518.0,298.0,347.0,246.0,238.0,156.0,178.0,110.0,99.0,74.0,152.0,8.0,44.0,48.0,31.0,40.0
65,Housing Prices,Contract Rent 1250 to 1499,381.0,299.0,273.0,202.0,179.0,144.0,146.0,162.0,128.0,116.0,120.0,7.0,179.0,110.0,138.0,37.0
66,Housing Prices,Contract Rent 150 to 199,103.0,0.0,0.0,16.0,15.0,19.0,21.0,23.0,0.0,0.0,0.0,30.0,0.0,0.0,0.0,0.0
67,Housing Prices,Contract Rent 1500 to 1999,555.0,479.0,275.0,499.0,696.0,818.0,930.0,807.0,721.0,546.0,431.0,28.0,348.0,269.0,221.0,268.0
68,Housing Prices,Contract Rent 200 to 249,16.0,0.0,0.0,7.0,6.0,8.0,8.0,46.0,11.0,0.0,0.0,93.0,0.0,0.0,0.0,0.0
69,Housing Prices,"Contract Rent 2000 to 2499 (Contract Rent 2000 or more, DEC2000 and ACS2009-2014)",272.0,492.0,721.0,639.0,524.0,609.0,417.0,302.0,222.0,242.0,265.0,72.0,276.0,236.0,278.0,322.0
70,Housing Prices,Contract Rent 250 to 299,0.0,88.0,84.0,44.0,48.0,32.0,48.0,48.0,123.0,133.0,150.0,83.0,75.0,0.0,7.0,8.0
71,Housing Prices,Contract Rent 2500 to 2999 (ACS2015-),,22.0,11.0,33.0,43.0,40.0,66.0,148.0,324.0,346.0,367.0,5.0,383.0,332.0,298.0,191.0
72,Housing Prices,Contract Rent 300 to 349,9.0,37.0,36.0,42.0,13.0,15.0,7.0,0.0,0.0,0.0,0.0,0.0,54.0,90.0,76.0,59.0
73,Housing Prices,Contract Rent 3000 to 3499 (ACS2015-),,0.0,0.0,0.0,0.0,0.0,117.0,167.0,172.0,193.0,148.0,14.0,246.0,134.0,237.0,385.0
74,Housing Prices,Contract Rent 350 to 399,25.0,0.0,0.0,0.0,0.0,8.0,8.0,9.0,10.0,10.0,0.0,0.0,0.0,0.0,0.0,0.0
75,Housing Prices,Contract Rent 3500 or more (ACS2015-),,0.0,0.0,0.0,0.0,0.0,7.0,102.0,98.0,186.0,258.0,12.0,335.0,502.0,497.0,472.0
76,Housing Prices,Contract Rent 400 to 449,16.0,0.0,0.0,0.0,0.0,0.0,0.0,0.0,0.0,0.0,0.0,49.0,0.0,0.0,0.0,0.0
77,Housing Prices,Contract Rent 500 to 549,17.0,0.0,0.0,0.0,0.0,0.0,0.0,0.0,0.0,0.0,0.0,40.0,0.0,0.0,0.0,0.0
78,Housing Prices,Contract Rent 550 to 599,13.0,13.0,12.0,10.0,9.0,31.0,25.0,28.0,35.0,0.0,0.0,0.0,0.0,0.0,0.0,0.0
79,Housing Prices,Contract Rent 600 to 649,43.0,16.0,27.0,0.0,0.0,0.0,0.0,0.0,0.0,38.0,0.0,0.0,0.0,0.0,0.0,0.0
80,Housing Prices,Contract Rent 650 to 699,109.0,34.0,33.0,30.0,18.0,0.0,0.0,0.0,0.0,0.0,0.0,0.0,0.0,0.0,0.0,0.0
81,Housing Prices,Contract Rent 700 to 749,58.0,12.0,0.0,0.0,16.0,19.0,0.0,0.0,0.0,0.0,0.0,0.0,42.0,0.0,0.0,0.0
82,Housing Prices,Contract Rent 750 to 749,78.0,56.0,71.0,70.0,51.0,23.0,31.0,14.0,0.0,0.0,0.0,0.0,0.0,38.0,52.0,0.0
83,Housing Prices,Contract Rent 750 to 799,141.0,37.0,35.0,37.0,23.0,37.0,20.0,58.0,80.0,84.0,81.0,61.0,0.0,0.0,0.0,48.0
84,Housing Prices,Contract Rent 800 to 899,315.0,0.0,62.0,73.0,79.0,102.0,186.0,49.0,16.0,11.0,21.0,81.0,61.0,0.0,0.0,0.0
85,Housing Prices,Contract Rent 900 to 999,346.0,159.0,43.0,40.0,26.0,24.0,28.0,69.0,92.0,102.0,81.0,0.0,0.0,56.0,23.0,24.0
86,Housing Prices,Contract Rent Less than 100,17.0,0.0,0.0,0.0,0.0,0.0,0.0,0.0,0.0,0.0,0.0,78.0,0.0,0.0,27.0,32.0
87,Housing Prices,Contract Rent Total,3046.0,2042.0,2030.0,1988.0,1984.0,2085.0,2275.0,2181.0,2140.0,2089.0,2084.0,668.0,2061.0,1834.0,1914.0,1911.0
88,Housing Prices,Contract Rent Total No cash Rent (ACS2015-),14.0,0.0,0.0,0.0,0.0,0.0,32.0,39.0,9.0,8.0,10.0,7.0,18.0,19.0,29.0,25.0
89,Housing Prices,"Contract Rent Total No cash Rent (No cash rent, DEC2000 and ACS2009-2014)",14.0,22.0,11.0,33.0,43.0,40.0,66.0,148.0,324.0,346.0,367.0,5.0,383.0,332.0,298.0,191.0
90,Housing Prices,Contract Rent Total With cash Rent,3032.0,2020.0,2019.0,1955.0,1941.0,2045.0,2243.0,2142.0,2131.0,2081.0,2074.0,661.0,2043.0,1815.0,1885.0,1886.0
91,Housing Prices,Extremely Rent Burdened,0.0988181221273801,0.1096963761018609,0.1142857142857142,0.1383299798792756,0.1446572580645161,0.1669064748201439,0.2021978021978022,0.1627693718477762,0.1177570093457943,0.1062709430349449,0.0762955854126679,0.2395209580838323,0.0781174187287724,0.0850599781897491,0.0862068965517241,0.1145996860282574
92,Housing Prices,"Extremely Rent Burdened by Race, American Indian and Alaska Native Alone",0.5,,,,,,,,,,,,,,1.0,1.0
93,Housing Prices,"Extremely Rent Burdened by Race, Asian Alone",0.0309734513274336,,,,,,,,,,,,,,0.0714285714285714,0.0436046511627907
94,Housing Prices,"Extremely Rent Burdened by Race, Black or African American Alone",0.1666666666666666,,,,,,,,,,,,,,0.0,0.0
95,Housing Prices,"Extremely Rent Burdened by Race, Hispanic or Latino",0.1755102040816326,,,,,,,,,,,,,,0.0681818181818181,0.0346153846153846
96,Housing Prices,"Extremely Rent Burdened by Race, Native Hawaiian and Other Pacific Islander Alone",,,,,,,,,,,,,,,,
97,Housing Prices,"Extremely Rent Burdened by Race, Some Other Race Alone",0.2842105263157894,,,,,,,,,,,,,,0.0,0.0
98,Housing Prices,"Extremely Rent Burdened by Race, Two or More Races",0.247191011235955,,,,,,,,,,,,,,0.0,0.0
99,Housing Prices,"Extremely Rent Burdened by Race, White Alone",0.0869391025641025,,,,,,,,,,,,,,0.0977872947894361,0.1620947630922693
100,Housing Prices,"Extremely Rent Burdened by Race, White Alone, Not Hispanic or Latino",0.0859709153122326,,,,,,,,,,,,,,0.1015625,0.1704545454545454
101,Housing Prices,Home Value 10000 to 14999 ,0.0,0.0,0.0,0.0,0.0,0.0,0.0,0.0,0.0,0.0,0.0,0.0,0.0,0.0,0.0,0.0
102,Housing Prices,Home Value 100000 to 124999,0.0,0.0,0.0,0.0,0.0,0.0,0.0,0.0,0.0,0.0,0.0,24.0,30.0,63.0,49.0,49.0
103,Housing Prices,"Home Value 1000000 to 1499999 (1000000 or more, DEC2000 and ACS2009-2014)",227.0,368.0,285.0,256.0,301.0,316.0,209.0,363.0,486.0,506.0,520.0,284.0,490.0,354.0,369.0,446.0
104,Housing Prices,Home Value 125000 to 149999,0.0,0.0,0.0,0.0,0.0,0.0,0.0,0.0,0.0,0.0,0.0,0.0,0.0,0.0,0.0,0.0
105,Housing Prices,Home Value 15000 to 19999 ,0.0,0.0,0.0,0.0,0.0,0.0,0.0,0.0,0.0,0.0,0.0,0.0,39.0,41.0,0.0,0.0
106,Housing Prices,Home Value 150000 to 174999,9.0,0.0,0.0,0.0,0.0,0.0,0.0,0.0,0.0,0.0,0.0,0.0,0.0,0.0,0.0,0.0
107,Housing Prices,Home Value 1500000 to 1999999 (ACS2015-),,0.0,0.0,0.0,0.0,0.0,70.0,75.0,101.0,125.0,175.0,86.0,249.0,408.0,331.0,355.0
108,Housing Prices,Home Value 175000 to 199999,21.0,0.0,0.0,0.0,0.0,0.0,0.0,0.0,0.0,0.0,0.0,0.0,0.0,0.0,0.0,0.0
109,Housing Prices,Home Value 20000 to 24999 ,0.0,0.0,0.0,0.0,0.0,0.0,0.0,0.0,0.0,0.0,0.0,0.0,0.0,0.0,39.0,38.0
110,Housing Prices,Home Value 200000 to 249999,46.0,0.0,0.0,0.0,0.0,0.0,0.0,0.0,0.0,16.0,29.0,0.0,20.0,21.0,0.0,0.0
111,Housing Prices,Home Value 2000000 or more (ACS2015-),,0.0,0.0,0.0,0.0,0.0,96.0,112.0,140.0,256.0,283.0,20.0,235.0,348.0,336.0,313.0
112,Housing Prices,Home Value 25000 to 29999 ,0.0,0.0,0.0,0.0,0.0,0.0,0.0,0.0,0.0,0.0,0.0,0.0,0.0,0.0,0.0,0.0
113,Housing Prices,Home Value 250000 to 299999,118.0,22.0,25.0,16.0,19.0,6.0,0.0,0.0,0.0,0.0,0.0,0.0,0.0,0.0,0.0,0.0
114,Housing Prices,Home Value 30000 to 34999 ,11.0,0.0,0.0,0.0,0.0,0.0,0.0,0.0,0.0,0.0,0.0,0.0,0.0,0.0,0.0,0.0
115,Housing Prices,Home Value 300000 to 399999,435.0,10.0,10.0,42.0,51.0,66.0,54.0,53.0,52.0,38.0,28.0,0.0,46.0,21.0,0.0,0.0
116,Housing Prices,Home Value 35000 to 39999 ,5.0,0.0,0.0,0.0,0.0,0.0,0.0,17.0,15.0,15.0,14.0,0.0,0.0,0.0,0.0,0.0
117,Housing Prices,Home Value 40000 to 49999 ,0.0,0.0,0.0,0.0,0.0,0.0,0.0,0.0,0.0,0.0,0.0,0.0,0.0,0.0,0.0,0.0
118,Housing Prices,Home Value 400000 to 499999,477.0,27.0,73.0,89.0,77.0,93.0,128.0,59.0,54.0,42.0,13.0,0.0,34.0,57.0,85.0,51.0
119,Housing Prices,Home Value 50000 to 59999 ,0.0,0.0,0.0,0.0,0.0,0.0,0.0,0.0,0.0,0.0,0.0,7.0,0.0,0.0,0.0,0.0
120,Housing Prices,Home Value 500000 to 749999,539.0,307.0,340.0,369.0,385.0,360.0,286.0,178.0,161.0,100.0,22.0,340.0,14.0,0.0,0.0,45.0
121,Housing Prices,Home Value 60000 to 69999 ,0.0,0.0,0.0,0.0,0.0,0.0,0.0,0.0,0.0,0.0,0.0,0.0,0.0,0.0,0.0,0.0
122,Housing Prices,Home Value 70000 to 79999 ,0.0,0.0,9.0,12.0,17.0,14.0,20.0,13.0,10.0,0.0,0.0,0.0,0.0,0.0,0.0,0.0
123,Housing Prices,Home Value 750000 to 999999,212.0,694.0,623.0,646.0,607.0,527.0,492.0,490.0,389.0,354.0,308.0,360.0,309.0,197.0,235.0,214.0
124,Housing Prices,Home Value 80000 to 89999 ,0.0,8.0,8.0,0.0,0.0,0.0,0.0,0.0,0.0,0.0,0.0,0.0,0.0,0.0,0.0,0.0
125,Housing Prices,Home Value 90000 to 99999 ,0.0,0.0,0.0,0.0,0.0,0.0,0.0,0.0,0.0,0.0,0.0,0.0,0.0,0.0,0.0,0.0
126,Housing Prices,Home Value Less than 10000,0.0,0.0,8.0,6.0,7.0,6.0,3.0,0.0,7.0,5.0,7.0,0.0,5.0,36.0,35.0,39.0
127,Housing Prices,Home Value Total,2100.0,1436.0,1381.0,1436.0,1464.0,1388.0,1358.0,1360.0,1415.0,1457.0,1399.0,1121.0,1471.0,1546.0,1479.0,1550.0
128,Housing Prices,Housing Units with a Mortgage,991.0,966.0,955.0,919.0,908.0,886.0,902.0,899.0,1024.0,1055.0,996.0,775.0,919.0,905.0,925.0,962.0
129,Housing Prices,Housing Units with a Mortgage 0 to 30%,595.0,562.0,553.0,489.0,587.0,541.0,578.0,599.0,617.0,652.0,659.0,568.0,603.0,654.0,633.0,683.0
130,Housing Prices,Housing Units with a Mortgage 30-50%,247.0,213.0,155.0,196.0,92.0,132.0,125.0,119.0,176.0,141.0,78.0,42.0,140.0,151.0,173.0,189.0
131,Housing Prices,Housing Units with a Mortgage 50%+,143.0,181.0,231.0,215.0,224.0,206.0,174.0,165.0,214.0,244.0,229.0,165.0,176.0,100.0,119.0,90.0
132,Housing Prices,"Housing Units with a Mortgage 50%+ by Race, American Indian and Alaska Native Alone",0.0,0.0,0.0,0.0,0.0,0.0,0.0,0.0,0.0,0.0,0.0,0.0,0.0,0.0,0.0,0.0
133,Housing Prices,"Housing Units with a Mortgage 50%+ by Race, Asian Alone",31.0,0.0,0.0,0.0,0.0,0.0,0.0,0.0,0.0,0.0,0.0,0.0,0.0,0.0,45.0,17.0
134,Housing Prices,"Housing Units with a Mortgage 50%+ by Race, Black or African American Alone",0.0,0.0,0.0,0.0,0.0,0.0,0.0,0.0,0.0,0.0,0.0,0.0,0.0,0.0,0.0,0.0
135,Housing Prices,"Housing Units with a Mortgage 50%+ by Race, Hispanic or Latino",0.0,0.0,0.0,0.0,0.0,0.0,0.0,0.0,0.0,0.0,0.0,0.0,0.0,0.0,16.0,9.0
136,Housing Prices,"Housing Units with a Mortgage 50%+ by Race, Native Hawaiian and Other Pacific Islander Alone",0.0,0.0,0.0,0.0,0.0,0.0,0.0,0.0,0.0,0.0,0.0,0.0,0.0,0.0,0.0,0.0
137,Housing Prices,"Housing Units with a Mortgage 50%+ by Race, Some Other Race Alone",0.0,0.0,0.0,0.0,0.0,0.0,0.0,0.0,0.0,0.0,0.0,0.0,0.0,0.0,0.0,0.0
138,Housing Prices,"Housing Units with a Mortgage 50%+ by Race, Two or More Races",0.0,0.0,0.0,0.0,0.0,0.0,0.0,0.0,0.0,0.0,0.0,0.0,0.0,0.0,16.0,9.0
139,Housing Prices,"Housing Units with a Mortgage 50%+ by Race, White Alone",112.0,0.0,0.0,0.0,0.0,0.0,0.0,0.0,0.0,0.0,0.0,0.0,0.0,0.0,58.0,64.0
140,Housing Prices,"Housing Units with a Mortgage 50%+ by Race, White Alone, Not Hispanic or Latino",112.0,0.0,0.0,0.0,0.0,0.0,0.0,0.0,0.0,0.0,0.0,0.0,0.0,0.0,58.0,64.0
141,Housing Prices,Housing Units with a Mortgage Not Computed,6.0,10.0,16.0,19.0,5.0,7.0,25.0,16.0,17.0,18.0,30.0,0.0,0.0,0.0,0.0,0.0
142,Housing Prices,"Housing Units with a Mortgage by Race, American Indian and Alaska Native Alone",0.0,0.0,0.0,0.0,0.0,0.0,0.0,0.0,0.0,0.0,0.0,0.0,0.0,0.0,0.0,0.0
143,Housing Prices,"Housing Units with a Mortgage by Race, Asian Alone",0.0,0.0,0.0,0.0,0.0,0.0,0.0,0.0,0.0,0.0,0.0,0.0,0.0,0.0,222.0,188.0
144,Housing Prices,"Housing Units with a Mortgage by Race, Black or African American Alone",0.0,0.0,0.0,0.0,0.0,0.0,0.0,0.0,0.0,0.0,0.0,0.0,0.0,0.0,24.0,24.0
145,Housing Prices,"Housing Units with a Mortgage by Race, Hispanic or Latino",0.0,0.0,0.0,0.0,0.0,0.0,0.0,0.0,0.0,0.0,0.0,0.0,0.0,0.0,140.0,140.0
146,Housing Prices,"Housing Units with a Mortgage by Race, Native Hawaiian and Other Pacific Islander Alone",0.0,0.0,0.0,0.0,0.0,0.0,0.0,0.0,0.0,0.0,0.0,0.0,0.0,0.0,0.0,0.0
147,Housing Prices,"Housing Units with a Mortgage by Race, Some Other Race Alone",0.0,0.0,0.0,0.0,0.0,0.0,0.0,0.0,0.0,0.0,0.0,0.0,0.0,0.0,24.0,25.0
148,Housing Prices,"Housing Units with a Mortgage by Race, Two or More Races",0.0,0.0,0.0,0.0,0.0,0.0,0.0,0.0,0.0,0.0,0.0,0.0,0.0,0.0,91.0,88.0
149,Housing Prices,"Housing Units with a Mortgage by Race, White Alone",0.0,0.0,0.0,0.0,0.0,0.0,0.0,0.0,0.0,0.0,0.0,0.0,0.0,0.0,564.0,637.0
150,Housing Prices,"Housing Units with a Mortgage by Race, White Alone, Not Hispanic or Latino",0.0,0.0,0.0,0.0,0.0,0.0,0.0,0.0,0.0,0.0,0.0,0.0,0.0,0.0,537.0,607.0
151,Housing Prices,Housing Units without a Mortgage,423.0,470.0,426.0,517.0,556.0,502.0,456.0,461.0,391.0,402.0,403.0,346.0,552.0,641.0,554.0,588.0
152,Housing Prices,Housing Units without a Mortgage 0 to 30%,396.0,422.0,384.0,482.0,511.0,455.0,413.0,418.0,363.0,379.0,370.0,291.0,504.0,592.0,518.0,556.0
153,Housing Prices,Housing Units without a Mortgage 30-50%,21.0,27.0,32.0,35.0,25.0,23.0,23.0,16.0,0.0,0.0,11.0,55.0,11.0,19.0,16.0,8.0
154,Housing Prices,Housing Units without a Mortgage 50%+,0.0,21.0,10.0,0.0,20.0,24.0,20.0,27.0,28.0,12.0,12.0,0.0,26.0,22.0,20.0,24.0
155,Housing Prices,"Housing Units without a Mortgage 50%+ by Race, American Indian and Alaska Native Alone",0.0,0.0,0.0,0.0,0.0,0.0,0.0,0.0,0.0,0.0,0.0,0.0,0.0,0.0,0.0,0.0
156,Housing Prices,"Housing Units without a Mortgage 50%+ by Race, Asian Alone",0.0,0.0,0.0,0.0,0.0,0.0,0.0,0.0,0.0,0.0,0.0,0.0,0.0,0.0,0.0,0.0
157,Housing Prices,"Housing Units without a Mortgage 50%+ by Race, Black or African American Alone",0.0,0.0,0.0,0.0,0.0,0.0,0.0,0.0,0.0,0.0,0.0,0.0,0.0,0.0,0.0,0.0
158,Housing Prices,"Housing Units without a Mortgage 50%+ by Race, Hispanic or Latino",0.0,0.0,0.0,0.0,0.0,0.0,0.0,0.0,0.0,0.0,0.0,0.0,0.0,0.0,0.0,0.0
159,Housing Prices,"Housing Units without a Mortgage 50%+ by Race, Native Hawaiian and Other Pacific Islander Alone",0.0,0.0,0.0,0.0,0.0,0.0,0.0,0.0,0.0,0.0,0.0,0.0,0.0,0.0,0.0,0.0
160,Housing Prices,"Housing Units without a Mortgage 50%+ by Race, Some Other Race Alone",0.0,0.0,0.0,0.0,0.0,0.0,0.0,0.0,0.0,0.0,0.0,0.0,0.0,0.0,0.0,0.0
161,Housing Prices,"Housing Units without a Mortgage 50%+ by Race, Two or More Races",0.0,0.0,0.0,0.0,0.0,0.0,0.0,0.0,0.0,0.0,0.0,0.0,0.0,0.0,0.0,0.0
162,Housing Prices,"Housing Units without a Mortgage 50%+ by Race, White Alone",0.0,0.0,0.0,0.0,0.0,0.0,0.0,0.0,0.0,0.0,0.0,0.0,0.0,0.0,20.0,24.0
163,Housing Prices,"Housing Units without a Mortgage 50%+ by Race, White Alone, Not Hispanic or Latino",0.0,0.0,0.0,0.0,0.0,0.0,0.0,0.0,0.0,0.0,0.0,0.0,0.0,0.0,20.0,24.0
164,Housing Prices,Housing Units without a Mortgage Not Computed,6.0,0.0,0.0,0.0,0.0,0.0,0.0,0.0,0.0,11.0,10.0,0.0,11.0,8.0,0.0,0.0
165,Housing Prices,"Housing Units without a Mortgage by Race, American Indian and Alaska Native Alone",0.0,0.0,0.0,0.0,0.0,0.0,0.0,0.0,0.0,0.0,0.0,0.0,0.0,0.0,0.0,0.0
166,Housing Prices,"Housing Units without a Mortgage by Race, Asian Alone",0.0,0.0,0.0,0.0,0.0,0.0,0.0,0.0,0.0,0.0,0.0,0.0,0.0,0.0,83.0,91.0
167,Housing Prices,"Housing Units without a Mortgage by Race, Black or African American Alone",0.0,0.0,0.0,0.0,0.0,0.0,0.0,0.0,0.0,0.0,0.0,0.0,0.0,0.0,0.0,0.0
168,Housing Prices,"Housing Units without a Mortgage by Race, Hispanic or Latino",0.0,0.0,0.0,0.0,0.0,0.0,0.0,0.0,0.0,0.0,0.0,0.0,0.0,0.0,127.0,140.0
169,Housing Prices,"Housing Units without a Mortgage by Race, Native Hawaiian and Other Pacific Islander Alone",0.0,0.0,0.0,0.0,0.0,0.0,0.0,0.0,0.0,0.0,0.0,0.0,0.0,0.0,0.0,0.0
170,Housing Prices,"Housing Units without a Mortgage by Race, Some Other Race Alone",0.0,0.0,0.0,0.0,0.0,0.0,0.0,0.0,0.0,0.0,0.0,0.0,0.0,0.0,0.0,0.0
171,Housing Prices,"Housing Units without a Mortgage by Race, Two or More Races",0.0,0.0,0.0,0.0,0.0,0.0,0.0,0.0,0.0,0.0,0.0,0.0,0.0,0.0,127.0,140.0
172,Housing Prices,"Housing Units without a Mortgage by Race, White Alone",0.0,0.0,0.0,0.0,0.0,0.0,0.0,0.0,0.0,0.0,0.0,0.0,0.0,0.0,344.0,357.0
173,Housing Prices,"Housing Units without a Mortgage by Race, White Alone, Not Hispanic or Latino",0.0,0.0,0.0,0.0,0.0,0.0,0.0,0.0,0.0,0.0,0.0,0.0,0.0,0.0,344.0,357.0
174,Housing Prices,Median Contract Rent,1101.3513513513512,1467.391304347826,1487.637362637363,1660.8216432865731,1679.2385057471265,1752.739608801956,1723.3870967741937,1781.908302354399,1826.976421636616,1932.692307692308,2001.8867924528304,447.4489795918368,2395.833333333333,2591.114457831325,2650.1677852348994,2774.869109947644
175,Housing Prices,Median Gross Rent by Bedrooms - 1 Bedroom- COUNTY ONLY,,,,,,,1695.0,1811.0,1550.8020788220008,1887.0,1871.0,266.0,2030.0,2287.0,2317.0,2408.0
176,Housing Prices,Median Gross Rent by Bedrooms - 2 Bedrooms- COUNTY ONLY,,,,,,,1900.0,1915.0,2135.58380251191,2355.0,2306.0,1670.0,3087.0,3366.0,3459.0,3501.0
177,Housing Prices,Median Gross Rent by Bedrooms - 3-4 Bedrooms- COUNTY ONLY,,,,,,,,,,,,,7002.0,6132.0,,
178,Housing Prices,Median Gross Rent by Bedrooms - 5 Bedrooms or more- COUNTY ONLY,,,,,,,,,,,,,,,,
179,Housing Prices,Median Gross Rent by Bedrooms - No Bedroom- COUNTY ONLY,,,,,,,988.0,1283.0,1460.172802078822,1683.0,2368.0,441.0,1059.8670103092784,1787.0,1017.0656836461126,1136.6514146000698
180,Housing Prices,Median Home Value,484905.6603773585,873919.3083573487,837279.2937399679,821207.4303405572,822487.644151565,929316.4535104363,845528.4552845529,933673.4693877551,1020061.7283950616,1156620.5533596838,1267788.4615384615,881597.2222222222,1243367.3469387754,1475988.7005649717,1401761.5176151765,1380044.8430493274
181,Housing Prices,Median Rent,1174.5362563237777,1506.1728395061727,1578.125,1691.712204007286,1689.218523878437,1658.120930232558,1798.5312899106002,1873.5795454545453,1892.8030303030305,2027.5800711743773,2170.0680272108843,470.3125,2423.245614035088,2733.9357429718875,2862.3046875,2853.6585365853657
182,Housing Prices,Median Rent as % of Household Income,22.149285714285718,26.412382075471697,26.43701716738197,27.03356009070295,26.32903645833333,26.94497549019608,27.927072538860106,25.102135231316723,24.444666666666667,26.04650837988827,22.34361111111111,30.874347826086957,23.912347560975608,22.76404011461318,22.40816326530612,23.91270396270396
183,Housing Prices,Rent 100 to 149,0.0,0.0,0.0,0.0,0.0,0.0,0.0,0.0,0.0,0.0,0.0,0.0,0.0,0.0,0.0,0.0
184,Housing Prices,Rent 1000 to 1249,593.0,321.0,236.0,231.0,177.0,89.0,130.0,114.0,82.0,86.0,100.0,27.0,49.0,61.0,31.0,24.0
185,Housing Prices,Rent 1250 to 1499,390.0,324.0,318.0,207.0,228.0,174.0,164.0,105.0,128.0,81.0,172.0,33.0,193.0,73.0,87.0,65.0
186,Housing Prices,Rent 150 to 199,103.0,0.0,0.0,16.0,15.0,19.0,21.0,23.0,0.0,0.0,0.0,0.0,0.0,0.0,0.0,0.0
187,Housing Prices,Rent 1500 to 1999,636.0,486.0,336.0,549.0,691.0,645.0,783.0,704.0,660.0,504.0,358.0,28.0,277.0,264.0,205.0,162.0
188,Housing Prices,Rent 200 to 249,0.0,0.0,0.0,7.0,6.0,8.0,8.0,46.0,11.0,0.0,0.0,62.0,0.0,0.0,0.0,0.0
189,Housing Prices,"Rent 2000 to 2499  (Rent 2000 or more, DEC2000 and ACS2009-2014)",311.0,530.0,726.0,639.0,541.0,819.0,537.0,405.0,262.0,281.0,294.0,72.0,342.0,242.0,249.0,371.0
190,Housing Prices,Rent 250 to 299,9.0,88.0,84.0,44.0,48.0,32.0,48.0,48.0,123.0,133.0,150.0,144.0,75.0,0.0,7.0,8.0
191,Housing Prices,Rent 2500 to 2999 (ACS2015-),,22.0,11.0,33.0,43.0,40.0,145.0,219.0,380.0,351.0,346.0,5.0,347.0,249.0,256.0,246.0
192,Housing Prices,Rent 300 to 349,9.0,14.0,8.0,13.0,13.0,15.0,7.0,0.0,0.0,0.0,0.0,0.0,54.0,90.0,76.0,59.0
193,Housing Prices,Rent 3000 to 3499 (ACS2015-),,0.0,0.0,0.0,0.0,0.0,117.0,151.0,87.0,148.0,172.0,14.0,235.0,273.0,333.0,263.0
194,Housing Prices,Rent 350 to 399,32.0,23.0,28.0,29.0,0.0,8.0,8.0,9.0,10.0,10.0,0.0,0.0,0.0,0.0,0.0,0.0
195,Housing Prices,Rent 3500 or more (ACS2015-),,0.0,0.0,0.0,0.0,0.0,7.0,118.0,195.0,276.0,325.0,12.0,387.0,502.0,539.0,608.0
196,Housing Prices,Rent 400 to 449,9.0,0.0,0.0,0.0,0.0,0.0,0.0,0.0,0.0,0.0,0.0,27.0,0.0,0.0,0.0,0.0
197,Housing Prices,Rent 450 to 499,24.0,0.0,0.0,0.0,0.0,0.0,0.0,0.0,0.0,0.0,0.0,48.0,0.0,0.0,0.0,0.0
198,Housing Prices,Rent 500 to 549,5.0,13.0,12.0,10.0,9.0,31.0,25.0,28.0,35.0,0.0,0.0,14.0,0.0,0.0,0.0,0.0
199,Housing Prices,Rent 550 to 599,16.0,0.0,0.0,0.0,0.0,0.0,0.0,0.0,0.0,38.0,0.0,0.0,0.0,0.0,0.0,0.0
200,Housing Prices,Rent 600 to 649,42.0,31.0,27.0,0.0,0.0,0.0,0.0,0.0,0.0,0.0,0.0,0.0,0.0,0.0,0.0,0.0
201,Housing Prices,Rent 650 to 699,74.0,19.0,13.0,16.0,18.0,19.0,0.0,0.0,0.0,0.0,0.0,0.0,0.0,0.0,0.0,0.0
202,Housing Prices,Rent 700 to 749,75.0,24.0,32.0,14.0,16.0,0.0,0.0,0.0,0.0,0.0,0.0,0.0,42.0,0.0,0.0,0.0
203,Housing Prices,Rent 750 to 799,77.0,14.0,54.0,52.0,51.0,60.0,51.0,72.0,31.0,16.0,0.0,61.0,0.0,38.0,0.0,0.0
204,Housing Prices,Rent 800 to 899,284.0,49.0,42.0,70.0,39.0,39.0,46.0,14.0,65.0,79.0,81.0,9.0,23.0,0.0,52.0,48.0
205,Housing Prices,Rent 900 to 999,326.0,84.0,103.0,58.0,89.0,87.0,146.0,86.0,62.0,78.0,76.0,27.0,19.0,23.0,23.0,0.0
206,Housing Prices,Rent Burdened,0.2659225213394616,0.3334965719882468,0.3206896551724137,0.3375251509054326,0.3361895161290322,0.3563549160671463,0.4039560439560439,0.3365428702430078,0.3257009345794392,0.3571086644327429,0.2979846449136276,0.4940119760479042,0.2789907811741873,0.2366412213740458,0.225705329153605,0.2872841444270015
207,Housing Prices,"Rent Burdened by Race, American Indian and Alaska Native Alone",0.5,,,,,,,,,,,,,,1.0,1.0
208,Housing Prices,"Rent Burdened by Race, Asian Alone",0.3008849557522124,,,,,,,,,,,,,,0.0714285714285714,0.1627906976744186
209,Housing Prices,"Rent Burdened by Race, Black or African American Alone",0.2222222222222222,,,,,,,,,,,,,,0.0943396226415094,0.0634920634920634
210,Housing Prices,"Rent Burdened by Race, Hispanic or Latino",0.2938775510204082,,,,,,,,,,,,,,0.25,0.3653846153846153
211,Housing Prices,"Rent Burdened by Race, Native Hawaiian and Other Pacific Islander Alone",,,,,,,,,,,,,,,,
212,Housing Prices,"Rent Burdened by Race, Some Other Race Alone",0.3894736842105263,,,,,,,,,,,,,,0.3125,0.2205882352941176
213,Housing Prices,"Rent Burdened by Race, Two or More Races",0.4157303370786517,,,,,,,,,,,,,,0.2314814814814814,0.4419642857142857
214,Housing Prices,"Rent Burdened by Race, White Alone",0.2536057692307692,,,,,,,,,,,,,,0.2526766595289079,0.3042394014962593
215,Housing Prices,"Rent Burdened by Race, White Alone, Not Hispanic or Latino",0.2544910179640718,,,,,,,,,,,,,,0.25546875,0.3059440559440559
216,Housing Prices,Rent Less than 100,17.0,0.0,0.0,0.0,0.0,0.0,0.0,0.0,0.0,0.0,0.0,78.0,0.0,0.0,27.0,32.0
217,Housing Prices,Rent Total,3046.0,2042.0,2030.0,1988.0,1984.0,2085.0,2275.0,2181.0,2140.0,2089.0,2084.0,668.0,2061.0,1834.0,1914.0,1911.0
218,Housing Prices,"Rent Total No cash rent  (No cash rent, DEC2000 and ACS2009-2014)",14.0,22.0,11.0,33.0,43.0,40.0,145.0,219.0,380.0,351.0,346.0,5.0,347.0,249.0,256.0,246.0
219,Housing Prices,Rent Total No cash rent (ACS2015-),14.0,0.0,0.0,0.0,0.0,0.0,32.0,39.0,9.0,8.0,10.0,7.0,18.0,19.0,29.0,25.0
220,Housing Prices,Rent Total With cash rent,3032.0,2020.0,2019.0,1955.0,1941.0,2045.0,2243.0,2142.0,2131.0,2081.0,2074.0,661.0,2043.0,1815.0,1885.0,1886.0
221,Housing Type,10-19 Units,0.1994784876140808,0.2760416666666667,0.2863722568409645,0.2472063232488416,0.2350230414746544,0.2213843253433881,0.2210749271908922,0.2192105263157894,0.2328515111695138,0.2397368421052631,0.2562334217506631,0.0572618427902134,0.2324110671936758,0.2036354056902002,0.2291502236253617,0.2271409749670619
222,Housing Type,2-4 Units,0.2272303967219221,0.1444627192982456,0.1370902194527228,0.1169255928045789,0.1051775548929249,0.0921088068946943,0.0828700026476039,0.0894736842105263,0.088304862023653,0.0992105263157894,0.1249336870026525,0.0359187922956793,0.0927536231884058,0.1164383561643835,0.1133912128387266,0.1051383399209486
223,Housing Type,20 Units or More,0.0841869994412367,0.0849780701754386,0.0688160390138173,0.0899427636958299,0.0880997560314448,0.096148666846216,0.104580354778925,0.136578947368421,0.1111695137976346,0.1189473684210526,0.1214854111405835,0.2368558042686101,0.1201581027667984,0.1467334035827186,0.1452249408050513,0.1206851119894598
224,Housing Type,5-9 Units,0.114918979325759,0.1077302631578947,0.1211053914928203,0.1310983919324066,0.139333152615885,0.1645569620253164,0.1660047656870532,0.1518421052631579,0.1674113009198423,0.1513157894736842,0.1294429708222811,0.0,0.1480895915678524,0.1203898840885142,0.1160220994475138,0.13965744400527
225,Housing Type,Other Type,0.0,0.0,0.0,0.0,0.0,0.0,0.0,0.0044736842105263,0.0039421813403416,0.0039473684210526,0.0037135278514588,0.0124934929724102,0.0068511198945981,0.0071127502634351,0.007366482504604,0.0055335968379446
226,Housing Type,Single Family Housing,0.3741851368970013,0.3867872807017544,0.3866160931996749,0.4148269283183429,0.4323664949850908,0.4258012388903851,0.4254699496955255,0.3984210526315789,0.3963206307490144,0.3868421052631579,0.3641909814323607,0.6574700676730869,0.3997364953886693,0.4056902002107481,0.3888450407787424,0.4018445322793149
227,Income,Household Income 10000 to 14999,131.0,155.0,128.0,117.0,131.0,126.0,154.0,138.0,152.0,115.0,106.0,142.0,244.0,196.0,229.0,215.0
228,Income,"Household Income 10000 to 14999 by Race, American Indian and Alaska Native Alone",0.0,0.0,0.0,0.0,0.0,0.0,0.0,0.0,0.0,0.0,0.0,0.0,0.0,0.0,0.0,0.0
229,Income,"Household Income 10000 to 14999 by Race, Asian Alone",26.0,38.0,21.0,24.0,39.0,40.0,33.0,36.0,24.0,0.0,9.0,46.0,11.0,9.0,15.0,8.0
230,Income,"Household Income 10000 to 14999 by Race, Black or African American Alone",20.0,0.0,0.0,0.0,0.0,0.0,0.0,9.0,11.0,11.0,10.0,14.0,8.0,6.0,12.0,10.0
231,Income,"Household Income 10000 to 14999 by Race, Hispanic or Latino",6.0,0.0,0.0,0.0,0.0,0.0,0.0,9.0,51.0,53.0,56.0,21.0,140.0,91.0,88.0,85.0
232,Income,"Household Income 10000 to 14999 by Race, Native Hawaiian and Other Pacific Islander Alone",0.0,0.0,0.0,0.0,0.0,0.0,0.0,0.0,0.0,0.0,0.0,0.0,0.0,0.0,0.0,0.0
233,Income,"Household Income 10000 to 14999 by Race, Some Other Race Alone",0.0,0.0,0.0,0.0,0.0,0.0,0.0,9.0,40.0,43.0,45.0,21.0,37.0,0.0,0.0,0.0
234,Income,"Household Income 10000 to 14999 by Race, Two or More Races",0.0,14.0,15.0,14.0,0.0,0.0,0.0,0.0,0.0,0.0,0.0,0.0,91.0,91.0,96.0,85.0
235,Income,"Household Income 10000 to 14999 by Race, White Alone",85.0,103.0,92.0,79.0,92.0,86.0,121.0,84.0,77.0,61.0,42.0,61.0,97.0,90.0,106.0,112.0
236,Income,"Household Income 10000 to 14999 by Race, White Alone, Not Hispanic or Latino",85.0,103.0,92.0,79.0,92.0,86.0,121.0,84.0,66.0,51.0,31.0,61.0,85.0,90.0,106.0,112.0
237,Income,Household Income 100000 to 124999,521.0,293.0,376.0,475.0,408.0,385.0,419.0,329.0,372.0,353.0,381.0,152.0,329.0,283.0,409.0,346.0
238,Income,"Household Income 100000 to 124999 by Race, American Indian and Alaska Native Alone",7.0,0.0,0.0,0.0,0.0,0.0,0.0,0.0,0.0,0.0,0.0,0.0,0.0,0.0,0.0,0.0
239,Income,"Household Income 100000 to 124999 by Race, Asian Alone",25.0,55.0,52.0,56.0,33.0,70.0,55.0,56.0,81.0,32.0,30.0,78.0,12.0,11.0,14.0,13.0
240,Income,"Household Income 100000 to 124999 by Race, Black or African American Alone",9.0,0.0,0.0,0.0,0.0,0.0,0.0,0.0,0.0,0.0,0.0,0.0,0.0,13.0,14.0,13.0
241,Income,"Household Income 100000 to 124999 by Race, Hispanic or Latino",25.0,13.0,12.0,41.0,53.0,28.0,35.0,56.0,59.0,38.0,32.0,0.0,0.0,0.0,67.0,53.0
242,Income,"Household Income 100000 to 124999 by Race, Native Hawaiian and Other Pacific Islander Alone",0.0,0.0,0.0,0.0,0.0,0.0,0.0,0.0,0.0,0.0,0.0,0.0,0.0,0.0,0.0,0.0
243,Income,"Household Income 100000 to 124999 by Race, Some Other Race Alone",19.0,0.0,0.0,0.0,19.0,20.0,26.0,22.0,22.0,0.0,0.0,0.0,0.0,0.0,0.0,0.0
244,Income,"Household Income 100000 to 124999 by Race, Two or More Races",7.0,13.0,12.0,41.0,34.0,0.0,0.0,0.0,0.0,16.0,15.0,10.0,0.0,0.0,0.0,0.0
245,Income,"Household Income 100000 to 124999 by Race, White Alone",454.0,225.0,312.0,378.0,322.0,295.0,338.0,251.0,269.0,305.0,336.0,64.0,317.0,259.0,381.0,320.0
246,Income,"Household Income 100000 to 124999 by Race, White Alone, Not Hispanic or Latino",445.0,225.0,312.0,378.0,322.0,287.0,329.0,217.0,232.0,267.0,304.0,64.0,317.0,259.0,314.0,267.0
247,Income,Household Income 125000 to 149999,310.0,291.0,321.0,256.0,223.0,177.0,200.0,302.0,294.0,211.0,163.0,159.0,268.0,205.0,167.0,158.0
248,Income,"Household Income 125000 to 149999 by Race, American Indian and Alaska Native Alone",0.0,0.0,0.0,0.0,0.0,0.0,0.0,0.0,0.0,0.0,0.0,5.0,0.0,0.0,0.0,0.0
249,Income,"Household Income 125000 to 149999 by Race, Asian Alone",4.0,97.0,76.0,66.0,55.0,29.0,34.0,42.0,67.0,86.0,53.0,50.0,87.0,11.0,12.0,0.0
250,Income,"Household Income 125000 to 149999 by Race, Black or African American Alone",12.0,0.0,0.0,0.0,0.0,0.0,0.0,0.0,0.0,0.0,0.0,42.0,0.0,0.0,0.0,0.0
251,Income,"Household Income 125000 to 149999 by Race, Hispanic or Latino",33.0,0.0,0.0,0.0,0.0,18.0,23.0,60.0,58.0,31.0,19.0,56.0,70.0,37.0,42.0,35.0
252,Income,"Household Income 125000 to 149999 by Race, Native Hawaiian and Other Pacific Islander Alone",0.0,0.0,0.0,0.0,0.0,0.0,0.0,0.0,0.0,0.0,0.0,0.0,0.0,0.0,0.0,0.0
253,Income,"Household Income 125000 to 149999 by Race, Some Other Race Alone",24.0,0.0,0.0,0.0,0.0,0.0,0.0,19.0,16.0,12.0,0.0,0.0,0.0,0.0,11.0,13.0
254,Income,"Household Income 125000 to 149999 by Race, Two or More Races",7.0,0.0,0.0,0.0,20.0,34.0,38.0,57.0,57.0,36.0,36.0,51.0,84.0,50.0,31.0,22.0
255,Income,"Household Income 125000 to 149999 by Race, White Alone",263.0,194.0,245.0,190.0,148.0,114.0,128.0,184.0,154.0,77.0,74.0,11.0,97.0,144.0,113.0,123.0
256,Income,"Household Income 125000 to 149999 by Race, White Alone, Not Hispanic or Latino",239.0,194.0,245.0,190.0,148.0,114.0,128.0,184.0,132.0,77.0,74.0,11.0,97.0,144.0,113.0,123.0
257,Income,Household Income 15000 to 19999,136.0,38.0,64.0,71.0,81.0,71.0,48.0,34.0,38.0,54.0,29.0,35.0,57.0,46.0,50.0,41.0
258,Income,"Household Income 15000 to 19999 by Race, American Indian and Alaska Native Alone",6.0,0.0,0.0,0.0,0.0,0.0,0.0,0.0,0.0,0.0,0.0,0.0,0.0,0.0,0.0,0.0
259,Income,"Household Income 15000 to 19999 by Race, Asian Alone",16.0,11.0,22.0,23.0,24.0,46.0,31.0,23.0,27.0,28.0,11.0,0.0,11.0,9.0,9.0,0.0
260,Income,"Household Income 15000 to 19999 by Race, Black or African American Alone",10.0,0.0,0.0,0.0,0.0,0.0,0.0,0.0,0.0,0.0,0.0,35.0,33.0,37.0,41.0,41.0
261,Income,"Household Income 15000 to 19999 by Race, Hispanic or Latino",14.0,0.0,0.0,0.0,0.0,0.0,0.0,0.0,0.0,0.0,0.0,0.0,0.0,0.0,0.0,0.0
262,Income,"Household Income 15000 to 19999 by Race, Native Hawaiian and Other Pacific Islander Alone",0.0,0.0,0.0,0.0,0.0,0.0,0.0,0.0,0.0,0.0,0.0,0.0,0.0,0.0,0.0,0.0
263,Income,"Household Income 15000 to 19999 by Race, Some Other Race Alone",8.0,0.0,0.0,0.0,0.0,0.0,0.0,0.0,0.0,0.0,0.0,0.0,0.0,0.0,0.0,0.0
264,Income,"Household Income 15000 to 19999 by Race, Two or More Races",13.0,0.0,0.0,0.0,14.0,0.0,0.0,0.0,0.0,0.0,0.0,0.0,0.0,0.0,0.0,0.0
265,Income,"Household Income 15000 to 19999 by Race, White Alone",83.0,27.0,42.0,48.0,43.0,25.0,17.0,11.0,11.0,26.0,18.0,0.0,13.0,0.0,0.0,0.0
266,Income,"Household Income 15000 to 19999 by Race, White Alone, Not Hispanic or Latino",77.0,27.0,42.0,48.0,43.0,25.0,17.0,11.0,11.0,26.0,18.0,0.0,13.0,0.0,0.0,0.0
267,Income,Household Income 150000 to 199999,402.0,398.0,316.0,281.0,278.0,306.0,261.0,350.0,421.0,437.0,483.0,199.0,469.0,510.0,441.0,433.0
268,Income,"Household Income 150000 to 199999 by Race, American Indian and Alaska Native Alone",0.0,0.0,0.0,0.0,0.0,0.0,0.0,0.0,0.0,0.0,0.0,0.0,0.0,0.0,0.0,0.0
269,Income,"Household Income 150000 to 199999 by Race, Asian Alone",22.0,34.0,30.0,39.0,36.0,30.0,31.0,32.0,40.0,64.0,41.0,64.0,101.0,144.0,109.0,161.0
270,Income,"Household Income 150000 to 199999 by Race, Black or African American Alone",7.0,0.0,0.0,0.0,0.0,0.0,0.0,0.0,0.0,0.0,0.0,8.0,0.0,0.0,0.0,0.0
271,Income,"Household Income 150000 to 199999 by Race, Hispanic or Latino",12.0,9.0,15.0,12.0,34.0,14.0,14.0,32.0,45.0,42.0,73.0,75.0,86.0,102.0,73.0,111.0
272,Income,"Household Income 150000 to 199999 by Race, Native Hawaiian and Other Pacific Islander Alone",0.0,0.0,0.0,0.0,0.0,0.0,0.0,0.0,0.0,0.0,0.0,0.0,0.0,0.0,0.0,0.0
273,Income,"Household Income 150000 to 199999 by Race, Some Other Race Alone",12.0,0.0,0.0,0.0,18.0,14.0,14.0,32.0,32.0,4.0,21.0,75.0,0.0,0.0,0.0,0.0
274,Income,"Household Income 150000 to 199999 by Race, Two or More Races",5.0,22.0,0.0,0.0,0.0,0.0,0.0,0.0,0.0,13.0,12.0,0.0,35.0,102.0,73.0,111.0
275,Income,"Household Income 150000 to 199999 by Race, White Alone",356.0,342.0,286.0,242.0,224.0,262.0,216.0,286.0,349.0,356.0,409.0,52.0,333.0,264.0,259.0,161.0
276,Income,"Household Income 150000 to 199999 by Race, White Alone, Not Hispanic or Latino",356.0,333.0,271.0,230.0,208.0,262.0,216.0,286.0,336.0,318.0,357.0,52.0,267.0,264.0,259.0,161.0
277,Income,Household Income 20000 to 24999,125.0,90.0,38.0,37.0,26.0,43.0,32.0,7.0,30.0,64.0,47.0,172.0,34.0,0.0,16.0,12.0
278,Income,"Household Income 20000 to 24999 by Race, American Indian and Alaska Native Alone",0.0,0.0,0.0,0.0,0.0,0.0,0.0,0.0,0.0,0.0,0.0,0.0,0.0,0.0,0.0,0.0
279,Income,"Household Income 20000 to 24999 by Race, Asian Alone",16.0,9.0,0.0,0.0,0.0,0.0,9.0,7.0,30.0,32.0,5.0,88.0,0.0,0.0,0.0,0.0
280,Income,"Household Income 20000 to 24999 by Race, Black or African American Alone",0.0,0.0,0.0,0.0,0.0,0.0,0.0,0.0,0.0,0.0,0.0,84.0,0.0,0.0,0.0,0.0
281,Income,"Household Income 20000 to 24999 by Race, Hispanic or Latino",0.0,0.0,0.0,0.0,0.0,0.0,0.0,0.0,0.0,0.0,0.0,0.0,0.0,0.0,0.0,0.0
282,Income,"Household Income 20000 to 24999 by Race, Native Hawaiian and Other Pacific Islander Alone",0.0,0.0,0.0,0.0,0.0,0.0,0.0,0.0,0.0,0.0,0.0,0.0,0.0,0.0,0.0,0.0
283,Income,"Household Income 20000 to 24999 by Race, Some Other Race Alone",0.0,0.0,0.0,0.0,0.0,0.0,0.0,0.0,0.0,0.0,0.0,0.0,0.0,0.0,0.0,0.0
284,Income,"Household Income 20000 to 24999 by Race, Two or More Races",0.0,13.0,13.0,15.0,17.0,19.0,0.0,0.0,0.0,0.0,0.0,0.0,0.0,0.0,0.0,0.0
285,Income,"Household Income 20000 to 24999 by Race, White Alone",109.0,68.0,25.0,22.0,9.0,24.0,23.0,0.0,0.0,32.0,42.0,0.0,34.0,0.0,16.0,12.0
286,Income,"Household Income 20000 to 24999 by Race, White Alone, Not Hispanic or Latino",109.0,68.0,25.0,22.0,9.0,24.0,23.0,0.0,0.0,32.0,42.0,0.0,34.0,0.0,16.0,12.0
287,Income,Household Income 25000 to 29999,124.0,99.0,111.0,72.0,90.0,106.0,86.0,140.0,136.0,111.0,88.0,100.0,88.0,95.0,59.0,20.0
288,Income,"Household Income 25000 to 29999 by Race, American Indian and Alaska Native Alone",0.0,0.0,0.0,0.0,0.0,0.0,0.0,0.0,0.0,0.0,0.0,0.0,0.0,0.0,0.0,0.0
289,Income,"Household Income 25000 to 29999 by Race, Asian Alone",16.0,41.0,52.0,33.0,62.0,61.0,20.0,19.0,13.0,0.0,28.0,22.0,30.0,0.0,0.0,0.0
290,Income,"Household Income 25000 to 29999 by Race, Black or African American Alone",9.0,0.0,0.0,0.0,0.0,23.0,25.0,28.0,35.0,38.0,0.0,78.0,0.0,0.0,0.0,0.0
291,Income,"Household Income 25000 to 29999 by Race, Hispanic or Latino",17.0,16.0,14.0,0.0,11.0,8.0,29.0,32.0,31.0,16.0,0.0,0.0,0.0,0.0,0.0,0.0
292,Income,"Household Income 25000 to 29999 by Race, Native Hawaiian and Other Pacific Islander Alone",0.0,0.0,0.0,0.0,0.0,0.0,0.0,0.0,0.0,0.0,0.0,0.0,0.0,0.0,0.0,0.0
293,Income,"Household Income 25000 to 29999 by Race, Some Other Race Alone",0.0,0.0,0.0,0.0,0.0,0.0,19.0,20.0,20.0,16.0,0.0,0.0,0.0,0.0,0.0,0.0
294,Income,"Household Income 25000 to 29999 by Race, Two or More Races",0.0,16.0,14.0,0.0,0.0,0.0,0.0,0.0,0.0,0.0,0.0,0.0,0.0,0.0,0.0,0.0
295,Income,"Household Income 25000 to 29999 by Race, White Alone",99.0,42.0,45.0,39.0,28.0,22.0,22.0,73.0,68.0,57.0,60.0,0.0,58.0,95.0,59.0,20.0
296,Income,"Household Income 25000 to 29999 by Race, White Alone, Not Hispanic or Latino",82.0,42.0,45.0,39.0,17.0,14.0,12.0,61.0,57.0,57.0,60.0,0.0,58.0,95.0,59.0,20.0
297,Income,Household Income 30000 to 34999,130.0,46.0,57.0,64.0,57.0,46.0,44.0,31.0,70.0,46.0,92.0,43.0,61.0,27.0,7.0,38.0
298,Income,"Household Income 30000 to 34999 by Race, American Indian and Alaska Native Alone",0.0,0.0,0.0,0.0,0.0,0.0,0.0,0.0,0.0,0.0,0.0,0.0,0.0,0.0,0.0,0.0
299,Income,"Household Income 30000 to 34999 by Race, Asian Alone",17.0,0.0,0.0,0.0,0.0,0.0,0.0,0.0,7.0,9.0,10.0,9.0,11.0,0.0,0.0,0.0
300,Income,"Household Income 30000 to 34999 by Race, Black or African American Alone",0.0,0.0,0.0,0.0,0.0,0.0,0.0,0.0,15.0,13.0,14.0,0.0,0.0,0.0,0.0,0.0
301,Income,"Household Income 30000 to 34999 by Race, Hispanic or Latino",6.0,0.0,0.0,0.0,0.0,0.0,0.0,0.0,0.0,11.0,37.0,0.0,19.0,0.0,0.0,0.0
302,Income,"Household Income 30000 to 34999 by Race, Native Hawaiian and Other Pacific Islander Alone",0.0,0.0,0.0,0.0,0.0,0.0,0.0,0.0,0.0,0.0,0.0,0.0,0.0,0.0,0.0,0.0
303,Income,"Household Income 30000 to 34999 by Race, Some Other Race Alone",0.0,0.0,0.0,0.0,0.0,0.0,0.0,0.0,0.0,0.0,16.0,0.0,0.0,0.0,0.0,0.0
304,Income,"Household Income 30000 to 34999 by Race, Two or More Races",0.0,0.0,0.0,0.0,0.0,0.0,0.0,0.0,0.0,0.0,0.0,0.0,0.0,0.0,0.0,0.0
305,Income,"Household Income 30000 to 34999 by Race, White Alone",113.0,46.0,57.0,64.0,57.0,46.0,44.0,31.0,48.0,24.0,52.0,34.0,50.0,27.0,7.0,38.0
306,Income,"Household Income 30000 to 34999 by Race, White Alone, Not Hispanic or Latino",107.0,46.0,57.0,64.0,57.0,46.0,44.0,31.0,48.0,13.0,31.0,34.0,31.0,27.0,7.0,38.0
307,Income,Household Income 35000 to 39999,185.0,121.0,95.0,116.0,65.0,49.0,111.0,82.0,33.0,36.0,43.0,8.0,39.0,28.0,31.0,29.0
308,Income,"Household Income 35000 to 39999 by Race, American Indian and Alaska Native Alone",0.0,0.0,0.0,0.0,0.0,0.0,0.0,0.0,0.0,0.0,0.0,0.0,0.0,0.0,0.0,0.0
309,Income,"Household Income 35000 to 39999 by Race, Asian Alone",6.0,31.0,33.0,32.0,10.0,25.0,32.0,30.0,12.0,7.0,10.0,0.0,0.0,0.0,0.0,0.0
310,Income,"Household Income 35000 to 39999 by Race, Black or African American Alone",0.0,0.0,0.0,0.0,0.0,0.0,0.0,0.0,0.0,0.0,0.0,0.0,7.0,0.0,0.0,0.0
311,Income,"Household Income 35000 to 39999 by Race, Hispanic or Latino",0.0,39.0,39.0,0.0,0.0,0.0,51.0,52.0,0.0,0.0,21.0,0.0,14.0,15.0,16.0,9.0
312,Income,"Household Income 35000 to 39999 by Race, Native Hawaiian and Other Pacific Islander Alone",0.0,0.0,0.0,0.0,0.0,0.0,0.0,0.0,0.0,0.0,0.0,0.0,0.0,0.0,0.0,0.0
313,Income,"Household Income 35000 to 39999 by Race, Some Other Race Alone",0.0,39.0,39.0,0.0,0.0,0.0,51.0,52.0,0.0,0.0,0.0,0.0,0.0,0.0,0.0,0.0
314,Income,"Household Income 35000 to 39999 by Race, Two or More Races",0.0,0.0,0.0,62.0,0.0,0.0,0.0,0.0,21.0,12.0,12.0,0.0,0.0,0.0,16.0,9.0
315,Income,"Household Income 35000 to 39999 by Race, White Alone",179.0,51.0,23.0,22.0,55.0,24.0,28.0,0.0,0.0,17.0,21.0,8.0,32.0,28.0,15.0,20.0
316,Income,"Household Income 35000 to 39999 by Race, White Alone, Not Hispanic or Latino",179.0,51.0,23.0,22.0,55.0,24.0,28.0,0.0,0.0,17.0,0.0,8.0,18.0,13.0,15.0,20.0
317,Income,Household Income 40000 to 44999,206.0,151.0,173.0,151.0,189.0,174.0,132.0,122.0,115.0,111.0,93.0,11.0,67.0,9.0,7.0,58.0
318,Income,"Household Income 40000 to 44999 by Race, American Indian and Alaska Native Alone",0.0,0.0,0.0,0.0,0.0,0.0,0.0,0.0,0.0,0.0,0.0,0.0,0.0,0.0,0.0,0.0
319,Income,"Household Income 40000 to 44999 by Race, Asian Alone",24.0,0.0,0.0,0.0,0.0,6.0,7.0,8.0,25.0,7.0,0.0,11.0,0.0,0.0,0.0,0.0
320,Income,"Household Income 40000 to 44999 by Race, Black or African American Alone",0.0,16.0,14.0,15.0,0.0,0.0,0.0,0.0,0.0,0.0,0.0,0.0,0.0,0.0,0.0,0.0
321,Income,"Household Income 40000 to 44999 by Race, Hispanic or Latino",25.0,0.0,0.0,0.0,0.0,0.0,7.0,10.0,72.0,87.0,64.0,0.0,0.0,9.0,7.0,0.0
322,Income,"Household Income 40000 to 44999 by Race, Native Hawaiian and Other Pacific Islander Alone",0.0,0.0,0.0,0.0,0.0,0.0,0.0,0.0,0.0,0.0,0.0,0.0,0.0,0.0,0.0,0.0
323,Income,"Household Income 40000 to 44999 by Race, Some Other Race Alone",0.0,0.0,0.0,0.0,0.0,0.0,0.0,0.0,62.0,78.0,55.0,0.0,0.0,0.0,0.0,0.0
324,Income,"Household Income 40000 to 44999 by Race, Two or More Races",21.0,0.0,0.0,0.0,79.0,80.0,65.0,57.0,0.0,0.0,0.0,0.0,48.0,0.0,0.0,0.0
325,Income,"Household Income 40000 to 44999 by Race, White Alone",161.0,135.0,159.0,136.0,110.0,88.0,60.0,57.0,28.0,26.0,38.0,0.0,19.0,9.0,7.0,58.0
326,Income,"Household Income 40000 to 44999 by Race, White Alone, Not Hispanic or Latino",144.0,135.0,159.0,136.0,110.0,88.0,53.0,47.0,18.0,17.0,29.0,0.0,19.0,0.0,0.0,58.0
327,Income,Household Income 45000 to 49999,123.0,154.0,63.0,16.0,47.0,52.0,22.0,39.0,58.0,40.0,14.0,52.0,31.0,30.0,0.0,21.0
328,Income,"Household Income 45000 to 49999 by Race, American Indian and Alaska Native Alone",0.0,0.0,0.0,0.0,0.0,0.0,0.0,0.0,0.0,0.0,0.0,0.0,0.0,0.0,0.0,0.0
329,Income,"Household Income 45000 to 49999 by Race, Asian Alone",6.0,85.0,20.0,0.0,0.0,0.0,0.0,0.0,0.0,9.0,0.0,15.0,0.0,0.0,0.0,0.0
330,Income,"Household Income 45000 to 49999 by Race, Black or African American Alone",10.0,0.0,0.0,0.0,18.0,19.0,0.0,0.0,0.0,0.0,0.0,23.0,0.0,0.0,0.0,0.0
331,Income,"Household Income 45000 to 49999 by Race, Hispanic or Latino",0.0,11.0,0.0,0.0,0.0,0.0,0.0,0.0,0.0,0.0,0.0,0.0,8.0,0.0,0.0,0.0
332,Income,"Household Income 45000 to 49999 by Race, Native Hawaiian and Other Pacific Islander Alone",0.0,0.0,0.0,0.0,0.0,0.0,0.0,0.0,0.0,0.0,0.0,0.0,0.0,0.0,0.0,0.0
333,Income,"Household Income 45000 to 49999 by Race, Some Other Race Alone",0.0,0.0,0.0,0.0,0.0,0.0,0.0,0.0,0.0,0.0,0.0,0.0,0.0,0.0,0.0,0.0
334,Income,"Household Income 45000 to 49999 by Race, Two or More Races",6.0,11.0,0.0,0.0,0.0,0.0,0.0,0.0,0.0,0.0,0.0,0.0,8.0,0.0,0.0,0.0
335,Income,"Household Income 45000 to 49999 by Race, White Alone",101.0,58.0,43.0,16.0,29.0,33.0,22.0,39.0,58.0,31.0,14.0,14.0,23.0,30.0,0.0,21.0
336,Income,"Household Income 45000 to 49999 by Race, White Alone, Not Hispanic or Latino",101.0,58.0,43.0,16.0,29.0,33.0,22.0,39.0,58.0,31.0,14.0,14.0,23.0,30.0,0.0,21.0
337,Income,Household Income 50000 to 59999,434.0,152.0,157.0,194.0,144.0,177.0,247.0,243.0,207.0,212.0,191.0,66.0,109.0,107.0,128.0,132.0
338,Income,"Household Income 50000 to 59999 by Race, American Indian and Alaska Native Alone",0.0,0.0,0.0,0.0,0.0,0.0,0.0,0.0,0.0,0.0,0.0,0.0,0.0,0.0,0.0,0.0
339,Income,"Household Income 50000 to 59999 by Race, Asian Alone",43.0,0.0,40.0,0.0,0.0,0.0,0.0,0.0,0.0,0.0,12.0,22.0,12.0,33.0,25.0,26.0
340,Income,"Household Income 50000 to 59999 by Race, Black or African American Alone",0.0,20.0,0.0,0.0,0.0,0.0,0.0,0.0,0.0,0.0,0.0,20.0,0.0,0.0,0.0,0.0
341,Income,"Household Income 50000 to 59999 by Race, Hispanic or Latino",16.0,0.0,0.0,59.0,65.0,48.0,41.0,62.0,0.0,0.0,0.0,24.0,17.0,26.0,30.0,24.0
342,Income,"Household Income 50000 to 59999 by Race, Native Hawaiian and Other Pacific Islander Alone",0.0,0.0,0.0,0.0,0.0,0.0,0.0,0.0,0.0,0.0,0.0,0.0,0.0,0.0,0.0,0.0
343,Income,"Household Income 50000 to 59999 by Race, Some Other Race Alone",8.0,0.0,0.0,0.0,0.0,0.0,0.0,0.0,0.0,0.0,0.0,0.0,17.0,18.0,20.0,15.0
344,Income,"Household Income 50000 to 59999 by Race, Two or More Races",6.0,0.0,0.0,0.0,0.0,0.0,0.0,12.0,18.0,31.0,29.0,24.0,0.0,8.0,10.0,9.0
345,Income,"Household Income 50000 to 59999 by Race, White Alone",377.0,132.0,117.0,194.0,144.0,177.0,247.0,231.0,189.0,181.0,150.0,0.0,80.0,48.0,73.0,82.0
346,Income,"Household Income 50000 to 59999 by Race, White Alone, Not Hispanic or Latino",369.0,132.0,117.0,135.0,79.0,129.0,206.0,169.0,189.0,181.0,150.0,0.0,80.0,48.0,73.0,82.0
347,Income,Household Income 60000 to 74999,719.0,243.0,322.0,369.0,249.0,314.0,311.0,298.0,208.0,197.0,166.0,79.0,85.0,61.0,126.0,100.0
348,Income,"Household Income 60000 to 74999 by Race, American Indian and Alaska Native Alone",0.0,0.0,0.0,0.0,0.0,0.0,0.0,0.0,0.0,0.0,0.0,0.0,0.0,0.0,8.0,0.0
349,Income,"Household Income 60000 to 74999 by Race, Asian Alone",81.0,19.0,18.0,62.0,57.0,72.0,96.0,102.0,47.0,25.0,14.0,26.0,0.0,9.0,19.0,12.0
350,Income,"Household Income 60000 to 74999 by Race, Black or African American Alone",16.0,0.0,36.0,0.0,0.0,0.0,0.0,0.0,0.0,0.0,0.0,30.0,0.0,0.0,0.0,0.0
351,Income,"Household Income 60000 to 74999 by Race, Hispanic or Latino",43.0,19.0,11.0,11.0,0.0,19.0,18.0,16.0,12.0,14.0,16.0,46.0,16.0,0.0,8.0,0.0
352,Income,"Household Income 60000 to 74999 by Race, Native Hawaiian and Other Pacific Islander Alone",0.0,0.0,0.0,0.0,0.0,0.0,0.0,0.0,0.0,0.0,0.0,0.0,0.0,0.0,0.0,0.0
353,Income,"Household Income 60000 to 74999 by Race, Some Other Race Alone",8.0,12.0,11.0,11.0,0.0,0.0,0.0,0.0,0.0,0.0,0.0,0.0,0.0,0.0,0.0,0.0
354,Income,"Household Income 60000 to 74999 by Race, Two or More Races",15.0,11.0,10.0,12.0,0.0,0.0,0.0,0.0,0.0,0.0,0.0,7.0,12.0,0.0,0.0,0.0
355,Income,"Household Income 60000 to 74999 by Race, White Alone",599.0,201.0,247.0,284.0,192.0,242.0,215.0,196.0,161.0,172.0,152.0,16.0,73.0,52.0,99.0,88.0
356,Income,"Household Income 60000 to 74999 by Race, White Alone, Not Hispanic or Latino",564.0,194.0,247.0,284.0,192.0,223.0,197.0,180.0,149.0,158.0,136.0,0.0,57.0,52.0,99.0,88.0
357,Income,Household Income 75000 to 99999,955.0,637.0,578.0,594.0,771.0,721.0,751.0,526.0,484.0,456.0,340.0,197.0,341.0,326.0,229.0,333.0
358,Income,"Household Income 75000 to 99999 by Race, American Indian and Alaska Native Alone",0.0,0.0,0.0,0.0,0.0,0.0,0.0,0.0,0.0,0.0,0.0,0.0,0.0,0.0,0.0,9.0
359,Income,"Household Income 75000 to 99999 by Race, Asian Alone",132.0,140.0,135.0,125.0,166.0,100.0,100.0,57.0,41.0,86.0,59.0,62.0,27.0,28.0,28.0,70.0
360,Income,"Household Income 75000 to 99999 by Race, Black or African American Alone",44.0,0.0,0.0,30.0,55.0,49.0,72.0,31.0,24.0,11.0,12.0,0.0,14.0,0.0,0.0,0.0
361,Income,"Household Income 75000 to 99999 by Race, Hispanic or Latino",94.0,57.0,118.0,70.0,111.0,84.0,120.0,22.0,49.0,68.0,56.0,15.0,92.0,73.0,34.0,80.0
362,Income,"Household Income 75000 to 99999 by Race, Native Hawaiian and Other Pacific Islander Alone",0.0,0.0,0.0,0.0,0.0,0.0,0.0,0.0,0.0,0.0,0.0,0.0,0.0,0.0,0.0,0.0
363,Income,"Household Income 75000 to 99999 by Race, Some Other Race Alone",14.0,18.0,0.0,0.0,0.0,0.0,0.0,0.0,0.0,0.0,0.0,15.0,0.0,0.0,0.0,0.0
364,Income,"Household Income 75000 to 99999 by Race, Two or More Races",30.0,26.0,19.0,11.0,51.0,45.0,30.0,26.0,11.0,0.0,0.0,0.0,0.0,47.0,57.0,130.0
365,Income,"Household Income 75000 to 99999 by Race, White Alone",735.0,453.0,424.0,428.0,499.0,527.0,549.0,412.0,408.0,359.0,269.0,120.0,300.0,251.0,144.0,124.0
366,Income,"Household Income 75000 to 99999 by Race, White Alone, Not Hispanic or Latino",659.0,414.0,306.0,358.0,414.0,461.0,445.0,405.0,370.0,291.0,213.0,120.0,208.0,178.0,110.0,108.0
367,Income,Household Income Greater than 200000,446.0,501.0,506.0,502.0,597.0,626.0,633.0,740.0,804.0,997.0,1118.0,237.0,1210.0,1342.0,1377.0,1406.0
368,Income,"Household Income Greater than 200000 by Race, American Indian and Alaska Native Alone",0.0,0.0,0.0,0.0,0.0,0.0,0.0,0.0,0.0,0.0,0.0,0.0,0.0,0.0,0.0,0.0
369,Income,"Household Income Greater than 200000 by Race, Asian Alone",26.0,137.0,102.0,74.0,75.0,66.0,53.0,142.0,162.0,194.0,269.0,103.0,291.0,288.0,313.0,285.0
370,Income,"Household Income Greater than 200000 by Race, Black or African American Alone",6.0,15.0,13.0,0.0,0.0,0.0,0.0,0.0,0.0,11.0,12.0,17.0,34.0,37.0,10.0,23.0
371,Income,"Household Income Greater than 200000 by Race, Hispanic or Latino",0.0,13.0,13.0,25.0,41.0,29.0,27.0,102.0,96.0,116.0,110.0,12.0,135.0,114.0,122.0,143.0
372,Income,"Household Income Greater than 200000 by Race, Native Hawaiian and Other Pacific Islander Alone",0.0,0.0,0.0,0.0,0.0,0.0,0.0,0.0,0.0,0.0,0.0,0.0,0.0,0.0,0.0,0.0
373,Income,"Household Income Greater than 200000 by Race, Some Other Race Alone",0.0,0.0,0.0,0.0,0.0,0.0,0.0,0.0,7.0,6.0,5.0,12.0,25.0,44.0,57.0,65.0
374,Income,"Household Income Greater than 200000 by Race, Two or More Races",0.0,0.0,0.0,0.0,0.0,0.0,0.0,0.0,0.0,0.0,0.0,0.0,28.0,26.0,43.0,86.0
375,Income,"Household Income Greater than 200000 by Race, White Alone",414.0,349.0,391.0,428.0,522.0,560.0,580.0,598.0,635.0,786.0,832.0,105.0,832.0,947.0,954.0,947.0
376,Income,"Household Income Greater than 200000 by Race, White Alone, Not Hispanic or Latino",414.0,336.0,378.0,403.0,481.0,531.0,553.0,496.0,546.0,687.0,739.0,105.0,760.0,894.0,914.0,927.0
377,Income,Household Income Less than 10000,181.0,109.0,106.0,109.0,92.0,100.0,182.0,160.0,133.0,106.0,129.0,137.0,100.0,115.0,117.0,119.0
378,Income,"Household Income Less than 10000 by Race, American Indian and Alaska Native Alone",0.0,0.0,0.0,0.0,0.0,0.0,0.0,0.0,0.0,0.0,0.0,0.0,0.0,0.0,0.0,0.0
379,Income,"Household Income Less than 10000 by Race, Asian Alone",45.0,31.0,30.0,14.0,22.0,15.0,28.0,34.0,35.0,41.0,52.0,96.0,34.0,29.0,41.0,48.0
380,Income,"Household Income Less than 10000 by Race, Black or African American Alone",0.0,21.0,18.0,18.0,18.0,17.0,0.0,0.0,0.0,0.0,0.0,16.0,0.0,0.0,0.0,0.0
381,Income,"Household Income Less than 10000 by Race, Hispanic or Latino",32.0,0.0,0.0,20.0,12.0,12.0,26.0,28.0,14.0,13.0,12.0,0.0,0.0,0.0,0.0,0.0
382,Income,"Household Income Less than 10000 by Race, Native Hawaiian and Other Pacific Islander Alone",0.0,0.0,0.0,0.0,0.0,0.0,0.0,0.0,0.0,0.0,0.0,0.0,0.0,0.0,0.0,0.0
383,Income,"Household Income Less than 10000 by Race, Some Other Race Alone",15.0,0.0,0.0,20.0,12.0,12.0,16.0,18.0,0.0,0.0,0.0,0.0,0.0,0.0,0.0,0.0
384,Income,"Household Income Less than 10000 by Race, Two or More Races",0.0,22.0,30.0,0.0,0.0,0.0,0.0,0.0,0.0,0.0,11.0,0.0,11.0,11.0,0.0,0.0
385,Income,"Household Income Less than 10000 by Race, White Alone",121.0,35.0,28.0,57.0,40.0,56.0,138.0,108.0,98.0,65.0,66.0,25.0,55.0,75.0,76.0,71.0
386,Income,"Household Income Less than 10000 by Race, White Alone, Not Hispanic or Latino",104.0,35.0,28.0,57.0,40.0,56.0,128.0,98.0,84.0,52.0,54.0,25.0,55.0,75.0,76.0,71.0
387,Income,Households Total for Income,5128.0,3478.0,3411.0,3424.0,3448.0,3473.0,3633.0,3541.0,3555.0,3546.0,3483.0,1789.0,3532.0,3380.0,3393.0,3461.0
388,Income,"Households Total for Income by Race, American Indian and Alaska Native Alone",13.0,0.0,0.0,0.0,0.0,0.0,0.0,0.0,0.0,0.0,0.0,5.0,0.0,0.0,8.0,9.0
389,Income,"Households Total for Income by Race, Asian Alone",505.0,728.0,631.0,548.0,579.0,560.0,529.0,588.0,611.0,620.0,603.0,692.0,627.0,571.0,585.0,623.0
390,Income,"Households Total for Income by Race, Black or African American Alone",143.0,72.0,81.0,63.0,91.0,108.0,97.0,68.0,85.0,84.0,48.0,367.0,96.0,93.0,77.0,87.0
391,Income,"Households Total for Income by Race, Hispanic or Latino",323.0,177.0,222.0,238.0,327.0,260.0,391.0,481.0,487.0,489.0,496.0,249.0,597.0,467.0,487.0,540.0
392,Income,"Households Total for Income by Race, Native Hawaiian and Other Pacific Islander Alone",0.0,0.0,0.0,0.0,0.0,0.0,0.0,0.0,0.0,0.0,0.0,0.0,0.0,0.0,0.0,0.0
393,Income,"Households Total for Income by Race, Some Other Race Alone",108.0,69.0,50.0,31.0,49.0,46.0,126.0,172.0,199.0,159.0,142.0,123.0,79.0,62.0,88.0,93.0
394,Income,"Households Total for Income by Race, Two or More Races",110.0,148.0,113.0,155.0,215.0,178.0,133.0,152.0,107.0,108.0,115.0,92.0,317.0,335.0,326.0,452.0
395,Income,"Households Total for Income by Race, White Alone",4249.0,2461.0,2536.0,2627.0,2514.0,2581.0,2748.0,2561.0,2553.0,2575.0,2575.0,510.0,2413.0,2319.0,2309.0,2197.0
396,Income,"Households Total for Income by Race, White Alone, Not Hispanic or Latino",4034.0,2393.0,2390.0,2461.0,2296.0,2403.0,2522.0,2308.0,2296.0,2275.0,2252.0,494.0,2122.0,2169.0,2161.0,2108.0
397,Income,Median Family Income,91826.92307692308,140482.95454545453,140714.2857142857,106818.18181818182,109340.65934065936,118636.36363636365,112593.98496240602,121200.0,142708.33333333334,151980.198019802,172995.7805907173,106147.54098360657,173287.67123287672,197840.5315614618,201704.61363636365,204862.17691342536
398,Income,Median Household Income,76832.4607329843,89952.90423861853,91933.39100346022,91666.66666666666,92931.25810635538,91591.53952843274,89896.80426098536,97647.33840304182,107627.688172043,115934.84419263455,128450.92024539875,81281.72588832487,141884.32835820896,165882.35294117648,163775.51020408163,162528.86836027715
399,Income,"Median Household Income by Race, American Indian and Alaska Native Alone",101785.71428571428,0.0,0.0,0.0,0.0,0.0,0.0,0.0,0.0,0.0,0.0,137500.0,0.0,0.0,67500.0,87500.0
400,Income,"Median Household Income by Race, Asian Alone",66944.44444444444,92678.57142857143,89722.22222222222,92200.0,86370.48192771085,78750.0,77125.0,90350.87719298246,113734.56790123456,134883.72093023255,160365.8536585366,79435.48387096774,188861.38613861383,200434.04513888888,203274.89137380192,191770.18633540373
401,Income,"Median Household Income by Race, Black or African American Alone",78693.18181818182,44687.5,63541.66666666666,44500.0,79318.18181818182,48684.21052631579,83159.72222222222,29464.285714285717,29500.0,29078.947368421053,104166.66666666669,27211.53846153846,87500.0,106730.76923076923,18231.70731707317,19085.36585365853
402,Income,"Median Household Income by Race, Hispanic or Latino",75664.89361702128,76535.08771929824,84957.62711864407,85357.14285714286,92004.5045045045,87797.61904761905,79895.83333333333,104241.07142857143,106144.06779661016,93566.17647058824,93750.0,133258.92857142858,97961.95652173914,138175.67567567568,122574.62686567164,138571.42857142858
403,Income,"Median Household Income by Race, Native Hawaiian and Other Pacific Islander Alone",0.0,0.0,0.0,0.0,0.0,0.0,0.0,0.0,0.0,0.0,0.0,0.0,0.0,0.0,0.0,0.0
404,Income,"Median Household Income by Race, Some Other Race Alone",101315.7894736842,39423.07692307692,38205.1282051282,9999.0,116447.36842105264,113750.0,37745.098039215685,38750.0,43185.48387096774,41314.10256410256,40909.09090909091,167000.0,51470.58823529412,214773.31818181815,211403.9649122807,214231.3384615385
405,Income,"Median Household Income by Race, Two or More Races",69000.0,49090.90909090909,24423.07692307692,38911.29032258064,44841.77215189874,44375.0,76250.0,81730.76923076923,126535.08771929824,117187.5,109166.66666666669,127450.98039215688,60625.0,130250.0,92982.45614035089,98653.84615384616
406,Income,"Median Household Income by Race, White Alone",78316.32653061225,93349.88962472406,97995.28301886792,95589.95327102803,97945.89178356712,97177.41935483873,94899.81785063753,103834.66135458168,112128.25278810407,119385.24590163934,134290.54054054053,95208.33333333331,139304.12371134022,159753.78787878787,161293.4362934363,152950.3105590062
407,Income,"Median Household Income by Race, White Alone, Not Hispanic or Latino",78641.88163884674,93448.06763285024,100881.41025641024,97939.94413407822,100854.03726708074,99593.2754880694,98033.70786516854,103341.0138248848,110560.3448275862,119803.37078651684,139864.86486486485,96875.0,141237.11340206186,163920.45454545453,167857.14285714287,160559.00621118012
408,Income,Percent in Poverty,0.0717911530094271,0.0835377069282648,0.1167443959681059,0.103083569194101,0.0790900873757155,0.0587782735805508,0.0524837374334713,0.055813953488372,0.0617042115572967,0.0558152323343414,0.0568310657596371,0.1165827271031524,0.0984405458089668,0.0875053794290632,0.0967039349499056,0.087701317715959
409,Income,"Percent in Poverty by Race, American Indian and Alaska Native Alone",0.1794871794871795,0.0,0.0,0.0,0.0,0.0,0.0,0.0,0.0,,,0.0,,,0.0,0.0
410,Income,"Percent in Poverty by Race, Asian Alone",0.0815295815295815,0.1033740129217516,0.1236559139784946,0.0813623462630085,0.0830357142857142,0.0592044403330249,0.0355029585798816,0.0357723577235772,0.0331412103746397,0.0261813537675606,0.0461422087745839,0.1091334894613583,0.0693681318681318,0.0594059405940594,0.0721721027064538,0.0831643002028397
411,Income,"Percent in Poverty by Race, Black or African American Alone",0.164804469273743,0.2828282828282828,0.5607142857142857,0.5622641509433962,0.4321428571428571,0.336,0.1236559139784946,0.1853932584269663,0.1137254901960784,0.056768558951965,0.1071428571428571,0.0878754171301446,0.486013986013986,0.5458333333333333,0.611353711790393,0.473469387755102
412,Income,"Percent in Poverty by Race, Hispanic or Latino",0.1336146272855133,0.135593220338983,0.1381215469613259,0.1488970588235294,0.0428134556574923,0.0366300366300366,0.0372040586245772,0.0426884650317892,0.0691244239631336,0.0684306569343065,0.074757281553398,0.0985054347826086,0.1417004048582996,0.1035267349260523,0.0917622523461939,0.0801131008482563
413,Income,"Percent in Poverty by Race, Native Hawaiian and Other Pacific Islander Alone",,0.0,0.0,0.0,0.0,0.0,0.0,0.0,0.0,0.0,0.0,,,,,
414,Income,"Percent in Poverty by Race, Some Other Race Alone",0.2332268370607028,0.1497797356828193,0.2525773195876288,0.5869565217391305,0.2592592592592592,0.2857142857142857,0.0567375886524822,0.0656934306569343,0.0796812749003984,0.0881147540983606,0.1111111111111111,0.1268237934904601,0.2466666666666666,0.0,0.0,0.0
415,Income,"Percent in Poverty by Race, Two or More Races",0.0625,0.0689655172413793,0.1702127659574468,0.1119592875318066,0.047008547008547,0.0242130750605326,0.0356234096692111,0.0346320346320346,0.0098522167487684,0.0069605568445475,0.0325814536340852,0.0,0.1578947368421052,0.1572890025575447,0.175303197353914,0.113573407202216
416,Income,"Percent in Poverty by Race, White Alone",0.0581732762194279,0.0665438636886944,0.0781838316722037,0.0735505019463224,0.0565792326035118,0.0437486596611623,0.0547212507714462,0.0577806959947472,0.0703363914373088,0.0675496688741721,0.0561797752808988,0.1972386587771203,0.0672926447574334,0.0623534927332395,0.0649864096861873,0.0628980891719745
417,Income,"Percent in Poverty by Race, White Alone, Not Hispanic or Latino",0.0580070134424313,0.0619913834370512,0.0807628914527902,0.0770929975701347,0.0622466014786549,0.047808764940239,0.0574129582660825,0.0609542842867849,0.0703776360961255,0.0690002518257365,0.0563047078306127,0.1808396124865446,0.0718547986076578,0.0656952333909607,0.0682230869001297,0.0650027427317608
418,Journey to Work,Journey to Work by Bike,,0.0030951041080472,0.0030361578802097,0.0,0.0101827676240208,0.0150571131879543,0.0125725338491295,0.0129173775286375,0.0242879222786487,0.0162937214859874,0.0169721656483367,0.0,0.0149549153287882,0.0062907735321528,0.0038866026520347,0.0002325581395348
419,Journey to Work,Journey to Work by Car,,0.620427687113112,0.6566381451835496,0.6282707622298066,0.6287206266318538,0.593717549325026,0.6218568665377177,0.5954179868388983,0.5862221240892029,0.5954812079078862,0.598551708531342,0.5327478960848884,0.5190235319991203,0.5044268406337372,0.4828532235939643,0.4958139534883721
420,Journey to Work,Journey to Work by Carpooled,,0.0754079909960607,0.0869445211150979,0.0742320819112627,0.0806788511749347,0.0713914849428868,0.0761605415860735,0.0789666097977089,0.0907485096047692,0.0925483380404084,0.083050463905861,0.1529454811562385,0.068616670332087,0.0654706430568499,0.063328760859625,0.0795348837209302
421,Journey to Work,Journey to Work by Drove Alone,,0.5450196961170513,0.5696936240684516,0.5540386803185438,0.548041775456919,0.5223260643821391,0.5456963249516441,0.5164513770411894,0.4954736144844336,0.5029328698674778,0.5155012446254809,0.3798024149286498,0.4504068616670332,0.4389561975768872,0.4195244627343393,0.4162790697674418
422,Journey to Work,Journey to Work by Other Journey Type,,0.0205402363534046,0.0339497653878001,0.0437997724687144,0.033420365535248,0.0303738317757009,0.0241779497098646,0.0307092371435534,0.036431883417973,0.0364979361286117,0.0572527721203892,0.0208562019758507,0.0448647459863646,0.0472972972972973,0.0379515317786922,0.0146511627906976
423,Journey to Work,Journey to Work by Transit,,0.2079347214406302,0.1788573005796301,0.1877133105802047,0.1848563968668407,0.2165109034267912,0.2350096711798839,0.2610285157202047,0.282623095606094,0.3106669563328264,0.2539035980991174,0.3102817416758141,0.1757202551132615,0.1647250698974837,0.1538637402834933,0.1506976744186046
424,Journey to Work,Journey to Work by Walk,,0.0371412492965672,0.0262213635109025,0.025881683731513,0.031331592689295,0.0373831775700934,0.0350580270793036,0.03485254691689,0.0306911017884742,0.0104279817510319,0.0237610319076714,0.0197585071350164,0.0200131955135254,0.0202702702702702,0.0217192501143118,0.0055813953488372
425,Journey to Work,Journey to Work by Worked at Home,,0.1108610016882386,0.1012972674579078,0.114334470989761,0.1114882506527415,0.106957424714434,0.0713249516441005,0.0650743358518157,0.0397438728196069,0.0306321963936563,0.0495587236931432,0.1163556531284303,0.2254233560589399,0.2569897483690587,0.2997256515775034,0.3330232558139535
517,Journey to Work,Total Workers 16 Years and Older,,3554.0,3623.0,3516.0,3830.0,3852.0,4136.0,4103.0,4529.0,4603.0,4419.0,2733.0,4547.0,4292.0,4374.0,4300.0
518,Language Spoken at Home,Asian/Pacific Islander,0.0855003541434787,0.1480692788188529,0.1253064167267484,0.0939769329346433,0.0968768074031232,0.0840760546642899,0.090280716603188,0.0987118454214505,0.1196249162759544,0.1312572384506498,0.1189473684210526,0.3510659104244084,0.0907495612935572,0.0898646923666071,0.1039802930117982,0.1009602560682848
519,Language Spoken at Home,English Only,0.772943438227259,0.6547416240772288,0.7019466474405192,0.7240495514737292,0.7348178137651822,0.7684194890077243,0.7535618563972352,0.7275273032763931,0.7079705291359678,0.6793205507656672,0.7138157894736842,0.3448073538040289,0.7598395587866633,0.7660199131988767,0.7523661350965902,0.734729261136303
520,Language Spoken at Home,Other European Languages,0.0786198522715774,0.12450312322544,0.1074260994953136,0.1023779011818311,0.086176980913823,0.08184789067142,0.0530399210043729,0.0610473256790814,0.0527796383121232,0.0573928709303821,0.0580263157894736,0.0242519069039702,0.0582852845324642,0.0644625989277508,0.0632698042266303,0.0680181381701787
521,Language Spoken at Home,Other Languages,0.0052615602549833,0.0079500283929585,0.0062004325883201,0.0041292894774312,0.0027472527472527,0.0,0.0,0.0032203864463735,0.0028131279303415,0.0039891905803628,0.0060526315789473,0.0052806571484451,0.0065179242918024,0.0086801123308654,0.0073901205756514,0.0073352894105094
522,Language Spoken at Home,Spanish Only,0.0576747951027016,0.0647359454855195,0.0591204037490987,0.075466324932365,0.0793811451706188,0.0656565656565656,0.1031175059952038,0.1094931391767012,0.1168117883456128,0.1280401492729378,0.1031578947368421,0.2745941717191473,0.0846076710955126,0.0709726831758999,0.0729936470893297,0.0889570552147239
426,Nativity,Foreign Born,0.1726190476190476,0.2759503909409544,0.2393174446481455,0.2383073496659243,0.2445008460236886,0.254278728606357,0.2502051983584131,0.2389690999865065,0.219402215923731,0.2284574136425988,0.2233769566333076,0.4712051517939282,0.2441012970969734,0.2746354952237305,0.2834245006996565,0.2760321994287198
427,Population,Total Population,10080.0,7418.0,7091.0,7184.0,7092.0,6953.0,7310.0,7411.0,7762.0,8019.0,7794.0,5435.0,8095.0,7956.0,7861.0,7702.0
428,Race/Ethnicity,Asian,1421.0,1661.0,1379.0,1170.0,1224.0,1185.0,1142.0,1397.0,1528.0,1739.0,1556.0,2148.0,1674.0,1776.0,1702.0,1672.0
429,Race/Ethnicity,"Asian Alone, Not Hispanic or Latino",1394.0,1661.0,1379.0,1170.0,1224.0,1185.0,1142.0,1397.0,1528.0,1739.0,1556.0,2136.0,1674.0,1776.0,1702.0,1672.0
430,Race/Ethnicity,Black/African American,630.0,416.0,439.0,375.0,390.0,335.0,314.0,311.0,402.0,410.0,268.0,899.0,452.0,392.0,375.0,407.0
431,Race/Ethnicity,"Black/African American Alone, Not Hispanic or Latino",624.0,401.0,429.0,365.0,389.0,335.0,314.0,311.0,402.0,399.0,256.0,715.0,425.0,364.0,374.0,398.0
432,Race/Ethnicity,Latino Population (of Any Race),775.0,683.0,637.0,658.0,770.0,664.0,1020.0,1185.0,1172.0,1177.0,1082.0,1475.0,1204.0,1165.0,1257.0,1333.0
433,Race/Ethnicity,Native American Indian,39.0,29.0,30.0,34.0,54.0,26.0,16.0,14.0,7.0,0.0,0.0,21.0,2.0,2.0,11.0,12.0
434,Race/Ethnicity,"Native American Indian Alone, Not Hispanic or Latino",31.0,0.0,5.0,17.0,23.0,18.0,7.0,6.0,0.0,0.0,0.0,0.0,2.0,2.0,3.0,3.0
435,Race/Ethnicity,Native Hawaiian/Pacific Islander,0.0,15.0,2.0,1.0,1.0,2.0,17.0,19.0,20.0,44.0,28.0,1.0,0.0,0.0,0.0,0.0
436,Race/Ethnicity,"Native Hawaiian/Pacific Islander Alone, Not Hispanic or Latino",0.0,15.0,2.0,1.0,1.0,2.0,17.0,19.0,20.0,44.0,28.0,1.0,0.0,0.0,0.0,0.0
437,Race/Ethnicity,Other/Two or More Races,671.0,750.0,610.0,565.0,675.0,582.0,789.0,942.0,994.0,1008.0,871.0,1295.0,1159.0,1194.0,1410.0,1548.0
438,Race/Ethnicity,"Population, Not Hispanic or Latino",9305.0,6735.0,6454.0,6526.0,6322.0,6289.0,6290.0,6226.0,6590.0,6842.0,6712.0,3960.0,6891.0,6791.0,6604.0,6369.0
439,Race/Ethnicity,Some Other Race Alone,351.0,409.0,279.0,170.0,192.0,153.0,380.0,463.0,552.0,536.0,435.0,894.0,231.0,308.0,400.0,369.0
440,Race/Ethnicity,"Some Other Race Alone, Not Hispanic or Latino",103.0,17.0,0.0,0.0,0.0,0.0,0.0,8.0,39.0,64.0,46.0,0.0,56.0,49.0,28.0,37.0
441,Race/Ethnicity,Two Or More Races,320.0,341.0,331.0,395.0,483.0,429.0,409.0,479.0,442.0,472.0,436.0,401.0,928.0,886.0,1010.0,1179.0
442,Race/Ethnicity,"Two Or More Races, Not Hispanic or Latino",253.0,266.0,284.0,323.0,379.0,347.0,329.0,344.0,316.0,362.0,349.0,122.0,432.0,282.0,388.0,372.0
443,Race/Ethnicity,"White Alone, Not Hispanic or Latino",6900.0,4375.0,4355.0,4650.0,4306.0,4402.0,4481.0,4141.0,4285.0,4234.0,4477.0,986.0,4302.0,4318.0,4109.0,3887.0
444,Race/Ethnicity,"White, Including Hispanic or Latino",7319.0,4547.0,4631.0,5039.0,4748.0,4823.0,5032.0,4728.0,4811.0,4818.0,5071.0,1071.0,4808.0,4592.0,4363.0,4063.0
445,Sex,Female,0.3951388888888889,0.4373146400647075,0.3924693273163164,0.4138363028953229,0.398195149464185,0.403710628505681,0.4034199726402189,0.4134394818513021,0.392553465601649,0.4011722159870308,0.3824736977161919,0.5512419503219871,0.431253860407659,0.4488436400201106,0.4619005215621422,0.4658530251882627
446,Sex,Male,0.6048611111111111,0.5626853599352926,0.6075306726836835,0.5861636971046771,0.601804850535815,0.596289371494319,0.5965800273597811,0.5865605181486979,0.607446534398351,0.5988277840129692,0.617526302283808,0.4487580496780128,0.568746139592341,0.5511563599798894,0.5380994784378578,0.5341469748117372
447,Unit Size,1 Bedroom,1556.0,1083.0,1067.0,1061.0,1083.0,1044.0,1095.0,1205.0,1081.0,1119.0,1134.0,283.0,938.0,1017.0,1063.0,1110.0
448,Unit Size,2 Bedrooms,2069.0,1446.0,1522.0,1431.0,1495.0,1493.0,1366.0,1220.0,1127.0,1038.0,1041.0,509.0,1162.0,1130.0,1225.0,1117.0
449,Unit Size,3-4 Bedrooms,1226.0,927.0,938.0,1062.0,1016.0,1059.0,1126.0,1173.0,1227.0,1270.0,1200.0,740.0,1120.0,1257.0,1116.0,1130.0
450,Unit Size,5 or More Bedrooms,45.0,43.0,34.0,23.0,8.0,26.0,56.0,49.0,57.0,67.0,43.0,105.0,64.0,47.0,38.0,92.0
451,Unit Size,No Bedroom,473.0,149.0,130.0,92.0,87.0,91.0,134.0,153.0,313.0,306.0,352.0,284.0,511.0,345.0,359.0,346.0
452,Vehicles Available,Households with no Vehicle,0.1183443451224251,0.1026451983898792,0.0917619466432131,0.0940420560747663,0.0806264501160092,0.0967463288223438,0.0971648775116983,0.1107031911889296,0.1218002812939521,0.1209813874788494,0.1131208728107952,0.4035774175517048,0.1435447338618346,0.1310650887573964,0.1559092248747421,0.1300202253683906
453,Vehicles Available,Percent of No Vehicle Homeowning Households,0.0504761904761904,0.0710306406685236,0.0086893555394641,0.0215877437325905,0.01775956284153,0.0468299711815562,0.0515463917525773,0.0595588235294117,0.0650176678445229,0.063143445435827,0.0214438884917798,0.1552185548617305,0.13256288239293,0.1280724450194049,0.1440162271805274,0.1412903225806451
454,Vehicles Available,Percent of No Vehicle Renting Households,0.165134602757715,0.1248775710088148,0.1482758620689655,0.1463782696177062,0.127016129032258,0.1299760191846523,0.1243956043956043,0.1425951398441082,0.1593457943925233,0.1613212063188128,0.1746641074856046,0.8203592814371258,0.1513828238719068,0.1335877862595419,0.1650992685475444,0.1208791208791208
455,Vehicles Available,Vehicles Available,6641.0,4698.0,4611.0,4412.0,4640.0,4580.0,4944.0,4938.0,5098.0,5180.0,5123.0,2023.0,4877.0,4876.0,4764.0,4654.0
456,Vehicles Available,Vehicles Homeowners,0.4702605029363048,0.5240527884206045,0.5135545434829755,0.5217588395285585,0.5217672413793103,0.4949781659388646,0.4449838187702265,0.4637505062778453,0.4693997646135739,0.4704633204633204,0.4530548506734335,0.9293129016312408,0.4271068279680131,0.4639048400328138,0.4219143576826196,0.4527288354103996
457,Vehicles Available,Vehicles Per Capita,0.6588293650793651,0.6333243461849555,0.6502608940911014,0.6141425389755011,0.6542583192329385,0.6587084711635265,0.6763337893296854,0.6663068411820268,0.6567894872455553,0.6459658311510164,0.6573004875545291,0.425446898002103,0.6024706609017912,0.6128707893413776,0.6060297672051902,0.6042586341210076
458,Vehicles Available,Vehicles Renters,0.5297394970636953,0.4759472115793955,0.4864454565170245,0.4782411604714415,0.4782327586206896,0.5050218340611353,0.5550161812297735,0.5362494937221547,0.5306002353864261,0.5295366795366795,0.5469451493265665,0.0706870983687592,0.5728931720319869,0.5360951599671863,0.5780856423173804,0.5472711645896003
459,,"Housing Units with a Mortgage 30%+ by Race, American Indian and Alaska Native Alone",0.0,0.0,0.0,0.0,0.0,0.0,0.0,0.0,0.0,0.0,0.0,0.0,0.0,0.0,0.0,0.0
460,,"Housing Units with a Mortgage 30%+ by Race, Asian Alone",98.0,0.0,0.0,0.0,0.0,0.0,0.0,0.0,0.0,0.0,0.0,0.0,0.0,0.0,77.0,49.0
461,,"Housing Units with a Mortgage 30%+ by Race, Black or African American Alone",0.0,0.0,0.0,0.0,0.0,0.0,0.0,0.0,0.0,0.0,0.0,0.0,0.0,0.0,0.0,0.0
462,,"Housing Units with a Mortgage 30%+ by Race, Hispanic or Latino",20.0,0.0,0.0,0.0,0.0,0.0,0.0,0.0,0.0,0.0,0.0,0.0,0.0,0.0,33.0,22.0
463,,"Housing Units with a Mortgage 30%+ by Race, Native Hawaiian and Other Pacific Islander Alone",0.0,0.0,0.0,0.0,0.0,0.0,0.0,0.0,0.0,0.0,0.0,0.0,0.0,0.0,0.0,0.0
464,,"Housing Units with a Mortgage 30%+ by Race, Some Other Race Alone",0.0,0.0,0.0,0.0,0.0,0.0,0.0,0.0,0.0,0.0,0.0,0.0,0.0,0.0,0.0,0.0
465,,"Housing Units with a Mortgage 30%+ by Race, Two or More Races",0.0,0.0,0.0,0.0,0.0,0.0,0.0,0.0,0.0,0.0,0.0,0.0,0.0,0.0,16.0,9.0
466,,"Housing Units with a Mortgage 30%+ by Race, White Alone",292.0,0.0,0.0,0.0,0.0,0.0,0.0,0.0,0.0,0.0,0.0,0.0,0.0,0.0,199.0,221.0
467,,"Housing Units with a Mortgage 30%+ by Race, White Alone, Not Hispanic or Latino",272.0,0.0,0.0,0.0,0.0,0.0,0.0,0.0,0.0,0.0,0.0,0.0,0.0,0.0,182.0,208.0
468,,"Housing Units with a Mortgage Not Calculated by Race, American Indian and Alaska Native Alone",0.0,0.0,0.0,0.0,0.0,0.0,0.0,0.0,0.0,0.0,0.0,0.0,0.0,0.0,0.0,0.0
469,,"Housing Units with a Mortgage Not Calculated by Race, Asian Alone",6.0,0.0,0.0,0.0,0.0,0.0,0.0,0.0,0.0,0.0,0.0,0.0,0.0,0.0,0.0,0.0
470,,"Housing Units with a Mortgage Not Calculated by Race, Black or African American Alone",0.0,0.0,0.0,0.0,0.0,0.0,0.0,0.0,0.0,0.0,0.0,0.0,0.0,0.0,0.0,0.0
471,,"Housing Units with a Mortgage Not Calculated by Race, Hispanic or Latino",0.0,0.0,0.0,0.0,0.0,0.0,0.0,0.0,0.0,0.0,0.0,0.0,0.0,0.0,0.0,0.0
472,,"Housing Units with a Mortgage Not Calculated by Race, Native Hawaiian and Other Pacific Islander Alone",0.0,0.0,0.0,0.0,0.0,0.0,0.0,0.0,0.0,0.0,0.0,0.0,0.0,0.0,0.0,0.0
473,,"Housing Units with a Mortgage Not Calculated by Race, Some Other Race Alone",0.0,0.0,0.0,0.0,0.0,0.0,0.0,0.0,0.0,0.0,0.0,0.0,0.0,0.0,0.0,0.0
474,,"Housing Units with a Mortgage Not Calculated by Race, Two or More Races",0.0,0.0,0.0,0.0,0.0,0.0,0.0,0.0,0.0,0.0,0.0,0.0,0.0,0.0,0.0,0.0
475,,"Housing Units with a Mortgage Not Calculated by Race, White Alone",0.0,0.0,0.0,0.0,0.0,0.0,0.0,0.0,0.0,0.0,0.0,0.0,0.0,0.0,0.0,0.0
476,,"Housing Units with a Mortgage Not Calculated by Race, White Alone, Not Hispanic or Latino",0.0,0.0,0.0,0.0,0.0,0.0,0.0,0.0,0.0,0.0,0.0,0.0,0.0,0.0,0.0,0.0
477,,"Housing Units without a Mortgage 30%+ by Race, American Indian and Alaska Native Alone",0.0,0.0,0.0,0.0,0.0,0.0,0.0,0.0,0.0,0.0,0.0,0.0,0.0,0.0,0.0,0.0
478,,"Housing Units without a Mortgage 30%+ by Race, Asian Alone",7.0,0.0,0.0,0.0,0.0,0.0,0.0,0.0,0.0,0.0,0.0,0.0,0.0,0.0,9.0,0.0
479,,"Housing Units without a Mortgage 30%+ by Race, Black or African American Alone",0.0,0.0,0.0,0.0,0.0,0.0,0.0,0.0,0.0,0.0,0.0,0.0,0.0,0.0,0.0,0.0
480,,"Housing Units without a Mortgage 30%+ by Race, Hispanic or Latino",0.0,0.0,0.0,0.0,0.0,0.0,0.0,0.0,0.0,0.0,0.0,0.0,0.0,0.0,0.0,0.0
481,,"Housing Units without a Mortgage 30%+ by Race, Native Hawaiian and Other Pacific Islander Alone",0.0,0.0,0.0,0.0,0.0,0.0,0.0,0.0,0.0,0.0,0.0,0.0,0.0,0.0,0.0,0.0
482,,"Housing Units without a Mortgage 30%+ by Race, Some Other Race Alone",0.0,0.0,0.0,0.0,0.0,0.0,0.0,0.0,0.0,0.0,0.0,0.0,0.0,0.0,0.0,0.0
483,,"Housing Units without a Mortgage 30%+ by Race, Two or More Races",0.0,0.0,0.0,0.0,0.0,0.0,0.0,0.0,0.0,0.0,0.0,0.0,0.0,0.0,0.0,0.0
484,,"Housing Units without a Mortgage 30%+ by Race, White Alone",14.0,0.0,0.0,0.0,0.0,0.0,0.0,0.0,0.0,0.0,0.0,0.0,0.0,0.0,27.0,32.0
485,,"Housing Units without a Mortgage 30%+ by Race, White Alone, Not Hispanic or Latino",14.0,0.0,0.0,0.0,0.0,0.0,0.0,0.0,0.0,0.0,0.0,0.0,0.0,0.0,27.0,32.0
486,,"Housing Units without a Mortgage Not Calculated by Race, American Indian and Alaska Native Alone",0.0,0.0,0.0,0.0,0.0,0.0,0.0,0.0,0.0,0.0,0.0,0.0,0.0,0.0,0.0,0.0
487,,"Housing Units without a Mortgage Not Calculated by Race, Asian Alone",0.0,0.0,0.0,0.0,0.0,0.0,0.0,0.0,0.0,0.0,0.0,0.0,0.0,0.0,0.0,0.0
488,,"Housing Units without a Mortgage Not Calculated by Race, Black or African American Alone",0.0,0.0,0.0,0.0,0.0,0.0,0.0,0.0,0.0,0.0,0.0,0.0,0.0,0.0,0.0,0.0
489,,"Housing Units without a Mortgage Not Calculated by Race, Hispanic or Latino",0.0,0.0,0.0,0.0,0.0,0.0,0.0,0.0,0.0,0.0,0.0,0.0,0.0,0.0,0.0,0.0
490,,"Housing Units without a Mortgage Not Calculated by Race, Native Hawaiian and Other Pacific Islander Alone",0.0,0.0,0.0,0.0,0.0,0.0,0.0,0.0,0.0,0.0,0.0,0.0,0.0,0.0,0.0,0.0
491,,"Housing Units without a Mortgage Not Calculated by Race, Some Other Race Alone",0.0,0.0,0.0,0.0,0.0,0.0,0.0,0.0,0.0,0.0,0.0,0.0,0.0,0.0,0.0,0.0
492,,"Housing Units without a Mortgage Not Calculated by Race, Two or More Races",0.0,0.0,0.0,0.0,0.0,0.0,0.0,0.0,0.0,0.0,0.0,0.0,0.0,0.0,0.0,0.0
493,,"Housing Units without a Mortgage Not Calculated by Race, White Alone",6.0,0.0,0.0,0.0,0.0,0.0,0.0,0.0,0.0,0.0,0.0,0.0,0.0,0.0,0.0,0.0
494,,"Housing Units without a Mortgage Not Calculated by Race, White Alone, Not Hispanic or Latino",6.0,0.0,0.0,0.0,0.0,0.0,0.0,0.0,0.0,0.0,0.0,0.0,0.0,0.0,0.0,0.0
