,Category,Attribute,2000_Visitacion Valley,2010_Visitacion Valley,2011_Visitacion Valley,2012_Visitacion Valley,2013_Visitacion Valley,2014_Visitacion Valley,2015_Visitacion Valley,2016_Visitacion Valley,2017_Visitacion Valley,2018_Visitacion Valley,2019_Visitacion Valley,2020_Visitacion Valley,2021_Visitacion Valley,2022_Visitacion Valley,2023_Visitacion Valley,2024_Visitacion Valley
11,Affordability,# Units at or below 100 AMI Monthly Affordable Rent,1748.0,2082.0,2093.0,2026.0,2161.0,2041.0,2022.0,2087.0,2111.0,5667.0,2019.0,800.0,1725.0,1804.0,1745.0,1706
2,Affordability,# Units at or below 30 AMI Monthly Affordable Rent,1313.0,1226.0,1134.0,1036.0,1024.0,949.0,1013.0,1102.0,987.0,4139.0,1132.0,298.0,1024.0,1267.0,1283.0,1168
5,Affordability,# Units at or below 50 AMI Monthly Affordable Rent,1741.0,1685.0,1557.0,1488.0,1509.0,1351.0,1769.0,1729.0,1622.0,5667.0,1749.0,561.0,1626.0,1804.0,1745.0,1706
8,Affordability,# Units at or below 80 AMI Monthly Affordable Rent,1748.0,2017.0,2033.0,1917.0,2161.0,2041.0,2003.0,2087.0,2111.0,5667.0,2019.0,760.0,1725.0,1804.0,1745.0,1706
9,Affordability,100 AMI Annual Income,48221.39303482587,43247.23247232472,42899.59016393442,42806.324110671936,45248.75621890547,47763.15789473684,49394.97716894977,54758.71313672922,58808.35380835381,106438.74029335634,71387.09677419355,44464.28571428572,76544.67680608365,87433.74558303886,86284.35517970401,92688.17204301077
10,Affordability,100 AMI Monthly Affordable Rent,4018.4494195688226,3603.9360393603934,3574.9658469945352,3567.193675889328,3770.7296849087893,3980.2631578947367,4116.248097412481,4563.226094727434,4900.696150696151,8869.895024446361,5948.924731182796,3705.357142857143,6378.723067173637,7286.145465253238,7190.362931642001,7724.014336917564
0,Affordability,30 AMI Annual Income,14466.41791044776,12974.169741697417,12869.877049180326,12841.89723320158,13574.626865671642,14328.947368421052,14818.493150684932,16427.613941018764,17642.506142506143,31931.6220880069,21416.129032258064,13339.285714285716,22963.403041825095,26230.123674911658,25885.306553911203,27806.45161290323
1,Affordability,30 AMI Monthly Affordable Rent,1205.5348258706467,1081.180811808118,1072.4897540983604,1070.1581027667983,1131.2189054726368,1194.078947368421,1234.8744292237443,1368.9678284182303,1470.2088452088453,2660.9685073339083,1784.6774193548388,1111.607142857143,1913.6169201520913,2185.8436395759713,2157.1088794926004,2317.204301075269
3,Affordability,50 AMI Annual Income,24110.696517412936,21623.61623616236,21449.79508196721,21403.162055335968,22624.378109452737,23881.57894736842,24697.488584474886,27379.35656836461,29404.176904176904,53219.37014667817,35693.54838709677,22232.14285714286,38272.338403041824,43716.87279151943,43142.177589852006,46344.08602150538
4,Affordability,50 AMI Monthly Affordable Rent,2009.2247097844113,1801.9680196801967,1787.4829234972676,1783.596837944664,1885.3648424543946,1990.1315789473683,2058.1240487062405,2281.613047363717,2450.3480753480753,4434.947512223181,2974.462365591398,1852.6785714285716,3189.3615335868185,3643.072732626619,3595.1814658210005,3862.007168458782
6,Affordability,80 AMI Annual Income,38577.1144278607,34597.78597785978,34319.67213114754,34245.05928853755,36199.00497512438,38210.52631578947,39515.98173515982,43806.970509383376,47046.68304668305,85150.99223468508,57109.67741935484,35571.42857142857,61235.74144486692,69946.9964664311,69027.48414376321,74150.53763440861
7,Affordability,80 AMI Monthly Affordable Rent,3214.7595356550587,2883.148831488315,2859.9726775956283,2853.7549407114625,3016.5837479270317,3184.2105263157896,3292.998477929985,3650.580875781948,3920.556920556921,7095.91601955709,4759.139784946236,2964.285714285714,5102.9784537389105,5828.916372202591,5752.290345313601,6179.211469534051
0,Age,0-4 Years,0.067993648633322,0.056706224809673,0.0638665774207942,0.0578841196906869,0.0561725882421352,0.0581088825214899,0.0585061541055471,0.0645838944249932,0.0587191398298449,0.0477557741840138,0.0595964821520951,0.047029702970297,0.0402150537634408,0.0392330710406738,0.0328099367236934,0.0335225899975839
1,Age,18-34 Years,0.2623341272541681,0.2205553067622033,0.2396809460062472,0.2361313459598789,0.2338198522998197,0.2244699140401146,0.2357106727364694,0.2358739563695125,0.2436974789915966,0.3114470295148419,0.2471805483704087,0.3716407355021216,0.2076344086021505,0.1953341460711515,0.1767049449261776,0.1932230007248127
2,Age,35-59 Years,0.3213111035499603,0.368730407523511,0.3485051316376618,0.3450633195113751,0.3496540094202477,0.3481948424068768,0.3555892766818411,0.3516294101804471,0.3585260191032935,0.3550225900434911,0.3492498706673564,0.3398161244695898,0.3772043010752688,0.3797517455391777,0.387040074994141,0.3710437303696545
3,Age,5-17 Years,0.1930361801066122,0.1817622033139274,0.1774319500223114,0.1738204639695169,0.1475257312321916,0.1506017191977077,0.1482605519024335,0.1501211957985456,0.1417088574560258,0.0883334037073006,0.1412312467666839,0.0852192362093352,0.1382258064516129,0.1427463149728471,0.1461213967658776,0.1439357332689055
4,Age,60 and older,0.1553249404559374,0.1722458575906851,0.1705153949129852,0.1871007508685419,0.2128278188056056,0.2186246418338109,0.2019333445737087,0.1977915432265014,0.197348504619239,0.1974412025503525,0.2027418520434557,0.1562942008486563,0.2367204301075268,0.2429347223761498,0.2573236465901101,0.2582749456390432
5,Educational Attainment,College Degree or higher,0.1595908391418484,0.1454390451832907,0.1555862545328958,0.1800789293067947,0.1775661195679904,0.1854717923115327,0.1902462973570084,0.17814820666772,0.1594224809131453,0.5302584576591721,0.1853358981947321,0.4178445229681979,0.2499819011076522,0.2655844637165517,0.2541246383610915,0.2649799196787148
7,Educational Attainment,"College Degree or higher by Race, Asian Alone",0.1810098976681765,0.1457916499933306,0.1493906810035842,0.1775714285714285,0.1967537050105857,0.2022699635184434,0.1953790028374544,0.2050870147255689,0.1717487620536877,0.3432394032678191,0.1831768774703557,0.3930131004366812,0.2362848297213622,0.2635928143712575,0.2303704640283221,0.2521411886841422
8,Educational Attainment,"College Degree or higher by Race, Black or African American Alone",0.1108797501301405,0.0900503778337531,0.0854430379746835,0.1076642335766423,0.0949482653682288,0.1176870748299319,0.1157289002557544,0.126890756302521,0.1194165907019143,0.3979118329466357,0.1279661016949152,0.1612903225806451,0.1546203110704483,0.1080168776371308,0.1582491582491582,0.1787773933102653
9,Educational Attainment,"College Degree or higher by Race, Hispanic or Latino",0.1119194180190263,0.053035143769968,0.0905195500803427,0.0872707059477487,0.0831182240578213,0.0904068307383224,0.1218014329580348,0.0736377025036818,0.0884289746001881,0.3699476937708036,0.1316355810616929,0.1107954545454545,0.1874105865522174,0.2150959860383944,0.2048346055979643,0.1547673883003224
11,Educational Attainment,"College Degree or higher by Race, Some Other Race Alone",0.1029281277728482,0.01875,0.0714285714285714,0.074235807860262,0.0832383124287343,0.0967741935483871,0.1309424520433694,0.0814159292035398,0.0969696969696969,0.1672727272727272,0.1356335514574658,0.0,0.182108626198083,0.2132018209408194,0.1752170481452249,0.1331245105716523
12,Educational Attainment,"College Degree or higher by Race, Two or More Races",0.0985074626865671,0.0866666666666666,0.0469483568075117,0.112,0.0702341137123745,0.0725075528700906,0.1054216867469879,0.1307692307692307,0.0843373493975903,0.7195121951219512,0.2046511627906976,0.8985507246376812,0.2354788069073783,0.2053712480252764,0.2784163473818646,0.2116883116883116
13,Educational Attainment,"College Degree or higher by Race, White Alone",0.1937590711175617,0.2195362604834731,0.2868810617662072,0.3187466234467855,0.2580071174377224,0.2562874251497006,0.3367626886145404,0.2251184834123222,0.2418150488225157,0.7770812437311936,0.3014665942422596,0.4800420168067227,0.4195583596214511,0.4620918649695628,0.4728813559322034,0.4907749077490775
14,Educational Attainment,"College Degree or higher by Race, White Alone, Not Hispanic or Latino",0.2288049029622063,0.4144144144144144,0.509895227008149,0.5525114155251142,0.4506493506493506,0.4377406931964056,0.5085365853658537,0.3912529550827423,0.4088785046728972,0.7963938973647712,0.4729011689691817,0.5084134615384616,0.5545996029119789,0.5728155339805825,0.5706134094151213,0.5659259259259259
16,Educational Attainment,High School or Less,0.6289490359373585,0.6262574595055413,0.6024002762907961,0.5899965682910089,0.5826175695212178,0.5792145115659844,0.5736846411913918,0.5510349186285353,0.5359437599213849,0.2819394830846816,0.5273749630068068,0.3657243816254417,0.5052486787808587,0.4909939959973315,0.5108296192040035,0.4854618473895582
18,Educational Attainment,"High School or Less by Race, Asian Alone",0.649890957892971,0.6817393624116314,0.6692473118279569,0.6551428571428571,0.6357092448835568,0.6108633968382651,0.6172138900148628,0.5720214190093709,0.5625488663017982,0.4602178546057305,0.5489130434782609,0.3034934497816594,0.5356037151702786,0.5241916167664671,0.5627765836388924,0.5417856215935635
19,Educational Attainment,"High School or Less by Race, Black or African American Alone",0.5674128058302967,0.4193954659949622,0.4329113924050632,0.4227493917274939,0.4485696895922094,0.4993197278911565,0.5038363171355499,0.5470588235294118,0.5268915223336372,0.1972157772621809,0.5576271186440678,0.6774193548387096,0.5379688929551693,0.5063291139240507,0.4074074074074074,0.3621683967704729
20,Educational Attainment,"High School or Less by Race, Hispanic or Latino",0.6905428091773923,0.802555910543131,0.7075522228173541,0.6992773763201778,0.6582343830665979,0.6479156202913109,0.6100307062436029,0.5949926362297496,0.5641266854813421,0.4545886828340466,0.5670731707317073,0.6193181818181818,0.6047925608011445,0.543630017452007,0.5513146734520781,0.536158452326117
22,Educational Attainment,"High School or Less by Race, Some Other Race Alone",0.6992014196983141,0.74375,0.6936507936507936,0.6200873362445415,0.6225769669327252,0.6170655567117586,0.591326105087573,0.5374631268436578,0.5314685314685315,0.6845454545454546,0.528256989886972,0.8149779735682819,0.5827476038338658,0.5257966616084977,0.5951065509076559,0.5583398590446359
23,Educational Attainment,"High School or Less by Race, Two or More Races",0.6059701492537314,0.2533333333333333,0.3380281690140845,0.436,0.4247491638795986,0.4803625377643504,0.4969879518072289,0.4384615384615384,0.4096385542168674,0.073170731707317,0.5046511627906977,0.1014492753623188,0.5604395604395604,0.4802527646129542,0.4163473818646232,0.4064935064935065
24,Educational Attainment,"High School or Less by Race, White Alone",0.5740203193033382,0.6176615688209176,0.5160796324655437,0.5159373311723393,0.4899169632265717,0.4862275449101796,0.4046639231824417,0.4940758293838863,0.4457208500861573,0.064568706118355,0.4285714285714285,0.3466386554621848,0.309598918431726,0.3043718871057,0.292090395480226,0.2724477244772447
25,Educational Attainment,"High School or Less by Race, White Alone, Not Hispanic or Latino",0.5188968335035751,0.3378378378378378,0.2421420256111758,0.2408675799086758,0.274025974025974,0.2939666238767651,0.2463414634146341,0.2990543735224586,0.2605140186915888,0.0489597780859916,0.230605738575983,0.3569711538461538,0.14361350099272,0.1710231516056758,0.1925820256776034,0.1866666666666666
27,Educational Attainment,Some College/Associate Degree,0.2114601249207929,0.2283034953111679,0.242013469176308,0.2299245024021963,0.2398163109107917,0.2353136961224829,0.2360690614515997,0.2708168747037446,0.3046337591654698,0.1878020592561462,0.2872891387984611,0.2164310954063604,0.2447694201114891,0.2434215402861166,0.235045742434905,0.2495582329317269
29,Educational Attainment,"Some College/Associate Degree by Race, Asian Alone",0.1690991444388525,0.172468987595038,0.1813620071684588,0.1672857142857143,0.1675370501058574,0.1868666396432914,0.1874071071476827,0.2228915662650602,0.2657023716445139,0.1965427421264504,0.2679100790513834,0.3034934497816594,0.2281114551083591,0.2122155688622754,0.2068529523327854,0.2060731897222943
30,Educational Attainment,"Some College/Associate Degree by Race, Black or African American Alone",0.3217074440395627,0.4905541561712846,0.4816455696202532,0.4695863746958637,0.4564820450395618,0.3829931972789115,0.3804347826086957,0.3260504201680672,0.3536918869644485,0.4048723897911833,0.3144067796610169,0.1612903225806451,0.3074107959743824,0.3856540084388186,0.4343434343434343,0.4590542099192618
31,Educational Attainment,"Some College/Associate Degree by Race, Hispanic or Latino",0.1975377728035814,0.1444089456869009,0.2019282271023031,0.2134519177320733,0.2586473928755808,0.2616775489703666,0.2681678607983623,0.3313696612665684,0.3474443399184697,0.1754636233951498,0.3012912482065997,0.2698863636363636,0.207796852646638,0.2412739965095986,0.2438507209499575,0.3090741593735606
33,Educational Attainment,"Some College/Associate Degree by Race, Some Other Race Alone",0.1978704525288376,0.2375,0.2349206349206349,0.3056768558951965,0.2941847206385404,0.2861602497398543,0.2777314428690575,0.3811209439528024,0.3715617715617715,0.1481818181818182,0.3361094586555622,0.185022026431718,0.2351437699680511,0.2610015174506828,0.2296764009471192,0.3085356303837118
34,Educational Attainment,"Some College/Associate Degree by Race, Two or More Races",0.2955223880597015,0.66,0.6150234741784038,0.452,0.5050167224080268,0.4471299093655589,0.3975903614457831,0.4307692307692308,0.5060240963855421,0.2073170731707317,0.2906976744186046,0.0,0.2040816326530612,0.3143759873617693,0.3052362707535121,0.3818181818181818
35,Educational Attainment,"Some College/Associate Degree by Race, White Alone",0.2322206095791001,0.1628021706956093,0.1970393057682491,0.1653160453808752,0.2520759193357058,0.2574850299401197,0.2585733882030178,0.2808056872037914,0.3124641010913268,0.1583500501504513,0.2699619771863117,0.1733193277310924,0.2708427219468229,0.2335362479247371,0.2350282485875706,0.2367773677736777
36,Educational Attainment,"Some College/Associate Degree by Race, White Alone, Not Hispanic or Latino",0.2522982635342186,0.2477477477477477,0.2479627473806752,0.20662100456621,0.2753246753246753,0.2682926829268293,0.2451219512195122,0.309692671394799,0.330607476635514,0.1546463245492371,0.2964930924548353,0.1346153846153846,0.3017868960953011,0.2561613144137416,0.2368045649072753,0.2474074074074074
38,Employment,Employed Residents,7315.0,8050.0,8018.0,7921.0,7723.0,7787.0,7897.0,8525.0,9156.0,14730.0,9549.0,1641.0,9388.0,8958.0,8201.0,7836.0
40,Employment,Managerial Professional,0.1864661654135338,0.1382608695652173,0.1455475180843103,0.1719479863653579,0.1992748931762268,0.2138179016309233,0.2421172597188806,0.2482111436950146,0.2431192660550458,0.5021045485403938,0.2413865326212168,0.465569774527727,0.2393481039625053,0.2726054922973878,0.3031337641751006,0.3067891781521184
42,Employment,Natural Resources,0.0900888585099111,0.0795031055900621,0.0825642304814168,0.0805453856836258,0.0644827139712547,0.0495697958135353,0.063188552614917,0.0963049853372434,0.0953473132372215,0.0317718940936863,0.0932034768038538,0.0085313833028641,0.0667873881550916,0.0647465952221478,0.066333373978783,0.0788667687595712
44,Employment,Production Transport Materials,0.2142173615857826,0.186335403726708,0.1590172112746321,0.1485923494508269,0.1311666450861064,0.1340696031847951,0.1356211219450424,0.1357184750733137,0.1359764089121887,0.0723014256619144,0.1547806052989842,0.0597196831200487,0.1613762249680443,0.1668899307881223,0.1621753444701865,0.1393568147013782
46,Employment,Sales and Office,0.2879015721120984,0.2301863354037267,0.2531803442254926,0.2297689685645751,0.2513272044542276,0.2658276614870938,0.245536279599848,0.2193548387096774,0.2181083442551332,0.1934826883910387,0.1997067755785946,0.0847044485070079,0.2449936088623775,0.2279526680062513,0.229606145592001,0.2457886676875957
48,Employment,Services,0.2203691045796309,0.3657142857142857,0.3596906959341481,0.3691453099356142,0.3537485433121843,0.3367150378836522,0.3135367861213119,0.3004105571847507,0.3074486675404106,0.2003394433129667,0.3109226096973505,0.3814747105423522,0.2874946740519812,0.2678053136860906,0.2387513717839288,0.2291985706993363
52,Employment,"Unemployment Rate by Race, Asian Alone",0.0491029272898961,0.0680483209575529,0.0730920816911501,0.0937536760381131,0.0999524601854052,0.0851063829787234,0.0781142463867859,0.0578484051674859,0.0485491071428571,0.0352218871176217,0.0267373770854049,0.0,0.035143407776896,0.0407244785949506,0.0537609598523304,0.046152044043575
53,Employment,"Unemployment Rate by Race, Black or African American Alone",0.1255742725880551,0.1353456669912366,0.1241513094083414,0.1256569517439082,0.1449205584978334,0.1399433427762039,0.1234840132304299,0.1419580419580419,0.1235870384325546,0.0343035343035343,0.1206225680933852,0.0,0.0878951426368542,0.0715850986121256,0.0333651096282173,0.0027372262773722
54,Employment,"Unemployment Rate by Race, Hispanic or Latino",0.0953757225433526,0.1002949852507374,0.1519292604501607,0.1428571428571428,0.1059707394226967,0.1091054953870838,0.1115226337448559,0.0632149307645996,0.0472819216182048,0.0235546038543897,0.0302687411598302,0.0516795865633074,0.0301240401653868,0.029178674351585,0.0198300283286118,0.0468809073724007
55,Employment,"Unemployment Rate by Race, Native Hawaiian and Other Pacific Islander Alone",0.0467836257309941,0.0,0.1509433962264151,0.1607142857142857,0.1465968586387434,0.1273408239700374,0.1105527638190954,0.0709219858156028,0.0541516245487364,0.4193548387096774,0.0651629072681704,0.0,0.0258064516129032,0.024390243902439,0.0469483568075117,0.0
56,Employment,"Unemployment Rate by Race, Some Other Race Alone",0.0797101449275362,0.1105398457583547,0.1603427172582619,0.1541755888650963,0.0509090909090909,0.078699743370402,0.0789825970548862,0.0400943396226415,0.0439721509710516,0.0264211369095276,0.0112460638776428,0.0687022900763358,0.0193615907901622,0.0187338501291989,0.0209035738368172,0.072992700729927
57,Employment,"Unemployment Rate by Race, Two or More Races",0.1928251121076233,0.1785714285714285,0.1619047619047619,0.1472868217054263,0.2054455445544554,0.1674641148325359,0.154040404040404,0.1713147410358565,0.1043689320388349,0.0,0.0970017636684303,0.0128205128205128,0.0703517587939698,0.049482163406214,0.034416826003824,0.025
58,Employment,"Unemployment Rate by Race, White Alone",0.0759493670886076,0.0871878837494883,0.1183879093198992,0.1065900044228217,0.0912228796844181,0.0785017957927142,0.0721096543504171,0.0394246137453383,0.0545267489711934,0.0316625774039023,0.0711462450592885,0.0331950207468879,0.0559412004899959,0.0380904012188928,0.0212992545260915,0.0266203703703703
59,Employment,"Unemployment Rate by Race, White Alone, Not Hispanic or Latino",0.0461538461538461,0.0837696335078534,0.0851528384279476,0.101890756302521,0.0785973397823458,0.0733173076923077,0.0530973451327433,0.0442477876106194,0.0868131868131868,0.0333505687693898,0.0860323886639676,0.0379146919431279,0.0548367221195317,0.0284130284130284,0.0249494268374915,0.0321453529000698
61,Households,Average Family Household Size,4.485558583106267,4.421179624664879,4.362453531598513,4.3441145281018025,4.092582987551867,4.13681204569055,4.148936170212766,4.290859413810233,4.349202392821535,3.365372237717228,4.378677395021373,3.088235294117647,4.227180010198878,4.156488549618321,3.971885478462729,3.9658848614072495
62,Households,Average Household Size,3.972745855098797,3.737974683544304,3.665296897472776,3.725556021821234,3.484317718940937,3.509911003236246,3.5821016400080987,3.724430098850111,3.7386698057680983,2.3219670838671527,3.727713178294574,2.2932735426008968,3.590459569517161,3.536792266719274,3.374726368159204,3.3730516817063165
63,Households,Family Households,0.8335225982284806,0.7869198312236287,0.7737826176289295,0.7914393621485523,0.7853360488798371,0.779126213592233,0.799352095565904,0.8121847891870083,0.7871296841279184,0.459347590420814,0.7707364341085271,0.4878923766816143,0.7605196819856506,0.7753008482935491,0.771542288557214,0.7694831829368335
64,Households,Households,4403.0,4740.0,4867.0,4766.0,4910.0,4944.0,4939.0,4957.0,5097.0,10147.0,5160.0,1115.0,5157.0,5069.0,5025.0,4876.0
65,Households,"Households with 60 years and older, % of Total (DEC, 65 years and older)",0.4487849193731547,0.4213080168776371,0.3977809739058968,0.4255140579101972,0.4553971486761711,0.4735032362459547,0.4425997165418101,0.4571313294331249,0.4528153815970178,0.3115206464965014,0.4540697674418604,0.1775784753363228,0.5130890052356021,0.5245610574077727,0.5607960199004975,0.5627563576702215
66,Households,"Households with Children, % of Total",0.416988416988417,0.4481012658227848,0.4468871995068831,0.4406210658833403,0.3820773930753564,0.3907766990291262,0.3942093541202672,0.417187815210813,0.4000392387679027,0.1765053710456292,0.4098837209302325,0.2098654708520179,0.3509792515028117,0.337936476622608,0.3249751243781094,0.3113207547169811
67,Households,Living in Group Quarters,142.0,0.0,0.0,434.0,527.0,512.0,443.0,414.0,535.0,514.0,95.0,89.0,84.0,118.0,110.0,109.0
68,Households,Non-Family Households,0.1664774017715194,0.2130801687763713,0.2262173823710704,0.2085606378514477,0.2146639511201629,0.220873786407767,0.2006479044340959,0.1878152108129917,0.2128703158720816,0.5406524095791859,0.2292635658914728,0.5121076233183857,0.2394803180143494,0.2246991517064509,0.228457711442786,0.2305168170631665
69,Households,"Single Person Households, % of Total",0.1215080626845332,0.1932489451476793,0.1999178138483665,0.1770877045740663,0.1775967413441955,0.1814320388349514,0.1579267058108928,0.1494855759531975,0.1595055915244261,0.3822804769882724,0.1701550387596899,0.379372197309417,0.1593949970913321,0.1629512724403235,0.1731343283582089,0.1675553732567678
70,Housing,Median Year Moved In Owner,1985.4023668639052,1992.5403726708075,1996.262002743484,1994.4378698224853,1995.120056497175,2000.186544342508,1996.5309734513276,1996.5243902439024,2000.479704797048,2002.485131690739,1993.2485207100592,2013.90625,1994.203947368421,1996.5075376884424,1999.2362525458248,1998.725663716814
71,Housing,Median Year Moved In Renter,1995.9777117384845,2004.977797513321,2005.6644951140065,2003.5217091660925,2004.9456890699253,2010.073916737468,2005.9082308420057,2007.524861878453,2014.0027906976743,2011.526571726294,2013.586258776329,2016.3121951219512,2013.6779411764703,2009.4736842105265,2010.7245283018867,2011.391304347826
72,Housing,Median Year Structure Built,1950.8164206642064,1949.854041916168,1957.8757841907152,1951.4294954721863,1952.3060109289615,1959.704457364341,1954.5579268292684,1953.500506585613,1953.5297239915076,1939.0,1952.3470411233704,2004.8119349005424,1952.008097165992,1952.2477064220184,1951.9535519125684,1953.1672932330828
73,Housing,"Overcrowding, Renter Occupied Housing",0.3357103675260559,0.1256422232601588,0.1336996336996337,0.1307403936269915,0.1151622943530458,0.1203183520599251,0.1130242825607064,0.1269296740994854,0.1002877106452938,0.0439137134052388,0.1014553014553014,0.1208907741251325,0.1693702290076336,0.1952965235173824,0.2076923076923077,0.1651515151515151
74,Housing,Owner Occupied,0.5927167113494192,0.5483122362869198,0.5512636120813643,0.5522450692404532,0.5419551934826884,0.5679611650485437,0.5414051427414457,0.5295541658261045,0.5226603884638023,0.3604020892874741,0.5339147286821705,0.1542600896860986,0.5935621485359706,0.6141250739790886,0.6119402985074627,0.593929450369155
76,Housing,"Owner Occupied by Race, Asian Alone",0.7632415254237288,0.6319165998396151,0.6394499355393211,0.6803532008830022,0.6835987946620748,0.7163382594417077,0.7134121483897269,0.7037773359840954,0.6899921813917123,0.5176076020122974,0.7034249153180279,0.0811965811965812,0.7357357357357357,0.7251935256861365,0.6946964410327984,0.6800422386483632
78,Housing,"Owner Occupied by Race, Hispanic or Latino",0.4796992481203007,0.5728813559322034,0.6234652114597544,0.5991902834008097,0.4900351699882767,0.4569767441860465,0.4270833333333333,0.3415559772296015,0.344059405940594,0.270637408568443,0.4131501472031403,0.1142857142857142,0.4814814814814814,0.5377604166666666,0.5496535796766744,0.4494949494949495
80,Housing,"Owner Occupied by Race, Some Other Race Alone",0.4717948717948718,0.6266666666666667,0.6436781609195402,0.6126984126984127,0.4404761904761904,0.3822115384615384,0.3846153846153846,0.2896341463414634,0.257985257985258,0.3518987341772152,0.2881889763779527,0.0,0.2972027972027972,0.2761020881670533,0.2616136919315403,0.2254697286012526
81,Housing,"Owner Occupied by Race, Two or More Races",0.6513761467889908,0.3770491803278688,0.4271844660194174,0.4848484848484848,0.3191489361702128,0.2606060606060606,0.3006134969325153,0.3630952380952381,0.4067796610169492,0.2439862542955326,0.6342857142857142,0.6938775510204082,0.6502242152466368,0.6929133858267716,0.6909090909090909,0.6075949367088608
82,Housing,"Owner Occupied by Race, White Alone",0.6418109187749668,0.6021621621621621,0.6619718309859155,0.6306413301662708,0.635593220338983,0.6100342075256556,0.5739130434782609,0.5111940298507462,0.5113350125944585,0.2700867597133157,0.4836601307189542,0.2096436058700209,0.6108433734939759,0.6757575757575758,0.6533923303834809,0.672386895475819
83,Housing,"Owner Occupied by Race, White Alone, Not Hispanic or Latino",0.6833631484794276,0.6317757009345795,0.6826003824091779,0.6473029045643154,0.6858407079646017,0.6584867075664622,0.6225296442687747,0.6078838174273858,0.5363825363825364,0.2723735408560311,0.4259634888438134,0.1877934272300469,0.5506535947712419,0.5988593155893536,0.5769230769230769,0.6216216216216216
84,Housing,Post 1979 All and Pre 1979 Single Family Renter Occupied by Year Structure Built by Units in Structure,880.0,1910.0,1802.0,1790.0,1885.0,1834.0,1449.0,1539.0,1657.0,1830.0,1507.0,696.0,1296.0,1226.0,1401.0,1469.0
85,Housing,Pre 1980 MultiFamily Renter Occupied by Year Structure Built by Units in Structure,924.0,92.0,165.0,199.0,201.0,161.0,816.0,778.0,761.0,4660.0,879.0,247.0,800.0,730.0,539.0,504.0
86,Housing,Renter Occupied,0.4072832886505809,0.4516877637130801,0.4487363879186357,0.4477549307595468,0.4580448065173116,0.4320388349514563,0.4585948572585543,0.4704458341738955,0.4773396115361977,0.6395979107125259,0.4660852713178294,0.8457399103139014,0.4064378514640295,0.3858749260209114,0.3880597014925373,0.4060705496308449
88,Housing,"Renter Occupied by Race, Asian Alone",0.2367584745762712,0.3680834001603849,0.360550064460679,0.3196467991169978,0.3164012053379251,0.2836617405582923,0.2865878516102731,0.2962226640159046,0.3100078186082877,0.4823923979877026,0.2965750846819721,0.9188034188034188,0.2642642642642642,0.2748064743138634,0.3053035589672017,0.3199577613516367
90,Housing,"Renter Occupied by Race, Hispanic or Latino",0.5203007518796993,0.4271186440677966,0.3765347885402456,0.4008097165991903,0.5099648300117233,0.5430232558139535,0.5729166666666666,0.6584440227703985,0.655940594059406,0.7293625914315569,0.5868498527968596,0.8857142857142857,0.5185185185185185,0.4622395833333333,0.4503464203233256,0.5505050505050505
92,Housing,"Renter Occupied by Race, Some Other Race Alone",0.5282051282051282,0.3733333333333333,0.3563218390804598,0.3873015873015873,0.5595238095238095,0.6177884615384616,0.6153846153846154,0.7103658536585366,0.742014742014742,0.6481012658227848,0.7118110236220473,1.0,0.7027972027972028,0.7238979118329466,0.7383863080684596,0.7745302713987474
93,Housing,"Renter Occupied by Race, Two or More Races",0.3486238532110092,0.6229508196721312,0.5728155339805825,0.5151515151515151,0.6808510638297872,0.7393939393939394,0.6993865030674846,0.6369047619047619,0.5932203389830508,0.7560137457044673,0.3657142857142857,0.3061224489795918,0.3497757847533632,0.3070866141732283,0.3090909090909091,0.3924050632911392
94,Housing,"Renter Occupied by Race, White Alone",0.3581890812250333,0.3978378378378378,0.3380281690140845,0.3693586698337292,0.3644067796610169,0.3899657924743444,0.4260869565217391,0.4888059701492537,0.4886649874055415,0.7299132402866843,0.5163398692810458,0.790356394129979,0.3891566265060241,0.3242424242424242,0.3466076696165192,0.3276131045241809
95,Housing,"Renter Occupied by Race, White Alone, Not Hispanic or Latino",0.3166368515205724,0.3682242990654205,0.3173996175908222,0.3526970954356846,0.3141592920353982,0.3415132924335378,0.3774703557312253,0.3921161825726141,0.4636174636174636,0.7276264591439688,0.5740365111561866,0.812206572769953,0.4493464052287582,0.4011406844106464,0.4230769230769231,0.3783783783783784
96,Housing,Total Number of Units,4599.0,5007.0,5098.0,5089.0,5204.0,5297.0,5275.0,5281.0,5355.0,10895.0,5308.0,1311.0,5340.0,5295.0,5247.0,5078.0
97,Housing,Total Vacant Units,123.0,267.0,231.0,323.0,294.0,353.0,336.0,324.0,258.0,748.0,148.0,196.0,183.0,226.0,222.0,202.0
98,Housing,Vacancy Rate,0.0267449445531637,0.0533253445176752,0.0453118870145154,0.0634702299076439,0.0564950038431975,0.0666414951859543,0.0636966824644549,0.0613520166635107,0.0481792717086834,0.0686553464892152,0.0278824415975885,0.1495041952707856,0.0342696629213483,0.0426817752596789,0.0423098913664951,0.0397794407246947
99,Housing Prices,Contract Rent 100 to 149,127.0,10.0,76.0,115.0,158.0,95.0,95.0,89.0,86.0,0.0,46.0,0.0,13.0,0.0,0.0,0.0
100,Housing Prices,Contract Rent 1000 to 1249,197.0,224.0,224.0,319.0,334.0,338.0,298.0,270.0,216.0,636.0,202.0,141.0,116.0,166.0,210.0,172.0
101,Housing Prices,Contract Rent 1250 to 1499,57.0,196.0,214.0,129.0,136.0,68.0,89.0,226.0,257.0,587.0,275.0,166.0,239.0,191.0,109.0,132.0
102,Housing Prices,Contract Rent 150 to 199,288.0,65.0,69.0,69.0,78.0,86.0,80.0,59.0,52.0,11.0,39.0,0.0,13.0,30.0,66.0,62.0
103,Housing Prices,Contract Rent 1500 to 1999,54.0,160.0,216.0,183.0,290.0,358.0,412.0,381.0,322.0,1104.0,230.0,142.0,181.0,156.0,262.0,211.0
104,Housing Prices,Contract Rent 200 to 249,94.0,42.0,74.0,114.0,66.0,67.0,86.0,58.0,27.0,13.0,42.0,54.0,21.0,38.0,22.0,73.0
105,Housing Prices,"Contract Rent 2000 to 2499 (Contract Rent 2000 or more, DEC2000 and ACS2009-2014)",0.0,145.0,180.0,164.0,149.0,143.0,106.0,169.0,230.0,855.0,244.0,13.0,131.0,216.0,271.0,277.0
106,Housing Prices,Contract Rent 250 to 299,70.0,124.0,116.0,69.0,80.0,92.0,97.0,84.0,87.0,113.0,66.0,123.0,92.0,27.0,13.0,13.0
108,Housing Prices,Contract Rent 300 to 349,104.0,188.0,79.0,42.0,49.0,73.0,88.0,62.0,72.0,25.0,99.0,4.0,78.0,96.0,19.0,12.0
110,Housing Prices,Contract Rent 350 to 399,70.0,49.0,74.0,91.0,54.0,39.0,44.0,32.0,45.0,0.0,92.0,0.0,80.0,65.0,85.0,12.0
112,Housing Prices,Contract Rent 400 to 449,67.0,95.0,92.0,96.0,54.0,38.0,61.0,61.0,58.0,0.0,46.0,18.0,33.0,50.0,36.0,0.0
113,Housing Prices,Contract Rent 500 to 549,128.0,148.0,69.0,16.0,45.0,37.0,28.0,17.0,31.0,62.0,67.0,0.0,17.0,19.0,18.0,11.0
114,Housing Prices,Contract Rent 550 to 599,59.0,80.0,209.0,129.0,144.0,83.0,98.0,89.0,83.0,25.0,80.0,0.0,66.0,80.0,85.0,150.0
115,Housing Prices,Contract Rent 600 to 649,60.0,43.0,4.0,25.0,19.0,33.0,29.0,16.0,5.0,96.0,23.0,0.0,83.0,40.0,55.0,69.0
116,Housing Prices,Contract Rent 650 to 699,54.0,136.0,46.0,73.0,41.0,57.0,83.0,82.0,58.0,32.0,57.0,14.0,15.0,76.0,99.0,38.0
117,Housing Prices,Contract Rent 700 to 749,32.0,0.0,17.0,11.0,23.0,27.0,49.0,61.0,68.0,97.0,64.0,0.0,34.0,19.0,15.0,67.0
118,Housing Prices,Contract Rent 750 to 749,78.0,25.0,27.0,38.0,31.0,10.0,21.0,23.0,28.0,8.0,41.0,0.0,10.0,38.0,24.0,0.0
119,Housing Prices,Contract Rent 750 to 799,26.0,24.0,34.0,24.0,21.0,51.0,29.0,8.0,7.0,133.0,22.0,0.0,0.0,20.0,19.0,0.0
120,Housing Prices,Contract Rent 800 to 899,67.0,136.0,112.0,162.0,165.0,126.0,88.0,69.0,55.0,175.0,47.0,49.0,132.0,102.0,6.0,17.0
121,Housing Prices,Contract Rent 900 to 999,116.0,64.0,58.0,48.0,106.0,106.0,111.0,137.0,120.0,265.0,18.0,36.0,95.0,125.0,167.0,170.0
122,Housing Prices,Contract Rent Less than 100,18.0,122.0,134.0,108.0,88.0,95.0,82.0,69.0,114.0,11.0,118.0,0.0,121.0,15.0,31.0,39.0
123,Housing Prices,Contract Rent Total,1823.0,2141.0,2184.0,2134.0,2249.0,2136.0,2265.0,2332.0,2433.0,6490.0,2405.0,943.0,2096.0,1956.0,1950.0,1980.0
124,Housing Prices,Contract Rent Total No cash Rent (ACS2015-),57.0,0.0,0.0,0.0,0.0,0.0,146.0,133.0,160.0,158.0,149.0,0.0,95.0,57.0,72.0,30.0
125,Housing Prices,"Contract Rent Total No cash Rent (No cash rent, DEC2000 and ACS2009-2014)",57.0,65.0,60.0,109.0,118.0,114.0,30.0,48.0,87.0,767.0,128.0,40.0,276.0,237.0,159.0,129.0
126,Housing Prices,Contract Rent Total With cash Rent,1766.0,2076.0,2124.0,2025.0,2131.0,2022.0,2119.0,2199.0,2273.0,6332.0,2256.0,943.0,2001.0,1899.0,1878.0,1950.0
127,Housing Prices,Extremely Rent Burdened,0.1629182665935271,0.2933208780943484,0.3095238095238095,0.2788191190253046,0.2636727434415296,0.2771535580524344,0.273289183222958,0.305746140651801,0.2700369913686806,0.1893682588597842,0.2411642411642411,0.1505832449628844,0.2614503816793893,0.263803680981595,0.3030769230769231,0.3090909090909091
137,Housing Prices,Home Value 10000 to 14999 ,7.0,0.0,0.0,0.0,0.0,0.0,0.0,0.0,0.0,0.0,0.0,0.0,0.0,0.0,0.0,0.0
138,Housing Prices,Home Value 100000 to 124999,24.0,10.0,32.0,29.0,24.0,27.0,27.0,18.0,19.0,16.0,38.0,0.0,67.0,95.0,95.0,25.0
139,Housing Prices,"Home Value 1000000 to 1499999 (1000000 or more, DEC2000 and ACS2009-2014)",0.0,40.0,25.0,20.0,19.0,9.0,19.0,60.0,65.0,567.0,310.0,28.0,706.0,1101.0,1210.0,1115.0
140,Housing Prices,Home Value 125000 to 149999,40.0,6.0,9.0,12.0,16.0,8.0,9.0,6.0,5.0,10.0,0.0,0.0,8.0,0.0,0.0,0.0
141,Housing Prices,Home Value 15000 to 19999 ,12.0,0.0,0.0,0.0,0.0,0.0,0.0,0.0,0.0,0.0,0.0,0.0,0.0,0.0,0.0,0.0
142,Housing Prices,Home Value 150000 to 174999,112.0,7.0,5.0,6.0,15.0,34.0,23.0,19.0,19.0,0.0,0.0,0.0,6.0,17.0,18.0,24.0
144,Housing Prices,Home Value 175000 to 199999,85.0,24.0,30.0,33.0,28.0,30.0,0.0,0.0,21.0,7.0,29.0,0.0,17.0,0.0,0.0,1.0
145,Housing Prices,Home Value 20000 to 24999 ,59.0,0.0,0.0,0.0,0.0,0.0,0.0,0.0,0.0,0.0,0.0,0.0,0.0,0.0,0.0,0.0
146,Housing Prices,Home Value 200000 to 249999,580.0,70.0,29.0,39.0,71.0,82.0,48.0,38.0,26.0,0.0,7.0,0.0,0.0,0.0,0.0,0.0
148,Housing Prices,Home Value 25000 to 29999 ,153.0,0.0,0.0,0.0,0.0,0.0,0.0,0.0,0.0,0.0,0.0,0.0,0.0,0.0,0.0,0.0
149,Housing Prices,Home Value 250000 to 299999,675.0,69.0,45.0,41.0,33.0,44.0,43.0,22.0,34.0,16.0,41.0,0.0,23.0,0.0,34.0,35.0
150,Housing Prices,Home Value 30000 to 34999 ,82.0,21.0,19.0,0.0,13.0,6.0,17.0,15.0,12.0,0.0,10.0,0.0,0.0,0.0,0.0,0.0
151,Housing Prices,Home Value 300000 to 399999,612.0,358.0,345.0,394.0,357.0,348.0,267.0,225.0,111.0,63.0,55.0,0.0,32.0,57.0,52.0,39.0
152,Housing Prices,Home Value 35000 to 39999 ,48.0,10.0,6.0,0.0,0.0,0.0,0.0,0.0,0.0,0.0,0.0,0.0,0.0,0.0,0.0,0.0
153,Housing Prices,Home Value 40000 to 49999 ,19.0,12.0,5.0,12.0,0.0,0.0,0.0,0.0,0.0,0.0,0.0,0.0,0.0,0.0,0.0,17.0
154,Housing Prices,Home Value 400000 to 499999,119.0,494.0,705.0,788.0,832.0,844.0,689.0,477.0,368.0,161.0,118.0,0.0,63.0,26.0,0.0,0.0
155,Housing Prices,Home Value 50000 to 59999 ,0.0,0.0,12.0,8.0,16.0,17.0,19.0,16.0,8.0,0.0,0.0,0.0,0.0,0.0,0.0,0.0
156,Housing Prices,Home Value 500000 to 749999,9.0,1149.0,1203.0,1105.0,1144.0,1190.0,1287.0,1343.0,1315.0,1104.0,1023.0,15.0,611.0,370.0,326.0,215.0
157,Housing Prices,Home Value 60000 to 69999 ,0.0,36.0,19.0,0.0,0.0,0.0,13.0,11.0,14.0,0.0,10.0,0.0,0.0,0.0,0.0,10.0
158,Housing Prices,Home Value 70000 to 79999 ,0.0,0.0,0.0,0.0,0.0,0.0,0.0,0.0,0.0,8.0,0.0,0.0,0.0,6.0,0.0,0.0
159,Housing Prices,Home Value 750000 to 999999,0.0,237.0,194.0,145.0,70.0,148.0,163.0,327.0,598.0,913.0,979.0,41.0,1388.0,1131.0,975.0,1073.0
160,Housing Prices,Home Value 80000 to 89999 ,17.0,56.0,0.0,0.0,0.0,0.0,6.0,7.0,6.0,5.0,10.0,0.0,4.0,12.0,16.0,5.0
161,Housing Prices,Home Value 90000 to 99999 ,0.0,0.0,0.0,0.0,0.0,0.0,0.0,0.0,0.0,0.0,0.0,0.0,0.0,4.0,4.0,11.0
162,Housing Prices,Home Value Less than 10000,0.0,0.0,0.0,0.0,23.0,21.0,19.0,13.0,14.0,47.0,11.0,0.0,9.0,6.0,46.0,72.0
163,Housing Prices,Home Value Total,2653.0,2599.0,2683.0,2632.0,2661.0,2808.0,2674.0,2625.0,2664.0,3657.0,2755.0,172.0,3061.0,3113.0,3075.0,2896.0
164,Housing Prices,Housing Units with a Mortgage,1877.0,1736.0,1868.0,1758.0,1612.0,1712.0,1695.0,1647.0,1674.0,2345.0,1623.0,137.0,1614.0,1681.0,1738.0,1694.0
165,Housing Prices,Housing Units with a Mortgage 0 to 30%,1056.0,847.0,844.0,796.0,686.0,634.0,672.0,716.0,733.0,1395.0,723.0,115.0,772.0,869.0,963.0,975.0
166,Housing Prices,Housing Units with a Mortgage 30-50%,452.0,376.0,438.0,408.0,425.0,621.0,559.0,582.0,613.0,550.0,503.0,11.0,485.0,438.0,388.0,378.0
167,Housing Prices,Housing Units with a Mortgage 50%+,358.0,497.0,586.0,554.0,501.0,457.0,464.0,349.0,328.0,392.0,397.0,11.0,357.0,374.0,387.0,341.0
168,Housing Prices,"Housing Units with a Mortgage 50%+ by Race, American Indian and Alaska Native Alone",0.0,0.0,0.0,0.0,0.0,0.0,0.0,0.0,0.0,0.0,0.0,0.0,0.0,0.0,0.0,0.0
169,Housing Prices,"Housing Units with a Mortgage 50%+ by Race, Asian Alone",191.0,0.0,0.0,0.0,0.0,0.0,0.0,0.0,0.0,0.0,0.0,0.0,0.0,0.0,320.0,278.0
170,Housing Prices,"Housing Units with a Mortgage 50%+ by Race, Black or African American Alone",106.0,0.0,0.0,0.0,0.0,0.0,0.0,0.0,0.0,0.0,0.0,0.0,0.0,0.0,18.0,21.0
171,Housing Prices,"Housing Units with a Mortgage 50%+ by Race, Hispanic or Latino",24.0,0.0,0.0,0.0,0.0,0.0,0.0,0.0,0.0,0.0,0.0,0.0,0.0,0.0,19.0,16.0
172,Housing Prices,"Housing Units with a Mortgage 50%+ by Race, Native Hawaiian and Other Pacific Islander Alone",0.0,0.0,0.0,0.0,0.0,0.0,0.0,0.0,0.0,0.0,0.0,0.0,0.0,0.0,0.0,0.0
173,Housing Prices,"Housing Units with a Mortgage 50%+ by Race, Some Other Race Alone",11.0,0.0,0.0,0.0,0.0,0.0,0.0,0.0,0.0,0.0,0.0,0.0,0.0,0.0,0.0,0.0
174,Housing Prices,"Housing Units with a Mortgage 50%+ by Race, Two or More Races",0.0,0.0,0.0,0.0,0.0,0.0,0.0,0.0,0.0,0.0,0.0,0.0,0.0,0.0,16.0,8.0
175,Housing Prices,"Housing Units with a Mortgage 50%+ by Race, White Alone",50.0,0.0,0.0,0.0,0.0,0.0,0.0,0.0,0.0,0.0,0.0,0.0,0.0,0.0,33.0,27.0
176,Housing Prices,"Housing Units with a Mortgage 50%+ by Race, White Alone, Not Hispanic or Latino",37.0,0.0,0.0,0.0,0.0,0.0,0.0,0.0,0.0,0.0,0.0,0.0,0.0,0.0,14.0,11.0
177,Housing Prices,Housing Units with a Mortgage Not Computed,11.0,16.0,0.0,0.0,0.0,0.0,0.0,0.0,0.0,8.0,0.0,0.0,0.0,0.0,0.0,0.0
178,Housing Prices,"Housing Units with a Mortgage by Race, American Indian and Alaska Native Alone",0.0,0.0,0.0,0.0,0.0,0.0,0.0,0.0,0.0,0.0,0.0,0.0,0.0,0.0,0.0,0.0
179,Housing Prices,"Housing Units with a Mortgage by Race, Asian Alone",0.0,0.0,0.0,0.0,0.0,0.0,0.0,0.0,0.0,0.0,0.0,0.0,0.0,0.0,1087.0,1096.0
180,Housing Prices,"Housing Units with a Mortgage by Race, Black or African American Alone",0.0,0.0,0.0,0.0,0.0,0.0,0.0,0.0,0.0,0.0,0.0,0.0,0.0,0.0,124.0,129.0
181,Housing Prices,"Housing Units with a Mortgage by Race, Hispanic or Latino",0.0,0.0,0.0,0.0,0.0,0.0,0.0,0.0,0.0,0.0,0.0,0.0,0.0,0.0,321.0,232.0
182,Housing Prices,"Housing Units with a Mortgage by Race, Native Hawaiian and Other Pacific Islander Alone",0.0,0.0,0.0,0.0,0.0,0.0,0.0,0.0,0.0,0.0,0.0,0.0,0.0,0.0,48.0,35.0
183,Housing Prices,"Housing Units with a Mortgage by Race, Some Other Race Alone",0.0,0.0,0.0,0.0,0.0,0.0,0.0,0.0,0.0,0.0,0.0,0.0,0.0,0.0,84.0,97.0
184,Housing Prices,"Housing Units with a Mortgage by Race, Two or More Races",0.0,0.0,0.0,0.0,0.0,0.0,0.0,0.0,0.0,0.0,0.0,0.0,0.0,0.0,121.0,66.0
185,Housing Prices,"Housing Units with a Mortgage by Race, White Alone",0.0,0.0,0.0,0.0,0.0,0.0,0.0,0.0,0.0,0.0,0.0,0.0,0.0,0.0,274.0,271.0
186,Housing Prices,"Housing Units with a Mortgage by Race, White Alone, Not Hispanic or Latino",0.0,0.0,0.0,0.0,0.0,0.0,0.0,0.0,0.0,0.0,0.0,0.0,0.0,0.0,151.0,185.0
187,Housing Prices,Housing Units without a Mortgage,657.0,863.0,815.0,874.0,1049.0,1096.0,979.0,978.0,990.0,1312.0,1132.0,35.0,1447.0,1432.0,1337.0,1202.0
188,Housing Prices,Housing Units without a Mortgage 0 to 30%,577.0,728.0,659.0,700.0,871.0,927.0,864.0,921.0,909.0,1189.0,1025.0,35.0,1246.0,1240.0,1163.0,1073.0
189,Housing Prices,Housing Units without a Mortgage 30-50%,65.0,102.0,124.0,138.0,140.0,127.0,71.0,47.0,57.0,57.0,75.0,0.0,74.0,76.0,22.0,20.0
190,Housing Prices,Housing Units without a Mortgage 50%+,15.0,33.0,32.0,36.0,38.0,42.0,44.0,10.0,16.0,52.0,12.0,0.0,99.0,99.0,131.0,108.0
191,Housing Prices,"Housing Units without a Mortgage 50%+ by Race, American Indian and Alaska Native Alone",0.0,0.0,0.0,0.0,0.0,0.0,0.0,0.0,0.0,0.0,0.0,0.0,0.0,0.0,0.0,0.0
192,Housing Prices,"Housing Units without a Mortgage 50%+ by Race, Asian Alone",0.0,0.0,0.0,0.0,0.0,0.0,0.0,0.0,0.0,0.0,0.0,0.0,0.0,0.0,96.0,80.0
193,Housing Prices,"Housing Units without a Mortgage 50%+ by Race, Black or African American Alone",0.0,0.0,0.0,0.0,0.0,0.0,0.0,0.0,0.0,0.0,0.0,0.0,0.0,0.0,23.0,14.0
194,Housing Prices,"Housing Units without a Mortgage 50%+ by Race, Hispanic or Latino",4.0,0.0,0.0,0.0,0.0,0.0,0.0,0.0,0.0,0.0,0.0,0.0,0.0,0.0,0.0,0.0
195,Housing Prices,"Housing Units without a Mortgage 50%+ by Race, Native Hawaiian and Other Pacific Islander Alone",0.0,0.0,0.0,0.0,0.0,0.0,0.0,0.0,0.0,0.0,0.0,0.0,0.0,0.0,0.0,0.0
196,Housing Prices,"Housing Units without a Mortgage 50%+ by Race, Some Other Race Alone",0.0,0.0,0.0,0.0,0.0,0.0,0.0,0.0,0.0,0.0,0.0,0.0,0.0,0.0,0.0,0.0
197,Housing Prices,"Housing Units without a Mortgage 50%+ by Race, Two or More Races",0.0,0.0,0.0,0.0,0.0,0.0,0.0,0.0,0.0,0.0,0.0,0.0,0.0,0.0,0.0,0.0
198,Housing Prices,"Housing Units without a Mortgage 50%+ by Race, White Alone",15.0,0.0,0.0,0.0,0.0,0.0,0.0,0.0,0.0,0.0,0.0,0.0,0.0,0.0,12.0,14.0
199,Housing Prices,"Housing Units without a Mortgage 50%+ by Race, White Alone, Not Hispanic or Latino",11.0,0.0,0.0,0.0,0.0,0.0,0.0,0.0,0.0,0.0,0.0,0.0,0.0,0.0,12.0,14.0
200,Housing Prices,Housing Units without a Mortgage Not Computed,0.0,0.0,0.0,0.0,0.0,0.0,0.0,0.0,8.0,14.0,20.0,0.0,28.0,17.0,21.0,1.0
201,Housing Prices,"Housing Units without a Mortgage by Race, American Indian and Alaska Native Alone",0.0,0.0,0.0,0.0,0.0,0.0,0.0,0.0,0.0,0.0,0.0,0.0,0.0,0.0,0.0,0.0
202,Housing Prices,"Housing Units without a Mortgage by Race, Asian Alone",0.0,0.0,0.0,0.0,0.0,0.0,0.0,0.0,0.0,0.0,0.0,0.0,0.0,0.0,904.0,836.0
203,Housing Prices,"Housing Units without a Mortgage by Race, Black or African American Alone",0.0,0.0,0.0,0.0,0.0,0.0,0.0,0.0,0.0,0.0,0.0,0.0,0.0,0.0,96.0,69.0
204,Housing Prices,"Housing Units without a Mortgage by Race, Hispanic or Latino",0.0,0.0,0.0,0.0,0.0,0.0,0.0,0.0,0.0,0.0,0.0,0.0,0.0,0.0,155.0,124.0
205,Housing Prices,"Housing Units without a Mortgage by Race, Native Hawaiian and Other Pacific Islander Alone",0.0,0.0,0.0,0.0,0.0,0.0,0.0,0.0,0.0,0.0,0.0,0.0,0.0,0.0,0.0,0.0
206,Housing Prices,"Housing Units without a Mortgage by Race, Some Other Race Alone",0.0,0.0,0.0,0.0,0.0,0.0,0.0,0.0,0.0,0.0,0.0,0.0,0.0,0.0,23.0,11.0
207,Housing Prices,"Housing Units without a Mortgage by Race, Two or More Races",0.0,0.0,0.0,0.0,0.0,0.0,0.0,0.0,0.0,0.0,0.0,0.0,0.0,0.0,145.0,126.0
208,Housing Prices,"Housing Units without a Mortgage by Race, White Alone",0.0,0.0,0.0,0.0,0.0,0.0,0.0,0.0,0.0,0.0,0.0,0.0,0.0,0.0,169.0,160.0
209,Housing Prices,"Housing Units without a Mortgage by Race, White Alone, Not Hispanic or Latino",0.0,0.0,0.0,0.0,0.0,0.0,0.0,0.0,0.0,0.0,0.0,0.0,0.0,0.0,164.0,160.0
210,Housing Prices,Median Contract Rent,467.578125,626.4705882352941,705.5555555555555,784.375,834.6969696969697,997.1509433962264,901.3513513513514,1077.3148148148148,1162.6157407407406,1897.1920289855072,1199.2574257425742,1298.94578313253,1210.1293103448277,1164.9096385542168,1213.095238095238,1382.5757575757575
211,Housing Prices,Median Home Value,256555.5555555556,527523.9338555265,516729.0108063176,494162.43654822337,488281.25,406754.4194312797,530497.2804972805,582930.0074460164,628326.9961977187,857201.5334063526,756511.746680286,2000000.0454545452,874369.5965417868,962975.243147657,992692.3076923076,981593.6626281454
212,Housing Prices,Median Rent,537.0,801.685393258427,814.0909090909091,829.4,910.5769230769232,942.4615384615385,946.2121212121212,1175.2092050209203,1289.4444444444443,1991.79580674567,1353.3653846153843,1316.5983606557377,1266.9354838709678,1310.5828220858896,1416.6666666666667,1649.546827794562
213,Housing Prices,Median Rent as % of Household Income,23.254752066115703,30.208024691358023,30.0708,30.6453125,32.620478723404254,33.20934065934066,34.89811320754717,36.66907894736842,35.23537549407114,25.693376068376068,33.80607843137255,35.02421875,30.096544715447152,30.30872093023256,30.784177215189874,28.54
214,Housing Prices,Rent 100 to 149,119.0,0.0,8.0,49.0,100.0,62.0,90.0,89.0,81.0,0.0,42.0,0.0,8.0,0.0,0.0,0.0
215,Housing Prices,Rent 1000 to 1249,222.0,191.0,202.0,293.0,326.0,297.0,248.0,239.0,161.0,621.0,94.0,141.0,150.0,189.0,209.0,255.0
216,Housing Prices,Rent 1250 to 1499,136.0,268.0,221.0,159.0,159.0,105.0,148.0,200.0,225.0,547.0,208.0,122.0,155.0,163.0,96.0,72.0
217,Housing Prices,Rent 150 to 199,250.0,128.0,143.0,96.0,91.0,53.0,71.0,54.0,49.0,0.0,39.0,0.0,5.0,7.0,7.0,7.0
218,Housing Prices,Rent 1500 to 1999,70.0,172.0,221.0,235.0,349.0,375.0,360.0,427.0,410.0,1097.0,338.0,186.0,227.0,209.0,343.0,331.0
219,Housing Prices,Rent 200 to 249,90.0,42.0,71.0,84.0,36.0,53.0,39.0,21.0,20.0,13.0,36.0,14.0,9.0,7.0,8.0,11.0
220,Housing Prices,"Rent 2000 to 2499  (Rent 2000 or more, DEC2000 and ACS2009-2014)",7.0,160.0,255.0,194.0,185.0,201.0,199.0,215.0,210.0,955.0,279.0,13.0,129.0,178.0,139.0,121.0
221,Housing Prices,Rent 250 to 299,79.0,124.0,106.0,90.0,94.0,110.0,108.0,93.0,91.0,104.0,64.0,135.0,93.0,27.0,40.0,89.0
223,Housing Prices,Rent 300 to 349,102.0,111.0,109.0,51.0,59.0,84.0,73.0,55.0,67.0,16.0,43.0,28.0,4.0,78.0,29.0,25.0
225,Housing Prices,Rent 350 to 399,20.0,12.0,20.0,84.0,81.0,66.0,77.0,38.0,42.0,11.0,92.0,4.0,70.0,16.0,4.0,0.0
227,Housing Prices,Rent 400 to 449,63.0,24.0,48.0,42.0,6.0,38.0,63.0,78.0,71.0,29.0,52.0,0.0,67.0,71.0,67.0,20.0
228,Housing Prices,Rent 450 to 499,105.0,247.0,140.0,60.0,61.0,49.0,40.0,17.0,31.0,12.0,37.0,18.0,17.0,33.0,24.0,17.0
229,Housing Prices,Rent 500 to 549,50.0,55.0,117.0,113.0,122.0,63.0,57.0,42.0,38.0,28.0,77.0,0.0,32.0,44.0,85.0,126.0
230,Housing Prices,Rent 550 to 599,80.0,65.0,42.0,37.0,37.0,28.0,53.0,42.0,0.0,116.0,25.0,0.0,122.0,48.0,27.0,51.0
231,Housing Prices,Rent 600 to 649,50.0,72.0,45.0,59.0,32.0,33.0,32.0,54.0,67.0,0.0,80.0,0.0,26.0,124.0,109.0,7.0
232,Housing Prices,Rent 650 to 699,56.0,13.0,19.0,33.0,25.0,49.0,68.0,44.0,56.0,145.0,72.0,0.0,37.0,29.0,58.0,58.0
233,Housing Prices,Rent 700 to 749,40.0,83.0,62.0,24.0,31.0,37.0,63.0,65.0,43.0,0.0,30.0,14.0,24.0,49.0,24.0,51.0
234,Housing Prices,Rent 750 to 799,71.0,0.0,10.0,9.0,19.0,27.0,23.0,30.0,30.0,39.0,31.0,0.0,0.0,32.0,34.0,17.0
235,Housing Prices,Rent 800 to 899,72.0,89.0,110.0,125.0,178.0,119.0,90.0,66.0,56.0,173.0,66.0,14.0,118.0,14.0,0.0,0.0
236,Housing Prices,Rent 900 to 999,66.0,161.0,84.0,80.0,52.0,78.0,66.0,75.0,84.0,233.0,44.0,71.0,87.0,127.0,119.0,31.0
237,Housing Prices,Rent Burdened,0.3055403181568842,0.4572629612330686,0.4739010989010989,0.4761012183692596,0.5033348154735438,0.5117041198501873,0.5152317880794702,0.5750428816466552,0.5470612412659268,0.3536209553158705,0.5201663201663201,0.5577942735949099,0.4451335877862595,0.4775051124744376,0.4835897435897436,0.4484848484848485
247,Housing Prices,Rent Less than 100,18.0,59.0,91.0,108.0,88.0,95.0,82.0,69.0,114.0,0.0,118.0,0.0,121.0,15.0,31.0,39.0
248,Housing Prices,Rent Total,1823.0,2141.0,2184.0,2134.0,2249.0,2136.0,2265.0,2332.0,2433.0,6490.0,2405.0,943.0,2096.0,1956.0,1950.0,1980.0
249,Housing Prices,"Rent Total No cash rent  (No cash rent, DEC2000 and ACS2009-2014)",57.0,65.0,60.0,109.0,118.0,114.0,35.0,82.0,150.0,751.0,137.0,28.0,246.0,189.0,169.0,239.0
250,Housing Prices,Rent Total No cash rent (ACS2015-),57.0,0.0,0.0,0.0,0.0,0.0,146.0,133.0,160.0,158.0,149.0,0.0,95.0,57.0,72.0,30.0
251,Housing Prices,Rent Total With cash rent,1766.0,2076.0,2124.0,2025.0,2131.0,2022.0,2119.0,2199.0,2273.0,6332.0,2256.0,943.0,2001.0,1899.0,1878.0,1950.0
252,Housing Type,10-19 Units,0.0432702761469884,0.030157779109247,0.0251078854452726,0.0292788367066221,0.0445810914681014,0.0400226543326411,0.0542180094786729,0.0526415451619011,0.0494864612511671,0.176044056906838,0.0346646571213263,0.0633104500381388,0.0294007490636704,0.0205854579792256,0.0365923384791309,0.0604568727845608
253,Housing Type,2-4 Units,0.0674059578169167,0.0846814459756341,0.0918007061592781,0.0866574965612104,0.1101076095311299,0.1087407966773645,0.1273933649289099,0.123840181783753,0.1167133520074696,0.1864157870582836,0.1399773926149208,0.1495041952707856,0.1112359550561797,0.1121813031161473,0.0766152086906803,0.0722725482473414
254,Housing Type,20 Units or More,0.0045662100456621,0.0531256241262232,0.0453118870145154,0.0375319316172136,0.0347809377401998,0.0349254294883896,0.0267298578199052,0.0261314145048286,0.0253968253968253,0.2312987608994952,0.0261868877166541,0.7200610221205187,0.0183520599250936,0.0151085930122757,0.0112445206784829,0.0043324143363528
255,Housing Type,5-9 Units,0.1182865840400086,0.048332334731376,0.0545311887014515,0.0652387502456278,0.0528439661798616,0.056069473286766,0.0654028436018957,0.0681689074039007,0.0741363211951447,0.0971087654887563,0.0892991710625471,0.0,0.0777153558052434,0.0783758262511803,0.0522203163712597,0.0441118550610476
256,Housing Type,Other Type,0.0041313328984561,0.0,0.0,0.0,0.0,0.0,0.002085308056872,0.0047339519030486,0.0039215686274509,0.0,0.005463451394122,0.0,0.0014981273408239,0.0013220018885741,0.003239946636173,0.0027569909413154
257,Housing Type,Single Family Housing,0.7623396390519678,0.7837028160575195,0.7832483326794821,0.781292984869326,0.7576863950807071,0.7602416462148386,0.7241706161137441,0.7244839992425677,0.7303454715219421,0.3091326296466269,0.7044084400904296,0.0671243325705568,0.7617977528089888,0.7724268177525968,0.8200876691442729,0.8160693186293817
258,Income,Household Income 10000 to 14999,239.0,362.0,477.0,466.0,362.0,375.0,404.0,368.0,367.0,521.0,315.0,164.0,196.0,228.0,158.0,261.0
259,Income,"Household Income 10000 to 14999 by Race, American Indian and Alaska Native Alone",0.0,0.0,0.0,0.0,10.0,13.0,13.0,11.0,12.0,0.0,0.0,0.0,0.0,0.0,0.0,0.0
260,Income,"Household Income 10000 to 14999 by Race, Asian Alone",64.0,205.0,196.0,159.0,114.0,143.0,157.0,151.0,182.0,238.0,125.0,99.0,44.0,55.0,48.0,81.0
261,Income,"Household Income 10000 to 14999 by Race, Black or African American Alone",92.0,46.0,165.0,201.0,159.0,149.0,143.0,135.0,127.0,58.0,120.0,0.0,89.0,112.0,82.0,59.0
262,Income,"Household Income 10000 to 14999 by Race, Hispanic or Latino",20.0,34.0,39.0,49.0,36.0,41.0,57.0,46.0,40.0,55.0,31.0,36.0,31.0,21.0,0.0,87.0
263,Income,"Household Income 10000 to 14999 by Race, Native Hawaiian and Other Pacific Islander Alone",8.0,0.0,13.0,15.0,14.0,15.0,18.0,10.0,0.0,0.0,0.0,0.0,11.0,13.0,11.0,12.0
264,Income,"Household Income 10000 to 14999 by Race, Some Other Race Alone",0.0,34.0,39.0,39.0,22.0,23.0,23.0,17.0,16.0,18.0,14.0,36.0,18.0,21.0,0.0,87.0
265,Income,"Household Income 10000 to 14999 by Race, Two or More Races",8.0,4.0,0.0,0.0,0.0,0.0,0.0,0.0,0.0,0.0,0.0,0.0,4.0,4.0,4.0,5.0
266,Income,"Household Income 10000 to 14999 by Race, White Alone",67.0,73.0,64.0,52.0,43.0,32.0,50.0,44.0,30.0,207.0,56.0,29.0,30.0,23.0,13.0,17.0
267,Income,"Household Income 10000 to 14999 by Race, White Alone, Not Hispanic or Latino",47.0,73.0,64.0,42.0,39.0,27.0,29.0,26.0,18.0,170.0,39.0,29.0,17.0,23.0,13.0,17.0
268,Income,Household Income 100000 to 124999,322.0,397.0,354.0,386.0,324.0,355.0,333.0,304.0,301.0,1159.0,349.0,0.0,474.0,423.0,403.0,380.0
269,Income,"Household Income 100000 to 124999 by Race, American Indian and Alaska Native Alone",0.0,0.0,0.0,0.0,0.0,0.0,0.0,0.0,0.0,0.0,18.0,0.0,37.0,53.0,0.0,0.0
270,Income,"Household Income 100000 to 124999 by Race, Asian Alone",154.0,230.0,217.0,265.0,182.0,185.0,170.0,153.0,185.0,374.0,271.0,0.0,248.0,229.0,183.0,214.0
271,Income,"Household Income 100000 to 124999 by Race, Black or African American Alone",61.0,54.0,30.0,43.0,54.0,44.0,60.0,50.0,31.0,37.0,0.0,0.0,0.0,0.0,0.0,6.0
272,Income,"Household Income 100000 to 124999 by Race, Hispanic or Latino",46.0,39.0,51.0,59.0,48.0,82.0,59.0,69.0,43.0,197.0,41.0,0.0,124.0,79.0,132.0,98.0
273,Income,"Household Income 100000 to 124999 by Race, Native Hawaiian and Other Pacific Islander Alone",8.0,0.0,0.0,0.0,9.0,15.0,16.0,0.0,0.0,0.0,0.0,0.0,0.0,10.0,14.0,0.0
274,Income,"Household Income 100000 to 124999 by Race, Some Other Race Alone",31.0,0.0,9.0,23.0,14.0,39.0,40.0,50.0,13.0,83.0,20.0,0.0,40.0,40.0,55.0,50.0
275,Income,"Household Income 100000 to 124999 by Race, Two or More Races",6.0,0.0,0.0,0.0,8.0,11.0,10.0,0.0,0.0,79.0,0.0,0.0,26.0,38.0,100.0,70.0
276,Income,"Household Income 100000 to 124999 by Race, White Alone",62.0,113.0,98.0,55.0,57.0,61.0,37.0,51.0,72.0,586.0,40.0,0.0,123.0,53.0,51.0,40.0
277,Income,"Household Income 100000 to 124999 by Race, White Alone, Not Hispanic or Latino",47.0,74.0,56.0,19.0,23.0,18.0,18.0,32.0,42.0,548.0,19.0,0.0,65.0,29.0,47.0,40.0
278,Income,Household Income 125000 to 149999,123.0,207.0,142.0,215.0,166.0,251.0,311.0,374.0,467.0,755.0,403.0,44.0,409.0,411.0,312.0,284.0
279,Income,"Household Income 125000 to 149999 by Race, American Indian and Alaska Native Alone",0.0,0.0,0.0,0.0,0.0,0.0,0.0,0.0,0.0,0.0,0.0,0.0,0.0,0.0,0.0,0.0
280,Income,"Household Income 125000 to 149999 by Race, Asian Alone",49.0,152.0,46.0,80.0,73.0,166.0,200.0,218.0,206.0,239.0,212.0,0.0,266.0,270.0,192.0,187.0
281,Income,"Household Income 125000 to 149999 by Race, Black or African American Alone",21.0,0.0,22.0,24.0,27.0,24.0,13.0,10.0,17.0,7.0,21.0,0.0,33.0,29.0,13.0,17.0
282,Income,"Household Income 125000 to 149999 by Race, Hispanic or Latino",32.0,22.0,13.0,4.0,17.0,26.0,40.0,117.0,216.0,40.0,137.0,0.0,84.0,62.0,84.0,70.0
283,Income,"Household Income 125000 to 149999 by Race, Native Hawaiian and Other Pacific Islander Alone",0.0,0.0,0.0,0.0,0.0,0.0,0.0,0.0,0.0,0.0,0.0,0.0,0.0,0.0,0.0,0.0
284,Income,"Household Income 125000 to 149999 by Race, Some Other Race Alone",20.0,18.0,13.0,4.0,17.0,14.0,12.0,69.0,159.0,12.0,104.0,0.0,50.0,33.0,3.0,0.0
285,Income,"Household Income 125000 to 149999 by Race, Two or More Races",0.0,0.0,0.0,0.0,0.0,0.0,18.0,28.0,32.0,12.0,6.0,0.0,27.0,0.0,0.0,0.0
286,Income,"Household Income 125000 to 149999 by Race, White Alone",33.0,37.0,61.0,107.0,49.0,47.0,68.0,49.0,53.0,485.0,60.0,44.0,33.0,79.0,104.0,80.0
287,Income,"Household Income 125000 to 149999 by Race, White Alone, Not Hispanic or Latino",21.0,33.0,61.0,107.0,49.0,35.0,58.0,29.0,28.0,457.0,33.0,44.0,26.0,50.0,23.0,10.0
288,Income,Household Income 15000 to 19999,266.0,298.0,247.0,200.0,198.0,226.0,211.0,183.0,174.0,238.0,190.0,5.0,329.0,258.0,265.0,196.0
289,Income,"Household Income 15000 to 19999 by Race, American Indian and Alaska Native Alone",0.0,0.0,0.0,0.0,0.0,0.0,0.0,0.0,0.0,0.0,0.0,0.0,0.0,0.0,0.0,0.0
290,Income,"Household Income 15000 to 19999 by Race, Asian Alone",72.0,105.0,123.0,73.0,63.0,88.0,60.0,68.0,72.0,96.0,72.0,5.0,147.0,145.0,172.0,141.0
291,Income,"Household Income 15000 to 19999 by Race, Black or African American Alone",107.0,77.0,51.0,82.0,99.0,87.0,81.0,53.0,33.0,16.0,25.0,0.0,39.0,31.0,25.0,12.0
292,Income,"Household Income 15000 to 19999 by Race, Hispanic or Latino",53.0,12.0,0.0,0.0,11.0,29.0,42.0,42.0,39.0,9.0,39.0,0.0,65.0,19.0,25.0,25.0
293,Income,"Household Income 15000 to 19999 by Race, Native Hawaiian and Other Pacific Islander Alone",9.0,14.0,31.0,29.0,0.0,0.0,0.0,0.0,0.0,0.0,14.0,0.0,18.0,18.0,10.0,5.0
294,Income,"Household Income 15000 to 19999 by Race, Some Other Race Alone",15.0,0.0,0.0,0.0,0.0,6.0,7.0,7.0,6.0,0.0,30.0,0.0,46.0,0.0,7.0,7.0
295,Income,"Household Income 15000 to 19999 by Race, Two or More Races",20.0,0.0,0.0,0.0,0.0,0.0,0.0,0.0,0.0,0.0,0.0,0.0,19.0,19.0,18.0,18.0
296,Income,"Household Income 15000 to 19999 by Race, White Alone",43.0,102.0,42.0,16.0,36.0,45.0,63.0,55.0,63.0,126.0,49.0,0.0,60.0,45.0,33.0,13.0
297,Income,"Household Income 15000 to 19999 by Race, White Alone, Not Hispanic or Latino",25.0,90.0,42.0,16.0,25.0,22.0,28.0,20.0,30.0,126.0,40.0,0.0,60.0,45.0,33.0,13.0
298,Income,Household Income 150000 to 199999,104.0,181.0,248.0,205.0,284.0,296.0,317.0,343.0,379.0,1248.0,432.0,118.0,385.0,475.0,560.0,560.0
299,Income,"Household Income 150000 to 199999 by Race, American Indian and Alaska Native Alone",0.0,0.0,0.0,0.0,0.0,0.0,0.0,0.0,0.0,0.0,0.0,0.0,0.0,0.0,0.0,0.0
300,Income,"Household Income 150000 to 199999 by Race, Asian Alone",60.0,153.0,200.0,158.0,195.0,198.0,193.0,219.0,238.0,367.0,241.0,34.0,267.0,315.0,378.0,375.0
301,Income,"Household Income 150000 to 199999 by Race, Black or African American Alone",0.0,19.0,0.0,0.0,0.0,0.0,0.0,0.0,0.0,74.0,10.0,0.0,3.0,18.0,26.0,55.0
302,Income,"Household Income 150000 to 199999 by Race, Hispanic or Latino",10.0,0.0,32.0,20.0,70.0,49.0,65.0,61.0,84.0,114.0,100.0,3.0,83.0,121.0,117.0,71.0
303,Income,"Household Income 150000 to 199999 by Race, Native Hawaiian and Other Pacific Islander Alone",0.0,0.0,0.0,0.0,0.0,0.0,0.0,0.0,0.0,6.0,0.0,0.0,0.0,0.0,0.0,0.0
304,Income,"Household Income 150000 to 199999 by Race, Some Other Race Alone",10.0,0.0,17.0,6.0,58.0,40.0,50.0,51.0,62.0,48.0,39.0,0.0,64.0,57.0,63.0,71.0
305,Income,"Household Income 150000 to 199999 by Race, Two or More Races",12.0,0.0,0.0,0.0,0.0,0.0,12.0,10.0,11.0,41.0,37.0,23.0,0.0,41.0,54.0,0.0
306,Income,"Household Income 150000 to 199999 by Race, White Alone",22.0,9.0,31.0,41.0,31.0,58.0,62.0,63.0,68.0,712.0,105.0,61.0,51.0,44.0,39.0,59.0
307,Income,"Household Income 150000 to 199999 by Race, White Alone, Not Hispanic or Latino",22.0,9.0,16.0,27.0,19.0,49.0,47.0,53.0,46.0,669.0,68.0,61.0,32.0,21.0,39.0,59.0
308,Income,Household Income 20000 to 24999,255.0,408.0,465.0,466.0,533.0,511.0,404.0,355.0,357.0,235.0,250.0,13.0,197.0,217.0,129.0,99.0
309,Income,"Household Income 20000 to 24999 by Race, American Indian and Alaska Native Alone",0.0,0.0,0.0,0.0,0.0,0.0,0.0,0.0,0.0,0.0,0.0,0.0,0.0,0.0,0.0,0.0
310,Income,"Household Income 20000 to 24999 by Race, Asian Alone",63.0,247.0,189.0,237.0,270.0,242.0,211.0,165.0,194.0,91.0,113.0,13.0,128.0,124.0,65.0,54.0
311,Income,"Household Income 20000 to 24999 by Race, Black or African American Alone",89.0,95.0,144.0,94.0,75.0,76.0,32.0,39.0,29.0,45.0,77.0,0.0,69.0,83.0,57.0,42.0
312,Income,"Household Income 20000 to 24999 by Race, Hispanic or Latino",47.0,44.0,100.0,88.0,110.0,116.0,95.0,113.0,86.0,0.0,42.0,0.0,0.0,8.0,0.0,0.0
313,Income,"Household Income 20000 to 24999 by Race, Native Hawaiian and Other Pacific Islander Alone",4.0,0.0,14.0,13.0,17.0,24.0,36.0,16.0,26.0,0.0,0.0,0.0,0.0,0.0,0.0,0.0
314,Income,"Household Income 20000 to 24999 by Race, Some Other Race Alone",37.0,14.0,12.0,20.0,24.0,20.0,23.0,49.0,41.0,0.0,25.0,0.0,0.0,8.0,0.0,0.0
315,Income,"Household Income 20000 to 24999 by Race, Two or More Races",0.0,0.0,0.0,0.0,28.0,36.0,23.0,22.0,22.0,0.0,0.0,0.0,0.0,0.0,0.0,0.0
316,Income,"Household Income 20000 to 24999 by Race, White Alone",62.0,52.0,106.0,102.0,119.0,113.0,79.0,64.0,45.0,99.0,35.0,0.0,0.0,2.0,7.0,3.0
317,Income,"Household Income 20000 to 24999 by Race, White Alone, Not Hispanic or Latino",52.0,22.0,26.0,40.0,37.0,22.0,13.0,0.0,0.0,99.0,18.0,0.0,0.0,2.0,7.0,3.0
318,Income,Household Income 25000 to 29999,166.0,291.0,336.0,409.0,288.0,326.0,276.0,288.0,188.0,282.0,137.0,0.0,174.0,130.0,86.0,90.0
319,Income,"Household Income 25000 to 29999 by Race, American Indian and Alaska Native Alone",7.0,57.0,28.0,18.0,5.0,3.0,2.0,0.0,0.0,0.0,0.0,0.0,0.0,0.0,0.0,0.0
320,Income,"Household Income 25000 to 29999 by Race, Asian Alone",68.0,69.0,78.0,72.0,106.0,173.0,191.0,194.0,122.0,92.0,35.0,0.0,40.0,43.0,47.0,55.0
321,Income,"Household Income 25000 to 29999 by Race, Black or African American Alone",72.0,113.0,139.0,203.0,109.0,107.0,37.0,31.0,29.0,41.0,50.0,0.0,52.0,53.0,17.0,14.0
322,Income,"Household Income 25000 to 29999 by Race, Hispanic or Latino",0.0,0.0,40.0,33.0,26.0,19.0,33.0,20.0,13.0,35.0,35.0,0.0,44.0,8.0,0.0,0.0
323,Income,"Household Income 25000 to 29999 by Race, Native Hawaiian and Other Pacific Islander Alone",8.0,19.0,21.0,24.0,8.0,0.0,0.0,12.0,12.0,0.0,17.0,0.0,12.0,0.0,0.0,0.0
324,Income,"Household Income 25000 to 29999 by Race, Some Other Race Alone",0.0,0.0,9.0,0.0,0.0,0.0,12.0,13.0,13.0,0.0,35.0,0.0,44.0,8.0,0.0,0.0
325,Income,"Household Income 25000 to 29999 by Race, Two or More Races",0.0,33.0,30.0,33.0,23.0,15.0,7.0,5.0,0.0,0.0,0.0,0.0,16.0,16.0,16.0,16.0
326,Income,"Household Income 25000 to 29999 by Race, White Alone",11.0,0.0,31.0,59.0,37.0,28.0,27.0,33.0,12.0,149.0,0.0,0.0,10.0,10.0,6.0,5.0
327,Income,"Household Income 25000 to 29999 by Race, White Alone, Not Hispanic or Latino",11.0,0.0,0.0,26.0,11.0,9.0,6.0,26.0,12.0,114.0,0.0,0.0,10.0,10.0,6.0,5.0
328,Income,Household Income 30000 to 34999,197.0,290.0,232.0,244.0,286.0,269.0,278.0,216.0,180.0,198.0,125.0,52.0,76.0,151.0,173.0,136.0
329,Income,"Household Income 30000 to 34999 by Race, American Indian and Alaska Native Alone",13.0,4.0,13.0,10.0,0.0,0.0,0.0,0.0,0.0,0.0,0.0,0.0,0.0,0.0,0.0,0.0
330,Income,"Household Income 30000 to 34999 by Race, Asian Alone",40.0,71.0,79.0,90.0,72.0,98.0,74.0,74.0,77.0,46.0,55.0,35.0,39.0,43.0,88.0,92.0
331,Income,"Household Income 30000 to 34999 by Race, Black or African American Alone",29.0,134.0,99.0,78.0,96.0,22.0,27.0,13.0,16.0,63.0,19.0,0.0,20.0,73.0,46.0,13.0
332,Income,"Household Income 30000 to 34999 by Race, Hispanic or Latino",32.0,54.0,33.0,51.0,88.0,116.0,140.0,102.0,64.0,22.0,34.0,0.0,0.0,35.0,39.0,31.0
333,Income,"Household Income 30000 to 34999 by Race, Native Hawaiian and Other Pacific Islander Alone",8.0,13.0,13.0,15.0,21.0,14.0,20.0,10.0,6.0,0.0,7.0,0.0,0.0,0.0,0.0,0.0
334,Income,"Household Income 30000 to 34999 by Race, Some Other Race Alone",24.0,0.0,18.0,44.0,71.0,91.0,104.0,74.0,43.0,8.0,22.0,0.0,0.0,35.0,29.0,24.0
335,Income,"Household Income 30000 to 34999 by Race, Two or More Races",5.0,0.0,10.0,0.0,9.0,10.0,11.0,11.0,11.0,0.0,0.0,0.0,0.0,0.0,10.0,7.0
336,Income,"Household Income 30000 to 34999 by Race, White Alone",78.0,68.0,0.0,7.0,17.0,34.0,42.0,34.0,27.0,81.0,22.0,17.0,17.0,0.0,0.0,0.0
337,Income,"Household Income 30000 to 34999 by Race, White Alone, Not Hispanic or Latino",70.0,29.0,0.0,0.0,0.0,9.0,6.0,6.0,6.0,67.0,10.0,17.0,17.0,0.0,0.0,0.0
338,Income,Household Income 35000 to 39999,223.0,129.0,181.0,128.0,178.0,147.0,119.0,117.0,116.0,217.0,179.0,208.0,81.0,89.0,91.0,80.0
339,Income,"Household Income 35000 to 39999 by Race, American Indian and Alaska Native Alone",0.0,0.0,8.0,0.0,0.0,0.0,0.0,0.0,0.0,0.0,0.0,0.0,0.0,0.0,0.0,0.0
340,Income,"Household Income 35000 to 39999 by Race, Asian Alone",78.0,88.0,90.0,45.0,102.0,77.0,74.0,59.0,31.0,128.0,52.0,42.0,17.0,42.0,54.0,40.0
341,Income,"Household Income 35000 to 39999 by Race, Black or African American Alone",68.0,23.0,24.0,30.0,25.0,40.0,17.0,4.0,7.0,0.0,79.0,0.0,27.0,0.0,0.0,13.0
342,Income,"Household Income 35000 to 39999 by Race, Hispanic or Latino",28.0,18.0,40.0,47.0,40.0,18.0,16.0,48.0,59.0,11.0,31.0,43.0,50.0,16.0,19.0,0.0
343,Income,"Household Income 35000 to 39999 by Race, Native Hawaiian and Other Pacific Islander Alone",10.0,0.0,4.0,5.0,4.0,6.0,7.0,0.0,0.0,0.0,10.0,0.0,0.0,0.0,0.0,0.0
344,Income,"Household Income 35000 to 39999 by Race, Some Other Race Alone",17.0,0.0,0.0,6.0,5.0,6.0,5.0,39.0,53.0,0.0,23.0,43.0,7.0,0.0,0.0,0.0
345,Income,"Household Income 35000 to 39999 by Race, Two or More Races",11.0,0.0,15.0,13.0,7.0,6.0,5.0,6.0,7.0,0.0,7.0,0.0,12.0,12.0,0.0,0.0
346,Income,"Household Income 35000 to 39999 by Race, White Alone",39.0,18.0,40.0,29.0,35.0,12.0,11.0,9.0,18.0,89.0,8.0,123.0,18.0,35.0,37.0,27.0
347,Income,"Household Income 35000 to 39999 by Race, White Alone, Not Hispanic or Latino",28.0,0.0,0.0,0.0,0.0,0.0,0.0,0.0,12.0,78.0,8.0,123.0,0.0,19.0,18.0,27.0
348,Income,Household Income 40000 to 44999,235.0,271.0,244.0,253.0,179.0,134.0,178.0,146.0,200.0,291.0,191.0,42.0,162.0,98.0,36.0,34.0
349,Income,"Household Income 40000 to 44999 by Race, American Indian and Alaska Native Alone",0.0,11.0,12.0,13.0,12.0,0.0,0.0,0.0,0.0,0.0,0.0,0.0,0.0,0.0,0.0,0.0
350,Income,"Household Income 40000 to 44999 by Race, Asian Alone",73.0,179.0,143.0,148.0,87.0,89.0,100.0,82.0,78.0,160.0,26.0,0.0,37.0,25.0,13.0,11.0
351,Income,"Household Income 40000 to 44999 by Race, Black or African American Alone",113.0,0.0,13.0,0.0,5.0,5.0,30.0,36.0,37.0,28.0,74.0,0.0,35.0,42.0,13.0,0.0
352,Income,"Household Income 40000 to 44999 by Race, Hispanic or Latino",26.0,52.0,62.0,73.0,70.0,35.0,32.0,16.0,74.0,32.0,91.0,42.0,70.0,44.0,13.0,16.0
353,Income,"Household Income 40000 to 44999 by Race, Native Hawaiian and Other Pacific Islander Alone",0.0,0.0,0.0,0.0,0.0,0.0,0.0,0.0,0.0,0.0,0.0,0.0,0.0,0.0,0.0,0.0
354,Income,"Household Income 40000 to 44999 by Race, Some Other Race Alone",16.0,13.0,37.0,49.0,39.0,25.0,24.0,16.0,74.0,8.0,84.0,42.0,70.0,19.0,0.0,0.0
355,Income,"Household Income 40000 to 44999 by Race, Two or More Races",0.0,0.0,0.0,0.0,6.0,5.0,8.0,0.0,0.0,0.0,0.0,0.0,0.0,12.0,10.0,7.0
356,Income,"Household Income 40000 to 44999 by Race, White Alone",33.0,68.0,39.0,43.0,30.0,10.0,16.0,12.0,11.0,95.0,7.0,0.0,20.0,0.0,0.0,16.0
357,Income,"Household Income 40000 to 44999 by Race, White Alone, Not Hispanic or Latino",33.0,40.0,26.0,32.0,11.0,0.0,8.0,12.0,11.0,71.0,0.0,0.0,20.0,0.0,0.0,0.0
358,Income,Household Income 45000 to 49999,201.0,174.0,114.0,144.0,201.0,190.0,219.0,277.0,252.0,275.0,147.0,28.0,107.0,79.0,125.0,100.0
359,Income,"Household Income 45000 to 49999 by Race, American Indian and Alaska Native Alone",0.0,0.0,4.0,6.0,7.0,6.0,5.0,0.0,0.0,0.0,0.0,0.0,0.0,0.0,0.0,0.0
360,Income,"Household Income 45000 to 49999 by Race, Asian Alone",91.0,122.0,41.0,69.0,119.0,85.0,67.0,69.0,60.0,189.0,65.0,0.0,60.0,32.0,64.0,60.0
361,Income,"Household Income 45000 to 49999 by Race, Black or African American Alone",23.0,41.0,57.0,59.0,13.0,49.0,53.0,34.0,35.0,6.0,0.0,0.0,15.0,18.0,16.0,0.0
362,Income,"Household Income 45000 to 49999 by Race, Hispanic or Latino",35.0,0.0,9.0,11.0,37.0,20.0,59.0,84.0,91.0,42.0,27.0,0.0,25.0,10.0,34.0,28.0
363,Income,"Household Income 45000 to 49999 by Race, Native Hawaiian and Other Pacific Islander Alone",8.0,0.0,0.0,0.0,0.0,0.0,11.0,18.0,12.0,0.0,16.0,0.0,7.0,6.0,0.0,0.0
364,Income,"Household Income 45000 to 49999 by Race, Some Other Race Alone",21.0,0.0,0.0,0.0,24.0,14.0,54.0,84.0,91.0,29.0,23.0,0.0,17.0,10.0,10.0,0.0
365,Income,"Household Income 45000 to 49999 by Race, Two or More Races",14.0,0.0,0.0,0.0,0.0,0.0,0.0,0.0,0.0,7.0,0.0,0.0,0.0,0.0,24.0,28.0
366,Income,"Household Income 45000 to 49999 by Race, White Alone",44.0,11.0,12.0,10.0,38.0,36.0,29.0,72.0,54.0,44.0,43.0,28.0,8.0,13.0,11.0,12.0
367,Income,"Household Income 45000 to 49999 by Race, White Alone, Not Hispanic or Latino",44.0,11.0,7.0,5.0,32.0,36.0,29.0,72.0,54.0,31.0,39.0,28.0,0.0,13.0,11.0,12.0
368,Income,Household Income 50000 to 59999,476.0,278.0,281.0,158.0,302.0,361.0,329.0,373.0,407.0,556.0,348.0,31.0,241.0,192.0,305.0,282.0
369,Income,"Household Income 50000 to 59999 by Race, American Indian and Alaska Native Alone",0.0,6.0,0.0,0.0,0.0,0.0,0.0,0.0,0.0,0.0,0.0,0.0,0.0,0.0,0.0,0.0
370,Income,"Household Income 50000 to 59999 by Race, Asian Alone",299.0,163.0,186.0,101.0,125.0,159.0,134.0,185.0,190.0,241.0,178.0,0.0,166.0,133.0,204.0,202.0
371,Income,"Household Income 50000 to 59999 by Race, Black or African American Alone",47.0,31.0,21.0,34.0,92.0,86.0,97.0,57.0,57.0,15.0,40.0,0.0,17.0,30.0,27.0,8.0
372,Income,"Household Income 50000 to 59999 by Race, Hispanic or Latino",88.0,45.0,23.0,0.0,14.0,24.0,24.0,48.0,68.0,36.0,46.0,0.0,22.0,22.0,20.0,34.0
373,Income,"Household Income 50000 to 59999 by Race, Native Hawaiian and Other Pacific Islander Alone",4.0,0.0,0.0,0.0,8.0,13.0,14.0,18.0,18.0,0.0,15.0,0.0,8.0,0.0,46.0,38.0
374,Income,"Household Income 50000 to 59999 by Race, Some Other Race Alone",74.0,12.0,0.0,0.0,14.0,11.0,11.0,35.0,51.0,28.0,37.0,0.0,22.0,15.0,20.0,34.0
375,Income,"Household Income 50000 to 59999 by Race, Two or More Races",12.0,0.0,0.0,0.0,9.0,14.0,14.0,18.0,25.0,0.0,19.0,0.0,20.0,7.0,8.0,0.0
376,Income,"Household Income 50000 to 59999 by Race, White Alone",40.0,66.0,74.0,23.0,54.0,78.0,59.0,60.0,66.0,272.0,59.0,31.0,8.0,7.0,0.0,0.0
377,Income,"Household Income 50000 to 59999 by Race, White Alone, Not Hispanic or Latino",32.0,33.0,51.0,23.0,54.0,65.0,46.0,47.0,49.0,264.0,50.0,31.0,8.0,0.0,0.0,0.0
378,Income,Household Income 60000 to 74999,455.0,412.0,443.0,499.0,470.0,443.0,430.0,473.0,478.0,764.0,465.0,14.0,611.0,559.0,554.0,486.0
379,Income,"Household Income 60000 to 74999 by Race, American Indian and Alaska Native Alone",0.0,0.0,6.0,9.0,10.0,0.0,0.0,20.0,17.0,5.0,10.0,0.0,0.0,0.0,0.0,0.0
380,Income,"Household Income 60000 to 74999 by Race, Asian Alone",229.0,244.0,201.0,249.0,223.0,253.0,271.0,256.0,212.0,354.0,243.0,0.0,334.0,349.0,325.0,258.0
381,Income,"Household Income 60000 to 74999 by Race, Black or African American Alone",64.0,28.0,15.0,24.0,52.0,38.0,41.0,48.0,46.0,66.0,63.0,0.0,36.0,20.0,24.0,17.0
382,Income,"Household Income 60000 to 74999 by Race, Hispanic or Latino",91.0,116.0,148.0,144.0,119.0,103.0,50.0,118.0,149.0,113.0,109.0,0.0,142.0,106.0,133.0,128.0
383,Income,"Household Income 60000 to 74999 by Race, Native Hawaiian and Other Pacific Islander Alone",8.0,0.0,0.0,0.0,0.0,0.0,0.0,0.0,0.0,0.0,0.0,0.0,0.0,12.0,0.0,0.0
384,Income,"Household Income 60000 to 74999 by Race, Some Other Race Alone",46.0,21.0,67.0,65.0,70.0,63.0,48.0,53.0,97.0,56.0,57.0,0.0,56.0,71.0,83.0,85.0
385,Income,"Household Income 60000 to 74999 by Race, Two or More Races",2.0,10.0,16.0,16.0,17.0,17.0,14.0,8.0,11.0,17.0,0.0,0.0,26.0,18.0,40.0,51.0
386,Income,"Household Income 60000 to 74999 by Race, White Alone",106.0,109.0,138.0,136.0,98.0,72.0,56.0,88.0,95.0,266.0,92.0,14.0,159.0,89.0,82.0,75.0
387,Income,"Household Income 60000 to 74999 by Race, White Alone, Not Hispanic or Latino",63.0,24.0,69.0,68.0,61.0,44.0,54.0,23.0,43.0,218.0,47.0,14.0,98.0,72.0,72.0,75.0
388,Income,Household Income 75000 to 99999,574.0,508.0,620.0,545.0,605.0,545.0,589.0,609.0,598.0,928.0,776.0,104.0,526.0,566.0,473.0,465.0
389,Income,"Household Income 75000 to 99999 by Race, American Indian and Alaska Native Alone",8.0,0.0,0.0,0.0,0.0,0.0,0.0,0.0,0.0,0.0,0.0,0.0,0.0,0.0,0.0,0.0
390,Income,"Household Income 75000 to 99999 by Race, Asian Alone",388.0,372.0,424.0,352.0,414.0,311.0,349.0,391.0,414.0,395.0,534.0,79.0,341.0,365.0,309.0,342.0
391,Income,"Household Income 75000 to 99999 by Race, Black or African American Alone",70.0,25.0,38.0,26.0,43.0,27.0,28.0,10.0,11.0,10.0,5.0,0.0,30.0,69.0,23.0,24.0
392,Income,"Household Income 75000 to 99999 by Race, Hispanic or Latino",83.0,99.0,110.0,133.0,126.0,134.0,99.0,112.0,97.0,140.0,161.0,0.0,135.0,112.0,117.0,69.0
393,Income,"Household Income 75000 to 99999 by Race, Native Hawaiian and Other Pacific Islander Alone",5.0,0.0,11.0,15.0,0.0,0.0,0.0,0.0,0.0,0.0,15.0,0.0,13.0,0.0,0.0,0.0
394,Income,"Household Income 75000 to 99999 by Race, Some Other Race Alone",44.0,22.0,32.0,50.0,54.0,57.0,75.0,83.0,48.0,78.0,60.0,0.0,64.0,81.0,91.0,52.0
395,Income,"Household Income 75000 to 99999 by Race, Two or More Races",7.0,0.0,12.0,16.0,6.0,19.0,18.0,30.0,36.0,25.0,63.0,0.0,50.0,20.0,27.0,28.0
396,Income,"Household Income 75000 to 99999 by Race, White Alone",52.0,89.0,103.0,86.0,88.0,131.0,119.0,95.0,89.0,420.0,99.0,25.0,28.0,31.0,23.0,19.0
397,Income,"Household Income 75000 to 99999 by Race, White Alone, Not Hispanic or Latino",26.0,12.0,33.0,12.0,22.0,63.0,104.0,90.0,72.0,347.0,41.0,25.0,9.0,23.0,14.0,19.0
398,Income,Household Income Greater than 200000,76.0,118.0,129.0,120.0,113.0,136.0,134.0,180.0,277.0,2210.0,508.0,214.0,817.0,941.0,978.0,1078.0
399,Income,"Household Income Greater than 200000 by Race, American Indian and Alaska Native Alone",0.0,0.0,0.0,0.0,0.0,0.0,0.0,0.0,0.0,0.0,0.0,0.0,0.0,0.0,0.0,0.0
400,Income,"Household Income Greater than 200000 by Race, Asian Alone",68.0,42.0,57.0,70.0,55.0,71.0,80.0,117.0,158.0,423.0,326.0,114.0,391.0,557.0,517.0,532.0
401,Income,"Household Income Greater than 200000 by Race, Black or African American Alone",0.0,19.0,31.0,26.0,23.0,12.0,0.0,0.0,11.0,86.0,20.0,0.0,82.0,70.0,85.0,115.0
402,Income,"Household Income Greater than 200000 by Race, Hispanic or Latino",8.0,0.0,0.0,0.0,15.0,15.0,21.0,31.0,61.0,44.0,83.0,20.0,97.0,105.0,123.0,121.0
403,Income,"Household Income Greater than 200000 by Race, Native Hawaiian and Other Pacific Islander Alone",0.0,0.0,0.0,0.0,0.0,0.0,0.0,0.0,0.0,0.0,15.0,0.0,8.0,9.0,13.0,30.0
404,Income,"Household Income Greater than 200000 by Race, Some Other Race Alone",8.0,0.0,0.0,0.0,0.0,0.0,0.0,3.0,34.0,20.0,50.0,0.0,68.0,26.0,42.0,62.0
405,Income,"Household Income Greater than 200000 by Race, Two or More Races",0.0,0.0,0.0,0.0,0.0,0.0,7.0,17.0,14.0,84.0,31.0,26.0,12.0,50.0,49.0,64.0
406,Income,"Household Income Greater than 200000 by Race, White Alone",0.0,57.0,41.0,24.0,35.0,53.0,47.0,43.0,60.0,1597.0,66.0,74.0,256.0,229.0,272.0,275.0
407,Income,"Household Income Greater than 200000 by Race, White Alone, Not Hispanic or Latino",0.0,57.0,41.0,24.0,20.0,38.0,33.0,28.0,42.0,1563.0,57.0,54.0,241.0,219.0,263.0,275.0
408,Income,Household Income Less than 10000,491.0,416.0,354.0,328.0,421.0,379.0,407.0,351.0,356.0,270.0,345.0,78.0,372.0,252.0,377.0,345.0
409,Income,"Household Income Less than 10000 by Race, American Indian and Alaska Native Alone",0.0,0.0,0.0,0.0,0.0,0.0,0.0,0.0,0.0,9.0,0.0,0.0,0.0,0.0,0.0,0.0
410,Income,"Household Income Less than 10000 by Race, Asian Alone",61.0,52.0,57.0,97.0,123.0,98.0,122.0,114.0,139.0,145.0,109.0,47.0,139.0,115.0,207.0,197.0
411,Income,"Household Income Less than 10000 by Race, Black or African American Alone",289.0,281.0,208.0,136.0,189.0,157.0,187.0,179.0,165.0,9.0,188.0,0.0,178.0,93.0,116.0,84.0
412,Income,"Household Income Less than 10000 by Race, Hispanic or Latino",69.0,55.0,33.0,29.0,26.0,33.0,32.0,27.0,28.0,67.0,12.0,31.0,0.0,0.0,10.0,14.0
413,Income,"Household Income Less than 10000 by Race, Native Hawaiian and Other Pacific Islander Alone",17.0,0.0,18.0,13.0,14.0,18.0,23.0,0.0,0.0,0.0,0.0,0.0,29.0,20.0,23.0,35.0
414,Income,"Household Income Less than 10000 by Race, Some Other Race Alone",22.0,16.0,8.0,9.0,8.0,7.0,19.0,13.0,13.0,7.0,12.0,0.0,6.0,7.0,6.0,7.0
415,Income,"Household Income Less than 10000 by Race, Two or More Races",21.0,14.0,20.0,21.0,28.0,32.0,16.0,13.0,8.0,26.0,12.0,0.0,11.0,17.0,25.0,22.0
416,Income,"Household Income Less than 10000 by Race, White Alone",81.0,53.0,43.0,52.0,59.0,67.0,40.0,32.0,31.0,74.0,24.0,31.0,9.0,0.0,0.0,0.0
417,Income,"Household Income Less than 10000 by Race, White Alone, Not Hispanic or Latino",65.0,28.0,31.0,41.0,49.0,52.0,27.0,18.0,16.0,61.0,24.0,0.0,9.0,0.0,0.0,0.0
418,Income,Households Total for Income,4403.0,4740.0,4867.0,4766.0,4910.0,4944.0,4939.0,4957.0,5097.0,10147.0,5160.0,1115.0,5157.0,5069.0,5025.0,4876.0
419,Income,"Households Total for Income by Race, American Indian and Alaska Native Alone",28.0,78.0,71.0,56.0,44.0,22.0,20.0,31.0,29.0,14.0,28.0,0.0,37.0,53.0,0.0,0.0
420,Income,"Households Total for Income by Race, Asian Alone",1857.0,2494.0,2327.0,2265.0,2323.0,2436.0,2453.0,2515.0,2558.0,3578.0,2657.0,468.0,2664.0,2842.0,2866.0,2841.0
421,Income,"Households Total for Income by Race, Black or African American Alone",1145.0,986.0,1057.0,1060.0,1061.0,923.0,846.0,699.0,651.0,561.0,791.0,0.0,725.0,741.0,570.0,479.0
422,Income,"Households Total for Income by Race, Hispanic or Latino",668.0,590.0,733.0,741.0,853.0,860.0,864.0,1054.0,1212.0,957.0,1019.0,175.0,972.0,768.0,866.0,792.0
423,Income,"Households Total for Income by Race, Native Hawaiian and Other Pacific Islander Alone",97.0,46.0,125.0,129.0,95.0,105.0,145.0,84.0,74.0,6.0,109.0,0.0,106.0,88.0,117.0,120.0
424,Income,"Households Total for Income by Race, Some Other Race Alone",385.0,150.0,261.0,315.0,420.0,416.0,507.0,656.0,814.0,395.0,635.0,121.0,572.0,431.0,409.0,479.0
425,Income,"Households Total for Income by Race, Two or More Races",118.0,61.0,103.0,99.0,141.0,165.0,163.0,168.0,177.0,291.0,175.0,49.0,223.0,254.0,385.0,316.0
426,Income,"Households Total for Income by Race, White Alone",773.0,925.0,923.0,842.0,826.0,877.0,805.0,804.0,794.0,5302.0,765.0,477.0,830.0,660.0,678.0,641.0
427,Income,"Households Total for Income by Race, White Alone, Not Hispanic or Latino",586.0,535.0,523.0,482.0,452.0,489.0,506.0,482.0,481.0,4883.0,493.0,426.0,612.0,526.0,546.0,555.0
428,Income,Median Family Income,50211.2676056338,49285.71428571428,48730.769230769234,47645.348837209305,49437.75100401606,51396.8253968254,51300.81300813008,59713.26164874552,66339.49191685912,108416.11479028696,78036.22159090909,47142.857142857145,81424.30278884462,85326.08695652174,87987.38532110091,95168.53932584268
429,Income,Median Household Income,48221.39303482587,43247.23247232472,42899.59016393442,42806.324110671936,45248.75621890547,47763.15789473684,49394.97716894977,54758.71313672922,58808.35380835381,106438.74029335634,71387.09677419355,44464.28571428572,76544.67680608365,87433.74558303886,86284.35517970401,92688.17204301077
430,Income,"Median Household Income by Race, American Indian and Alaska Native Alone",32692.30769230769,28421.052631578947,32884.61538461538,43846.15384615384,42916.66666666666,14230.76923076923,13846.153846153846,63375.0,62205.882352941175,9999.0,105555.55555555556,0.0,112500.0,112500.0,0.0,0.0
431,Income,"Median Household Income by Race, Asian Alone",61277.29257641921,56687.11656441718,59005.37634408602,62500.0,58440.0,57861.63522012578,62020.29520295203,65654.296875,69481.1320754717,75569.62025316455,86961.61048689138,39166.66666666666,88269.79472140763,96575.34246575342,86812.29773462783,91776.31578947368
432,Income,"Median Household Income by Race, Black or African American Alone",24747.191011235955,24684.21052631579,23628.472222222223,25418.71921182266,25389.90825688073,24506.57894736842,21875.0,18349.056603773584,20086.206896551725,59666.66666666666,24058.44155844156,0.0,24094.202898550724,29858.490566037737,26470.58823529412,53125.0
433,Income,"Median Household Income by Race, Hispanic or Latino",52727.27272727273,55777.77777777778,54565.21739130435,45227.27272727273,47635.13513513513,51250.0,42656.25,56041.66666666666,64429.53020134229,85089.28571428571,76940.99378881988,37383.72093023256,81851.85185185185,96205.35714285714,104356.0606060606,86956.52173913043
434,Income,"Median Household Income by Race, Native Hawaiian and Other Pacific Islander Alone",31562.5,27368.42105263158,20178.571428571428,22884.615384615383,26562.5,24062.5,24375.0,32000.0,29583.33333333333,175000.0,47031.25,0.0,18611.11111111111,18055.555555555555,53152.17391304348,52105.26315789473
435,Income,"Median Household Income by Race, Some Other Race Alone",55472.97297297297,44230.769230769234,61679.10447761194,44030.61224489796,60642.857142857145,61190.47619047619,48379.62962962963,54571.42857142857,60927.83505154639,88942.30769230769,63289.47368421053,37848.83720930233,96875.0,81635.8024691358,88598.9010989011,74205.88235294117
436,Income,"Median Household Income by Race, Two or More Races",37272.72727272727,26893.939393939392,30750.0,29318.181818181816,28152.17391304348,29833.33333333333,58214.28571428571,75833.33333333333,78125.0,122310.12658227848,94642.85714285714,202884.7307692308,76750.0,101315.7894736842,102625.0,78571.42857142857
437,Income,"Median Household Income by Race, White Alone",40833.333333333336,52651.51515151515,61141.30434782609,63088.23529411765,49868.42105263158,57884.61538461538,57711.86440677966,57833.333333333336,66315.78947368421,132371.13402061857,72961.95652173914,53387.096774193546,109756.0975609756,131962.0253164557,143269.23076923078,161440.6779661017
438,Income,"Median Household Income by Race, White Alone, Not Hispanic or Latino",39107.142857142855,43187.5,63152.17391304348,63529.41176470588,54074.07407407407,60852.27272727273,76682.69230769231,69130.4347826087,71337.20930232559,138539.38730853391,65904.25531914894,55161.29032258064,122307.69230769233,138500.0,187179.4871794872,197881.35593220335
439,Income,Percent in Poverty,0.1473756197640622,0.1566616221063841,0.1500447727781509,0.1615566037735849,0.166325156606756,0.1697579014271682,0.1808589096272763,0.1505511295427261,0.1491116751269035,0.0754270251987146,0.1451511664400042,0.2244897959183673,0.1450757575757575,0.1442630284052784,0.127796850953001,0.1357573542846702
441,Income,"Percent in Poverty by Race, Asian Alone",0.0979318054779206,0.1138263081395348,0.1112624003112235,0.1281769061436862,0.1252071251035625,0.1191843199366462,0.123884149970244,0.0917974533609712,0.105019305019305,0.0952828415711332,0.0731166200443715,0.2494887525562372,0.08987090367428,0.0850033885177655,0.1074160971131286,0.0976705317037501
443,Income,"Percent in Poverty by Race, Hispanic or Latino",0.1081342801807617,0.1083495145631067,0.1210292249047014,0.13073538654934,0.1375276636104963,0.1988619347109913,0.2209726443768997,0.1637072325682113,0.1532706694801457,0.1098181818181818,0.1346867496179873,0.5431372549019607,0.1188335358444714,0.1248584371460928,0.0828025477707006,0.179135008766803
444,Income,"Percent in Poverty by Race, Native Hawaiian and Other Pacific Islander Alone",0.279646017699115,0.0,0.2033898305084746,0.1744471744471744,0.2655737704918032,0.2720403022670025,0.2298245614035087,0.072072072072072,0.0,0.0,0.0932539682539682,0.0,0.5561097256857855,0.583011583011583,0.4584837545126354,0.4896142433234421
445,Income,"Percent in Poverty by Race, Some Other Race Alone",0.0997204100652376,0.1522633744855967,0.0935672514619883,0.1492764661081492,0.0871833084947839,0.1025469168900804,0.1335012594458438,0.0996906153317291,0.1001147446930579,0.0638143582306018,0.1439889769204271,0.3943661971830985,0.1279308926367749,0.1419110690633869,0.0897123354461238,0.1309408341416101
446,Income,"Percent in Poverty by Race, Two or More Races",0.0821018062397372,0.0649038461538461,0.1505016722408027,0.1190817790530846,0.1293375394321766,0.1438263229308005,0.1033557046979865,0.0283783783783783,0.029126213592233,0.0941446613088404,0.2661955241460542,0.0,0.301540719002201,0.3236953455571227,0.1915685058896466,0.1781737193763919
447,Income,"Percent in Poverty by Race, White Alone",0.1260504201680672,0.1015318845742785,0.1169977924944812,0.1028888009497427,0.1461305663640294,0.2265193370165746,0.2522427440633245,0.2459459459459459,0.2312775330396475,0.0401813963298882,0.1375661375661375,0.2178502879078694,0.056215360253365,0.0633663366336633,0.045477513895907,0.055224688684353
448,Income,"Percent in Poverty by Race, White Alone, Not Hispanic or Latino",0.1128526645768025,0.1226508407517309,0.106694560669456,0.1095477386934673,0.1279620853080568,0.1664670658682635,0.132286995515695,0.1469298245614035,0.1439393939393939,0.0347091932457786,0.1457142857142857,0.0755176613885505,0.0659077291791492,0.0816053511705685,0.0531914893617021,0.0651757188498402
459,Language Spoken at Home,Asian/Pacific Islander,0.5070276848189839,0.5665539137143196,0.5257701245307752,0.5252483197525725,0.5365658308175714,0.5587125821367729,0.5537846227316141,0.532016584129909,0.5152489741599201,0.3673731819794253,0.5065463747386951,0.3205936920222634,0.499439838673538,0.5216864690275695,0.5191422340683305,0.5212799200049997
461,Language Spoken at Home,English Only,0.3247946455734712,0.294522580262299,0.3139486385032473,0.3176708499375483,0.2933275830201466,0.2607690435629107,0.2900549188156638,0.276286997581481,0.2728180104247532,0.4959205391982972,0.3077896358235229,0.5042671614100186,0.2865785346179699,0.2791556119506286,0.2770777804700751,0.2787325792137991
463,Language Spoken at Home,Other European Languages,0.0185579555825981,0.0090795798468933,0.0066734195316689,0.0052935228692083,0.0067771548271825,0.004989048430275,0.0046561604584527,0.0038005297708165,0.0053787290673172,0.043987229514012,0.0105072065133678,0.0170686456400742,0.0480618418104414,0.055773445610797,0.0508844196753089,0.0560589963127304
465,Language Spoken at Home,Other Languages,0.0024338302403407,0.0014835914782505,0.0022641959125305,0.0017248557663712,0.0019099254512969,0.0017644195668045,0.0016714422158548,0.0008061729816883,0.0009426638571587,0.0065182688896771,0.0014853119155022,0.0,0.0043132422137575,0.0029991925250893,0.0035134480251999,0.004499718767577
467,Language Spoken at Home,Spanish Only,0.147185883784606,0.1283603346982375,0.151343621521778,0.1500624516742996,0.1614195058838026,0.1737649063032368,0.1498328557784145,0.187089715536105,0.2056116224908506,0.0862007804185881,0.1736714710089118,0.1580705009276438,0.1616065426842931,0.1403852808859153,0.1493821177610855,0.1394287857008937
469,Nativity,Foreign Born,0.5056708631053647,0.5243506493506493,0.5058567603748326,0.5022974335985655,0.5200325638192708,0.5292836676217765,0.4967121901871522,0.5120387826555346,0.5151103919828801,0.4021872229025039,0.4899637868598034,0.4123055162659123,0.5195698924731182,0.5244375484871994,0.5415983126318257,0.5367238463396956
470,Population,Total Population,17634.0,17864.0,17928.0,17846.0,17197.0,17450.0,17793.0,18565.0,19159.0,23683.0,19330.0,2828.0,18600.0,18046.0,17068.0,16556.0
471,Race/Ethnicity,Asian,8966.0,11026.0,10293.0,9994.0,9701.0,10137.0,10114.0,10178.0,10413.0,10653.0,10412.0,1072.0,10103.0,10391.0,9864.0,9611.0
472,Race/Ethnicity,"Asian Alone, Not Hispanic or Latino",8936.0,11004.0,10275.0,9983.0,9686.0,10121.0,10114.0,10178.0,10406.0,10237.0,10318.0,10258.0,9969.0,10235.0,9729.0,9547.0
473,Race/Ethnicity,Black/African American,3474.0,2783.0,2706.0,2703.0,2733.0,2201.0,2324.0,1967.0,1849.0,1207.0,2244.0,31.0,1643.0,1671.0,1130.0,1229.0
474,Race/Ethnicity,"Black/African American Alone, Not Hispanic or Latino",3440.0,2751.0,2666.0,2660.0,2714.0,2176.0,2292.0,1906.0,1793.0,2051.0,2173.0,1732.0,1613.0,1640.0,1105.0,1001.0
475,Race/Ethnicity,Latino Population (of Any Race),1801.0,2575.0,3148.0,3182.0,3166.0,3355.0,3322.0,4731.0,5308.0,2752.0,4660.0,529.0,4123.0,3579.0,3660.0,3475.0
476,Race/Ethnicity,Native American Indian,73.0,250.0,207.0,167.0,137.0,65.0,65.0,70.0,74.0,47.0,29.0,0.0,71.0,85.0,53.0,48.0
477,Race/Ethnicity,"Native American Indian Alone, Not Hispanic or Latino",28.0,189.0,141.0,97.0,31.0,9.0,9.0,26.0,23.0,18.0,28.0,71.0,47.0,61.0,29.0,23.0
478,Race/Ethnicity,Native Hawaiian/Pacific Islander,565.0,96.0,373.0,429.0,322.0,424.0,603.0,333.0,320.0,31.0,504.0,72.0,417.0,269.0,299.0,342.0
479,Race/Ethnicity,"Native Hawaiian/Pacific Islander Alone, Not Hispanic or Latino",560.0,96.0,361.0,416.0,314.0,411.0,590.0,333.0,304.0,288.0,485.0,417.0,396.0,269.0,299.0,342.0
480,Race/Ethnicity,Other/Two or More Races,2755.0,902.0,1624.0,2010.0,1978.0,2245.0,2757.0,3699.0,4159.0,2252.0,3781.0,524.0,3802.0,3567.0,3699.0,3447.0
481,Race/Ethnicity,"Population, Not Hispanic or Latino",14531.0,15289.0,14780.0,14664.0,14031.0,14095.0,14471.0,13834.0,13851.0,14189.0,14670.0,14945.0,14477.0,14467.0,13408.0,13081.0
482,Race/Ethnicity,Some Other Race Alone,2146.0,486.0,1026.0,1313.0,1342.0,1495.0,1988.0,2939.0,3521.0,1380.0,2932.0,303.0,2439.0,2149.0,2086.0,2100.0
483,Race/Ethnicity,"Some Other Race Alone, Not Hispanic or Latino",4.0,0.0,0.0,0.0,0.0,9.0,9.0,7.0,26.0,22.0,20.0,22.0,29.0,10.0,9.0,10.0
484,Race/Ethnicity,Two Or More Races,609.0,416.0,598.0,697.0,636.0,750.0,769.0,760.0,638.0,872.0,849.0,221.0,1363.0,1418.0,1613.0,1347.0
485,Race/Ethnicity,"Two Or More Races, Not Hispanic or Latino",276.0,238.0,374.0,497.0,432.0,512.0,538.0,441.0,344.0,493.0,554.0,672.0,716.0,726.0,609.0,576.0
486,Race/Ethnicity,"White Alone, Not Hispanic or Latino",1287.0,1011.0,963.0,1011.0,854.0,857.0,919.0,943.0,955.0,1080.0,1092.0,1773.0,1707.0,1526.0,1628.0,1582.0
487,Race/Ethnicity,"White, Including Hispanic or Latino",1801.0,2807.0,2725.0,2543.0,2326.0,2378.0,1930.0,2318.0,2344.0,9493.0,2360.0,1129.0,2564.0,2063.0,2023.0,1879.0
488,Sex,Female,0.511058183055461,0.4937863860277653,0.5124944221329764,0.5211812170794575,0.5123568064197244,0.5287106017191977,0.5195301523070871,0.5098303258820361,0.5033665640169112,0.5105349828991259,0.503052250387998,0.3426449787835926,0.4939784946236559,0.5080904355535852,0.4949027419732833,0.5015100265764677
489,Sex,Male,0.488941816944539,0.5062136139722346,0.4875055778670236,0.4788187829205424,0.4876431935802756,0.4712893982808023,0.4804698476929129,0.4901696741179639,0.4966334359830889,0.489465017100874,0.496947749612002,0.6573550212164073,0.506021505376344,0.4919095644464147,0.5050972580267167,0.4984899734235322
490,Unit Size,1 Bedroom,543.0,295.0,241.0,203.0,320.0,388.0,429.0,457.0,518.0,3284.0,497.0,570.0,425.0,376.0,390.0,383.0
491,Unit Size,2 Bedrooms,1997.0,2012.0,1841.0,1919.0,1930.0,1942.0,1817.0,1825.0,1838.0,2950.0,1937.0,307.0,2172.0,2119.0,2002.0,1812.0
492,Unit Size,3-4 Bedrooms,1687.0,2480.0,2800.0,2743.0,2766.0,2760.0,2805.0,2683.0,2707.0,2809.0,2515.0,127.0,2513.0,2455.0,2468.0,2537.0
493,Unit Size,5 or More Bedrooms,89.0,143.0,159.0,176.0,117.0,151.0,141.0,241.0,217.0,336.0,230.0,20.0,95.0,167.0,220.0,233.0
494,Unit Size,No Bedroom,283.0,77.0,57.0,48.0,71.0,56.0,83.0,75.0,75.0,1516.0,129.0,287.0,135.0,178.0,167.0,113.0
495,Vehicles Available,Households with no Vehicle,0.2102323503127792,0.2107594936708861,0.1999178138483665,0.2104490138480906,0.2036659877800407,0.216626213592233,0.2326381858675845,0.2091991123663506,0.1914851873651167,0.2927959002660885,0.1856589147286821,0.5632286995515695,0.1609462866007368,0.1698559873742355,0.1769154228855721,0.1591468416735028
496,Vehicles Available,Percent of No Vehicle Homeowning Households,0.1010177157934413,0.0500192381685263,0.044353335818114,0.0634498480243161,0.066140548665915,0.1018518518518518,0.0976065818997756,0.0887619047619047,0.0915915915915916,0.0984413453650533,0.0682395644283121,0.127906976744186,0.1038876184253511,0.1223899775136524,0.145040650406504,0.1398480662983425
497,Vehicles Available,Percent of No Vehicle Renting Households,0.3691716950082282,0.4058851004203643,0.391025641025641,0.3917525773195876,0.3663850600266785,0.3675093632958801,0.3920529801324503,0.3447684391080617,0.3008631319358816,0.4023112480739599,0.3201663201663202,0.6426299045599152,0.2442748091603053,0.2453987730061349,0.2271794871794872,0.1873737373737374
498,Vehicles Available,Vehicles Available,6870.0,7318.0,7242.0,7268.0,7428.0,7070.0,7180.0,7661.0,8138.0,11741.0,8741.0,633.0,8937.0,8831.0,8434.0,8472.0
499,Vehicles Available,Vehicles Homeowners,0.7280931586608442,0.7081169718502323,0.7155481911074288,0.715327462850853,0.7088045234248789,0.7302687411598303,0.7190807799442896,0.7004307531653831,0.6796510199066109,0.5506345285750788,0.7058688937192541,0.3694915254237288,0.7124314646973258,0.7109047672970219,0.6772587147261087,0.6561614730878187
500,Vehicles Available,Vehicles Per Capita,0.3895882953385505,0.4096506941334527,0.4039491298527443,0.4072621315700997,0.4319358027562947,0.4051575931232091,0.4035294778845613,0.4126582278481012,0.4247612088313586,0.4957564497740995,0.452198654940507,0.2542168674698795,0.4804838709677419,0.4893605231076138,0.4941410827279119,0.5117178062333897
501,Vehicles Available,Vehicles Renters,0.2719068413391557,0.2918830281497677,0.2844518088925711,0.2846725371491469,0.2911954765751212,0.2697312588401697,0.2809192200557103,0.2995692468346169,0.320348980093389,0.4493654714249212,0.2941311062807459,0.655608214849921,0.2875685353026743,0.2890952327029781,0.3227412852738914,0.3438385269121813
502,,"Housing Units with a Mortgage 30%+ by Race, American Indian and Alaska Native Alone",0.0,0.0,0.0,0.0,0.0,0.0,0.0,0.0,0.0,0.0,0.0,0.0,0.0,0.0,0.0,0.0
503,,"Housing Units with a Mortgage 30%+ by Race, Asian Alone",432.0,0.0,0.0,0.0,0.0,0.0,0.0,0.0,0.0,0.0,0.0,0.0,0.0,0.0,515.0,504.0
504,,"Housing Units with a Mortgage 30%+ by Race, Black or African American Alone",140.0,0.0,0.0,0.0,0.0,0.0,0.0,0.0,0.0,0.0,0.0,0.0,0.0,0.0,26.0,21.0
505,,"Housing Units with a Mortgage 30%+ by Race, Hispanic or Latino",151.0,0.0,0.0,0.0,0.0,0.0,0.0,0.0,0.0,0.0,0.0,0.0,0.0,0.0,112.0,100.0
506,,"Housing Units with a Mortgage 30%+ by Race, Native Hawaiian and Other Pacific Islander Alone",7.0,0.0,0.0,0.0,0.0,0.0,0.0,0.0,0.0,0.0,0.0,0.0,0.0,0.0,0.0,0.0
507,,"Housing Units with a Mortgage 30%+ by Race, Some Other Race Alone",123.0,0.0,0.0,0.0,0.0,0.0,0.0,0.0,0.0,0.0,0.0,0.0,0.0,0.0,23.0,29.0
508,,"Housing Units with a Mortgage 30%+ by Race, Two or More Races",0.0,0.0,0.0,0.0,0.0,0.0,0.0,0.0,0.0,0.0,0.0,0.0,0.0,0.0,57.0,42.0
509,,"Housing Units with a Mortgage 30%+ by Race, White Alone",108.0,0.0,0.0,0.0,0.0,0.0,0.0,0.0,0.0,0.0,0.0,0.0,0.0,0.0,82.0,84.0
510,,"Housing Units with a Mortgage 30%+ by Race, White Alone, Not Hispanic or Latino",80.0,0.0,0.0,0.0,0.0,0.0,0.0,0.0,0.0,0.0,0.0,0.0,0.0,0.0,28.0,43.0
511,,"Housing Units with a Mortgage Not Calculated by Race, American Indian and Alaska Native Alone",0.0,0.0,0.0,0.0,0.0,0.0,0.0,0.0,0.0,0.0,0.0,0.0,0.0,0.0,0.0,0.0
512,,"Housing Units with a Mortgage Not Calculated by Race, Asian Alone",11.0,0.0,0.0,0.0,0.0,0.0,0.0,0.0,0.0,0.0,0.0,0.0,0.0,0.0,0.0,0.0
513,,"Housing Units with a Mortgage Not Calculated by Race, Black or African American Alone",0.0,0.0,0.0,0.0,0.0,0.0,0.0,0.0,0.0,0.0,0.0,0.0,0.0,0.0,0.0,0.0
514,,"Housing Units with a Mortgage Not Calculated by Race, Hispanic or Latino",0.0,0.0,0.0,0.0,0.0,0.0,0.0,0.0,0.0,0.0,0.0,0.0,0.0,0.0,0.0,0.0
515,,"Housing Units with a Mortgage Not Calculated by Race, Native Hawaiian and Other Pacific Islander Alone",0.0,0.0,0.0,0.0,0.0,0.0,0.0,0.0,0.0,0.0,0.0,0.0,0.0,0.0,0.0,0.0
516,,"Housing Units with a Mortgage Not Calculated by Race, Some Other Race Alone",0.0,0.0,0.0,0.0,0.0,0.0,0.0,0.0,0.0,0.0,0.0,0.0,0.0,0.0,0.0,0.0
517,,"Housing Units with a Mortgage Not Calculated by Race, Two or More Races",0.0,0.0,0.0,0.0,0.0,0.0,0.0,0.0,0.0,0.0,0.0,0.0,0.0,0.0,0.0,0.0
518,,"Housing Units with a Mortgage Not Calculated by Race, White Alone",0.0,0.0,0.0,0.0,0.0,0.0,0.0,0.0,0.0,0.0,0.0,0.0,0.0,0.0,0.0,0.0
519,,"Housing Units with a Mortgage Not Calculated by Race, White Alone, Not Hispanic or Latino",0.0,0.0,0.0,0.0,0.0,0.0,0.0,0.0,0.0,0.0,0.0,0.0,0.0,0.0,0.0,0.0
520,,"Housing Units without a Mortgage 30%+ by Race, American Indian and Alaska Native Alone",0.0,0.0,0.0,0.0,0.0,0.0,0.0,0.0,0.0,0.0,0.0,0.0,0.0,0.0,0.0,0.0
521,,"Housing Units without a Mortgage 30%+ by Race, Asian Alone",11.0,0.0,0.0,0.0,0.0,0.0,0.0,0.0,0.0,0.0,0.0,0.0,0.0,0.0,118.0,100.0
522,,"Housing Units without a Mortgage 30%+ by Race, Black or African American Alone",18.0,0.0,0.0,0.0,0.0,0.0,0.0,0.0,0.0,0.0,0.0,0.0,0.0,0.0,23.0,14.0
523,,"Housing Units without a Mortgage 30%+ by Race, Hispanic or Latino",4.0,0.0,0.0,0.0,0.0,0.0,0.0,0.0,0.0,0.0,0.0,0.0,0.0,0.0,0.0,0.0
524,,"Housing Units without a Mortgage 30%+ by Race, Native Hawaiian and Other Pacific Islander Alone",0.0,0.0,0.0,0.0,0.0,0.0,0.0,0.0,0.0,0.0,0.0,0.0,0.0,0.0,0.0,0.0
525,,"Housing Units without a Mortgage 30%+ by Race, Some Other Race Alone",0.0,0.0,0.0,0.0,0.0,0.0,0.0,0.0,0.0,0.0,0.0,0.0,0.0,0.0,0.0,0.0
526,,"Housing Units without a Mortgage 30%+ by Race, Two or More Races",12.0,0.0,0.0,0.0,0.0,0.0,0.0,0.0,0.0,0.0,0.0,0.0,0.0,0.0,0.0,0.0
527,,"Housing Units without a Mortgage 30%+ by Race, White Alone",39.0,0.0,0.0,0.0,0.0,0.0,0.0,0.0,0.0,0.0,0.0,0.0,0.0,0.0,12.0,14.0
528,,"Housing Units without a Mortgage 30%+ by Race, White Alone, Not Hispanic or Latino",35.0,0.0,0.0,0.0,0.0,0.0,0.0,0.0,0.0,0.0,0.0,0.0,0.0,0.0,12.0,14.0
529,,"Housing Units without a Mortgage Not Calculated by Race, American Indian and Alaska Native Alone",0.0,0.0,0.0,0.0,0.0,0.0,0.0,0.0,0.0,0.0,0.0,0.0,0.0,0.0,0.0,0.0
530,,"Housing Units without a Mortgage Not Calculated by Race, Asian Alone",0.0,0.0,0.0,0.0,0.0,0.0,0.0,0.0,0.0,0.0,0.0,0.0,0.0,0.0,0.0,0.0
531,,"Housing Units without a Mortgage Not Calculated by Race, Black or African American Alone",0.0,0.0,0.0,0.0,0.0,0.0,0.0,0.0,0.0,0.0,0.0,0.0,0.0,0.0,21.0,0.0
532,,"Housing Units without a Mortgage Not Calculated by Race, Hispanic or Latino",0.0,0.0,0.0,0.0,0.0,0.0,0.0,0.0,0.0,0.0,0.0,0.0,0.0,0.0,0.0,0.0
533,,"Housing Units without a Mortgage Not Calculated by Race, Native Hawaiian and Other Pacific Islander Alone",0.0,0.0,0.0,0.0,0.0,0.0,0.0,0.0,0.0,0.0,0.0,0.0,0.0,0.0,0.0,0.0
534,,"Housing Units without a Mortgage Not Calculated by Race, Some Other Race Alone",0.0,0.0,0.0,0.0,0.0,0.0,0.0,0.0,0.0,0.0,0.0,0.0,0.0,0.0,0.0,0.0
535,,"Housing Units without a Mortgage Not Calculated by Race, Two or More Races",0.0,0.0,0.0,0.0,0.0,0.0,0.0,0.0,0.0,0.0,0.0,0.0,0.0,0.0,0.0,1.0
536,,"Housing Units without a Mortgage Not Calculated by Race, White Alone",0.0,0.0,0.0,0.0,0.0,0.0,0.0,0.0,0.0,0.0,0.0,0.0,0.0,0.0,0.0,0.0
537,,"Housing Units without a Mortgage Not Calculated by Race, White Alone, Not Hispanic or Latino",0.0,0.0,0.0,0.0,0.0,0.0,0.0,0.0,0.0,0.0,0.0,0.0,0.0,0.0,0.0,0.0
