,Category,Attribute,2000_West of Twin Peaks,2010_West of Twin Peaks,2011_West of Twin Peaks,2012_West of Twin Peaks,2013_West of Twin Peaks,2014_West of Twin Peaks,2015_West of Twin Peaks,2016_West of Twin Peaks,2017_West of Twin Peaks,2018_West of Twin Peaks,2019_West of Twin Peaks,2020_West of Twin Peaks,2021_West of Twin Peaks,2022_West of Twin Peaks,2023_West of Twin Peaks,2024_West of Twin Peaks
11,Affordability,# Units at or below 100 AMI Monthly Affordable Rent,2362.0,2578.0,2680.0,2806.0,2709.0,2887.0,2485.0,2407.0,2265.0,7502.0,2136.0,6098.0,1758.0,1507.0,1322.0,1343
2,Affordability,# Units at or below 30 AMI Monthly Affordable Rent,1903.0,2578.0,2680.0,2806.0,2709.0,2887.0,2215.0,2049.0,2265.0,6015.0,2136.0,6098.0,1758.0,1507.0,1322.0,1343
5,Affordability,# Units at or below 50 AMI Monthly Affordable Rent,2362.0,2578.0,2680.0,2806.0,2709.0,2887.0,2485.0,2407.0,2265.0,7502.0,2136.0,6098.0,1758.0,1507.0,1322.0,1343
8,Affordability,# Units at or below 80 AMI Monthly Affordable Rent,2362.0,2578.0,2680.0,2806.0,2709.0,2887.0,2485.0,2407.0,2265.0,7502.0,2136.0,6098.0,1758.0,1507.0,1322.0,1343
9,Affordability,100 AMI Annual Income,89229.19857069934,120180.4915514593,123739.91935483873,122339.92467043316,125690.2502157032,126122.97496318114,126595.12761020882,135613.90532544375,142697.46646795826,108857.3883161512,164651.2219959267,155164.3192488263,162350.70575461455,177282.88633461046,189168.5736079329,198319.6159122085
10,Affordability,100 AMI Monthly Affordable Rent,7435.766547558279,10015.040962621608,10311.659946236561,10194.993722536097,10474.187517975266,10510.247913598429,10549.593967517401,11301.158777120312,11891.455538996523,9071.449026345934,13720.935166327225,12930.359937402192,13529.225479551213,14773.57386121754,15764.047800661074,16526.634659350708
0,Affordability,30 AMI Annual Income,26768.7595712098,36054.14746543779,37121.97580645161,36701.977401129945,37707.07506471096,37836.89248895434,37978.53828306264,40684.171597633125,42809.23994038748,32657.21649484536,49395.366598778004,46549.295774647886,48705.21172638436,53184.865900383134,56750.57208237987,59495.88477366255
1,Affordability,30 AMI Monthly Affordable Rent,2230.7299642674834,3004.5122887864823,3093.497983870968,3058.498116760829,3142.25625539258,3153.0743740795283,3164.87819025522,3390.347633136094,3567.436661698957,2721.4347079037802,4116.280549898167,3879.107981220657,4058.7676438653634,4432.072158365261,4729.214340198322,4957.9903978052125
3,Affordability,50 AMI Annual Income,44614.59928534967,60090.24577572965,61869.95967741936,61169.96233521658,62845.1251078516,63061.48748159057,63297.56380510441,67806.95266272187,71348.73323397913,54428.6941580756,82325.61099796335,77582.15962441315,81175.35287730728,88641.44316730523,94584.28680396645,99159.80795610425
4,Affordability,50 AMI Monthly Affordable Rent,3717.8832737791395,5007.520481310804,5155.829973118281,5097.496861268049,5237.093758987633,5255.123956799214,5274.796983758701,5650.579388560156,5945.727769498261,4535.724513172967,6860.467583163612,6465.179968701096,6764.612739775606,7386.78693060877,7882.023900330537,8263.317329675354
6,Affordability,80 AMI Annual Income,71383.35885655948,96144.39324116745,98991.93548387098,97871.93973634654,100552.20017256256,100898.37997054492,101276.10208816706,108491.124260355,114157.97317436662,87085.91065292097,131720.97759674137,124131.45539906104,129880.56460369164,141826.3090676884,151334.8588863463,158655.69272976683
7,Affordability,80 AMI Monthly Affordable Rent,5948.613238046623,8012.0327700972875,8249.32795698925,8155.994978028878,8379.350014380214,8408.198330878744,8439.67517401392,9040.92702169625,9513.164431197218,7257.159221076748,10976.748133061781,10344.287949921754,10823.38038364097,11818.859088974032,12611.238240528859,13221.30772748057
0,Age,0-4 Years,0.0441286878180352,0.0506855006231823,0.0542077965534549,0.0506715165081141,0.0500041234846194,0.0551233905579399,0.0581616524231789,0.0544554455445544,0.0606701490635749,0.0457841031149301,0.0499198179090579,0.0695322376738306,0.0423807379545996,0.0367129135538954,0.0369556965457404,0.0470466377735982
1,Age,18-34 Years,0.190278897756027,0.1766791303143609,0.1574926105627126,0.160688304420817,0.171674409654452,0.1671673819742489,0.1718595118814798,0.174026926502174,0.1776277232768505,0.3083243823845327,0.1797372096632352,0.3662841583195566,0.181627950096681,0.1810565635005336,0.1678867740361151,0.162128274320604
2,Age,35-59 Years,0.4148708394739037,0.4162027420024927,0.4196363839161229,0.4056519306099608,0.3904115237650163,0.3994366952789699,0.3914860556701583,0.3853266279008853,0.3706714231112243,0.3432867883995703,0.3570430914075836,0.3170767285811534,0.3333245040129261,0.331590181430096,0.3391627352095873,0.3465532750020443
3,Age,5-17 Years,0.1358618580207435,0.1295111480404376,0.1339021805811165,0.1305540011191941,0.1312917502817714,0.1226931330472103,0.1201811021512578,0.1249672586306249,0.1309211364505032,0.0918367346938775,0.136516476126429,0.0768744529806476,0.1351945540751728,0.1325240128068303,0.1361639824304538,0.1335895548832011
4,Age,60 and older,0.2148597169312905,0.2269214790195264,0.234761028386593,0.2524342473419138,0.2566181928141408,0.2555793991416309,0.258311677873925,0.2612237414217612,0.2601095680978468,0.2107679914070891,0.2767834048936941,0.1702324224448118,0.3074722538606203,0.3181163287086446,0.3198308117781031,0.3106822580205522
5,Educational Attainment,College Degree or higher,0.5393188628224804,0.6309231436001156,0.6316037394014059,0.6189583563053626,0.6232561484251402,0.6359453430005577,0.6322206605762474,0.650072548884129,0.6611994023363217,0.5883303534589465,0.6725694205195342,0.7571171171171172,0.6860044992842048,0.6888821158860781,0.692076436642593,0.7021254171789918
6,Educational Attainment,"College Degree or higher by Race, American Indian and Alaska Native Alone",0.875,0.1538461538461538,0.1395348837209302,0.2857142857142857,1.0,0.8620689655172413,0.8571428571428571,0.34375,0.52,0.0,0.1785714285714285,0.1481481481481481,0.5107913669064749,0.3539823008849557,0.4230769230769231,0.3314285714285714
7,Educational Attainment,"College Degree or higher by Race, Asian Alone",0.4840660032749717,0.6019708654670094,0.5971365382376906,0.6084863412449619,0.5846371142981313,0.5913852073535699,0.5953242991620978,0.6366569210605908,0.6390161322445728,0.5295074853547407,0.6515063168124393,0.6238844028899277,0.6343085106382979,0.6211114994757078,0.6135465325188645,0.6508411214953271
8,Educational Attainment,"College Degree or higher by Race, Black or African American Alone",0.3741176470588235,0.6145251396648045,0.5838414634146342,0.3744588744588744,0.3786848072562358,0.3371727748691099,0.3527013251783894,0.3601321585903084,0.4298245614035088,0.2343260188087774,0.5162241887905604,0.3393665158371041,0.5810593900481541,0.597544338335607,0.5735785953177257,0.4654545454545454
9,Educational Attainment,"College Degree or higher by Race, Hispanic or Latino",0.3119927862939585,0.3751824817518248,0.3609550561797753,0.3509121061359867,0.3820047355958958,0.3885734563520227,0.3485535029627047,0.3909479686386315,0.3873935264054514,0.272875816993464,0.4299029126213592,0.4389721627408993,0.5168961201501877,0.6087133550488599,0.6135344476151651,0.5467320261437908
11,Educational Attainment,"College Degree or higher by Race, Some Other Race Alone",0.3552447552447552,0.5058823529411764,0.4742268041237113,0.3058984910836763,0.3786008230452675,0.2915094339622641,0.2203947368421052,0.2627450980392157,0.2842639593908629,0.1932367149758454,0.3385826771653543,0.4014814814814815,0.5003927729772192,0.573728813559322,0.5370205173951829,0.4294205052005943
12,Educational Attainment,"College Degree or higher by Race, Two or More Races",0.5013333333333333,0.6945551128818062,0.6339869281045751,0.5527950310559007,0.5911330049261084,0.5739014647137151,0.6077844311377245,0.5907046476761619,0.646606914212548,0.5180487804878049,0.5839112343966713,0.5479876160990712,0.7186872069658405,0.768409818569904,0.7780834479596516,0.7288888888888889
13,Educational Attainment,"College Degree or higher by Race, White Alone",0.5830249632892804,0.6501930967897659,0.6578167595116747,0.6602440590879898,0.6722480620155039,0.7049747919577234,0.6969077275825742,0.7062226872653413,0.7125644407145426,0.7270306258322237,0.7210334833816365,0.8283799063156194,0.7397591938227981,0.7500176242509693,0.7615735709628342,0.7806837995603063
14,Educational Attainment,"College Degree or higher by Race, White Alone, Not Hispanic or Latino",0.6075699745547074,0.6913725219313394,0.6987257692829063,0.6978912319644839,0.6984170871638903,0.7277441077441077,0.732479643677361,0.7343674926213193,0.7472379412557262,0.7633804925518377,0.7426980029887243,0.8531848783013982,0.7525057825751735,0.7607726597325408,0.7708633366179034,0.7903173835991623
16,Educational Attainment,High School or Less,0.2167653292406636,0.1696763941057497,0.1586346836727299,0.1657661631197853,0.1595714080253128,0.158080033463469,0.1612789880534083,0.1516271678297519,0.142454496060853,0.2155824508320726,0.1352924963825535,0.1318918918918919,0.1302065580475833,0.1311591994310677,0.1283043643526037,0.1235201124187598
17,Educational Attainment,"High School or Less by Race, American Indian and Alaska Native Alone",0.0,0.2564102564102564,0.2790697674418604,0.7142857142857143,0.0,0.0,0.0,0.09375,0.1466666666666666,0.4545454545454545,0.4642857142857143,0.0,0.302158273381295,0.2920353982300885,0.1634615384615384,0.2628571428571428
18,Educational Attainment,"High School or Less by Race, Asian Alone",0.2927320821262124,0.2331833761782347,0.2240717029449423,0.2066726377071204,0.1976314645806171,0.1947413424540401,0.1985103961932347,0.1774372416574251,0.1704839673371838,0.2905185506617487,0.168804664723032,0.2358691032724182,0.1838905775075988,0.1920657112897588,0.1984369385555156,0.1872897196261682
19,Educational Attainment,"High School or Less by Race, Black or African American Alone",0.3047058823529411,0.0931098696461825,0.1371951219512195,0.185064935064935,0.1950113378684807,0.2094240837696335,0.1967380224260958,0.1949339207048458,0.2092731829573934,0.3871473354231975,0.2389380530973451,0.4027149321266968,0.2215088282504012,0.1364256480218281,0.1153846153846153,0.109090909090909
20,Educational Attainment,"High School or Less by Race, Hispanic or Latino",0.3678990081154193,0.3142335766423357,0.3265449438202247,0.3781094527363184,0.3622730860299921,0.3687012065294535,0.3590101080515859,0.3328581610833927,0.3059625212947189,0.4703548085901027,0.2209708737864077,0.3881156316916488,0.164372131831456,0.138843648208469,0.1553200163065634,0.176797385620915
22,Educational Attainment,"High School or Less by Race, Some Other Race Alone",0.3132867132867133,0.148235294117647,0.2783505154639175,0.4636488340192043,0.4320987654320987,0.5575471698113208,0.5383771929824561,0.4745098039215686,0.4192893401015228,0.5551529790660226,0.265748031496063,0.3911111111111111,0.1853888452474469,0.1542372881355932,0.247992863514719,0.2511144130757801
23,Educational Attainment,"High School or Less by Race, Two or More Races",0.2546666666666666,0.0849933598937583,0.074074074074074,0.1366459627329192,0.1268472906403941,0.0958721704394141,0.1092814371257485,0.1109445277361319,0.0896286811779769,0.1736585365853658,0.0804438280166435,0.3983488132094943,0.0843938379102478,0.0560298826040554,0.0463090325538743,0.0795959595959596
24,Educational Attainment,"High School or Less by Race, White Alone",0.171453744493392,0.1408399710354815,0.1272964323811781,0.128131021194605,0.1249612403100775,0.1109761282876753,0.1171221416620189,0.1137440758293838,0.1072413379690684,0.1006657789613848,0.1012517728309798,0.0728476821192053,0.0878157309252715,0.0884737398660557,0.0752734912700137,0.0660298688499734
25,Educational Attainment,"High School or Less by Race, White Alone, Not Hispanic or Latino",0.1548346055979644,0.1112799613179526,0.0965839772265148,0.0938956714761376,0.1022326674500587,0.0916498316498316,0.0927691558215603,0.0950648637518017,0.0862974939369442,0.0738827756568605,0.0904089118326314,0.0540307267391679,0.0844606434429102,0.0852897473997028,0.0764041537178806,0.0670211052038021
27,Educational Attainment,Some College/Associate Degree,0.2439158079368559,0.1994004622941346,0.2097615769258642,0.215275480574852,0.2171724435495469,0.2059746235359732,0.2065003513703443,0.1983002832861189,0.1963461016028253,0.1960871957089809,0.1921380830979122,0.110990990990991,0.1837889426682118,0.1799586846828541,0.1796191990048032,0.1743544704022483
28,Educational Attainment,"Some College/Associate Degree by Race, American Indian and Alaska Native Alone",0.125,0.5897435897435898,0.5813953488372093,0.0,0.0,0.1379310344827586,0.1428571428571428,0.5625,0.3333333333333333,0.5454545454545454,0.3571428571428571,0.8518518518518519,0.1870503597122302,0.3539823008849557,0.4134615384615384,0.4057142857142857
29,Educational Attainment,"Some College/Associate Degree by Race, Asian Alone",0.2232019145988159,0.1648457583547558,0.178791758817367,0.1848410210479176,0.2177314211212516,0.2138734501923899,0.2061653046446674,0.185905837281984,0.1904999004182433,0.1799739639835105,0.1796890184645286,0.140246493837654,0.1818009118541033,0.1868227892345333,0.1880165289256198,0.1618691588785046
30,Educational Attainment,"Some College/Associate Degree by Race, Black or African American Alone",0.3211764705882353,0.292364990689013,0.2789634146341463,0.4404761904761904,0.4263038548752834,0.4534031413612565,0.4505606523955148,0.4449339207048458,0.3609022556390977,0.3785266457680251,0.2448377581120944,0.2579185520361991,0.1974317817014446,0.2660300136425648,0.3110367892976589,0.4254545454545455
31,Educational Attainment,"Some College/Associate Degree by Race, Hispanic or Latino",0.3201082055906222,0.3105839416058394,0.3125,0.2709784411276948,0.2557221783741121,0.2427253371185238,0.2924363889857093,0.2761938702779757,0.3066439522998296,0.2567693744164332,0.349126213592233,0.1729122055674518,0.3187317480183563,0.252442996742671,0.2311455360782715,0.2764705882352941
33,Educational Attainment,"Some College/Associate Degree by Race, Some Other Race Alone",0.3314685314685314,0.3458823529411765,0.2474226804123711,0.2304526748971193,0.1893004115226337,0.1509433962264151,0.2412280701754386,0.2627450980392157,0.2964467005076142,0.251610305958132,0.3956692913385827,0.2074074074074074,0.3142183817753338,0.2720338983050847,0.2149866190900981,0.3194650817236255
34,Educational Attainment,"Some College/Associate Degree by Race, Two or More Races",0.244,0.2204515272244356,0.2919389978213507,0.3105590062111801,0.2820197044334975,0.3302263648468708,0.2829341317365269,0.2983508245877061,0.263764404609475,0.3082926829268292,0.3356449375866852,0.0536635706914344,0.1969189551239115,0.1755602988260405,0.1756075194864741,0.1915151515151515
35,Educational Attainment,"Some College/Associate Degree by Race, White Alone",0.2455212922173274,0.2089669321747526,0.214886808107147,0.2116249197174052,0.2027906976744186,0.1840490797546012,0.1859701307554068,0.1800332369052748,0.1801942213163889,0.1723035952063915,0.1777147437873836,0.0987724115651752,0.1724250752519303,0.1615086358829749,0.163152937767152,0.1532863315897202
36,Educational Attainment,"Some College/Associate Degree by Race, White Alone, Not Hispanic or Latino",0.2375954198473282,0.197347516750708,0.2046902534905788,0.2082130965593784,0.199350245386051,0.1806060606060606,0.1747512005010787,0.1705676436268789,0.1664645648073295,0.1627367317913017,0.1668930851786442,0.0927843949594338,0.1630335739819163,0.1539375928677563,0.1527325096642158,0.1426615111970356
38,Employment,Employed Residents,19042.0,19314.0,18956.0,18669.0,19056.0,19249.0,19596.0,20354.0,20826.0,22098.0,20964.0,13435.0,19939.0,19738.0,19262.0,19008.0
40,Employment,Managerial Professional,0.5773553198193467,0.6261261261261262,0.6232327495252163,0.6076383309229203,0.6019626364399664,0.6106810743415242,0.5891508471116554,0.6031246929350497,0.6056371842888697,0.5336682052674451,0.6271703873306621,0.6404168217342762,0.6563017202467526,0.6733204985307528,0.6977468591008202,0.7089646464646465
42,Employment,Natural Resources,0.0439554668627245,0.0423009216112664,0.0414644439755222,0.0362097594943489,0.0375734676742233,0.0323653176788404,0.0337824045723617,0.0302643215092856,0.0289061749735907,0.0313150511358494,0.0261877504293073,0.0205433569036099,0.0266312252369727,0.0294356064444219,0.0226871560585608,0.0245159932659932
44,Employment,Production Transport Materials,0.0404369288940237,0.0500673086879983,0.0451572061616374,0.0396914671380363,0.0483837111670864,0.0470154293729544,0.0452643396611553,0.0468212636336837,0.0559396907711514,0.061770295954385,0.0461743941995802,0.0172683289914402,0.0399217613721851,0.0373898064646874,0.0351469213996469,0.0339330808080808
46,Employment,Sales and Office,0.2385253649826698,0.1731904318111214,0.1745621439122177,0.1888156837538165,0.1928001679261125,0.1861914904670372,0.2150438865074505,0.2027611280338017,0.1993661768942667,0.2072133224726219,0.1944285441709597,0.2379605508001488,0.1859671999598776,0.178437531664809,0.1622884435676461,0.1422558922558922
48,Employment,Services,0.0985715786156916,0.1083152117634876,0.1155834564254062,0.1276447586908779,0.1192800167926112,0.1237466881396436,0.116758522147377,0.1170285938881792,0.1101507730721213,0.1660331251696986,0.1060389238694905,0.0838109415705247,0.0911780931842118,0.0814165568953288,0.0821306198733257,0.0903303872053872
51,Employment,"Unemployment Rate by Race, American Indian and Alaska Native Alone",0.0,0.0,0.0,0.0,0.0,0.0,0.0,0.0,0.0,0.0,0.0,0.8518518518518519,0.0,0.0,0.0,0.0
52,Employment,"Unemployment Rate by Race, Asian Alone",0.0336021505376344,0.0394964443590236,0.0546354054635405,0.0505430242272347,0.0544401158725402,0.0571709233791748,0.0475695101191602,0.0369349503858875,0.0345138325673605,0.0243452958292919,0.0122456171262443,0.0527306967984934,0.0092536010475774,0.0081953911067835,0.0096990798308878,0.0102941176470588
53,Employment,"Unemployment Rate by Race, Black or African American Alone",0.0267175572519083,0.0769230769230769,0.1111111111111111,0.0771349862258953,0.0571715145436308,0.0288909599254426,0.0828351836037574,0.0675182481751824,0.08016443987667,0.1170287316047652,0.0685249709639953,0.0,0.0,0.0816568047337278,0.0516759776536312,0.0453172205438066
54,Employment,"Unemployment Rate by Race, Hispanic or Latino",0.0488940628637951,0.0484637313905606,0.0656087885260909,0.0706051873198847,0.079700272479564,0.0623409669211195,0.0356007628734901,0.0162127107652399,0.0082241851964666,0.0050524679362611,0.0042608980662078,0.1015779092702169,0.0520487264673311,0.0464703795672224,0.060948905109489,0.0432399512789281
55,Employment,"Unemployment Rate by Race, Native Hawaiian and Other Pacific Islander Alone",0.0,0.0,0.0,0.0,0.0,0.0,0.0,0.0,0.0,0.0,0.0,0.0,0.0,0.0,0.0,0.0
56,Employment,"Unemployment Rate by Race, Some Other Race Alone",0.0926916221033868,0.1329243353783231,0.2069597069597069,0.1360201511335012,0.106516290726817,0.0585625554569653,0.0381143430290872,0.0212765957446808,0.0184534270650263,0.0138654041258031,0.0121457489878542,0.1649076517150395,0.0586972083035075,0.0483630952380952,0.0895645028759244,0.0672676837725381
57,Employment,"Unemployment Rate by Race, Two or More Races",0.0771428571428571,0.0352697095435684,0.0309623430962343,0.0195530726256983,0.0271903323262839,0.0289361702127659,0.0272045028142589,0.0226843100189035,0.0295519542421353,0.037410071942446,0.0438095238095238,0.0327868852459016,0.033297529538131,0.0407978241160471,0.0340632603406326,0.0325027085590465
58,Employment,"Unemployment Rate by Race, White Alone",0.0179981322692928,0.0211751348282713,0.0271906710769748,0.0340420519465221,0.0362298004485594,0.0363166179446818,0.0264392812178093,0.02392911563858,0.0202244693854872,0.0254614119510263,0.0186360258389069,0.0300412780920348,0.036081510562722,0.0314258911819887,0.0294117647058823,0.0317381425731326
59,Employment,"Unemployment Rate by Race, White Alone, Not Hispanic or Latino",0.0165562913907284,0.0202415932092719,0.0261648514532448,0.0308688245315161,0.0326472675656493,0.0333814394177072,0.0266101041264944,0.024693685202639,0.0224929709465791,0.0288216231124594,0.0205886067955033,0.0274365274365274,0.0341639871382636,0.0295325779036827,0.0278838533035521,0.0306614434232333
61,Households,Average Family Household Size,3.203228659885007,3.199625426903162,3.1472053726169844,3.0966803190342747,3.103819989534275,3.112647622892904,3.125330620549339,3.143449501431533,3.2156033820138354,3.3816431670282,3.1652460286710578,2.9676985195154777,3.076240260380708,3.0649040850810056,3.012954905063291,3.035371089756696
62,Households,Average Household Size,2.621103468461876,2.660648489314665,2.642095914742451,2.627132412672624,2.656080387267126,2.680511412886449,2.711407926428728,2.735277177825774,2.800961124659303,2.475386589236275,2.7626643673205438,1.9791099883404584,2.6581740976645434,2.6525768051892507,2.6123715753424657,2.6056811677160847
63,Households,Family Households,0.6617883799209717,0.6689019896831245,0.6832445233866193,0.6851783472417103,0.7008214757224586,0.7156168737359144,0.7174658784030363,0.7292296616270698,0.7465213025390905,0.4980754946316429,0.7418265430768125,0.3609599689078896,0.7175513092710545,0.7171573169862427,0.7214611872146118,0.6999141385231826
64,Households,Households,13666.0,13570.0,13512.0,13541.0,13634.0,13844.0,13701.0,13890.0,13942.0,14809.0,13917.0,10292.0,14130.0,14029.0,14016.0,13976.0
65,Households,"Households with 60 years and older, % of Total (DEC, 65 years and older)",0.4326796429094102,0.4127487103905674,0.4235494375370041,0.4484159220146222,0.4587061757371277,0.4638832707310026,0.4731041529815342,0.4763858891288697,0.4814947640223784,0.3669390235667499,0.4937845800100596,0.2473766031869413,0.5307855626326964,0.5420201012189036,0.5344606164383562,0.5203921007441328
66,Households,"Households with Children, % of Total",0.2624030440509293,0.2845983787767133,0.3008436944937833,0.2890480762129828,0.2839958926213877,0.2842386593470095,0.2826800963433326,0.2789776817854572,0.2952947927126668,0.2105476399486798,0.2989868506143565,0.1626506024096385,0.2775654635527247,0.2678024092950317,0.2617009132420091,0.276903262736119
67,Households,Living in Group Quarters,143.0,0.0,0.0,2147.0,2025.0,2007.0,1955.0,1826.0,1803.0,1727.0,214.0,221.0,193.0,267.0,267.0,270.0
68,Households,Non-Family Households,0.3382116200790282,0.3310980103168754,0.3167554766133807,0.3148216527582896,0.2991785242775414,0.2843831262640855,0.2825341215969637,0.2707703383729302,0.2534786974609095,0.5019245053683571,0.2581734569231875,0.6390400310921104,0.2824486907289455,0.2828426830137572,0.2785388127853881,0.3000858614768174
69,Households,"Single Person Households, % of Total",0.2205473437728669,0.2158437730287398,0.21299585553582,0.2168968318440292,0.2019216664221798,0.194596937301358,0.1864827384862419,0.1747300215982721,0.1666188495194376,0.335944358160578,0.1774089243371416,0.4540419743490089,0.2106157112526539,0.2072849098296386,0.2022688356164383,0.2079994275901545
70,Housing,Median Year Moved In Owner,1986.0550250113688,1992.360594795539,1996.6900395541168,1993.309885931559,1993.513250194856,1999.7360426929392,1994.8705636743216,1996.037651277454,2000.288192975032,2000.3233438485804,1991.9522935779817,2006.4837398373984,1991.0884385076,2001.439719079204,2001.5520877266977,2002.4791940429257
71,Housing,Median Year Moved In Renter,1996.357815442561,2004.212962962963,2005.6506986027944,2004.3437152391543,2005.7464146023467,2010.4199584199584,2009.1287284144428,2010.2934702861332,2014.3502994011976,2011.8120805369128,2012.463697967086,2013.889787430684,2011.1374795417348,2013.8856235107228,2015.6296296296296,2015.961441743504
72,Housing,Median Year Structure Built,1939.0,1939.0,1939.0,1939.0,1939.0,1940.0,1939.0,1939.0,1939.0,1939.0,1939.0,1939.0,1939.0,1939.0,1939.0,1939.0
73,Housing,"Overcrowding, Renter Occupied Housing",0.1076923076923077,0.0500387897595034,0.0264925373134328,0.0256593014967925,0.0143964562569213,0.0193972982334603,0.0154777927321668,0.0329632199861207,0.0306620209059233,0.1021035216260931,0.0191672174487772,0.0655780535597648,0.0190735694822888,0.0224182285924292,0.0183982683982684,0.015884476534296
74,Housing,Owner Occupied,0.8143673110720563,0.8100221075902727,0.8016577856719953,0.7927774905841518,0.8013055596303359,0.791462005200809,0.783081526895847,0.7925125989920806,0.7941471811791708,0.4285907218583294,0.7825680822016239,0.2562184220753983,0.7922151450813871,0.8060446218547295,0.8022260273972602,0.8018030910131654
76,Housing,"Owner Occupied by Race, Asian Alone",0.8464640198511166,0.7891752577319587,0.7915391038129697,0.806060606060606,0.8361237950279046,0.8837803320561941,0.8863237139272271,0.8835467504228074,0.8802851524090463,0.5225914415491274,0.8358384217942696,0.2970859985785359,0.8584608932690292,0.8568376068376068,0.864696734059098,0.8535129932627527
77,Housing,"Owner Occupied by Race, Black or African American Alone",0.8256410256410256,0.5447761194029851,0.6632996632996633,0.807909604519774,0.7932098765432098,0.7055214723926381,0.65527950310559,0.6321428571428571,0.5957446808510638,0.2992700729927007,0.6375838926174496,0.0,0.6431372549019608,0.6231343283582089,0.5285171102661597,0.3157894736842105
78,Housing,"Owner Occupied by Race, Hispanic or Latino",0.6966413867822319,0.6504,0.6317715959004392,0.5754189944134078,0.6254416961130742,0.5856540084388185,0.5885623510722796,0.6034892942109437,0.6661466458658346,0.2539237668161435,0.5627943485086342,0.1617786187322611,0.3885209713024282,0.4758842443729904,0.4470954356846473,0.555935098206661
80,Housing,"Owner Occupied by Race, Some Other Race Alone",0.556,0.8811188811188811,0.78125,0.4098939929328622,0.3656957928802589,0.2854030501089324,0.1966426858513189,0.3066954643628509,0.4493827160493827,0.2146768893756845,0.4947368421052631,0.0434782608695652,0.5350194552529183,0.5593869731800766,0.6176470588235294,0.6546184738955824
81,Housing,"Owner Occupied by Race, Two or More Races",0.7183462532299741,0.7769230769230769,0.7071005917159763,0.6717948717948717,0.7740963855421686,0.672514619883041,0.6158038147138964,0.6322751322751323,0.6681127982646421,0.3348281016442451,0.625,0.2153024911032028,0.6070287539936102,0.6493975903614457,0.5979057591623037,0.6431881371640408
82,Housing,"Owner Occupied by Race, White Alone",0.8152941176470588,0.8278624680093468,0.8145622525296964,0.8041296573999308,0.8014731269421107,0.7842153284671532,0.7752389834460247,0.7871672672323609,0.7829885057471264,0.4260848543454611,0.7862468931234465,0.2675929499549723,0.7912087912087912,0.8138796909492274,0.8060177481974486,0.8142201834862385
83,Housing,"Owner Occupied by Race, White Alone, Not Hispanic or Latino",0.8179545454545455,0.8518285786100289,0.837,0.8231906818479257,0.8065781151170145,0.7823982125124131,0.7731535003211304,0.7872938770292727,0.7847231063017186,0.4398173025255239,0.7931750356818477,0.2688462577681708,0.8020196651607759,0.8270169394200402,0.8250720461095101,0.8347707671357241
84,Housing,Post 1979 All and Pre 1979 Single Family Renter Occupied by Year Structure Built by Units in Structure,1592.0,2190.0,2309.0,2389.0,2321.0,2542.0,1981.0,1971.0,2094.0,1691.0,2254.0,1168.0,2076.0,1853.0,1924.0,2050.0
85,Housing,Pre 1980 MultiFamily Renter Occupied by Year Structure Built by Units in Structure,943.0,384.0,371.0,417.0,378.0,318.0,991.0,911.0,776.0,6771.0,772.0,6487.0,860.0,868.0,848.0,720.0
86,Housing,Renter Occupied,0.1856326889279437,0.1899778924097273,0.1983422143280047,0.2072225094158481,0.198694440369664,0.208537994799191,0.216918473104153,0.2074874010079193,0.2058528188208291,0.5714092781416706,0.2174319177983761,0.7437815779246016,0.2077848549186128,0.1939553781452705,0.1977739726027397,0.1981969089868345
88,Housing,"Renter Occupied by Race, Asian Alone",0.1535359801488833,0.2108247422680412,0.2084608961870303,0.1939393939393939,0.1638762049720953,0.1162196679438058,0.1136762860727729,0.1164532495771925,0.1197148475909537,0.4774085584508726,0.1641615782057303,0.7029140014214641,0.1415391067309708,0.1431623931623931,0.135303265940902,0.1464870067372473
89,Housing,"Renter Occupied by Race, Black or African American Alone",0.1743589743589743,0.4552238805970149,0.3367003367003367,0.192090395480226,0.2067901234567901,0.294478527607362,0.3447204968944099,0.3678571428571429,0.4042553191489361,0.7007299270072993,0.3624161073825503,1.0,0.3568627450980392,0.376865671641791,0.4714828897338403,0.6842105263157895
90,Housing,"Renter Occupied by Race, Hispanic or Latino",0.3033586132177681,0.3496,0.3682284040995607,0.4245810055865922,0.3745583038869258,0.4143459915611814,0.4114376489277204,0.3965107057890563,0.3338533541341654,0.7460762331838565,0.4372056514913657,0.8382213812677389,0.6114790286975718,0.5241157556270096,0.5529045643153527,0.444064901793339
92,Housing,"Renter Occupied by Race, Some Other Race Alone",0.444,0.1188811188811188,0.21875,0.5901060070671378,0.6343042071197411,0.7145969498910676,0.8033573141486811,0.693304535637149,0.5506172839506173,0.7853231106243155,0.5052631578947369,0.9565217391304348,0.4649805447470817,0.4406130268199233,0.3823529411764705,0.3453815261044177
93,Housing,"Renter Occupied by Race, Two or More Races",0.2816537467700258,0.2230769230769231,0.2928994082840236,0.3282051282051282,0.2259036144578313,0.327485380116959,0.3841961852861035,0.3677248677248677,0.3318872017353579,0.6651718983557549,0.375,0.7846975088967971,0.3929712460063898,0.3506024096385542,0.4020942408376963,0.3568118628359592
94,Housing,"Renter Occupied by Race, White Alone",0.1847058823529411,0.1721375319906531,0.1854377474703035,0.1958703426000692,0.1985268730578893,0.2157846715328467,0.2247610165539753,0.2128327327676392,0.2170114942528735,0.5739151456545388,0.2137531068765534,0.7324070500450277,0.2087912087912088,0.1861203090507726,0.1939822518025513,0.1857798165137614
95,Housing,"Renter Occupied by Race, White Alone, Not Hispanic or Latino",0.1820454545454545,0.148171421389971,0.163,0.1768093181520743,0.1934218848829854,0.2176017874875868,0.2268464996788696,0.2127061229707273,0.2152768936982813,0.5601826974744761,0.2068249643181523,0.7311537422318293,0.197980334839224,0.1729830605799598,0.1749279538904899,0.165229232864276
96,Housing,Total Number of Units,14037.0,14409.0,14473.0,14420.0,14472.0,14634.0,14641.0,14694.0,14764.0,16291.0,14811.0,11643.0,14908.0,14877.0,14836.0,14850.0
97,Housing,Total Vacant Units,381.0,839.0,961.0,879.0,838.0,790.0,940.0,804.0,822.0,1482.0,894.0,1351.0,778.0,848.0,820.0,874.0
98,Housing,Vacancy Rate,0.0271425518273135,0.0582274967034492,0.0663995025219374,0.0609570041608876,0.0579049198452183,0.053983873172065,0.0642032648043166,0.0547162106982441,0.0556759685722026,0.09097047449512,0.0603605428397812,0.1160353860688825,0.0521867453716125,0.0570007393963836,0.0552709625235912,0.0588552188552188
99,Housing Prices,Contract Rent 100 to 149,30.0,0.0,0.0,10.0,8.0,9.0,7.0,7.0,21.0,36.0,20.0,37.0,31.0,0.0,0.0,0.0
100,Housing Prices,Contract Rent 1000 to 1249,356.0,282.0,261.0,272.0,333.0,278.0,265.0,290.0,283.0,864.0,314.0,467.0,314.0,290.0,277.0,141.0
101,Housing Prices,Contract Rent 1250 to 1499,174.0,325.0,392.0,447.0,306.0,283.0,333.0,325.0,280.0,622.0,183.0,442.0,141.0,146.0,102.0,209.0
102,Housing Prices,Contract Rent 150 to 199,10.0,21.0,20.0,19.0,0.0,0.0,0.0,0.0,0.0,0.0,0.0,0.0,0.0,0.0,0.0,0.0
103,Housing Prices,Contract Rent 1500 to 1999,432.0,489.0,422.0,431.0,410.0,456.0,416.0,431.0,307.0,1547.0,224.0,1014.0,225.0,157.0,125.0,153.0
104,Housing Prices,Contract Rent 200 to 249,0.0,0.0,3.0,5.0,14.0,16.0,13.0,20.0,18.0,240.0,18.0,180.0,13.0,0.0,0.0,0.0
105,Housing Prices,"Contract Rent 2000 to 2499 (Contract Rent 2000 or more, DEC2000 and ACS2009-2014)",344.0,881.0,924.0,992.0,1136.0,1374.0,474.0,409.0,359.0,1201.0,485.0,991.0,381.0,318.0,160.0,261.0
106,Housing Prices,Contract Rent 250 to 299,27.0,0.0,0.0,0.0,0.0,0.0,0.0,0.0,0.0,113.0,0.0,54.0,0.0,14.0,0.0,0.0
108,Housing Prices,Contract Rent 300 to 349,24.0,0.0,0.0,0.0,0.0,0.0,0.0,0.0,0.0,98.0,0.0,95.0,0.0,0.0,0.0,0.0
110,Housing Prices,Contract Rent 350 to 399,9.0,16.0,7.0,0.0,0.0,0.0,0.0,17.0,16.0,41.0,0.0,0.0,0.0,0.0,0.0,0.0
112,Housing Prices,Contract Rent 400 to 449,21.0,17.0,14.0,23.0,26.0,14.0,15.0,6.0,0.0,56.0,17.0,24.0,0.0,0.0,0.0,0.0
113,Housing Prices,Contract Rent 500 to 549,23.0,0.0,0.0,0.0,0.0,0.0,0.0,0.0,5.0,12.0,0.0,93.0,27.0,37.0,0.0,0.0
114,Housing Prices,Contract Rent 550 to 599,61.0,20.0,23.0,9.0,10.0,0.0,0.0,0.0,0.0,254.0,0.0,108.0,0.0,0.0,48.0,45.0
115,Housing Prices,Contract Rent 600 to 649,43.0,17.0,15.0,36.0,11.0,8.0,0.0,0.0,0.0,84.0,0.0,70.0,0.0,0.0,0.0,0.0
116,Housing Prices,Contract Rent 650 to 699,116.0,11.0,0.0,0.0,0.0,14.0,28.0,19.0,27.0,93.0,35.0,27.0,0.0,0.0,0.0,0.0
117,Housing Prices,Contract Rent 700 to 749,63.0,73.0,0.0,0.0,0.0,0.0,0.0,17.0,16.0,99.0,0.0,0.0,0.0,0.0,0.0,0.0
118,Housing Prices,Contract Rent 750 to 749,111.0,13.0,116.0,83.0,80.0,41.0,51.0,45.0,65.0,185.0,62.0,0.0,0.0,44.0,77.0,0.0
119,Housing Prices,Contract Rent 750 to 799,96.0,58.0,40.0,0.0,0.0,10.0,9.0,11.0,18.0,98.0,23.0,66.0,50.0,0.0,0.0,64.0
120,Housing Prices,Contract Rent 800 to 899,221.0,24.0,57.0,73.0,73.0,94.0,87.0,104.0,84.0,177.0,31.0,168.0,12.0,16.0,0.0,0.0
121,Housing Prices,Contract Rent 900 to 999,201.0,19.0,59.0,74.0,68.0,64.0,72.0,35.0,36.0,319.0,46.0,199.0,43.0,39.0,63.0,64.0
122,Housing Prices,Contract Rent Less than 100,0.0,0.0,35.0,55.0,37.0,34.0,38.0,0.0,10.0,0.0,10.0,0.0,7.0,0.0,0.0,0.0
123,Housing Prices,Contract Rent Total,2529.0,2578.0,2680.0,2806.0,2709.0,2887.0,2972.0,2882.0,2870.0,8462.0,3026.0,7655.0,2936.0,2721.0,2772.0,2770.0
124,Housing Prices,Contract Rent Total No cash Rent (ACS2015-),167.0,0.0,0.0,0.0,0.0,0.0,216.0,149.0,152.0,85.0,189.0,226.0,216.0,235.0,241.0,251.0
125,Housing Prices,"Contract Rent Total No cash Rent (No cash rent, DEC2000 and ACS2009-2014)",167.0,312.0,292.0,277.0,197.0,192.0,456.0,383.0,386.0,838.0,275.0,1269.0,198.0,265.0,281.0,212.0
126,Housing Prices,Contract Rent Total With cash Rent,2362.0,2266.0,2388.0,2529.0,2512.0,2695.0,2756.0,2733.0,2718.0,8377.0,2837.0,7429.0,2720.0,2486.0,2531.0,2519.0
127,Housing Prices,Extremely Rent Burdened,0.1221826809015421,0.126066718386346,0.1522388059701492,0.1650035637918745,0.1376891842008121,0.14721163837894,0.1463660834454912,0.1342817487855656,0.1390243902439024,0.1619002599858189,0.1298744216787838,0.1242325277596342,0.1427111716621253,0.155457552370452,0.1702741702741702,0.1992779783393501
137,Housing Prices,Home Value 10000 to 14999 ,0.0,10.0,11.0,11.0,10.0,0.0,0.0,0.0,0.0,0.0,0.0,0.0,0.0,0.0,0.0,0.0
138,Housing Prices,Home Value 100000 to 124999,15.0,50.0,44.0,42.0,50.0,37.0,7.0,7.0,15.0,16.0,21.0,0.0,25.0,0.0,0.0,0.0
139,Housing Prices,"Home Value 1000000 to 1499999 (1000000 or more, DEC2000 and ACS2009-2014)",701.0,4083.0,4057.0,3599.0,3757.0,4123.0,2941.0,3450.0,4026.0,1956.0,4072.0,743.0,3773.0,3005.0,2683.0,2462.0
140,Housing Prices,Home Value 125000 to 149999,0.0,28.0,19.0,22.0,24.0,0.0,0.0,8.0,9.0,0.0,9.0,0.0,44.0,52.0,11.0,0.0
141,Housing Prices,Home Value 15000 to 19999 ,0.0,34.0,38.0,44.0,31.0,36.0,0.0,0.0,0.0,0.0,0.0,0.0,0.0,0.0,11.0,9.0
142,Housing Prices,Home Value 150000 to 174999,40.0,35.0,33.0,28.0,54.0,62.0,51.0,51.0,54.0,26.0,24.0,0.0,24.0,36.0,66.0,86.0
144,Housing Prices,Home Value 175000 to 199999,40.0,24.0,19.0,49.0,31.0,56.0,34.0,38.0,0.0,0.0,0.0,0.0,0.0,11.0,21.0,21.0
145,Housing Prices,Home Value 20000 to 24999 ,0.0,0.0,0.0,0.0,0.0,0.0,0.0,0.0,0.0,0.0,0.0,0.0,0.0,0.0,0.0,0.0
146,Housing Prices,Home Value 200000 to 249999,186.0,22.0,51.0,63.0,74.0,49.0,73.0,54.0,61.0,14.0,49.0,0.0,0.0,0.0,18.0,32.0
148,Housing Prices,Home Value 25000 to 29999 ,26.0,0.0,9.0,5.0,4.0,3.0,5.0,0.0,0.0,0.0,0.0,0.0,0.0,0.0,0.0,0.0
149,Housing Prices,Home Value 250000 to 299999,532.0,45.0,23.0,45.0,58.0,71.0,61.0,73.0,40.0,51.0,44.0,0.0,31.0,10.0,11.0,0.0
150,Housing Prices,Home Value 30000 to 34999 ,17.0,0.0,16.0,15.0,16.0,17.0,10.0,0.0,0.0,0.0,0.0,0.0,0.0,0.0,0.0,0.0
151,Housing Prices,Home Value 300000 to 399999,1885.0,175.0,210.0,194.0,174.0,128.0,115.0,95.0,144.0,86.0,106.0,65.0,96.0,74.0,0.0,0.0
152,Housing Prices,Home Value 35000 to 39999 ,67.0,0.0,17.0,19.0,21.0,13.0,23.0,0.0,15.0,0.0,11.0,0.0,14.0,0.0,0.0,0.0
153,Housing Prices,Home Value 40000 to 49999 ,43.0,7.0,11.0,16.0,11.0,9.0,12.0,27.0,20.0,17.0,17.0,0.0,0.0,0.0,0.0,0.0
154,Housing Prices,Home Value 400000 to 499999,2585.0,216.0,231.0,269.0,237.0,235.0,233.0,194.0,152.0,105.0,50.0,36.0,26.0,36.0,14.0,20.0
155,Housing Prices,Home Value 50000 to 59999 ,55.0,0.0,0.0,0.0,0.0,0.0,0.0,0.0,0.0,0.0,0.0,0.0,0.0,0.0,0.0,0.0
156,Housing Prices,Home Value 500000 to 749999,3593.0,2106.0,2100.0,2271.0,2369.0,2016.0,1709.0,1490.0,977.0,841.0,737.0,80.0,446.0,262.0,236.0,247.0
157,Housing Prices,Home Value 60000 to 69999 ,26.0,0.0,0.0,0.0,20.0,16.0,15.0,13.0,14.0,0.0,0.0,0.0,0.0,0.0,0.0,0.0
158,Housing Prices,Home Value 70000 to 79999 ,27.0,33.0,11.0,10.0,11.0,11.0,0.0,0.0,0.0,0.0,0.0,0.0,0.0,0.0,0.0,0.0
159,Housing Prices,Home Value 750000 to 999999,1257.0,4095.0,3894.0,3995.0,3882.0,3968.0,3537.0,3157.0,2422.0,1333.0,1216.0,134.0,767.0,586.0,527.0,465.0
160,Housing Prices,Home Value 80000 to 89999 ,8.0,29.0,38.0,28.0,46.0,28.0,28.0,12.0,14.0,0.0,0.0,0.0,0.0,0.0,0.0,0.0
161,Housing Prices,Home Value 90000 to 99999 ,10.0,0.0,0.0,5.0,5.0,16.0,14.0,13.0,6.0,0.0,0.0,0.0,0.0,0.0,0.0,0.0
162,Housing Prices,Home Value Less than 10000,8.0,0.0,0.0,5.0,40.0,63.0,59.0,53.0,78.0,76.0,57.0,15.0,140.0,145.0,141.0,122.0
163,Housing Prices,Home Value Total,11121.0,10992.0,10832.0,10735.0,10925.0,10957.0,10729.0,11008.0,11072.0,6347.0,10891.0,2637.0,11194.0,11308.0,11244.0,11206.0
164,Housing Prices,Housing Units with a Mortgage,7227.0,7641.0,7763.0,7837.0,7850.0,7837.0,7788.0,7839.0,7616.0,4299.0,7354.0,1707.0,6837.0,6982.0,6851.0,6932.0
165,Housing Prices,Housing Units with a Mortgage 0 to 30%,4635.0,4471.0,4438.0,4428.0,4651.0,4599.0,4702.0,5020.0,5045.0,2691.0,4981.0,1299.0,4370.0,4568.0,4463.0,4708.0
166,Housing Prices,Housing Units with a Mortgage 30-50%,1515.0,1727.0,1708.0,1742.0,1621.0,1609.0,1634.0,1584.0,1503.0,1073.0,1321.0,157.0,1275.0,1125.0,1217.0,1163.0
167,Housing Prices,Housing Units with a Mortgage 50%+,1068.0,1422.0,1572.0,1632.0,1552.0,1606.0,1423.0,1235.0,1068.0,535.0,1029.0,231.0,1178.0,1273.0,1161.0,1061.0
168,Housing Prices,"Housing Units with a Mortgage 50%+ by Race, American Indian and Alaska Native Alone",0.0,0.0,0.0,0.0,0.0,0.0,0.0,0.0,0.0,0.0,0.0,0.0,0.0,0.0,0.0,0.0
169,Housing Prices,"Housing Units with a Mortgage 50%+ by Race, Asian Alone",420.0,0.0,0.0,0.0,0.0,0.0,0.0,0.0,0.0,0.0,0.0,0.0,0.0,0.0,478.0,451.0
170,Housing Prices,"Housing Units with a Mortgage 50%+ by Race, Black or African American Alone",24.0,0.0,0.0,0.0,0.0,0.0,0.0,0.0,0.0,0.0,0.0,0.0,0.0,0.0,34.0,38.0
171,Housing Prices,"Housing Units with a Mortgage 50%+ by Race, Hispanic or Latino",77.0,0.0,0.0,0.0,0.0,0.0,0.0,0.0,0.0,0.0,0.0,0.0,0.0,0.0,57.0,80.0
172,Housing Prices,"Housing Units with a Mortgage 50%+ by Race, Native Hawaiian and Other Pacific Islander Alone",10.0,0.0,0.0,0.0,0.0,0.0,0.0,0.0,0.0,0.0,0.0,0.0,0.0,0.0,0.0,0.0
173,Housing Prices,"Housing Units with a Mortgage 50%+ by Race, Some Other Race Alone",0.0,0.0,0.0,0.0,0.0,0.0,0.0,0.0,0.0,0.0,0.0,0.0,0.0,0.0,57.0,80.0
174,Housing Prices,"Housing Units with a Mortgage 50%+ by Race, Two or More Races",25.0,0.0,0.0,0.0,0.0,0.0,0.0,0.0,0.0,0.0,0.0,0.0,0.0,0.0,73.0,90.0
175,Housing Prices,"Housing Units with a Mortgage 50%+ by Race, White Alone",589.0,0.0,0.0,0.0,0.0,0.0,0.0,0.0,0.0,0.0,0.0,0.0,0.0,0.0,481.0,365.0
176,Housing Prices,"Housing Units with a Mortgage 50%+ by Race, White Alone, Not Hispanic or Latino",520.0,0.0,0.0,0.0,0.0,0.0,0.0,0.0,0.0,0.0,0.0,0.0,0.0,0.0,481.0,365.0
177,Housing Prices,Housing Units with a Mortgage Not Computed,9.0,21.0,45.0,35.0,26.0,23.0,29.0,0.0,0.0,0.0,23.0,20.0,14.0,16.0,10.0,0.0
178,Housing Prices,"Housing Units with a Mortgage by Race, American Indian and Alaska Native Alone",0.0,0.0,0.0,0.0,0.0,0.0,0.0,0.0,0.0,0.0,0.0,0.0,0.0,0.0,0.0,0.0
179,Housing Prices,"Housing Units with a Mortgage by Race, Asian Alone",0.0,0.0,0.0,0.0,0.0,0.0,0.0,0.0,0.0,0.0,0.0,0.0,0.0,0.0,2395.0,2386.0
180,Housing Prices,"Housing Units with a Mortgage by Race, Black or African American Alone",0.0,0.0,0.0,0.0,0.0,0.0,0.0,0.0,0.0,0.0,0.0,0.0,0.0,0.0,107.0,61.0
181,Housing Prices,"Housing Units with a Mortgage by Race, Hispanic or Latino",0.0,0.0,0.0,0.0,0.0,0.0,0.0,0.0,0.0,0.0,0.0,0.0,0.0,0.0,342.0,541.0
182,Housing Prices,"Housing Units with a Mortgage by Race, Native Hawaiian and Other Pacific Islander Alone",0.0,0.0,0.0,0.0,0.0,0.0,0.0,0.0,0.0,0.0,0.0,0.0,0.0,0.0,0.0,0.0
183,Housing Prices,"Housing Units with a Mortgage by Race, Some Other Race Alone",0.0,0.0,0.0,0.0,0.0,0.0,0.0,0.0,0.0,0.0,0.0,0.0,0.0,0.0,150.0,190.0
184,Housing Prices,"Housing Units with a Mortgage by Race, Two or More Races",0.0,0.0,0.0,0.0,0.0,0.0,0.0,0.0,0.0,0.0,0.0,0.0,0.0,0.0,398.0,525.0
185,Housing Prices,"Housing Units with a Mortgage by Race, White Alone",0.0,0.0,0.0,0.0,0.0,0.0,0.0,0.0,0.0,0.0,0.0,0.0,0.0,0.0,3801.0,3770.0
186,Housing Prices,"Housing Units with a Mortgage by Race, White Alone, Not Hispanic or Latino",0.0,0.0,0.0,0.0,0.0,0.0,0.0,0.0,0.0,0.0,0.0,0.0,0.0,0.0,3720.0,3614.0
187,Housing Prices,Housing Units without a Mortgage,3131.0,3351.0,3069.0,2898.0,3075.0,3120.0,2941.0,3169.0,3456.0,2048.0,3537.0,930.0,4357.0,4326.0,4393.0,4274.0
188,Housing Prices,Housing Units without a Mortgage 0 to 30%,2752.0,3036.0,2792.0,2646.0,2809.0,2853.0,2718.0,2928.0,3250.0,1765.0,3266.0,623.0,3963.0,3821.0,3854.0,3714.0
189,Housing Prices,Housing Units without a Mortgage 30-50%,149.0,107.0,105.0,98.0,106.0,111.0,92.0,124.0,121.0,165.0,130.0,121.0,135.0,220.0,234.0,247.0
190,Housing Prices,Housing Units without a Mortgage 50%+,159.0,188.0,145.0,112.0,119.0,119.0,93.0,91.0,75.0,100.0,141.0,122.0,259.0,285.0,293.0,292.0
191,Housing Prices,"Housing Units without a Mortgage 50%+ by Race, American Indian and Alaska Native Alone",0.0,0.0,0.0,0.0,0.0,0.0,0.0,0.0,0.0,0.0,0.0,0.0,0.0,0.0,0.0,0.0
192,Housing Prices,"Housing Units without a Mortgage 50%+ by Race, Asian Alone",25.0,0.0,0.0,0.0,0.0,0.0,0.0,0.0,0.0,0.0,0.0,0.0,0.0,0.0,208.0,198.0
193,Housing Prices,"Housing Units without a Mortgage 50%+ by Race, Black or African American Alone",15.0,0.0,0.0,0.0,0.0,0.0,0.0,0.0,0.0,0.0,0.0,0.0,0.0,0.0,0.0,0.0
194,Housing Prices,"Housing Units without a Mortgage 50%+ by Race, Hispanic or Latino",0.0,0.0,0.0,0.0,0.0,0.0,0.0,0.0,0.0,0.0,0.0,0.0,0.0,0.0,12.0,9.0
195,Housing Prices,"Housing Units without a Mortgage 50%+ by Race, Native Hawaiian and Other Pacific Islander Alone",0.0,0.0,0.0,0.0,0.0,0.0,0.0,0.0,0.0,0.0,0.0,0.0,0.0,0.0,0.0,0.0
196,Housing Prices,"Housing Units without a Mortgage 50%+ by Race, Some Other Race Alone",0.0,0.0,0.0,0.0,0.0,0.0,0.0,0.0,0.0,0.0,0.0,0.0,0.0,0.0,0.0,0.0
197,Housing Prices,"Housing Units without a Mortgage 50%+ by Race, Two or More Races",8.0,0.0,0.0,0.0,0.0,0.0,0.0,0.0,0.0,0.0,0.0,0.0,0.0,0.0,0.0,0.0
198,Housing Prices,"Housing Units without a Mortgage 50%+ by Race, White Alone",111.0,0.0,0.0,0.0,0.0,0.0,0.0,0.0,0.0,0.0,0.0,0.0,0.0,0.0,85.0,94.0
199,Housing Prices,"Housing Units without a Mortgage 50%+ by Race, White Alone, Not Hispanic or Latino",111.0,0.0,0.0,0.0,0.0,0.0,0.0,0.0,0.0,0.0,0.0,0.0,0.0,0.0,85.0,94.0
200,Housing Prices,Housing Units without a Mortgage Not Computed,71.0,20.0,27.0,42.0,41.0,37.0,38.0,26.0,10.0,18.0,0.0,64.0,0.0,0.0,12.0,21.0
201,Housing Prices,"Housing Units without a Mortgage by Race, American Indian and Alaska Native Alone",0.0,0.0,0.0,0.0,0.0,0.0,0.0,0.0,0.0,0.0,0.0,0.0,0.0,0.0,0.0,0.0
202,Housing Prices,"Housing Units without a Mortgage by Race, Asian Alone",0.0,0.0,0.0,0.0,0.0,0.0,0.0,0.0,0.0,0.0,0.0,0.0,0.0,0.0,2053.0,2048.0
203,Housing Prices,"Housing Units without a Mortgage by Race, Black or African American Alone",0.0,0.0,0.0,0.0,0.0,0.0,0.0,0.0,0.0,0.0,0.0,0.0,0.0,0.0,32.0,11.0
204,Housing Prices,"Housing Units without a Mortgage by Race, Hispanic or Latino",0.0,0.0,0.0,0.0,0.0,0.0,0.0,0.0,0.0,0.0,0.0,0.0,0.0,0.0,89.0,110.0
205,Housing Prices,"Housing Units without a Mortgage by Race, Native Hawaiian and Other Pacific Islander Alone",0.0,0.0,0.0,0.0,0.0,0.0,0.0,0.0,0.0,0.0,0.0,0.0,0.0,0.0,0.0,0.0
206,Housing Prices,"Housing Units without a Mortgage by Race, Some Other Race Alone",0.0,0.0,0.0,0.0,0.0,0.0,0.0,0.0,0.0,0.0,0.0,0.0,0.0,0.0,123.0,136.0
207,Housing Prices,"Housing Units without a Mortgage by Race, Two or More Races",0.0,0.0,0.0,0.0,0.0,0.0,0.0,0.0,0.0,0.0,0.0,0.0,0.0,0.0,173.0,169.0
208,Housing Prices,"Housing Units without a Mortgage by Race, White Alone",0.0,0.0,0.0,0.0,0.0,0.0,0.0,0.0,0.0,0.0,0.0,0.0,0.0,0.0,2012.0,1910.0
209,Housing Prices,"Housing Units without a Mortgage by Race, White Alone, Not Hispanic or Latino",0.0,0.0,0.0,0.0,0.0,0.0,0.0,0.0,0.0,0.0,0.0,0.0,0.0,0.0,2006.0,1903.0
210,Housing Prices,Median Contract Rent,1087.7808988764043,1742.3312883435583,1680.0947867298578,1683.8747099767982,1853.6585365853657,2001.0,2046.4135021097047,2048.288508557457,2240.9470752089137,1757.7569489334196,2448.969072164949,2338.2946518668014,2792.929292929293,2843.396226415094,3202.599388379205,3193.8596491228072
211,Housing Prices,Median Home Value,499632.4951644101,913736.2637362636,912750.3852080124,889330.4130162704,890166.1514683153,835402.2825100806,956071.529544812,1031739.1304347826,1188152.0119225038,1155547.0347648263,1381200.884086444,1933745.5830388693,1532855.808159452,1716676.71893848,1804495.4721862872,1806974.7416762344
212,Housing Prices,Median Rent,1176.7352185089974,1805.7199211045363,1839.519650655022,1796.146953405018,1923.076923076923,2001.0,2099.128540305011,2104.946524064171,2313.2911392405063,1829.303675048356,2696.759259259259,2365.7702825888787,2974.226804123711,3018.2481751824816,3394.9814126394053,3357.0205479452056
213,Housing Prices,Median Rent as % of Household Income,23.011672473867595,22.33,20.607039711191337,21.70192307692308,21.506006006006007,25.037852112676056,24.022727272727277,23.086996904024765,22.127261306532663,24.31109669046074,20.084285714285716,20.952969121140143,21.356100217864924,22.5865329512894,23.93614285714285,24.904819277108437
214,Housing Prices,Rent 100 to 149,30.0,0.0,0.0,0.0,0.0,0.0,0.0,0.0,0.0,36.0,0.0,19.0,0.0,0.0,0.0,0.0
215,Housing Prices,Rent 1000 to 1249,389.0,219.0,185.0,245.0,247.0,202.0,194.0,183.0,179.0,716.0,311.0,444.0,343.0,289.0,155.0,81.0
216,Housing Prices,Rent 1250 to 1499,224.0,360.0,345.0,336.0,337.0,278.0,296.0,279.0,190.0,586.0,220.0,483.0,60.0,99.0,195.0,248.0
217,Housing Prices,Rent 150 to 199,0.0,0.0,0.0,0.0,0.0,0.0,0.0,0.0,31.0,0.0,30.0,18.0,38.0,0.0,0.0,0.0
218,Housing Prices,Rent 1500 to 1999,384.0,507.0,458.0,558.0,468.0,526.0,522.0,568.0,493.0,1551.0,269.0,910.0,290.0,189.0,93.0,176.0
219,Housing Prices,Rent 200 to 249,10.0,0.0,3.0,15.0,22.0,25.0,20.0,27.0,11.0,119.0,12.0,159.0,0.0,0.0,0.0,0.0
220,Housing Prices,"Rent 2000 to 2499  (Rent 2000 or more, DEC2000 and ACS2009-2014)",459.0,936.0,1047.0,1037.0,1184.0,1432.0,459.0,374.0,316.0,1297.0,308.0,1097.0,170.0,198.0,221.0,256.0
221,Housing Prices,Rent 250 to 299,8.0,0.0,35.0,55.0,37.0,0.0,0.0,0.0,7.0,167.0,6.0,75.0,13.0,0.0,0.0,0.0
223,Housing Prices,Rent 300 to 349,6.0,0.0,0.0,0.0,0.0,34.0,38.0,0.0,0.0,80.0,0.0,74.0,0.0,14.0,0.0,0.0
225,Housing Prices,Rent 350 to 399,27.0,37.0,20.0,0.0,0.0,0.0,0.0,17.0,16.0,66.0,0.0,21.0,0.0,0.0,0.0,0.0
227,Housing Prices,Rent 400 to 449,8.0,0.0,0.0,19.0,0.0,4.0,4.0,6.0,0.0,83.0,17.0,24.0,0.0,0.0,0.0,0.0
228,Housing Prices,Rent 450 to 499,7.0,17.0,21.0,14.0,0.0,0.0,0.0,0.0,5.0,31.0,0.0,93.0,15.0,0.0,0.0,0.0
229,Housing Prices,Rent 500 to 549,60.0,0.0,0.0,9.0,26.0,10.0,11.0,0.0,0.0,213.0,0.0,108.0,0.0,21.0,39.0,24.0
230,Housing Prices,Rent 550 to 599,55.0,0.0,0.0,0.0,0.0,0.0,0.0,0.0,0.0,98.0,0.0,70.0,0.0,0.0,0.0,12.0
231,Housing Prices,Rent 600 to 649,58.0,11.0,0.0,0.0,0.0,14.0,12.0,0.0,0.0,68.0,0.0,20.0,0.0,0.0,0.0,0.0
232,Housing Prices,Rent 650 to 699,92.0,10.0,0.0,0.0,0.0,0.0,16.0,36.0,43.0,109.0,0.0,7.0,0.0,0.0,0.0,0.0
233,Housing Prices,Rent 700 to 749,77.0,78.0,21.0,14.0,14.0,31.0,43.0,27.0,26.0,176.0,61.0,0.0,0.0,44.0,77.0,0.0
234,Housing Prices,Rent 750 to 799,61.0,45.0,146.0,97.0,63.0,10.0,8.0,18.0,16.0,72.0,30.0,0.0,26.0,0.0,0.0,64.0
235,Housing Prices,Rent 800 to 899,205.0,35.0,46.0,50.0,60.0,46.0,44.0,79.0,85.0,211.0,18.0,228.0,4.0,32.0,9.0,9.0
236,Housing Prices,Rent 900 to 999,202.0,11.0,61.0,80.0,54.0,83.0,79.0,48.0,59.0,336.0,9.0,159.0,33.0,0.0,63.0,16.0
237,Housing Prices,Rent Burdened,0.3103993673388691,0.2862684251357641,0.2824626865671641,0.3132573057733428,0.3052787006275378,0.3585036369934187,0.3378196500672947,0.3202637057598889,0.3041811846689895,0.3476719451666272,0.2475214805023133,0.2851730894839974,0.2493188010899182,0.2756339581036384,0.3264790764790765,0.3646209386281588
247,Housing Prices,Rent Less than 100,0.0,0.0,0.0,0.0,0.0,0.0,0.0,0.0,0.0,0.0,0.0,0.0,0.0,0.0,0.0,0.0
248,Housing Prices,Rent Total,2529.0,2578.0,2680.0,2806.0,2709.0,2887.0,2972.0,2882.0,2870.0,8462.0,3026.0,7655.0,2936.0,2721.0,2772.0,2770.0
249,Housing Prices,"Rent Total No cash rent  (No cash rent, DEC2000 and ACS2009-2014)",167.0,312.0,292.0,277.0,197.0,192.0,469.0,387.0,322.0,808.0,324.0,1134.0,388.0,347.0,201.0,165.0
250,Housing Prices,Rent Total No cash rent (ACS2015-),167.0,0.0,0.0,0.0,0.0,0.0,216.0,149.0,152.0,85.0,189.0,226.0,216.0,235.0,241.0,251.0
251,Housing Prices,Rent Total With cash rent,2362.0,2266.0,2388.0,2529.0,2512.0,2695.0,2756.0,2733.0,2718.0,8377.0,2837.0,7429.0,2720.0,2486.0,2531.0,2519.0
252,Housing Type,10-19 Units,0.023438056564793,0.0195711013949614,0.0222483244662474,0.0221914008321775,0.0268103924820342,0.023096897635643,0.0264326207226282,0.0251803457193412,0.0253996206989975,0.1041065619053465,0.0193099723178718,0.2587821008331186,0.0148242554333243,0.0160650668817637,0.0193448368832569,0.0202020202020202
253,Housing Type,2-4 Units,0.0644012253330483,0.0749531542785758,0.0717888482000967,0.0873092926490984,0.0805002763957987,0.0781057810578105,0.0753363841267673,0.0692799782224037,0.0537117312381468,0.1591062549874163,0.0664371075551954,0.2521686850468092,0.0495707002951435,0.0594205821066075,0.0594499865192774,0.0593265993265993
254,Housing Type,20 Units or More,0.0151029422241219,0.0181830800194323,0.0224556069923305,0.0164355062413314,0.0145107794361525,0.0164684980183135,0.0189877740591489,0.0163331972233564,0.0165944188566784,0.2649929408876066,0.028087232462359,0.2879841965129262,0.0332707271263751,0.0363648585064193,0.0363979509301698,0.0362962962962963
255,Housing Type,5-9 Units,0.0103298425589513,0.0192240960510791,0.0182408622953085,0.0171983356449375,0.0112631288004422,0.010523438567719,0.0088791749197459,0.0117054580100721,0.0109726361419669,0.0783254557731262,0.0162041725744379,0.0760972258009104,0.0156291923799302,0.0114942528735632,0.0136829334052305,0.0078787878787878
256,Housing Type,Other Type,0.0,0.0013186203067527,0.0011055068057762,0.0018723994452149,0.0016583747927031,0.000683340166735,0.0012977255651936,0.0023138696066421,0.0023706312652397,0.0010435209624946,0.001890486800351,0.0,0.0009390931043734,0.000873832089803,0.0025613372876786,0.0035016835016835
257,Housing Type,Single Family Housing,0.8867279333190853,0.8667499479491985,0.8641608512402404,0.8549930651872399,0.865257048092869,0.8711220445537788,0.8690663206065159,0.8751871512181842,0.8909509617989705,0.3924252654840096,0.8680710282897847,0.1249677918062355,0.8857660316608532,0.8757814075418431,0.8685629549743866,0.8727946127946128
258,Income,Household Income 10000 to 14999,270.0,277.0,302.0,274.0,179.0,268.0,204.0,146.0,98.0,566.0,113.0,453.0,257.0,311.0,340.0,405.0
259,Income,"Household Income 10000 to 14999 by Race, American Indian and Alaska Native Alone",0.0,0.0,0.0,0.0,0.0,4.0,4.0,6.0,5.0,0.0,0.0,23.0,0.0,0.0,0.0,0.0
260,Income,"Household Income 10000 to 14999 by Race, Asian Alone",112.0,72.0,62.0,15.0,0.0,0.0,0.0,24.0,24.0,199.0,68.0,49.0,196.0,215.0,204.0,238.0
261,Income,"Household Income 10000 to 14999 by Race, Black or African American Alone",15.0,13.0,12.0,11.0,6.0,9.0,11.0,14.0,0.0,14.0,0.0,64.0,0.0,58.0,108.0,103.0
262,Income,"Household Income 10000 to 14999 by Race, Hispanic or Latino",12.0,82.0,121.0,144.0,59.0,58.0,48.0,13.0,0.0,10.0,0.0,63.0,0.0,0.0,0.0,0.0
263,Income,"Household Income 10000 to 14999 by Race, Native Hawaiian and Other Pacific Islander Alone",0.0,16.0,11.0,9.0,0.0,0.0,0.0,0.0,0.0,0.0,0.0,0.0,0.0,0.0,0.0,0.0
264,Income,"Household Income 10000 to 14999 by Race, Some Other Race Alone",5.0,0.0,0.0,0.0,0.0,0.0,0.0,0.0,0.0,10.0,0.0,0.0,0.0,0.0,0.0,0.0
265,Income,"Household Income 10000 to 14999 by Race, Two or More Races",0.0,52.0,79.0,88.0,26.0,30.0,26.0,0.0,0.0,83.0,0.0,103.0,0.0,0.0,0.0,0.0
266,Income,"Household Income 10000 to 14999 by Race, White Alone",138.0,124.0,138.0,151.0,147.0,225.0,163.0,102.0,69.0,260.0,45.0,214.0,61.0,38.0,28.0,64.0
267,Income,"Household Income 10000 to 14999 by Race, White Alone, Not Hispanic or Latino",131.0,94.0,96.0,95.0,114.0,197.0,141.0,89.0,69.0,260.0,45.0,197.0,61.0,38.0,28.0,64.0
268,Income,Household Income 100000 to 124999,1626.0,1302.0,1488.0,1593.0,1551.0,1606.0,1662.0,1469.0,1274.0,1455.0,1127.0,810.0,910.0,1051.0,1107.0,1202.0
269,Income,"Household Income 100000 to 124999 by Race, American Indian and Alaska Native Alone",4.0,0.0,0.0,0.0,0.0,0.0,0.0,0.0,0.0,7.0,0.0,0.0,0.0,0.0,0.0,0.0
270,Income,"Household Income 100000 to 124999 by Race, Asian Alone",368.0,275.0,380.0,428.0,508.0,530.0,621.0,605.0,419.0,385.0,372.0,174.0,241.0,399.0,407.0,520.0
271,Income,"Household Income 100000 to 124999 by Race, Black or African American Alone",32.0,49.0,60.0,16.0,15.0,22.0,19.0,36.0,48.0,13.0,59.0,0.0,40.0,22.0,8.0,21.0
272,Income,"Household Income 100000 to 124999 by Race, Hispanic or Latino",106.0,172.0,228.0,239.0,119.0,72.0,97.0,61.0,74.0,274.0,106.0,54.0,33.0,62.0,83.0,134.0
273,Income,"Household Income 100000 to 124999 by Race, Native Hawaiian and Other Pacific Islander Alone",0.0,0.0,0.0,0.0,0.0,0.0,0.0,0.0,0.0,0.0,0.0,0.0,0.0,0.0,0.0,0.0
274,Income,"Household Income 100000 to 124999 by Race, Some Other Race Alone",50.0,16.0,25.0,54.0,57.0,55.0,31.0,0.0,25.0,253.0,39.0,0.0,0.0,0.0,11.0,11.0
275,Income,"Household Income 100000 to 124999 by Race, Two or More Races",69.0,47.0,72.0,62.0,34.0,26.0,8.0,7.0,23.0,5.0,0.0,87.0,13.0,49.0,53.0,113.0
276,Income,"Household Income 100000 to 124999 by Race, White Alone",1103.0,915.0,951.0,1033.0,937.0,973.0,983.0,821.0,759.0,792.0,657.0,549.0,616.0,581.0,628.0,537.0
277,Income,"Household Income 100000 to 124999 by Race, White Alone, Not Hispanic or Latino",1065.0,755.0,769.0,857.0,877.0,955.0,917.0,760.0,710.0,739.0,590.0,495.0,590.0,562.0,603.0,521.0
278,Income,Household Income 125000 to 149999,1297.0,1283.0,1291.0,1180.0,1159.0,1358.0,1293.0,1352.0,1342.0,1173.0,950.0,566.0,1010.0,970.0,916.0,602.0
279,Income,"Household Income 125000 to 149999 by Race, American Indian and Alaska Native Alone",0.0,0.0,0.0,0.0,0.0,0.0,0.0,6.0,6.0,0.0,9.0,0.0,0.0,0.0,0.0,0.0
280,Income,"Household Income 125000 to 149999 by Race, Asian Alone",342.0,474.0,432.0,391.0,403.0,467.0,449.0,449.0,434.0,481.0,321.0,29.0,249.0,415.0,410.0,391.0
281,Income,"Household Income 125000 to 149999 by Race, Black or African American Alone",29.0,37.0,16.0,14.0,10.0,8.0,6.0,7.0,0.0,8.0,15.0,0.0,15.0,15.0,25.0,11.0
282,Income,"Household Income 125000 to 149999 by Race, Hispanic or Latino",51.0,105.0,93.0,106.0,99.0,96.0,70.0,120.0,108.0,152.0,101.0,61.0,128.0,68.0,73.0,50.0
283,Income,"Household Income 125000 to 149999 by Race, Native Hawaiian and Other Pacific Islander Alone",0.0,0.0,0.0,0.0,0.0,0.0,0.0,0.0,0.0,0.0,0.0,0.0,0.0,0.0,0.0,0.0
284,Income,"Household Income 125000 to 149999 by Race, Some Other Race Alone",0.0,53.0,33.0,52.0,51.0,64.0,44.0,75.0,65.0,72.0,30.0,18.0,83.0,49.0,11.0,10.0
285,Income,"Household Income 125000 to 149999 by Race, Two or More Races",43.0,35.0,33.0,51.0,35.0,73.0,79.0,105.0,68.0,59.0,45.0,57.0,32.0,22.0,32.0,31.0
286,Income,"Household Income 125000 to 149999 by Race, White Alone",883.0,684.0,777.0,672.0,660.0,746.0,715.0,710.0,769.0,553.0,530.0,462.0,631.0,469.0,438.0,159.0
287,Income,"Household Income 125000 to 149999 by Race, White Alone, Not Hispanic or Latino",832.0,646.0,724.0,626.0,618.0,698.0,680.0,668.0,726.0,512.0,498.0,432.0,586.0,450.0,408.0,150.0
288,Income,Household Income 15000 to 19999,269.0,343.0,285.0,400.0,355.0,328.0,371.0,352.0,258.0,278.0,220.0,142.0,156.0,150.0,199.0,131.0
289,Income,"Household Income 15000 to 19999 by Race, American Indian and Alaska Native Alone",0.0,0.0,0.0,0.0,0.0,0.0,0.0,0.0,0.0,0.0,0.0,0.0,0.0,0.0,0.0,0.0
290,Income,"Household Income 15000 to 19999 by Race, Asian Alone",27.0,90.0,53.0,73.0,89.0,107.0,124.0,121.0,100.0,106.0,105.0,19.0,54.0,86.0,126.0,85.0
291,Income,"Household Income 15000 to 19999 by Race, Black or African American Alone",7.0,0.0,0.0,12.0,13.0,0.0,0.0,0.0,21.0,26.0,20.0,0.0,31.0,0.0,0.0,0.0
292,Income,"Household Income 15000 to 19999 by Race, Hispanic or Latino",21.0,34.0,68.0,67.0,16.0,17.0,10.0,0.0,0.0,10.0,0.0,0.0,0.0,0.0,0.0,0.0
293,Income,"Household Income 15000 to 19999 by Race, Native Hawaiian and Other Pacific Islander Alone",0.0,0.0,0.0,0.0,0.0,0.0,0.0,0.0,0.0,0.0,0.0,0.0,0.0,0.0,0.0,0.0
294,Income,"Household Income 15000 to 19999 by Race, Some Other Race Alone",0.0,0.0,16.0,15.0,16.0,17.0,10.0,0.0,0.0,0.0,0.0,0.0,0.0,0.0,0.0,0.0
295,Income,"Household Income 15000 to 19999 by Race, Two or More Races",0.0,0.0,0.0,0.0,36.0,46.0,42.0,47.0,50.0,0.0,0.0,0.0,0.0,0.0,0.0,0.0
296,Income,"Household Income 15000 to 19999 by Race, White Alone",235.0,253.0,216.0,300.0,201.0,158.0,195.0,184.0,87.0,146.0,95.0,123.0,71.0,64.0,73.0,46.0
297,Income,"Household Income 15000 to 19999 by Race, White Alone, Not Hispanic or Latino",214.0,219.0,164.0,248.0,201.0,158.0,195.0,184.0,87.0,136.0,95.0,123.0,71.0,64.0,73.0,46.0
298,Income,Household Income 150000 to 199999,1291.0,2130.0,1940.0,1905.0,2093.0,1844.0,1710.0,1711.0,1639.0,1626.0,1964.0,1278.0,1842.0,1566.0,1311.0,1458.0
299,Income,"Household Income 150000 to 199999 by Race, American Indian and Alaska Native Alone",6.0,0.0,0.0,0.0,0.0,0.0,0.0,0.0,0.0,0.0,0.0,0.0,0.0,0.0,0.0,0.0
300,Income,"Household Income 150000 to 199999 by Race, Asian Alone",285.0,771.0,622.0,749.0,717.0,478.0,513.0,515.0,476.0,452.0,640.0,160.0,645.0,572.0,560.0,515.0
301,Income,"Household Income 150000 to 199999 by Race, Black or African American Alone",30.0,10.0,22.0,38.0,36.0,21.0,22.0,26.0,13.0,18.0,17.0,10.0,23.0,0.0,0.0,0.0
302,Income,"Household Income 150000 to 199999 by Race, Hispanic or Latino",51.0,191.0,201.0,169.0,184.0,234.0,173.0,182.0,177.0,163.0,248.0,49.0,216.0,156.0,78.0,112.0
303,Income,"Household Income 150000 to 199999 by Race, Native Hawaiian and Other Pacific Islander Alone",0.0,10.0,15.0,35.0,31.0,23.0,24.0,12.0,0.0,68.0,0.0,0.0,0.0,0.0,0.0,0.0
304,Income,"Household Income 150000 to 199999 by Race, Some Other Race Alone",28.0,0.0,11.0,36.0,48.0,137.0,110.0,98.0,22.0,49.0,0.0,11.0,119.0,117.0,0.0,14.0
305,Income,"Household Income 150000 to 199999 by Race, Two or More Races",5.0,44.0,34.0,58.0,60.0,64.0,90.0,78.0,56.0,46.0,100.0,35.0,159.0,155.0,109.0,95.0
306,Income,"Household Income 150000 to 199999 by Race, White Alone",937.0,1295.0,1236.0,989.0,1201.0,1121.0,951.0,982.0,1072.0,993.0,1207.0,1062.0,896.0,722.0,642.0,834.0
307,Income,"Household Income 150000 to 199999 by Race, White Alone, Not Hispanic or Latino",918.0,1129.0,1053.0,862.0,1071.0,1031.0,901.0,914.0,931.0,875.0,1035.0,1024.0,824.0,694.0,616.0,777.0
308,Income,Household Income 20000 to 24999,443.0,253.0,240.0,225.0,257.0,215.0,260.0,244.0,357.0,388.0,162.0,224.0,125.0,103.0,142.0,130.0
309,Income,"Household Income 20000 to 24999 by Race, American Indian and Alaska Native Alone",0.0,0.0,0.0,0.0,0.0,0.0,0.0,0.0,0.0,0.0,0.0,0.0,0.0,0.0,0.0,0.0
310,Income,"Household Income 20000 to 24999 by Race, Asian Alone",126.0,60.0,63.0,56.0,90.0,81.0,91.0,79.0,67.0,52.0,36.0,99.0,49.0,36.0,30.0,34.0
311,Income,"Household Income 20000 to 24999 by Race, Black or African American Alone",24.0,0.0,0.0,0.0,0.0,0.0,0.0,0.0,26.0,23.0,22.0,0.0,19.0,0.0,0.0,0.0
312,Income,"Household Income 20000 to 24999 by Race, Hispanic or Latino",41.0,33.0,64.0,47.0,27.0,35.0,78.0,71.0,106.0,153.0,28.0,0.0,0.0,0.0,0.0,0.0
313,Income,"Household Income 20000 to 24999 by Race, Native Hawaiian and Other Pacific Islander Alone",0.0,0.0,0.0,0.0,0.0,0.0,0.0,0.0,0.0,0.0,0.0,0.0,0.0,0.0,0.0,0.0
314,Income,"Household Income 20000 to 24999 by Race, Some Other Race Alone",0.0,0.0,0.0,0.0,0.0,0.0,0.0,0.0,8.0,24.0,7.0,0.0,7.0,7.0,7.0,7.0
315,Income,"Household Income 20000 to 24999 by Race, Two or More Races",6.0,13.0,15.0,17.0,0.0,0.0,0.0,0.0,0.0,24.0,0.0,0.0,10.0,11.0,9.0,9.0
316,Income,"Household Income 20000 to 24999 by Race, White Alone",287.0,180.0,162.0,152.0,167.0,134.0,169.0,165.0,256.0,265.0,97.0,125.0,40.0,49.0,96.0,80.0
317,Income,"Household Income 20000 to 24999 by Race, White Alone, Not Hispanic or Latino",246.0,160.0,113.0,122.0,140.0,99.0,91.0,94.0,158.0,136.0,76.0,125.0,40.0,49.0,96.0,80.0
318,Income,Household Income 25000 to 29999,365.0,347.0,490.0,502.0,427.0,385.0,356.0,297.0,210.0,207.0,216.0,173.0,177.0,113.0,58.0,75.0
319,Income,"Household Income 25000 to 29999 by Race, American Indian and Alaska Native Alone",0.0,0.0,0.0,0.0,0.0,0.0,0.0,0.0,0.0,0.0,0.0,0.0,0.0,0.0,0.0,0.0
320,Income,"Household Income 25000 to 29999 by Race, Asian Alone",114.0,115.0,159.0,142.0,185.0,181.0,130.0,102.0,104.0,87.0,67.0,47.0,45.0,34.0,21.0,51.0
321,Income,"Household Income 25000 to 29999 by Race, Black or African American Alone",0.0,0.0,0.0,0.0,0.0,0.0,0.0,0.0,0.0,36.0,0.0,0.0,0.0,0.0,0.0,0.0
322,Income,"Household Income 25000 to 29999 by Race, Hispanic or Latino",29.0,27.0,33.0,77.0,48.0,13.0,50.0,41.0,38.0,22.0,67.0,77.0,32.0,19.0,0.0,0.0
323,Income,"Household Income 25000 to 29999 by Race, Native Hawaiian and Other Pacific Islander Alone",8.0,0.0,0.0,0.0,0.0,0.0,0.0,0.0,0.0,0.0,0.0,0.0,0.0,0.0,0.0,0.0
324,Income,"Household Income 25000 to 29999 by Race, Some Other Race Alone",0.0,0.0,0.0,0.0,0.0,0.0,35.0,33.0,38.0,22.0,0.0,35.0,4.0,0.0,0.0,0.0
325,Income,"Household Income 25000 to 29999 by Race, Two or More Races",7.0,6.0,13.0,34.0,31.0,4.0,8.0,11.0,0.0,0.0,0.0,0.0,0.0,0.0,0.0,0.0
326,Income,"Household Income 25000 to 29999 by Race, White Alone",236.0,226.0,318.0,326.0,211.0,200.0,183.0,151.0,68.0,62.0,149.0,91.0,128.0,79.0,37.0,24.0
327,Income,"Household Income 25000 to 29999 by Race, White Alone, Not Hispanic or Latino",207.0,199.0,285.0,249.0,187.0,187.0,168.0,143.0,68.0,62.0,82.0,49.0,100.0,60.0,37.0,24.0
328,Income,Household Income 30000 to 34999,580.0,262.0,234.0,281.0,375.0,297.0,276.0,329.0,282.0,343.0,189.0,206.0,267.0,124.0,88.0,222.0
329,Income,"Household Income 30000 to 34999 by Race, American Indian and Alaska Native Alone",0.0,0.0,0.0,0.0,0.0,0.0,0.0,0.0,0.0,0.0,0.0,0.0,0.0,0.0,0.0,0.0
330,Income,"Household Income 30000 to 34999 by Race, Asian Alone",125.0,78.0,90.0,109.0,147.0,163.0,155.0,138.0,116.0,87.0,17.0,99.0,172.0,72.0,19.0,20.0
331,Income,"Household Income 30000 to 34999 by Race, Black or African American Alone",33.0,0.0,0.0,0.0,0.0,0.0,0.0,0.0,0.0,13.0,0.0,24.0,3.0,2.0,0.0,38.0
332,Income,"Household Income 30000 to 34999 by Race, Hispanic or Latino",61.0,12.0,0.0,0.0,24.0,14.0,66.0,103.0,103.0,97.0,76.0,0.0,17.0,16.0,63.0,125.0
333,Income,"Household Income 30000 to 34999 by Race, Native Hawaiian and Other Pacific Islander Alone",0.0,0.0,0.0,0.0,0.0,0.0,0.0,0.0,0.0,0.0,0.0,0.0,0.0,0.0,0.0,0.0
334,Income,"Household Income 30000 to 34999 by Race, Some Other Race Alone",11.0,0.0,0.0,0.0,0.0,0.0,0.0,28.0,26.0,43.0,68.0,0.0,0.0,0.0,43.0,75.0
335,Income,"Household Income 30000 to 34999 by Race, Two or More Races",0.0,0.0,0.0,0.0,8.0,2.0,3.0,6.0,11.0,7.0,8.0,0.0,6.0,0.0,0.0,0.0
336,Income,"Household Income 30000 to 34999 by Race, White Alone",411.0,184.0,144.0,172.0,220.0,132.0,118.0,157.0,129.0,193.0,96.0,83.0,86.0,50.0,26.0,89.0
337,Income,"Household Income 30000 to 34999 by Race, White Alone, Not Hispanic or Latino",361.0,172.0,144.0,172.0,204.0,120.0,55.0,88.0,63.0,139.0,96.0,83.0,75.0,34.0,6.0,39.0
338,Income,Household Income 35000 to 39999,436.0,365.0,316.0,221.0,232.0,228.0,219.0,185.0,221.0,366.0,283.0,110.0,218.0,267.0,214.0,220.0
339,Income,"Household Income 35000 to 39999 by Race, American Indian and Alaska Native Alone",11.0,0.0,0.0,0.0,0.0,0.0,0.0,0.0,0.0,0.0,0.0,0.0,0.0,0.0,0.0,0.0
340,Income,"Household Income 35000 to 39999 by Race, Asian Alone",94.0,114.0,128.0,50.0,52.0,34.0,71.0,56.0,58.0,128.0,130.0,7.0,110.0,119.0,124.0,162.0
341,Income,"Household Income 35000 to 39999 by Race, Black or African American Alone",21.0,0.0,0.0,0.0,0.0,0.0,0.0,0.0,16.0,18.0,0.0,0.0,0.0,0.0,2.0,2.0
342,Income,"Household Income 35000 to 39999 by Race, Hispanic or Latino",40.0,32.0,14.0,14.0,42.0,35.0,34.0,29.0,45.0,40.0,70.0,0.0,7.0,8.0,9.0,0.0
343,Income,"Household Income 35000 to 39999 by Race, Native Hawaiian and Other Pacific Islander Alone",0.0,0.0,0.0,0.0,0.0,0.0,0.0,0.0,0.0,0.0,0.0,0.0,0.0,0.0,0.0,0.0
344,Income,"Household Income 35000 to 39999 by Race, Some Other Race Alone",6.0,0.0,0.0,0.0,26.0,28.0,28.0,23.0,24.0,40.0,0.0,0.0,0.0,0.0,0.0,0.0
345,Income,"Household Income 35000 to 39999 by Race, Two or More Races",6.0,0.0,0.0,0.0,0.0,0.0,0.0,0.0,0.0,0.0,0.0,0.0,0.0,77.0,14.0,6.0
346,Income,"Household Income 35000 to 39999 by Race, White Alone",298.0,251.0,188.0,171.0,154.0,166.0,120.0,106.0,123.0,180.0,153.0,103.0,108.0,71.0,74.0,50.0
347,Income,"Household Income 35000 to 39999 by Race, White Alone, Not Hispanic or Latino",270.0,219.0,174.0,157.0,138.0,159.0,114.0,100.0,102.0,180.0,83.0,103.0,101.0,71.0,74.0,50.0
348,Income,Household Income 40000 to 44999,382.0,411.0,345.0,399.0,362.0,277.0,304.0,303.0,242.0,227.0,290.0,204.0,271.0,225.0,221.0,150.0
349,Income,"Household Income 40000 to 44999 by Race, American Indian and Alaska Native Alone",0.0,0.0,0.0,0.0,0.0,0.0,0.0,0.0,0.0,0.0,0.0,0.0,0.0,0.0,0.0,0.0
350,Income,"Household Income 40000 to 44999 by Race, Asian Alone",89.0,39.0,47.0,151.0,61.0,24.0,20.0,20.0,27.0,66.0,137.0,22.0,108.0,79.0,28.0,13.0
351,Income,"Household Income 40000 to 44999 by Race, Black or African American Alone",18.0,0.0,0.0,0.0,0.0,0.0,0.0,0.0,0.0,38.0,13.0,0.0,22.0,0.0,0.0,0.0
352,Income,"Household Income 40000 to 44999 by Race, Hispanic or Latino",51.0,86.0,81.0,102.0,91.0,112.0,92.0,91.0,53.0,54.0,15.0,0.0,40.0,9.0,0.0,0.0
353,Income,"Household Income 40000 to 44999 by Race, Native Hawaiian and Other Pacific Islander Alone",0.0,0.0,0.0,0.0,0.0,0.0,0.0,0.0,0.0,0.0,0.0,0.0,0.0,0.0,0.0,0.0
354,Income,"Household Income 40000 to 44999 by Race, Some Other Race Alone",12.0,0.0,0.0,0.0,6.0,7.0,7.0,6.0,0.0,13.0,15.0,0.0,40.0,0.0,0.0,0.0
355,Income,"Household Income 40000 to 44999 by Race, Two or More Races",10.0,7.0,5.0,0.0,0.0,0.0,0.0,0.0,0.0,0.0,0.0,0.0,13.0,13.0,73.0,79.0
356,Income,"Household Income 40000 to 44999 by Race, White Alone",253.0,365.0,293.0,248.0,295.0,246.0,277.0,277.0,215.0,110.0,125.0,182.0,88.0,133.0,120.0,58.0
357,Income,"Household Income 40000 to 44999 by Race, White Alone, Not Hispanic or Latino",224.0,279.0,212.0,146.0,204.0,134.0,185.0,186.0,162.0,86.0,125.0,182.0,88.0,124.0,120.0,58.0
358,Income,Household Income 45000 to 49999,353.0,246.0,299.0,378.0,337.0,335.0,251.0,232.0,182.0,293.0,162.0,248.0,272.0,289.0,235.0,255.0
359,Income,"Household Income 45000 to 49999 by Race, American Indian and Alaska Native Alone",0.0,0.0,0.0,0.0,0.0,0.0,0.0,0.0,0.0,0.0,0.0,0.0,0.0,0.0,0.0,0.0
360,Income,"Household Income 45000 to 49999 by Race, Asian Alone",66.0,140.0,63.0,44.0,40.0,66.0,48.0,46.0,19.0,36.0,29.0,32.0,109.0,123.0,131.0,131.0
361,Income,"Household Income 45000 to 49999 by Race, Black or African American Alone",15.0,11.0,13.0,24.0,42.0,40.0,39.0,9.0,9.0,12.0,0.0,0.0,0.0,0.0,0.0,0.0
362,Income,"Household Income 45000 to 49999 by Race, Hispanic or Latino",25.0,22.0,26.0,44.0,53.0,66.0,30.0,38.0,53.0,115.0,35.0,17.0,15.0,39.0,26.0,0.0
363,Income,"Household Income 45000 to 49999 by Race, Native Hawaiian and Other Pacific Islander Alone",0.0,0.0,0.0,0.0,0.0,0.0,0.0,0.0,0.0,0.0,0.0,0.0,0.0,0.0,0.0,0.0
364,Income,"Household Income 45000 to 49999 by Race, Some Other Race Alone",17.0,0.0,0.0,28.0,26.0,29.0,30.0,61.0,56.0,36.0,35.0,0.0,15.0,39.0,26.0,0.0
365,Income,"Household Income 45000 to 49999 by Race, Two or More Races",10.0,0.0,0.0,8.0,8.0,8.0,0.0,0.0,0.0,0.0,0.0,0.0,0.0,0.0,14.0,16.0
366,Income,"Household Income 45000 to 49999 by Race, White Alone",245.0,95.0,223.0,274.0,221.0,192.0,134.0,116.0,98.0,209.0,98.0,216.0,148.0,127.0,64.0,108.0
367,Income,"Household Income 45000 to 49999 by Race, White Alone, Not Hispanic or Latino",227.0,73.0,197.0,258.0,194.0,155.0,134.0,116.0,72.0,113.0,98.0,199.0,148.0,127.0,64.0,108.0
368,Income,Household Income 50000 to 59999,756.0,596.0,539.0,500.0,436.0,508.0,447.0,423.0,551.0,571.0,514.0,198.0,306.0,289.0,270.0,320.0
369,Income,"Household Income 50000 to 59999 by Race, American Indian and Alaska Native Alone",0.0,6.0,0.0,0.0,0.0,0.0,0.0,0.0,0.0,0.0,0.0,0.0,0.0,0.0,0.0,0.0
370,Income,"Household Income 50000 to 59999 by Race, Asian Alone",204.0,125.0,50.0,80.0,76.0,65.0,87.0,87.0,188.0,167.0,159.0,0.0,112.0,103.0,110.0,138.0
371,Income,"Household Income 50000 to 59999 by Race, Black or African American Alone",17.0,0.0,12.0,13.0,24.0,9.0,7.0,20.0,13.0,65.0,0.0,0.0,0.0,0.0,0.0,0.0
372,Income,"Household Income 50000 to 59999 by Race, Hispanic or Latino",61.0,64.0,63.0,56.0,58.0,108.0,112.0,104.0,121.0,45.0,48.0,96.0,18.0,32.0,15.0,25.0
373,Income,"Household Income 50000 to 59999 by Race, Native Hawaiian and Other Pacific Islander Alone",0.0,0.0,0.0,0.0,0.0,0.0,0.0,0.0,0.0,0.0,0.0,0.0,0.0,0.0,0.0,0.0
374,Income,"Household Income 50000 to 59999 by Race, Some Other Race Alone",12.0,0.0,0.0,0.0,0.0,36.0,44.0,61.0,73.0,38.0,27.0,71.0,0.0,21.0,15.0,25.0
375,Income,"Household Income 50000 to 59999 by Race, Two or More Races",42.0,13.0,13.0,13.0,13.0,21.0,18.0,21.0,22.0,37.0,33.0,0.0,32.0,22.0,7.0,12.0
376,Income,"Household Income 50000 to 59999 by Race, White Alone",481.0,452.0,464.0,394.0,323.0,377.0,291.0,234.0,255.0,264.0,295.0,127.0,162.0,143.0,138.0,145.0
377,Income,"Household Income 50000 to 59999 by Race, White Alone, Not Hispanic or Latino",456.0,388.0,401.0,338.0,265.0,326.0,241.0,212.0,229.0,257.0,255.0,102.0,144.0,132.0,138.0,145.0
378,Income,Household Income 60000 to 74999,1256.0,1052.0,701.0,763.0,665.0,803.0,815.0,792.0,708.0,1142.0,546.0,587.0,555.0,480.0,529.0,477.0
379,Income,"Household Income 60000 to 74999 by Race, American Indian and Alaska Native Alone",0.0,0.0,6.0,0.0,0.0,0.0,0.0,0.0,0.0,11.0,0.0,0.0,0.0,0.0,0.0,0.0
380,Income,"Household Income 60000 to 74999 by Race, Asian Alone",314.0,337.0,190.0,200.0,174.0,231.0,188.0,258.0,267.0,431.0,174.0,62.0,279.0,194.0,234.0,201.0
381,Income,"Household Income 60000 to 74999 by Race, Black or African American Alone",37.0,52.0,31.0,51.0,17.0,12.0,29.0,32.0,15.0,84.0,0.0,0.0,0.0,0.0,0.0,0.0
382,Income,"Household Income 60000 to 74999 by Race, Hispanic or Latino",147.0,120.0,112.0,115.0,79.0,61.0,75.0,97.0,62.0,98.0,40.0,222.0,0.0,0.0,47.0,41.0
383,Income,"Household Income 60000 to 74999 by Race, Native Hawaiian and Other Pacific Islander Alone",0.0,0.0,0.0,0.0,0.0,0.0,0.0,0.0,0.0,0.0,0.0,0.0,0.0,0.0,0.0,0.0
384,Income,"Household Income 60000 to 74999 by Race, Some Other Race Alone",39.0,0.0,0.0,16.0,15.0,15.0,17.0,16.0,0.0,10.0,13.0,133.0,0.0,31.0,68.0,57.0
385,Income,"Household Income 60000 to 74999 by Race, Two or More Races",47.0,0.0,17.0,20.0,21.0,22.0,25.0,4.0,3.0,18.0,0.0,105.0,13.0,32.0,61.0,48.0
386,Income,"Household Income 60000 to 74999 by Race, White Alone",819.0,663.0,457.0,476.0,438.0,523.0,556.0,482.0,423.0,588.0,359.0,287.0,263.0,223.0,166.0,171.0
387,Income,"Household Income 60000 to 74999 by Race, White Alone, Not Hispanic or Latino",743.0,543.0,345.0,377.0,374.0,477.0,498.0,401.0,361.0,540.0,332.0,287.0,263.0,223.0,166.0,171.0
388,Income,Household Income 75000 to 99999,1959.0,1331.0,1326.0,1140.0,1304.0,1362.0,1365.0,1414.0,1485.0,1834.0,1454.0,730.0,1739.0,1461.0,1282.0,1106.0
389,Income,"Household Income 75000 to 99999 by Race, American Indian and Alaska Native Alone",12.0,0.0,0.0,6.0,7.0,7.0,4.0,3.0,0.0,0.0,0.0,0.0,0.0,0.0,0.0,0.0
390,Income,"Household Income 75000 to 99999 by Race, Asian Alone",583.0,340.0,354.0,321.0,353.0,342.0,342.0,350.0,336.0,578.0,384.0,176.0,686.0,607.0,576.0,423.0
391,Income,"Household Income 75000 to 99999 by Race, Black or African American Alone",86.0,45.0,62.0,117.0,95.0,115.0,108.0,78.0,76.0,60.0,78.0,0.0,26.0,32.0,18.0,0.0
392,Income,"Household Income 75000 to 99999 by Race, Hispanic or Latino",123.0,168.0,76.0,57.0,85.0,64.0,84.0,79.0,110.0,228.0,115.0,81.0,112.0,86.0,72.0,106.0
393,Income,"Household Income 75000 to 99999 by Race, Native Hawaiian and Other Pacific Islander Alone",0.0,0.0,0.0,0.0,0.0,0.0,0.0,0.0,0.0,0.0,0.0,0.0,0.0,0.0,0.0,0.0
394,Income,"Household Income 75000 to 99999 by Race, Some Other Race Alone",36.0,24.0,0.0,0.0,0.0,13.0,16.0,12.0,0.0,117.0,0.0,33.0,0.0,0.0,0.0,0.0
395,Income,"Household Income 75000 to 99999 by Race, Two or More Races",48.0,15.0,0.0,0.0,0.0,11.0,10.0,12.0,13.0,82.0,0.0,0.0,20.0,59.0,56.0,74.0
396,Income,"Household Income 75000 to 99999 by Race, White Alone",1194.0,907.0,910.0,696.0,849.0,874.0,885.0,959.0,1060.0,997.0,992.0,521.0,1007.0,763.0,632.0,609.0
397,Income,"Household Income 75000 to 99999 by Race, White Alone, Not Hispanic or Latino",1133.0,778.0,834.0,639.0,764.0,823.0,817.0,892.0,950.0,918.0,877.0,473.0,915.0,714.0,595.0,542.0
398,Income,Household Income Greater than 200000,1775.0,3121.0,3450.0,3516.0,3597.0,3781.0,3930.0,4456.0,4940.0,3666.0,5570.0,4000.0,5678.0,6303.0,6724.0,6939.0
399,Income,"Household Income Greater than 200000 by Race, American Indian and Alaska Native Alone",0.0,0.0,0.0,0.0,0.0,0.0,0.0,0.0,15.0,0.0,10.0,4.0,17.0,0.0,0.0,0.0
400,Income,"Household Income Greater than 200000 by Race, Asian Alone",241.0,699.0,747.0,811.0,846.0,991.0,986.0,1157.0,1341.0,805.0,1522.0,420.0,1566.0,1927.0,1987.0,2136.0
401,Income,"Household Income Greater than 200000 by Race, Black or African American Alone",43.0,37.0,60.0,46.0,52.0,75.0,81.0,58.0,45.0,20.0,55.0,11.0,41.0,96.0,72.0,32.0
402,Income,"Household Income Greater than 200000 by Race, Hispanic or Latino",63.0,80.0,169.0,179.0,148.0,170.0,212.0,204.0,205.0,189.0,311.0,267.0,268.0,404.0,475.0,557.0
403,Income,"Household Income Greater than 200000 by Race, Native Hawaiian and Other Pacific Islander Alone",0.0,0.0,0.0,0.0,0.0,0.0,0.0,0.0,0.0,0.0,26.0,0.0,32.0,13.0,0.0,0.0
404,Income,"Household Income Greater than 200000 by Race, Some Other Race Alone",17.0,38.0,75.0,82.0,64.0,58.0,45.0,50.0,68.0,169.0,241.0,80.0,226.0,244.0,250.0,287.0
405,Income,"Household Income Greater than 200000 by Race, Two or More Races",46.0,28.0,57.0,39.0,60.0,35.0,58.0,87.0,215.0,270.0,206.0,175.0,328.0,390.0,527.0,596.0
406,Income,"Household Income Greater than 200000 by Race, White Alone",1428.0,2319.0,2511.0,2538.0,2575.0,2622.0,2760.0,3104.0,3256.0,2402.0,3510.0,3310.0,3468.0,3633.0,3888.0,3888.0
407,Income,"Household Income Greater than 200000 by Race, White Alone, Not Hispanic or Latino",1393.0,2239.0,2402.0,2434.0,2464.0,2488.0,2598.0,2951.0,3133.0,2349.0,3393.0,3247.0,3376.0,3521.0,3754.0,3720.0
408,Income,Household Income Less than 10000,608.0,251.0,266.0,264.0,305.0,249.0,238.0,185.0,153.0,674.0,157.0,363.0,347.0,327.0,380.0,284.0
409,Income,"Household Income Less than 10000 by Race, American Indian and Alaska Native Alone",0.0,0.0,0.0,0.0,0.0,0.0,0.0,0.0,0.0,0.0,0.0,0.0,0.0,0.0,0.0,0.0
410,Income,"Household Income Less than 10000 by Race, Asian Alone",187.0,151.0,153.0,175.0,201.0,155.0,160.0,132.0,92.0,123.0,97.0,12.0,148.0,167.0,177.0,137.0
411,Income,"Household Income Less than 10000 by Race, Black or African American Alone",24.0,14.0,9.0,12.0,14.0,15.0,0.0,0.0,0.0,237.0,19.0,0.0,35.0,43.0,30.0,21.0
412,Income,"Household Income Less than 10000 by Race, Hispanic or Latino",37.0,22.0,17.0,16.0,0.0,30.0,28.0,28.0,27.0,134.0,14.0,70.0,20.0,34.0,23.0,21.0
413,Income,"Household Income Less than 10000 by Race, Native Hawaiian and Other Pacific Islander Alone",10.0,0.0,0.0,0.0,0.0,0.0,0.0,0.0,0.0,0.0,0.0,0.0,0.0,0.0,0.0,0.0
414,Income,"Household Income Less than 10000 by Race, Some Other Race Alone",0.0,12.0,0.0,0.0,0.0,0.0,0.0,0.0,0.0,17.0,0.0,33.0,20.0,14.0,11.0,12.0
415,Income,"Household Income Less than 10000 by Race, Two or More Races",26.0,0.0,0.0,0.0,0.0,0.0,0.0,0.0,0.0,38.0,0.0,0.0,0.0,0.0,0.0,0.0
416,Income,"Household Income Less than 10000 by Race, White Alone",361.0,74.0,104.0,77.0,90.0,79.0,78.0,53.0,61.0,259.0,41.0,318.0,144.0,103.0,162.0,114.0
417,Income,"Household Income Less than 10000 by Race, White Alone, Not Hispanic or Latino",324.0,64.0,87.0,61.0,90.0,49.0,50.0,25.0,34.0,142.0,27.0,281.0,144.0,103.0,162.0,114.0
418,Income,Households Total for Income,13666.0,13570.0,13512.0,13541.0,13634.0,13844.0,13701.0,13890.0,13942.0,14809.0,13917.0,10292.0,14130.0,14029.0,14016.0,13976.0
419,Income,"Households Total for Income by Race, American Indian and Alaska Native Alone",33.0,6.0,6.0,6.0,7.0,11.0,8.0,15.0,26.0,18.0,19.0,27.0,17.0,0.0,0.0,0.0
420,Income,"Households Total for Income by Race, Asian Alone",3277.0,3880.0,3593.0,3795.0,3942.0,3915.0,3985.0,4139.0,4068.0,4183.0,4258.0,1407.0,4769.0,5148.0,5144.0,5195.0
421,Income,"Households Total for Income by Race, Black or African American Alone",431.0,268.0,297.0,354.0,324.0,326.0,322.0,280.0,282.0,685.0,298.0,109.0,255.0,268.0,263.0,228.0
422,Income,"Households Total for Income by Race, Hispanic or Latino",919.0,1250.0,1366.0,1432.0,1132.0,1185.0,1259.0,1261.0,1282.0,1784.0,1274.0,1057.0,906.0,933.0,964.0,1171.0
423,Income,"Households Total for Income by Race, Native Hawaiian and Other Pacific Islander Alone",18.0,26.0,26.0,44.0,31.0,23.0,24.0,12.0,0.0,68.0,26.0,0.0,32.0,13.0,0.0,0.0
424,Income,"Households Total for Income by Race, Some Other Race Alone",233.0,143.0,160.0,283.0,309.0,459.0,417.0,463.0,405.0,913.0,475.0,414.0,514.0,522.0,442.0,498.0
425,Income,"Households Total for Income by Race, Two or More Races",365.0,260.0,338.0,390.0,332.0,342.0,367.0,378.0,461.0,669.0,392.0,562.0,626.0,830.0,955.0,1079.0
426,Income,"Households Total for Income by Race, White Alone",9309.0,8987.0,9092.0,8669.0,8689.0,8768.0,8578.0,8603.0,8700.0,8273.0,8449.0,7773.0,7917.0,7248.0,7212.0,6976.0
427,Income,"Households Total for Income by Race, White Alone, Not Hispanic or Latino",8744.0,7957.0,8000.0,7641.0,7905.0,8056.0,7785.0,7823.0,7855.0,7444.0,7707.0,7402.0,7526.0,6966.0,6940.0,6609.0
428,Income,Median Family Income,100205.59210526316,140814.01209677418,142380.7205452775,144243.6040044494,148174.6495327103,146184.89583333334,144813.27800829874,156220.33898305084,164214.64108031272,130317.16417910448,182734.0359578425,202298.49974319467,186041.96301564723,201339.77113561617,204236.23026792175,206671.06768249467
429,Income,Median Household Income,89229.19857069934,120180.4915514593,123739.91935483873,122339.92467043316,125690.2502157032,126122.97496318114,126595.12761020882,135613.90532544375,142697.46646795826,108857.3883161512,164651.2219959267,155164.3192488263,162350.70575461455,177282.88633461046,189168.5736079329,198319.6159122085
430,Income,"Median Household Income by Race, American Indian and Alaska Native Alone",86458.33333333333,55000.0,67500.0,87500.0,87500.0,80357.14285714286,100000.0,87500.0,206666.9333333333,72272.72727272728,202500.1,12934.782608695652,225001.0,0.0,0.0,0.0
431,Income,"Median Household Income by Race, Asian Alone",82740.1372212693,125210.97046413504,125260.41666666669,128420.71611253195,124753.93700787402,123985.84905660377,123208.5346215781,127867.4832962138,137500.0,102045.45454545454,152578.125,111422.41379310343,132580.32128514056,145481.9277108434,148475.60975609755,155194.17475728155
432,Income,"Median Household Income by Race, Black or African American Alone",76308.13953488372,99444.44444444444,103958.33333333331,86538.46153846153,87105.26315789473,91956.52173913045,92361.11111111112,95833.33333333334,88486.84210526316,32500.0,99038.46153846152,14257.8125,91826.92307692308,99218.75,14699.074074074071,14514.563106796117
433,Income,"Median Household Income by Race, Hispanic or Latino",68316.32653061225,88541.66666666667,100877.19298245614,89912.28070175438,95294.11764705884,91992.1875,76934.52380952382,79905.06329113925,82500.0,87500.0,130693.06930693069,73885.13513513513,157175.92592592593,179967.94871794872,195512.8205128205,187276.7857142857
434,Income,"Median Household Income by Race, Native Hawaiian and Other Pacific Islander Alone",9999.0,14062.5,156666.66666666666,168571.42857142858,175000.0,175000.0,175000.0,175000.0,0.0,175000.0,225001.0,0.0,225001.0,225001.0,0.0,0.0
435,Income,"Median Household Income by Race, Some Other Race Alone",85069.44444444444,134198.11320754717,177272.72727272726,138701.92307692306,129166.66666666669,136523.4375,117338.70967741936,82291.66666666667,56917.808219178085,108547.43083003952,200726.1701244813,67669.17293233082,186974.7899159664,192735.04273504275,205800.232,206620.4738675958
436,Income,"Median Household Income by Race, Two or More Races",89843.75,112765.9574468085,109375.0,106048.3870967742,116911.76470588236,125342.46575342464,138765.82278481012,144285.7142857143,186160.7142857143,142161.01694915254,202427.2815533981,120977.01149425287,202286.67682926828,191935.48387096776,204696.5825426945,204740.12248322144
437,Income,"Median Household Income by Race, White Alone",93645.30988274708,119658.4699453552,124421.66140904312,121720.71636011616,128465.90909090907,128518.76675603216,129790.2097902098,142411.97183098592,149284.78543563068,119049.87373737374,170401.82270091135,172857.8154425612,172628.3482142857,200123.86952931463,203626.68827160491,205144.2386831276
438,Income,"Median Household Income by Race, White Alone, Not Hispanic or Latino",96381.28861429832,126373.83900928793,131180.93922651935,129053.5143769968,133110.8414239482,131769.34097421204,135533.08823529413,148259.73053892216,157330.82706766916,125683.59375,177753.6231884058,177832.03125,176516.99029126213,200539.6410110764,203782.7831646244,205584.9008064516
439,Income,Percent in Poverty,0.0488633831067528,0.0501315607256612,0.0512949319044429,0.0611764705882353,0.0611609847441758,0.063237388803784,0.0628088077336197,0.0568322084197809,0.0435338000102192,0.0943084140025488,0.0379769805060141,0.0629517483883571,0.0390278846408957,0.0440429739697471,0.0474005701099497,0.0441485442986166
440,Income,"Percent in Poverty by Race, American Indian and Alaska Native Alone",0.0,0.0,0.0,0.0,0.0,0.1379310344827586,0.1428571428571428,0.09375,0.0666666666666666,0.0,0.0,0.8518518518518519,0.0,0.0,0.0,0.0
441,Income,"Percent in Poverty by Race, Asian Alone",0.0583117363939281,0.0769855449082345,0.0795475113122172,0.0755919070167886,0.0837692056227525,0.0862476563136871,0.0733009321966377,0.0715176067310688,0.0523371647509578,0.0785568065506653,0.0394817540631708,0.0880863989200135,0.0362075692547795,0.0463139381503737,0.0508095202566589,0.053659684631678
442,Income,"Percent in Poverty by Race, Black or African American Alone",0.0552434456928839,0.1600633914421553,0.1236842105263157,0.0635062611806797,0.0508308895405669,0.0498154981549815,0.1064356435643564,0.0832625318606627,0.1073446327683615,0.3384083044982699,0.148068669527897,0.4099099099099099,0.1981505944517833,0.2290950744558992,0.2540880503144654,0.2625850340136054
443,Income,"Percent in Poverty by Race, Hispanic or Latino",0.056,0.0430894308943089,0.0587341772151898,0.0993803622497616,0.0662784248474764,0.0809841107124551,0.0755813953488372,0.0612035851472471,0.0435818051917123,0.1195205479452054,0.0480721081622433,0.0756987577639751,0.0615756923904275,0.0565001307873397,0.0359712230215827,0.028502521376891
444,Income,"Percent in Poverty by Race, Native Hawaiian and Other Pacific Islander Alone",0.3469387755102041,0.0,0.0,0.0,0.0,0.0,0.1728395061728395,0.0241935483870967,0.0229885057471264,0.0,0.0632911392405063,0.0,0.0588235294117647,0.2352941176470588,1.0,0.0
445,Income,"Percent in Poverty by Race, Some Other Race Alone",0.0441025641025641,0.0169252468265162,0.0773405698778833,0.2333333333333333,0.2087576374745417,0.2008733624454148,0.2006861063464837,0.1540656205420827,0.0918727915194346,0.1035173005433228,0.0748251748251748,0.0344827586206896,0.0724269377382465,0.0868385345997286,0.0436390532544378,0.0511326860841424
446,Income,"Percent in Poverty by Race, Two or More Races",0.0828065739570164,0.0735573874445149,0.080375782881002,0.0952801058667843,0.0683556405353728,0.0581010864430798,0.0944558521560575,0.0851165002377555,0.0758988015978695,0.1298876404494382,0.0431955411054342,0.0835616438356164,0.0415835944175448,0.0298862734726262,0.0351631672147735,0.0356134636264929
447,Income,"Percent in Poverty by Race, White Alone",0.0409501944431429,0.0304195300110529,0.0307114346090631,0.0404497812150198,0.0399578334420962,0.0413541255428345,0.042164510713933,0.0365225074861322,0.028254716981132,0.0793437482501819,0.0290680969255818,0.0513326081044329,0.0315465775939769,0.0326024894370218,0.0384257644459946,0.0297100584655769
448,Income,"Percent in Poverty by Race, White Alone, Not Hispanic or Latino",0.0386737508940431,0.0331844992007055,0.0320474777448071,0.0438477426969607,0.0427956014057363,0.0414590944315288,0.0421582331562762,0.037475236627779,0.0267165375367352,0.069880277252678,0.028902660540656,0.0470485732955783,0.0286816794332776,0.031065815324165,0.0376454483230663,0.0275799559756571
459,Language Spoken at Home,Asian/Pacific Islander,0.2245171049569467,0.2240408460977389,0.2037561176956188,0.2128857319697014,0.2210486717981364,0.2075230660042583,0.2181988849698486,0.2050195296268594,0.2019585503472222,0.2047840157591107,0.2008602853098116,0.1013273411371237,0.2266755179376538,0.2422723243961888,0.2481207241194853,0.2390091816595635
461,Language Spoken at Home,English Only,0.623807307423784,0.6312764405543398,0.6447608939206321,0.6278404904359103,0.6295213843393714,0.6426685592618878,0.6243315508021391,0.6308762015568298,0.6431206597222222,0.6100464330941325,0.6590711096591528,0.7181751672240803,0.6536940226260615,0.6325337912696654,0.6211041977533152,0.614541918137353
463,Language Spoken at Home,Other European Languages,0.0756341633697928,0.0688548504741064,0.0693437113037325,0.0728580270565003,0.0732102552231031,0.0768204400283889,0.077909887359199,0.0831324967450621,0.0744357638888889,0.0660194174757281,0.0631057388652945,0.0722721571906354,0.0626227422343927,0.0621814757367604,0.0698499394690165,0.0745688052401247
465,Language Spoken at Home,Other Languages,0.0077088666511519,0.0070021881838074,0.0083731352084438,0.0068672816764419,0.0065397303084669,0.006444286728176,0.0067129366253271,0.0088922130806947,0.0098470052083333,0.0043056141831996,0.0125231405858651,0.0134824414715719,0.0068597350150748,0.0067582539330822,0.004392015540978,0.0031177597894797
467,Language Spoken at Home,Spanish Only,0.0683325575983244,0.0688256746900072,0.0737661418715726,0.0795484688614459,0.0696799583309219,0.0665436479772888,0.0728467402434861,0.0720795589905537,0.0706380208333333,0.1148445194878289,0.0644397255798758,0.0947428929765886,0.0501479821868171,0.0562541546643031,0.0565331231172048,0.068762335173479
469,Nativity,Foreign Born,0.2970275004866112,0.2727046115496468,0.2647091629022363,0.271600447677672,0.2706380405201088,0.2796942060085837,0.2877541725828488,0.2906909738592907,0.2855140782265257,0.3244897959183673,0.2687910609901195,0.2362637362637362,0.2779116891372871,0.2796958377801494,0.2929071091589393,0.2841878594597541
470,Population,Total Population,35963.0,36105.0,35862.0,35740.0,36377.0,37280.0,37327.0,38178.0,39245.0,37240.0,38662.0,20566.0,37753.0,37480.0,36882.0,36687.0
471,Race/Ethnicity,Asian,10816.0,12314.0,11068.0,11628.0,12256.0,12285.0,12574.0,12858.0,13074.0,11812.0,13057.0,2974.0,12836.0,13669.0,13426.0,12764.0
472,Race/Ethnicity,"Asian Alone, Not Hispanic or Latino",10760.0,12216.0,10964.0,11453.0,12105.0,12121.0,12433.0,12699.0,13021.0,13310.0,13018.0,13544.0,12824.0,13613.0,13350.0,12655.0
473,Race/Ethnicity,Black/African American,1078.0,631.0,760.0,1119.0,1024.0,1094.0,1222.0,1187.0,1072.0,1483.0,949.0,223.0,773.0,891.0,795.0,735.0
474,Race/Ethnicity,"Black/African American Alone, Not Hispanic or Latino",1051.0,620.0,702.0,1062.0,973.0,1047.0,1174.0,1137.0,1010.0,1100.0,941.0,894.0,773.0,891.0,795.0,735.0
475,Race/Ethnicity,Latino Population (of Any Race),21361.0,3690.0,3958.0,4208.0,3620.0,3918.0,3977.0,3913.0,4211.0,5903.0,4006.0,2624.0,3727.0,3833.0,3766.0,4571.0
476,Race/Ethnicity,Native American Indian,75.0,39.0,43.0,21.0,7.0,29.0,28.0,64.0,75.0,34.0,57.0,27.0,140.0,114.0,127.0,227.0
477,Race/Ethnicity,"Native American Indian Alone, Not Hispanic or Latino",44.0,39.0,43.0,21.0,7.0,11.0,8.0,45.0,51.0,60.0,56.0,63.0,139.0,92.0,69.0,52.0
478,Race/Ethnicity,Native Hawaiian/Pacific Islander,49.0,26.0,31.0,65.0,53.0,74.0,81.0,124.0,87.0,97.0,79.0,23.0,34.0,17.0,4.0,28.0
479,Race/Ethnicity,"Native Hawaiian/Pacific Islander Alone, Not Hispanic or Latino",49.0,26.0,31.0,65.0,53.0,74.0,67.0,121.0,85.0,100.0,76.0,72.0,34.0,17.0,4.0,28.0
480,Race/Ethnicity,Other/Two or More Races,2584.0,2286.0,2661.0,3239.0,3088.0,3508.0,3129.0,3508.0,3671.0,5766.0,3584.0,2556.0,5093.0,5265.0,5318.0,6161.0
481,Race/Ethnicity,"Population, Not Hispanic or Latino",32823.0,32415.0,31904.0,31532.0,32757.0,33362.0,33350.0,34265.0,35034.0,35152.0,34656.0,35174.0,34026.0,33647.0,33116.0,32116.0
482,Race/Ethnicity,Some Other Race Alone,990.0,709.0,745.0,972.0,996.0,1390.0,1180.0,1404.0,1417.0,3498.0,1431.0,1093.0,1581.0,1483.0,1364.0,1555.0
483,Race/Ethnicity,"Some Other Race Alone, Not Hispanic or Latino",102.0,327.0,328.0,286.0,247.0,328.0,182.0,257.0,269.0,305.0,200.0,456.0,477.0,442.0,452.0,452.0
484,Race/Ethnicity,Two Or More Races,1594.0,1577.0,1916.0,2267.0,2092.0,2118.0,1949.0,2104.0,2254.0,2268.0,2153.0,1463.0,3512.0,3782.0,3954.0,4606.0
485,Race/Ethnicity,"Two Or More Races, Not Hispanic or Latino",1225.0,1046.0,1297.0,1686.0,1702.0,1689.0,1569.0,1774.0,1827.0,1798.0,1603.0,2071.0,2400.0,2294.0,2365.0,2738.0
486,Race/Ethnicity,"White Alone, Not Hispanic or Latino",19592.0,18141.0,18539.0,16959.0,17670.0,18092.0,17917.0,18232.0,18771.0,18479.0,18762.0,18074.0,17379.0,16298.0,16081.0,15456.0
487,Race/Ethnicity,"White, Including Hispanic or Latino",21361.0,20809.0,21299.0,19668.0,19949.0,20290.0,20293.0,20437.0,21266.0,18048.0,20936.0,14763.0,18877.0,17524.0,17212.0,16772.0
488,Sex,Female,0.5081611656424658,0.4993768176152887,0.5000278846690089,0.4988248461108002,0.4908321191961954,0.4961105150214592,0.4935837329546976,0.4997904552359998,0.5049305644031087,0.4935821697099892,0.5049402514096529,0.5035981717397646,0.5071385055492279,0.5014140875133405,0.4998373190174068,0.4939624390110938
489,Sex,Male,0.4918388343575341,0.5006231823847113,0.499972115330991,0.5011751538891998,0.5091678808038046,0.5038894849785408,0.5064162670453023,0.5002095447640003,0.4950694355968913,0.5064178302900108,0.4950597485903471,0.4964018282602353,0.4928614944507721,0.4985859124866595,0.5001626809825931,0.5060375609889062
490,Unit Size,1 Bedroom,1206.0,635.0,723.0,835.0,699.0,882.0,982.0,882.0,828.0,3642.0,850.0,4092.0,762.0,701.0,662.0,691.0
491,Unit Size,2 Bedrooms,4452.0,4172.0,4276.0,4414.0,4273.0,4253.0,4331.0,4227.0,4048.0,3865.0,3968.0,2726.0,3740.0,3878.0,3790.0,3728.0
492,Unit Size,3-4 Bedrooms,7518.0,8590.0,8414.0,8157.0,8463.0,8524.0,8343.0,8587.0,8818.0,5095.0,8827.0,1939.0,8906.0,8625.0,8863.0,9091.0
493,Unit Size,5 or More Bedrooms,627.0,885.0,887.0,881.0,817.0,762.0,800.0,794.0,878.0,665.0,1006.0,343.0,1319.0,1429.0,1254.0,1106.0
494,Unit Size,No Bedroom,234.0,127.0,173.0,133.0,220.0,213.0,185.0,204.0,192.0,3024.0,160.0,2543.0,181.0,244.0,267.0,234.0
495,Vehicles Available,Households with no Vehicle,0.0798916227299355,0.0478997789240972,0.0513617525162818,0.0574551362528616,0.0585301452251723,0.0650101126841953,0.0686811181665571,0.067170626349892,0.0636207143881796,0.3268958066040921,0.0584177624488036,0.3155849203264672,0.070276008492569,0.0729203792144842,0.071917808219178,0.0803520320549513
496,Vehicles Available,Percent of No Vehicle Homeowning Households,0.0688786979588166,0.0387554585152838,0.042374446085672,0.0467629250116441,0.0469565217391304,0.054211919320982,0.0549911454935222,0.0532340116279069,0.0471459537572254,0.0661729951158027,0.0356257460288311,0.0834281380356465,0.0507414686439163,0.0547400070746374,0.0586090359302739,0.0694270926289487
497,Vehicles Available,Percent of No Vehicle Renting Households,0.1282051282051282,0.08688906128782,0.0876865671641791,0.0983606557377049,0.1052048726467331,0.1059923796328368,0.1181022880215343,0.1204024982650936,0.127177700348432,0.5224533207279602,0.1404494382022472,0.3955584585238406,0.1447547683923705,0.1484748254318265,0.1259018759018759,0.1245487364620938
498,Vehicles Available,Vehicles Available,22808.0,24546.0,24329.0,23750.0,24373.0,24606.0,24178.0,24805.0,25511.0,17128.0,24865.0,9194.0,24574.0,24838.0,24769.0,24312.0
499,Vehicles Available,Vehicles Homeowners,0.839749210803227,0.8355740242809419,0.8376423198651815,0.8337263157894736,0.8403561317851721,0.8268714947573762,0.8123500703118538,0.8255190485789156,0.8288189408490455,0.6582788416627744,0.8300824452041021,0.437761920942349,0.8316920322291853,0.8416941782752234,0.8318866324841536,0.8239552484369859
500,Vehicles Available,Vehicles Per Capita,0.6342073798070239,0.6798504362276693,0.6784061123194468,0.6645215444879686,0.6700112708579598,0.6600321888412017,0.6477348835963244,0.6497197338781497,0.6500445916677283,0.4599355531686359,0.6431379649268015,0.4470485266945443,0.6509151590602071,0.6627001067235859,0.6715742096415596,0.6626870553602093
501,Vehicles Available,Vehicles Renters,0.160250789196773,0.1644259757190581,0.1623576801348185,0.1662736842105263,0.1596438682148278,0.1731285052426237,0.1876499296881462,0.1744809514210844,0.1711810591509545,0.3417211583372256,0.1699175547958978,0.5796171416140962,0.1683079677708147,0.1583058217247765,0.1681133675158464,0.1760447515630141
502,,"Housing Units with a Mortgage 30%+ by Race, American Indian and Alaska Native Alone",0.0,0.0,0.0,0.0,0.0,0.0,0.0,0.0,0.0,0.0,0.0,0.0,0.0,0.0,0.0,0.0
503,,"Housing Units with a Mortgage 30%+ by Race, Asian Alone",889.0,0.0,0.0,0.0,0.0,0.0,0.0,0.0,0.0,0.0,0.0,0.0,0.0,0.0,983.0,853.0
504,,"Housing Units with a Mortgage 30%+ by Race, Black or African American Alone",46.0,0.0,0.0,0.0,0.0,0.0,0.0,0.0,0.0,0.0,0.0,0.0,0.0,0.0,34.0,38.0
505,,"Housing Units with a Mortgage 30%+ by Race, Hispanic or Latino",191.0,0.0,0.0,0.0,0.0,0.0,0.0,0.0,0.0,0.0,0.0,0.0,0.0,0.0,88.0,109.0
506,,"Housing Units with a Mortgage 30%+ by Race, Native Hawaiian and Other Pacific Islander Alone",10.0,0.0,0.0,0.0,0.0,0.0,0.0,0.0,0.0,0.0,0.0,0.0,0.0,0.0,0.0,0.0
507,,"Housing Units with a Mortgage 30%+ by Race, Some Other Race Alone",20.0,0.0,0.0,0.0,0.0,0.0,0.0,0.0,0.0,0.0,0.0,0.0,0.0,0.0,57.0,80.0
508,,"Housing Units with a Mortgage 30%+ by Race, Two or More Races",59.0,0.0,0.0,0.0,0.0,0.0,0.0,0.0,0.0,0.0,0.0,0.0,0.0,0.0,92.0,113.0
509,,"Housing Units with a Mortgage 30%+ by Race, White Alone",1559.0,0.0,0.0,0.0,0.0,0.0,0.0,0.0,0.0,0.0,0.0,0.0,0.0,0.0,1178.0,1088.0
510,,"Housing Units with a Mortgage 30%+ by Race, White Alone, Not Hispanic or Latino",1411.0,0.0,0.0,0.0,0.0,0.0,0.0,0.0,0.0,0.0,0.0,0.0,0.0,0.0,1170.0,1088.0
511,,"Housing Units with a Mortgage Not Calculated by Race, American Indian and Alaska Native Alone",0.0,0.0,0.0,0.0,0.0,0.0,0.0,0.0,0.0,0.0,0.0,0.0,0.0,0.0,0.0,0.0
512,,"Housing Units with a Mortgage Not Calculated by Race, Asian Alone",9.0,0.0,0.0,0.0,0.0,0.0,0.0,0.0,0.0,0.0,0.0,0.0,0.0,0.0,10.0,0.0
513,,"Housing Units with a Mortgage Not Calculated by Race, Black or African American Alone",0.0,0.0,0.0,0.0,0.0,0.0,0.0,0.0,0.0,0.0,0.0,0.0,0.0,0.0,0.0,0.0
514,,"Housing Units with a Mortgage Not Calculated by Race, Hispanic or Latino",0.0,0.0,0.0,0.0,0.0,0.0,0.0,0.0,0.0,0.0,0.0,0.0,0.0,0.0,0.0,0.0
515,,"Housing Units with a Mortgage Not Calculated by Race, Native Hawaiian and Other Pacific Islander Alone",0.0,0.0,0.0,0.0,0.0,0.0,0.0,0.0,0.0,0.0,0.0,0.0,0.0,0.0,0.0,0.0
516,,"Housing Units with a Mortgage Not Calculated by Race, Some Other Race Alone",0.0,0.0,0.0,0.0,0.0,0.0,0.0,0.0,0.0,0.0,0.0,0.0,0.0,0.0,0.0,0.0
517,,"Housing Units with a Mortgage Not Calculated by Race, Two or More Races",0.0,0.0,0.0,0.0,0.0,0.0,0.0,0.0,0.0,0.0,0.0,0.0,0.0,0.0,0.0,0.0
518,,"Housing Units with a Mortgage Not Calculated by Race, White Alone",0.0,0.0,0.0,0.0,0.0,0.0,0.0,0.0,0.0,0.0,0.0,0.0,0.0,0.0,0.0,0.0
519,,"Housing Units with a Mortgage Not Calculated by Race, White Alone, Not Hispanic or Latino",0.0,0.0,0.0,0.0,0.0,0.0,0.0,0.0,0.0,0.0,0.0,0.0,0.0,0.0,0.0,0.0
520,,"Housing Units without a Mortgage 30%+ by Race, American Indian and Alaska Native Alone",0.0,0.0,0.0,0.0,0.0,0.0,0.0,0.0,0.0,0.0,0.0,0.0,0.0,0.0,0.0,0.0
521,,"Housing Units without a Mortgage 30%+ by Race, Asian Alone",59.0,0.0,0.0,0.0,0.0,0.0,0.0,0.0,0.0,0.0,0.0,0.0,0.0,0.0,225.0,266.0
522,,"Housing Units without a Mortgage 30%+ by Race, Black or African American Alone",31.0,0.0,0.0,0.0,0.0,0.0,0.0,0.0,0.0,0.0,0.0,0.0,0.0,0.0,0.0,0.0
523,,"Housing Units without a Mortgage 30%+ by Race, Hispanic or Latino",4.0,0.0,0.0,0.0,0.0,0.0,0.0,0.0,0.0,0.0,0.0,0.0,0.0,0.0,47.0,48.0
524,,"Housing Units without a Mortgage 30%+ by Race, Native Hawaiian and Other Pacific Islander Alone",0.0,0.0,0.0,0.0,0.0,0.0,0.0,0.0,0.0,0.0,0.0,0.0,0.0,0.0,0.0,0.0
525,,"Housing Units without a Mortgage 30%+ by Race, Some Other Race Alone",0.0,0.0,0.0,0.0,0.0,0.0,0.0,0.0,0.0,0.0,0.0,0.0,0.0,0.0,0.0,0.0
526,,"Housing Units without a Mortgage 30%+ by Race, Two or More Races",8.0,0.0,0.0,0.0,0.0,0.0,0.0,0.0,0.0,0.0,0.0,0.0,0.0,0.0,65.0,72.0
527,,"Housing Units without a Mortgage 30%+ by Race, White Alone",210.0,0.0,0.0,0.0,0.0,0.0,0.0,0.0,0.0,0.0,0.0,0.0,0.0,0.0,192.0,156.0
528,,"Housing Units without a Mortgage 30%+ by Race, White Alone, Not Hispanic or Latino",206.0,0.0,0.0,0.0,0.0,0.0,0.0,0.0,0.0,0.0,0.0,0.0,0.0,0.0,192.0,156.0
529,,"Housing Units without a Mortgage Not Calculated by Race, American Indian and Alaska Native Alone",0.0,0.0,0.0,0.0,0.0,0.0,0.0,0.0,0.0,0.0,0.0,0.0,0.0,0.0,0.0,0.0
530,,"Housing Units without a Mortgage Not Calculated by Race, Asian Alone",25.0,0.0,0.0,0.0,0.0,0.0,0.0,0.0,0.0,0.0,0.0,0.0,0.0,0.0,0.0,7.0
531,,"Housing Units without a Mortgage Not Calculated by Race, Black or African American Alone",0.0,0.0,0.0,0.0,0.0,0.0,0.0,0.0,0.0,0.0,0.0,0.0,0.0,0.0,0.0,0.0
532,,"Housing Units without a Mortgage Not Calculated by Race, Hispanic or Latino",0.0,0.0,0.0,0.0,0.0,0.0,0.0,0.0,0.0,0.0,0.0,0.0,0.0,0.0,0.0,0.0
533,,"Housing Units without a Mortgage Not Calculated by Race, Native Hawaiian and Other Pacific Islander Alone",0.0,0.0,0.0,0.0,0.0,0.0,0.0,0.0,0.0,0.0,0.0,0.0,0.0,0.0,0.0,0.0
534,,"Housing Units without a Mortgage Not Calculated by Race, Some Other Race Alone",0.0,0.0,0.0,0.0,0.0,0.0,0.0,0.0,0.0,0.0,0.0,0.0,0.0,0.0,0.0,0.0
535,,"Housing Units without a Mortgage Not Calculated by Race, Two or More Races",0.0,0.0,0.0,0.0,0.0,0.0,0.0,0.0,0.0,0.0,0.0,0.0,0.0,0.0,0.0,0.0
536,,"Housing Units without a Mortgage Not Calculated by Race, White Alone",46.0,0.0,0.0,0.0,0.0,0.0,0.0,0.0,0.0,0.0,0.0,0.0,0.0,0.0,12.0,14.0
537,,"Housing Units without a Mortgage Not Calculated by Race, White Alone, Not Hispanic or Latino",46.0,0.0,0.0,0.0,0.0,0.0,0.0,0.0,0.0,0.0,0.0,0.0,0.0,0.0,12.0,14.0
