,Category,Attribute,2000_Western Addition/Fillmore Community Boundary,2010_Western Addition/Fillmore Community Boundary,2011_Western Addition/Fillmore Community Boundary,2012_Western Addition/Fillmore Community Boundary,2013_Western Addition/Fillmore Community Boundary,2014_Western Addition/Fillmore Community Boundary,2015_Western Addition/Fillmore Community Boundary,2016_Western Addition/Fillmore Community Boundary,2017_Western Addition/Fillmore Community Boundary,2018_Western Addition/Fillmore Community Boundary,2019_Western Addition/Fillmore Community Boundary,2020_Western Addition/Fillmore Community Boundary,2021_Western Addition/Fillmore Community Boundary,2022_Western Addition/Fillmore Community Boundary,2023_Western Addition/Fillmore Community Boundary,2024_Western Addition/Fillmore Community Boundary
227,Affordability,# Units at or below 100 AMI Monthly Affordable Rent,20578.0,19924.0,20152.0,20291.0,20816.0,20625.0,19456.0,19078.0,19162.0,18390.0,18317.0,6550.0,17571.0,16442.0,16091.0,15770
218,Affordability,# Units at or below 30 AMI Monthly Affordable Rent,12674.0,9627.0,8823.0,8661.0,8916.0,10680.0,10550.0,10275.0,13336.0,12557.0,14229.0,5258.0,13401.0,14708.0,14324.0,11495
221,Affordability,# Units at or below 50 AMI Monthly Affordable Rent,16761.0,16292.0,16052.0,15768.0,15672.0,20376.0,16899.0,17734.0,17677.0,17135.0,18317.0,6550.0,17571.0,16442.0,16091.0,15770
224,Affordability,# Units at or below 80 AMI Monthly Affordable Rent,20578.0,19924.0,20152.0,20291.0,20816.0,20625.0,19456.0,19078.0,19162.0,18390.0,18317.0,6550.0,17571.0,16442.0,16091.0,15770
225,Affordability,100 AMI Annual Income,44616.39221556886,55569.46929039952,54567.08526107072,55688.79371877231,58096.79767103348,63044.77611940299,69777.6911076443,75833.00666405332,81341.15096570752,82263.22885069094,102524.50980392157,108448.54941069808,113000.0,127950.23088763468,120302.43378668575,116579.46832579184
226,Affordability,100 AMI Monthly Affordable Rent,3718.0326846307385,4630.789107533293,4547.257105089227,4640.732809897692,4841.399805919456,5253.731343283583,5814.807592303692,6319.417222004443,6778.429247142293,6855.269070890911,8543.709150326797,9037.379117558174,9416.666666666666,10662.519240636224,10025.202815557146,9714.955693815986
216,Affordability,30 AMI Annual Income,13384.917664670658,16670.840787119854,16370.125578321216,16706.638115631693,17429.039301310044,18913.432835820895,20933.30733229329,22749.901999215996,24402.345289712255,24678.96865520728,30757.35294117647,32534.56482320942,33900.0,38385.069266290404,36090.730136005724,34973.84049773755
217,Affordability,30 AMI Monthly Affordable Rent,1115.4098053892214,1389.2367322599878,1364.177131526768,1392.2198429693078,1452.419941775837,1576.1194029850747,1744.4422776911076,1895.825166601333,2033.528774142688,2056.5807212672735,2563.112745098039,2711.2137352674517,2825.0,3198.755772190867,3007.5608446671436,2914.4867081447956
219,Affordability,50 AMI Annual Income,22308.19610778443,27784.73464519976,27283.54263053536,27844.396859386154,29048.39883551674,31522.388059701494,34888.84555382215,37916.50333202666,40670.57548285376,41131.61442534547,51262.25490196078,54224.27470534904,56500.0,63975.11544381734,60151.21689334288,58289.73416289592
220,Affordability,50 AMI Monthly Affordable Rent,1859.0163423153692,2315.3945537666464,2273.6285525446133,2320.366404948846,2420.699902959728,2626.8656716417913,2907.403796151846,3159.7086110022215,3389.2146235711466,3427.6345354454556,4271.854575163398,4518.689558779087,4708.333333333333,5331.259620318112,5012.601407778573,4857.477846907993
222,Affordability,80 AMI Annual Income,35693.11377245509,44455.575432319616,43653.66820885658,44551.03497501785,46477.438136826786,50435.820895522396,55822.15288611545,60666.405331242655,65072.92077256602,65810.58308055275,82019.60784313726,86758.83952855847,90400.0,102360.18471010774,96241.94702934861,93263.57466063347
223,Affordability,80 AMI Monthly Affordable Rent,2974.426147704591,3704.631286026635,3637.8056840713816,3712.586247918154,3873.1198447355655,4202.985074626867,4651.846073842954,5055.533777603555,5422.743397713835,5484.21525671273,6834.9673202614385,7229.9032940465395,7533.333333333333,8530.015392508978,8020.162252445717,7771.964555052789
0,Age,0-2 Years,0.4472131147540983,0.548431105047749,0.5687869822485208,0.5316546762589928,0.5649606299212598,0.5198019801980198,0.5345224395857308,0.5905059989567032,0.6448598130841121,0.6805997273966379,0.6700723712217965,0.6357308584686775,0.6966981132075472,0.6322290847838293,0.6031042128603105,0.579864472410455
1,Age,0-4 Years,0.0257638035509979,0.0288277719847062,0.0257370448937183,0.024677533969293,0.0262364169731025,0.0262385206472168,0.027767111937433,0.031448777211489,0.0363674949837938,0.0343351042740464,0.0413655001430342,0.0431830635784071,0.0395734094459337,0.0323250122369065,0.0326308499060057,0.0338730004847309
2,Age,18-34 Years,0.3999957625323107,0.3664190128606187,0.3680245898090826,0.3689571265531127,0.3824319299260422,0.371150121821703,0.3665703372875533,0.373770297499111,0.3677650872048155,0.3625604630877805,0.3697911700200248,0.2276499913125994,0.3503750988370971,0.3691434165442976,0.3576333234392005,0.3474939408628211
3,Age,3-5 Years,0.5527868852459017,0.451568894952251,0.4312130177514793,0.4683453237410072,0.4350393700787401,0.4801980198019802,0.4654775604142693,0.4094940010432968,0.3551401869158878,0.3194002726033621,0.3299276287782035,0.3642691415313225,0.3033018867924528,0.3677709152161706,0.3968957871396896,0.420135527589545
4,Age,35-59 Years,0.3131488622399254,0.3425443169968717,0.3420927312870687,0.3408342126230108,0.324897739949593,0.3279815080902105,0.3249398783420568,0.320236260914227,0.3191464732211761,0.3406549837443501,0.3227615142557452,0.3734245733149784,0.3386689294737045,0.3220753793441018,0.3204907489858514,0.319689772176442
5,Age,5-17 Years,0.066909614814187,0.0503128258602711,0.0515390276635352,0.0612200951786214,0.0553650373920588,0.0605984881614293,0.0588889113432896,0.0527438663031883,0.0504514585584195,0.0613353421616049,0.0495852007247067,0.1222651394661926,0.0509517289260023,0.0514733235438081,0.0546947660037597,0.0572176442074648
6,Age,60 and older,0.1941819568625789,0.2118960722975321,0.2126066063465951,0.204311031675962,0.2110688757592034,0.2140313612794402,0.2218337610896671,0.2218007980719845,0.226269486031795,0.2011141067322179,0.216496614856489,0.2334772323278224,0.2204308333172622,0.2249828683308859,0.2345503116651825,0.2417256422685409
7,Age,Under 18 Years,4374.0,3618.0,3553.0,3957.0,3925.0,4152.0,4268.0,4234.0,4479.0,4767.0,4734.0,4202.0,4646.0,4258.0,4389.0,4680.0
8,Age,Under 6 Years,1525.0,1466.0,1352.0,1390.0,1524.0,1616.0,1738.0,1917.0,2140.0,2201.0,2349.0,2155.0,2120.0,1781.0,1804.0,2066.0
228,Educational Attainment,College Degree or higher,0.4897411163542508,0.5734110756404506,0.5770222743259086,0.5954210362371508,0.610346101736667,0.615947965542067,0.6130247193153918,0.6325546903967371,0.6310941718278545,0.5905496671233206,0.6596324489887843,0.3421840068787618,0.6676646706586826,0.6803250385580443,0.664766088704024,0.6526736167545102
229,Educational Attainment,High School or Less,0.2619078655786427,0.2094029496345935,0.2158916243324215,0.1911535666078289,0.1890873260253726,0.1831384523720861,0.182450954685228,0.1697256210604375,0.1808570974840627,0.2140024515105631,0.1741813431827395,0.4130524505588994,0.1685560177355213,0.1627724960290969,0.1778286675702201,0.1767628688848127
230,Educational Attainment,Some College/Associate Degree,0.2483510180671063,0.2171859747249558,0.2070861013416699,0.2134253971550202,0.2005665722379603,0.2009135820858469,0.2045243259993802,0.1977196885428253,0.1880487306880827,0.1954478813661162,0.1661862078284762,0.2447635425623388,0.163779311605796,0.1569024654128588,0.1574052437257559,0.170563514360677
9,Employment,"6-17, Living with One Parent",1555.0,850.0,914.0,1095.0,1085.0,1017.0,1080.0,1061.0,1075.0,1111.0,978.0,952.0,883.0,671.0,631.0,680.0
10,Employment,"6-17, Living with One Parent, Parent Not in Labor Force",0.3472668810289389,0.2341176470588235,0.1892778993435448,0.2228310502283105,0.2175115207373271,0.2900688298918387,0.2314814814814814,0.2450518378887841,0.3069767441860465,0.3375337533753375,0.2188139059304703,0.2321428571428571,0.2231030577576443,0.195230998509687,0.2377179080824088,0.2470588235294117
11,Employment,"6-17, Living with One Parent, Parent in Labor Force",0.6527331189710611,0.7658823529411765,0.8107221006564551,0.7771689497716895,0.7824884792626728,0.7099311701081613,0.7685185185185185,0.7549481621112158,0.6930232558139535,0.6624662466246625,0.7811860940695297,0.7678571428571429,0.7768969422423556,0.8047690014903129,0.7622820919175911,0.7529411764705882
12,Employment,"6-17, Living with Two Parents",936.0,1086.0,1052.0,1231.0,1119.0,1247.0,1159.0,1034.0,1090.0,1323.0,1210.0,891.0,1409.0,1609.0,1679.0,1844.0
13,Employment,"6-17, Living with Two Parents, One Parent in Labor Force",0.3814102564102564,0.4337016574585635,0.4268060836501901,0.4289195775792039,0.4039320822162645,0.3175621491579791,0.2881794650560828,0.2678916827852998,0.2348623853211009,0.18291761148904,0.2487603305785124,0.3434343434343434,0.4939673527324343,0.5015537600994406,0.4318046456223943,0.4620390455531453
14,Employment,"6-17, Living with Two Parents, Parents Not in Labor Force",0.0544871794871794,0.0791896869244935,0.0503802281368821,0.0,0.0089365504915102,0.0048115477145148,0.0094909404659188,0.0096711798839458,0.0944954128440367,0.09145880574452,0.0834710743801653,0.0707070707070707,0.0269694819020582,0.0,0.0303752233472304,0.0330802603036876
15,Employment,"6-17, Living with Two Parents, Parents in Labor Force",0.5641025641025641,0.4871086556169429,0.5228136882129277,0.5710804224207962,0.5871313672922251,0.677626303127506,0.7023295944779983,0.7224371373307543,0.6706422018348623,0.7256235827664399,0.6677685950413224,0.5858585858585859,0.4790631653655074,0.4984462399005593,0.5378201310303752,0.504880694143167
231,Employment,Employed Residents,27491.0,26911.0,27446.0,27750.0,28763.0,29234.0,30737.0,31439.0,32179.0,32075.0,33627.0,41275.0,32274.0,31497.0,30332.0,30179.0
232,Employment,Managerial Professional,0.5394856498490415,0.5567983352532422,0.5531224950812504,0.5665225225225226,0.579355421896186,0.5972497776561538,0.5944626996779127,0.6176087025668755,0.6198763168526057,0.5799844115354638,0.6634846997948077,0.3985947910357359,0.6978062836958543,0.7217512778994825,0.7170644863510484,0.7074787103615097
233,Employment,Natural Resources,0.0271725291913717,0.0311396826576492,0.0312613859943161,0.0287567567567567,0.0302124256857768,0.0245262365738523,0.0202036633373458,0.0169534654410127,0.0205102706734205,0.0289010132501948,0.0181699229785588,0.0630648092065414,0.0202949742827043,0.0189859351684287,0.0233087168666754,0.0160045064448788
234,Employment,Production Transport Materials,0.040849732639773,0.0432908476087845,0.0408074036289441,0.0351351351351351,0.0321941383026805,0.0366696312512827,0.0405049289130364,0.0392506122968287,0.0453401286553342,0.05128604832424,0.0385107205519374,0.095893397940642,0.0408997955010225,0.0357176873987998,0.0439140181986021,0.0441366513138275
235,Employment,Sales and Office,0.2598304899785384,0.2196127977407008,0.2138016468702178,0.207027027027027,0.2071063519104405,0.1930286652527878,0.198132543839672,0.2002926301727154,0.1922682494794741,0.1705689789555728,0.1766437684003925,0.1969957601453664,0.1478899423684699,0.1465853890846747,0.1300606620071211,0.1302892739984757
236,Employment,Services,0.1323705940125859,0.1491583367396232,0.1610070684252714,0.1625585585585585,0.151131662204916,0.1485256892659232,0.146696164232033,0.1258945895225675,0.1220050343391652,0.1692595479345284,0.1031908882743034,0.2454512416717141,0.0931090041519489,0.0769597104486141,0.0856521165765528,0.1020908578813082
16,Employment,"Under 6 Years, Living with One Parent",614.0,285.0,430.0,419.0,471.0,450.0,555.0,394.0,427.0,408.0,267.0,289.0,336.0,310.0,264.0,302.0
17,Employment,"Under 6 Years, Living with One Parent, Parent Not in Labor Force",0.4201954397394137,0.1789473684210526,0.1232558139534883,0.1766109785202864,0.1486199575371549,0.2044444444444444,0.1945945945945946,0.3045685279187817,0.2997658079625293,0.2965686274509804,0.0,0.0,0.0,0.0580645161290322,0.0643939393939393,0.1423841059602649
18,Employment,"Under 6 Years, Living with One Parent, Parent in Labor Force",0.5798045602605864,0.8210526315789474,0.8767441860465116,0.8233890214797136,0.851380042462845,0.7955555555555556,0.8054054054054054,0.6954314720812182,0.7002341920374707,0.7034313725490197,1.0,1.0,1.0,0.9419354838709676,0.9356060606060606,0.8576158940397351
19,Employment,"Under 6 Years, Living with Two Parents",766.0,914.0,721.0,776.0,873.0,954.0,1119.0,1487.0,1633.0,1698.0,2026.0,1831.0,1715.0,1374.0,1480.0,1644.0
20,Employment,"Under 6 Years, Living with Two Parents, One Parent in Labor Force",0.4464751958224543,0.274617067833698,0.2163661581137309,0.2087628865979381,0.2210767468499427,0.2379454926624738,0.2555853440571939,0.2885003362474781,0.3165952235150031,0.2650176678445229,0.3010858835143139,0.3686510103768433,0.3253644314868805,0.2765647743813683,0.3743243243243243,0.3138686131386861
21,Employment,"Under 6 Years, Living with Two Parents, Parents Not in Labor Force",0.1057441253263707,0.1444201312910284,0.0374479889042995,0.0,0.0,0.0,0.0,0.0,0.0,0.0,0.0,0.0,0.0,0.0,0.0256756756756756,0.0261557177615571
22,Employment,"Under 6 Years, Living with Two Parents, Parents in Labor Force",0.4477806788511749,0.5809628008752735,0.7461858529819695,0.7912371134020618,0.7789232531500573,0.7620545073375262,0.7444146559428061,0.7114996637525218,0.683404776484997,0.734982332155477,0.6989141164856861,0.6313489896231568,0.6746355685131196,0.7234352256186317,0.6,0.6599756690997567
237,Employment,Unemployment Rate,0.0448010002083767,0.0621057400759767,0.0640750213128729,0.0627216536629851,0.0699712225563423,0.0658870143149284,0.0608531037220237,0.0561622464898595,0.0470905108624874,0.0413990859942053,0.0338511010939159,0.0453830859573681,0.0401378531744852,0.0454476914261588,0.0517278987878221,0.059690836851254
23,Employment,Worked in place of residence,0.8033238932776867,0.7776674179623333,0.7943254457777279,0.7919628715606468,0.762337386877828,0.7674896402827593,0.7707614751923587,0.7500080840743735,0.7560358193842357,0.7756137829822363,0.7792955144319593,0.7869531849577898,0.816317474404894,0.8275315944277449,0.8269405623842397,0.8360055591335886
24,Employment,Worked outside place of residence,0.1966761067223133,0.2223325820376666,0.205674554222272,0.2080371284393532,0.2376626131221719,0.2325103597172406,0.2292385248076413,0.2499919159256265,0.2439641806157643,0.2243862170177638,0.2207044855680407,0.2130468150422103,0.183682525595106,0.1724684055722551,0.1730594376157602,0.1639944408664113
25,Households,Average Family Household Size,2.822373175314352,2.766079295154185,2.7771802325581394,2.725421348314607,2.752479282706154,2.8035178620125443,2.8230088495575223,2.782323427248167,2.7981640294721584,3.066509784493436,2.767337278106509,4.08812609913372,2.8690865093768907,2.8232037246759782,2.79616637434227,2.832590942835932
26,Households,Average Household Size,1.820045376746408,1.7931810871662914,1.7920823689041423,1.7956570155902003,1.841201046425364,1.8353490929081917,1.879367428816266,1.902832294312322,1.9221552345201527,1.915597702053986,1.909063870919771,3.4462398137369035,1.9049673594957608,1.8956845580895336,1.8507017476767755,1.861613062090389
27,Households,Family Households,0.2754050073637702,0.2738018655516243,0.2745630138079655,0.2831689468660515,0.2874155636250048,0.2879918322469174,0.2993027694465002,0.299122604479335,0.3139195389223827,0.3176989061147399,0.3141497509108484,0.7149243306169966,0.3100847902753808,0.3051140290255701,0.3052506788022486,0.3061711558131605
28,Households,Households,25123.0,24872.0,25058.0,25144.0,25611.0,25466.0,25673.0,25986.0,26373.0,25414.0,26898.0,21475.0,26654.0,26046.0,26149.0,26397.0
29,Households,"Households with 60 years and older, % of Total (DEC, 65 years and older)",0.2714643951757354,0.3039964618848504,0.306369223401708,0.2930321349029589,0.3027605325836555,0.3058587921149768,0.325166517352861,0.3278688524590163,0.3350017062905244,0.2962146848193909,0.3287605026396014,0.4651920838183935,0.3268552562467172,0.3197803885433464,0.3276224712226089,0.3348865401371368
30,Households,"Households with Children, % of Total",0.0974405922859531,0.0929157285300739,0.093303535796951,0.107620108176901,0.1041739877396431,0.1088510170423309,0.1087134343473688,0.1021319171861771,0.1012399044477306,0.1107263712914141,0.1063276080005948,0.3103608847497089,0.1014106700682824,0.0961759963142133,0.1044781827220926,0.1058832443080653
31,Households,Living in Group Quarters,1473.0,0.0,0.0,8941.0,9320.0,9446.0,9527.0,9510.0,9247.0,9669.0,1085.0,813.0,1078.0,1700.0,2141.0,2434.0
32,Households,Non-Family Households,0.7245949926362297,0.7261981344483757,0.7254369861920344,0.7168310531339485,0.7125844363749951,0.7120081677530825,0.7006972305534998,0.700877395520665,0.6860804610776172,0.6823010938852601,0.6858502490891516,0.2850756693830035,0.6899152097246192,0.6948859709744298,0.6947493211977513,0.6938288441868394
33,Households,"Single Person Households, % of Total",0.5098117263065717,0.548005789642972,0.5503232500598612,0.5336064269805918,0.5120846511264691,0.5135867431084583,0.494137810150742,0.4784499345801585,0.4712395252720585,0.5133784528212796,0.4726373708082385,0.1650291036088475,0.4917085615667442,0.4950088305305997,0.5143217713870512,0.514111452058946
34,Housing,Median Year Moved In Owner,1993.6080586080584,2000.434973637961,2003.38107549121,2001.275287584292,2002.141663184288,2009.5724266418256,2003.26164874552,2004.1931352459017,2010.183106910809,2002.3933281613652,2002.6180971390552,2000.0601666152425,2013.7553598774884,2010.8180076628355,2012.2173435784853,2011.718079673136
35,Housing,Median Year Moved In Renter,1996.1634230871769,2004.7092318875696,2005.4203592814367,2003.978346292116,2005.06217213911,2010.2718812580988,2008.419226225635,2009.940635451505,2014.1799586302,2011.5855750754872,2012.6741417974813,2011.088491898629,2011.1982432432435,2014.6072766185123,2016.082836082836,2015.825876662636
36,Housing,Median Year Structure Built,1949.296195652174,1949.061224489796,1958.0888030888032,1952.7569593147757,1955.3440248318675,1960.0777009047365,1957.8643664485423,1960.424148606811,1961.05216622458,1939.0,1962.722578844544,1946.451993620415,1960.9394851220327,1963.1484424666244,1962.418460534899,1962.8773875539125
37,Housing,"Overcrowding, Renter Occupied Housing",0.1012416427889207,0.0329488465396188,0.0305611966912675,0.0319823139277818,0.0395114942528735,0.039517330897553,0.043607865762777,0.0432388038069471,0.0456180200643573,0.0824918362220547,0.0481369396633251,0.1380606364319719,0.0442540370039075,0.0475892900062491,0.0626171368158008,0.0600323470649795
38,Housing,Owner Occupied,0.1635375888791244,0.1982952717915728,0.1943092026498523,0.1904629335030226,0.1847253133419233,0.1831854237021911,0.1898492579753048,0.2034557069191103,0.1987259697417813,0.2167702840953805,0.2137705405606365,0.6283119906868452,0.2030839648833196,0.201297704062044,0.2042143102986729,0.2036216236693563
39,Housing,Post 1979 All and Pre 1979 Single Family Renter Occupied by Year Structure Built by Units in Structure,4255.0,10765.0,10999.0,11359.0,11878.0,11405.0,5587.0,5438.0,5313.0,3852.0,6028.0,4872.0,6410.0,6667.0,6591.0,6725.0
40,Housing,Pre 1980 MultiFamily Renter Occupied by Year Structure Built by Units in Structure,16664.0,8586.0,8549.0,8273.0,8148.0,8372.0,15199.0,15251.0,15801.0,16053.0,15120.0,3110.0,14831.0,14136.0,14218.0,14297.0
41,Housing,Renter Occupied,0.8364624111208756,0.8017047282084272,0.8056907973501477,0.8095370664969774,0.8152746866580766,0.8168145762978088,0.8101507420246952,0.7965442930808897,0.8012740302582186,0.7832297159046195,0.7862294594393635,0.3716880093131548,0.7969160351166804,0.7987022959379559,0.795785689701327,0.7963783763306437
42,Housing,Total Number of Units,26281.0,27638.0,27865.0,27772.0,27750.0,27815.0,28368.0,28506.0,28836.0,28106.0,29947.0,22423.0,30326.0,30487.0,30651.0,30886.0
43,Housing,Total Vacant Units,1247.0,2766.0,2807.0,2628.0,2139.0,2349.0,2695.0,2520.0,2463.0,2692.0,3049.0,948.0,3672.0,4441.0,4502.0,4489.0
44,Housing,Vacancy Rate,0.0474487272173813,0.1000796005499674,0.1007356899336084,0.094627682557972,0.077081081081081,0.0844508358799209,0.0950014100394811,0.0884024415912439,0.0854140657511444,0.0957802604426101,0.1018132033258757,0.0422780181064086,0.1210842181626327,0.1456686456522452,0.1468793840331473,0.1453409311662241
45,Housing Prices,Contract Rent 100 to 149,327.0,68.0,125.0,174.0,196.0,227.0,142.0,81.0,97.0,63.0,57.0,20.0,179.0,130.0,146.0,138.0
46,Housing Prices,Contract Rent 1000 to 1249,2203.0,2606.0,2401.0,2266.0,2397.0,2354.0,2277.0,2273.0,1964.0,1547.0,1735.0,884.0,1598.0,1269.0,1302.0,1095.0
47,Housing Prices,Contract Rent 1250 to 1499,1499.0,2746.0,2728.0,2586.0,2272.0,2076.0,1987.0,1712.0,1468.0,1924.0,1262.0,724.0,952.0,1071.0,1159.0,1257.0
48,Housing Prices,Contract Rent 150 to 199,1234.0,90.0,98.0,151.0,223.0,315.0,299.0,264.0,180.0,39.0,199.0,68.0,146.0,161.0,157.0,165.0
49,Housing Prices,Contract Rent 1500 to 1999,2351.0,3913.0,4489.0,4752.0,4765.0,4402.0,3963.0,3361.0,3331.0,4228.0,3028.0,1148.0,3202.0,2464.0,2200.0,2222.0
50,Housing Prices,Contract Rent 200 to 249,593.0,604.0,584.0,664.0,686.0,588.0,485.0,622.0,554.0,314.0,683.0,16.0,469.0,370.0,103.0,109.0
51,Housing Prices,"Contract Rent 2000 to 2499 (Contract Rent 2000 or more, DEC2000 and ACS2009-2014)",1340.0,3063.0,3402.0,3880.0,4308.0,4744.0,2177.0,2198.0,2116.0,2520.0,2547.0,1133.0,2911.0,3111.0,3169.0,2928.0
52,Housing Prices,Contract Rent 250 to 299,332.0,990.0,911.0,804.0,747.0,839.0,921.0,944.0,1284.0,517.0,1358.0,118.0,1681.0,1341.0,1040.0,835.0
53,Housing Prices,Contract Rent 2500 to 2999 (ACS2015-),,248.0,226.0,176.0,202.0,249.0,1497.0,1903.0,2228.0,1889.0,2314.0,634.0,2531.0,2736.0,2388.0,2404.0
54,Housing Prices,Contract Rent 300 to 349,488.0,147.0,274.0,332.0,287.0,240.0,289.0,299.0,256.0,188.0,191.0,24.0,264.0,602.0,1109.0,1141.0
55,Housing Prices,Contract Rent 3000 to 3499 (ACS2015-),,0.0,0.0,0.0,0.0,0.0,973.0,1153.0,1387.0,1234.0,1791.0,462.0,1565.0,1622.0,1641.0,1803.0
56,Housing Prices,Contract Rent 350 to 399,695.0,149.0,168.0,99.0,172.0,155.0,291.0,235.0,341.0,204.0,433.0,38.0,195.0,108.0,127.0,142.0
57,Housing Prices,Contract Rent 3500 or more (ACS2015-),,0.0,0.0,0.0,0.0,0.0,851.0,1202.0,1475.0,1017.0,2367.0,739.0,3060.0,3940.0,4023.0,4426.0
58,Housing Prices,Contract Rent 400 to 449,593.0,199.0,232.0,266.0,465.0,537.0,539.0,558.0,523.0,113.0,196.0,78.0,300.0,155.0,132.0,101.0
59,Housing Prices,Contract Rent 500 to 549,511.0,409.0,386.0,319.0,197.0,232.0,177.0,168.0,284.0,197.0,216.0,37.0,107.0,132.0,169.0,136.0
60,Housing Prices,Contract Rent 550 to 599,890.0,582.0,512.0,525.0,451.0,374.0,297.0,283.0,334.0,544.0,284.0,255.0,102.0,113.0,125.0,102.0
61,Housing Prices,Contract Rent 600 to 649,718.0,168.0,196.0,297.0,369.0,178.0,253.0,207.0,114.0,165.0,34.0,43.0,223.0,86.0,67.0,235.0
62,Housing Prices,Contract Rent 650 to 699,987.0,372.0,398.0,412.0,411.0,314.0,367.0,316.0,244.0,238.0,142.0,63.0,121.0,122.0,125.0,132.0
63,Housing Prices,Contract Rent 700 to 749,958.0,250.0,222.0,216.0,265.0,343.0,217.0,235.0,246.0,264.0,216.0,53.0,114.0,107.0,190.0,106.0
64,Housing Prices,Contract Rent 750 to 749,883.0,487.0,276.0,370.0,321.0,310.0,370.0,333.0,235.0,254.0,268.0,133.0,143.0,141.0,144.0,130.0
65,Housing Prices,Contract Rent 750 to 799,799.0,275.0,388.0,187.0,219.0,340.0,271.0,259.0,324.0,193.0,222.0,148.0,250.0,69.0,109.0,181.0
66,Housing Prices,Contract Rent 800 to 899,1724.0,1182.0,767.0,735.0,781.0,893.0,946.0,1065.0,987.0,916.0,601.0,237.0,337.0,431.0,309.0,178.0
67,Housing Prices,Contract Rent 900 to 999,1437.0,1319.0,1236.0,984.0,964.0,865.0,803.0,697.0,803.0,942.0,761.0,332.0,479.0,249.0,392.0,537.0
68,Housing Prices,Contract Rent Less than 100,71.0,73.0,170.0,160.0,182.0,226.0,187.0,130.0,144.0,44.0,63.0,38.0,41.0,12.0,27.0,30.0
69,Housing Prices,Contract Rent Total,20914.0,19940.0,20189.0,20355.0,20880.0,20801.0,20799.0,20699.0,21132.0,19905.0,21148.0,7982.0,21241.0,20803.0,20809.0,21022.0
70,Housing Prices,Contract Rent Total No cash Rent (ACS2015-),281.0,0.0,0.0,0.0,0.0,0.0,220.0,201.0,213.0,351.0,180.0,557.0,271.0,261.0,456.0,489.0
71,Housing Prices,"Contract Rent Total No cash Rent (No cash rent, DEC2000 and ACS2009-2014)",281.0,248.0,226.0,176.0,202.0,249.0,1497.0,1903.0,2228.0,1889.0,2314.0,634.0,2531.0,2736.0,2388.0,2404.0
72,Housing Prices,Contract Rent Total With cash Rent,20633.0,19692.0,19963.0,20179.0,20678.0,20552.0,20579.0,20498.0,20919.0,19554.0,20968.0,7425.0,20970.0,20542.0,20353.0,20533.0
73,Housing Prices,Extremely Rent Burdened,0.1653437888495744,0.2400200601805416,0.2411214027440685,0.2439204126750184,0.2282567049808429,0.2032113840680736,0.1932304437713351,0.181168172375477,0.1746640166572023,0.2096960562672695,0.1656421411008133,0.2173640691556001,0.1735793983334118,0.1604095563139931,0.1665625450526214,0.1809532870326324
74,Housing Prices,Home Value 10000 to 14999 ,0.0,0.0,0.0,0.0,0.0,4.0,4.0,5.0,5.0,5.0,0.0,6.0,0.0,0.0,0.0,0.0
75,Housing Prices,Home Value 100000 to 124999,99.0,84.0,85.0,74.0,97.0,8.0,5.0,3.0,5.0,0.0,2.0,69.0,9.0,16.0,20.0,27.0
76,Housing Prices,"Home Value 1000000 to 1499999 (1000000 or more, DEC2000 and ACS2009-2014)",369.0,1159.0,918.0,756.0,836.0,856.0,634.0,982.0,1141.0,1209.0,1559.0,4382.0,1381.0,1374.0,1544.0,1705.0
77,Housing Prices,Home Value 125000 to 149999,123.0,0.0,36.0,54.0,73.0,80.0,77.0,11.0,0.0,13.0,0.0,7.0,0.0,0.0,0.0,0.0
78,Housing Prices,Home Value 15000 to 19999 ,7.0,0.0,0.0,0.0,0.0,0.0,0.0,0.0,0.0,0.0,0.0,0.0,0.0,0.0,0.0,0.0
79,Housing Prices,Home Value 150000 to 174999,75.0,16.0,21.0,19.0,23.0,21.0,21.0,16.0,19.0,4.0,0.0,9.0,0.0,0.0,0.0,0.0
80,Housing Prices,Home Value 1500000 to 1999999 (ACS2015-),,0.0,0.0,0.0,0.0,0.0,166.0,307.0,364.0,540.0,547.0,983.0,761.0,908.0,799.0,667.0
81,Housing Prices,Home Value 175000 to 199999,102.0,0.0,0.0,0.0,0.0,0.0,10.0,9.0,9.0,8.0,8.0,9.0,0.0,0.0,0.0,0.0
82,Housing Prices,Home Value 20000 to 24999 ,6.0,8.0,10.0,12.0,0.0,0.0,0.0,0.0,0.0,0.0,0.0,30.0,0.0,0.0,31.0,45.0
83,Housing Prices,Home Value 200000 to 249999,254.0,24.0,31.0,34.0,32.0,63.0,41.0,36.0,76.0,42.0,63.0,39.0,42.0,7.0,0.0,0.0
84,Housing Prices,Home Value 2000000 or more (ACS2015-),,0.0,0.0,0.0,0.0,0.0,367.0,375.0,456.0,659.0,736.0,403.0,818.0,915.0,978.0,887.0
85,Housing Prices,Home Value 25000 to 29999 ,0.0,0.0,0.0,0.0,0.0,0.0,0.0,0.0,0.0,0.0,0.0,0.0,0.0,0.0,0.0,0.0
86,Housing Prices,Home Value 250000 to 299999,458.0,100.0,42.0,49.0,51.0,35.0,43.0,47.0,55.0,72.0,102.0,72.0,60.0,14.0,19.0,47.0
87,Housing Prices,Home Value 30000 to 34999 ,16.0,0.0,0.0,0.0,0.0,0.0,0.0,0.0,0.0,0.0,0.0,0.0,0.0,0.0,0.0,0.0
88,Housing Prices,Home Value 300000 to 399999,707.0,358.0,400.0,413.0,374.0,491.0,444.0,370.0,237.0,183.0,223.0,212.0,366.0,403.0,285.0,184.0
89,Housing Prices,Home Value 35000 to 39999 ,18.0,0.0,0.0,0.0,4.0,5.0,8.0,11.0,22.0,0.0,0.0,10.0,0.0,0.0,0.0,0.0
90,Housing Prices,Home Value 40000 to 49999 ,18.0,11.0,23.0,12.0,12.0,14.0,24.0,10.0,7.0,0.0,8.0,0.0,18.0,34.0,45.0,34.0
91,Housing Prices,Home Value 400000 to 499999,540.0,500.0,605.0,585.0,557.0,453.0,486.0,500.0,390.0,300.0,369.0,318.0,169.0,202.0,319.0,264.0
92,Housing Prices,Home Value 50000 to 59999 ,17.0,42.0,40.0,37.0,35.0,0.0,0.0,0.0,0.0,0.0,0.0,0.0,0.0,0.0,0.0,0.0
93,Housing Prices,Home Value 500000 to 749999,792.0,1782.0,1690.0,1716.0,1607.0,1559.0,1525.0,1478.0,1297.0,1003.0,1026.0,2270.0,819.0,472.0,467.0,523.0
94,Housing Prices,Home Value 60000 to 69999 ,18.0,6.0,4.0,0.0,0.0,0.0,14.0,12.0,14.0,0.0,12.0,9.0,0.0,0.0,0.0,0.0
95,Housing Prices,Home Value 70000 to 79999 ,8.0,0.0,0.0,0.0,0.0,0.0,0.0,0.0,0.0,0.0,0.0,35.0,0.0,0.0,0.0,0.0
96,Housing Prices,Home Value 750000 to 999999,373.0,808.0,929.0,1000.0,1003.0,1045.0,953.0,1045.0,1074.0,1386.0,1033.0,4451.0,918.0,873.0,823.0,983.0
97,Housing Prices,Home Value 80000 to 89999 ,51.0,26.0,35.0,28.0,0.0,0.0,0.0,0.0,0.0,6.0,0.0,29.0,0.0,0.0,0.0,0.0
98,Housing Prices,Home Value 90000 to 99999 ,27.0,8.0,0.0,0.0,0.0,0.0,0.0,0.0,0.0,0.0,0.0,12.0,0.0,0.0,0.0,0.0
99,Housing Prices,Home Value Less than 10000,16.0,0.0,0.0,0.0,27.0,31.0,52.0,70.0,70.0,79.0,62.0,138.0,52.0,25.0,10.0,9.0
100,Housing Prices,Home Value Total,4094.0,4932.0,4869.0,4789.0,4731.0,4665.0,4874.0,5287.0,5241.0,5509.0,5750.0,13493.0,5413.0,5243.0,5340.0,5375.0
101,Housing Prices,Housing Units with a Mortgage,617.0,3558.0,3422.0,3558.0,3530.0,3418.0,3530.0,3825.0,3701.0,3659.0,4241.0,8835.0,3889.0,3767.0,3755.0,3710.0
102,Housing Prices,Housing Units with a Mortgage 0 to 30%,329.0,1795.0,1672.0,1722.0,1794.0,1848.0,2067.0,2271.0,2319.0,2031.0,2555.0,5267.0,2289.0,2346.0,2247.0,2292.0
103,Housing Prices,Housing Units with a Mortgage 30-50%,157.0,913.0,900.0,952.0,838.0,781.0,826.0,908.0,790.0,899.0,997.0,1982.0,912.0,763.0,735.0,708.0
104,Housing Prices,Housing Units with a Mortgage 50%+,131.0,835.0,830.0,867.0,898.0,789.0,637.0,646.0,585.0,729.0,680.0,1548.0,672.0,649.0,734.0,656.0
105,Housing Prices,Housing Units with a Mortgage Not Computed,0.0,15.0,20.0,17.0,0.0,0.0,0.0,0.0,7.0,0.0,9.0,38.0,16.0,9.0,39.0,54.0
106,Housing Prices,Housing Units without a Mortgage,173.0,1374.0,1447.0,1231.0,1201.0,1247.0,1344.0,1462.0,1540.0,1850.0,1509.0,4658.0,1524.0,1476.0,1585.0,1665.0
107,Housing Prices,Housing Units without a Mortgage 0 to 30%,167.0,1127.0,1180.0,930.0,911.0,946.0,1112.0,1173.0,1262.0,1643.0,1185.0,4219.0,1209.0,1188.0,1232.0,1378.0
108,Housing Prices,Housing Units without a Mortgage 30-50%,6.0,56.0,71.0,64.0,41.0,44.0,58.0,80.0,78.0,88.0,152.0,177.0,171.0,161.0,117.0,104.0
109,Housing Prices,Housing Units without a Mortgage 50%+,0.0,165.0,181.0,226.0,235.0,219.0,141.0,180.0,184.0,110.0,172.0,212.0,144.0,127.0,214.0,161.0
110,Housing Prices,Housing Units without a Mortgage Not Computed,0.0,26.0,15.0,11.0,14.0,38.0,33.0,29.0,16.0,9.0,0.0,50.0,0.0,0.0,22.0,22.0
111,Housing Prices,Median Contract Rent,806.8880510440836,1238.1043745203376,1308.4219208211143,1359.0970610982213,1360.6954225352113,1385.990366088632,1395.7599396074484,1436.9158878504672,1511.63314320024,1631.3859981078524,1758.091149273448,1675.740418118467,1934.72829481574,2182.8993892639023,2164.7996213316505,2221.0553278688526
112,Housing Prices,Median Gross Rent by Bedrooms - 1 Bedroom- COUNTY ONLY,,,,,,,1521.363642144083,1604.9236763049194,1614.6043499842065,1900.038549467876,1950.3515705311247,1379.723410804987,2225.028926796848,2435.841460827398,2310.030085460148,2382.36630773044
113,Housing Prices,Median Gross Rent by Bedrooms - 2 Bedrooms- COUNTY ONLY,,,,,,,1891.3115660965216,2028.1685129553136,2147.7130544650518,2201.232479306267,2249.3756329716352,1786.237611227664,2644.8725371934056,2911.481634433619,3076.6621231899458,3295.930158905015
114,Housing Prices,Median Gross Rent by Bedrooms - 3-4 Bedrooms- COUNTY ONLY,,,,,,,5819.0,4137.18176310209,4522.4782082324455,5601.0,5607.929132092398,4522.406945561813,6142.652319842054,5956.611722797928,6139.997791682003,6479.567975830816
115,Housing Prices,Median Gross Rent by Bedrooms - 5 Bedrooms or more- COUNTY ONLY,,,,,,,2076.6075435203093,2083.4062239510977,2040.136563876652,2667.0,3100.0,1750.0,,,,
116,Housing Prices,Median Gross Rent by Bedrooms - No Bedroom- COUNTY ONLY,,,,,,,1294.5168182107204,1330.1568719489298,1440.4087186779775,1643.5907535028068,1602.177574719208,1542.164128256513,1864.873718751057,2001.609493351288,2044.817752085027,1994.4879345603272
117,Housing Prices,Median Home Value,405000.0,679994.3883277216,663091.7159763314,656978.4382284383,668092.7193528314,569195.4432328416,698032.7868852459,765669.8564593302,846485.1024208566,937500.0,992013.5527589543,945040.440350483,1091781.3178855905,1209425.036390102,1210816.062176166,1167595.3079178885
118,Housing Prices,Median Rent,822.0570924072985,1269.1220798794272,1350.133928571429,1396.6573516766982,1401.1343416370107,1321.7525823905555,1449.1433397683395,1480.1565874730022,1558.948447568834,1681.7870982448142,1794.793779580798,1843.0644019815995,1983.9885859226376,2250.855897914721,2233.493696084937,2287.5128468653647
119,Housing Prices,Median Rent as % of Household Income,25.63603467772333,30.30371053710537,30.25652841781874,30.142416792738278,28.730081995216946,27.75961720974375,27.195164539959706,26.230815390045887,25.916429906542056,27.428209909429945,24.109719478467007,26.63085758039816,24.326593773165307,23.98445796460177,25.257457081545063,25.898312090940408
120,Housing Prices,Rent 100 to 149,234.0,30.0,83.0,138.0,178.0,196.0,136.0,81.0,106.0,63.0,87.0,0.0,123.0,89.0,104.0,100.0
121,Housing Prices,Rent 1000 to 1249,2486.0,2968.0,2431.0,2543.0,2532.0,2289.0,2195.0,2324.0,2036.0,1632.0,1841.0,755.0,1360.0,1139.0,1171.0,899.0
122,Housing Prices,Rent 1250 to 1499,1601.0,2654.0,2800.0,2326.0,2248.0,2033.0,2072.0,1852.0,1519.0,1674.0,1402.0,655.0,1178.0,1237.0,1290.0,1285.0
123,Housing Prices,Rent 150 to 199,1024.0,92.0,70.0,66.0,54.0,35.0,53.0,84.0,73.0,10.0,97.0,0.0,52.0,14.0,0.0,0.0
124,Housing Prices,Rent 1500 to 1999,2422.0,4011.0,4429.0,4781.0,4508.0,4494.0,3969.0,3406.0,3414.0,4387.0,2958.0,1413.0,3154.0,2137.0,2020.0,2136.0
125,Housing Prices,Rent 200 to 249,665.0,335.0,531.0,620.0,705.0,644.0,505.0,484.0,330.0,289.0,394.0,57.0,248.0,214.0,147.0,118.0
126,Housing Prices,"Rent 2000 to 2499  (Rent 2000 or more, DEC2000 and ACS2009-2014)",1395.0,3384.0,3874.0,4347.0,4942.0,5202.0,2380.0,2204.0,2097.0,2581.0,2564.0,1140.0,2856.0,3213.0,3014.0,2919.0
127,Housing Prices,Rent 250 to 299,407.0,1075.0,909.0,802.0,791.0,964.0,1015.0,927.0,1248.0,512.0,1330.0,92.0,1283.0,912.0,628.0,543.0
128,Housing Prices,Rent 2500 to 2999 (ACS2015-),,248.0,226.0,176.0,202.0,249.0,1500.0,1849.0,2244.0,1997.0,2301.0,774.0,2605.0,2848.0,2553.0,2311.0
129,Housing Prices,Rent 300 to 349,389.0,226.0,302.0,390.0,471.0,319.0,362.0,440.0,274.0,131.0,353.0,14.0,846.0,1184.0,1191.0,985.0
130,Housing Prices,Rent 3000 to 3499 (ACS2015-),,0.0,0.0,0.0,0.0,0.0,1057.0,1344.0,1485.0,1255.0,1787.0,518.0,1565.0,1734.0,1767.0,1964.0
131,Housing Prices,Rent 350 to 399,710.0,224.0,251.0,80.0,110.0,110.0,170.0,168.0,357.0,174.0,305.0,42.0,169.0,201.0,549.0,690.0
132,Housing Prices,Rent 3500 or more (ACS2015-),,0.0,0.0,0.0,0.0,0.0,962.0,1299.0,1622.0,1152.0,2618.0,837.0,3358.0,4088.0,4250.0,4751.0
133,Housing Prices,Rent 400 to 449,428.0,215.0,191.0,320.0,425.0,453.0,461.0,512.0,488.0,104.0,303.0,80.0,346.0,159.0,145.0,81.0
134,Housing Prices,Rent 450 to 499,583.0,295.0,352.0,310.0,243.0,400.0,366.0,268.0,286.0,295.0,278.0,18.0,97.0,123.0,129.0,163.0
135,Housing Prices,Rent 500 to 549,662.0,516.0,462.0,345.0,280.0,175.0,211.0,196.0,292.0,559.0,206.0,82.0,146.0,147.0,143.0,92.0
136,Housing Prices,Rent 550 to 599,808.0,239.0,314.0,310.0,237.0,117.0,177.0,107.0,131.0,98.0,49.0,59.0,131.0,105.0,86.0,217.0
137,Housing Prices,Rent 600 to 649,897.0,266.0,197.0,237.0,312.0,235.0,172.0,352.0,260.0,139.0,190.0,126.0,177.0,112.0,124.0,195.0
138,Housing Prices,Rent 650 to 699,941.0,301.0,270.0,379.0,464.0,380.0,409.0,296.0,392.0,283.0,154.0,60.0,154.0,110.0,154.0,128.0
139,Housing Prices,Rent 700 to 749,899.0,318.0,339.0,333.0,274.0,298.0,279.0,315.0,271.0,334.0,278.0,187.0,81.0,139.0,108.0,63.0
140,Housing Prices,Rent 750 to 799,865.0,303.0,269.0,279.0,292.0,420.0,356.0,257.0,249.0,236.0,139.0,99.0,148.0,18.0,187.0,190.0
141,Housing Prices,Rent 800 to 899,1699.0,971.0,767.0,641.0,740.0,807.0,936.0,972.0,793.0,762.0,540.0,159.0,387.0,225.0,155.0,120.0
142,Housing Prices,Rent 900 to 999,1463.0,1253.0,1085.0,868.0,808.0,805.0,675.0,640.0,817.0,875.0,761.0,220.0,465.0,382.0,426.0,571.0
143,Housing Prices,Rent Burdened,0.3725733958114182,0.4717151454363089,0.4700579523502897,0.4687300417587816,0.4309386973180076,0.4035382914282967,0.396701764507909,0.3783274554326296,0.3806549309104675,0.4256217030896759,0.3505296009078872,0.4036582310197945,0.3416505814227202,0.3203864827188386,0.3314431255706665,0.3649510037103986
144,Housing Prices,Rent Less than 100,55.0,16.0,37.0,64.0,64.0,176.0,161.0,121.0,135.0,12.0,33.0,38.0,41.0,12.0,12.0,12.0
145,Housing Prices,Rent Total,20914.0,19940.0,20189.0,20355.0,20880.0,20801.0,20799.0,20699.0,21132.0,19905.0,21148.0,7982.0,21241.0,20803.0,20809.0,21022.0
146,Housing Prices,"Rent Total No cash rent  (No cash rent, DEC2000 and ACS2009-2014)",281.0,248.0,226.0,176.0,202.0,249.0,1500.0,1849.0,2244.0,1997.0,2301.0,774.0,2605.0,2848.0,2553.0,2311.0
147,Housing Prices,Rent Total No cash rent (ACS2015-),281.0,0.0,0.0,0.0,0.0,0.0,220.0,201.0,213.0,351.0,180.0,557.0,271.0,261.0,456.0,489.0
148,Housing Prices,Rent Total With cash rent,20633.0,19692.0,19963.0,20179.0,20678.0,20552.0,20579.0,20498.0,20919.0,19554.0,20968.0,7425.0,20970.0,20542.0,20353.0,20533.0
149,Housing Type,10-19 Units,0.1502606445721243,0.1539185179824878,0.1566481248878521,0.1604493734696817,0.1536936936936937,0.1517526514470609,0.163141567963903,0.1522135690731775,0.1512692467748647,0.0948196114708603,0.1383110161284936,0.0202470677429425,0.1462111719316758,0.1416669400072162,0.1461942514110469,0.1286019555785792
150,Housing Type,2-4 Units,0.1714166127620714,0.1635791301830812,0.1677014175488964,0.1716116952326083,0.1765765765765765,0.1754808556534244,0.1675126903553299,0.1686311653686943,0.1631294215563878,0.1630612680566427,0.1785821618192139,0.1732595995183516,0.1652047747807162,0.1682028405549906,0.1650190858373299,0.1653823738910833
151,Housing Type,20 Units or More,0.4748677751988128,0.4526376727693755,0.4443208325856809,0.4574751548322051,0.4721801801801801,0.4795973395649829,0.4843133107727016,0.4910194345050165,0.4863018449160771,0.5093218529851278,0.4669249006578288,0.0312625429246755,0.4944601991690299,0.5070357857447436,0.5164268702489315,0.5327980314705691
152,Housing Type,5-9 Units,0.1354590768996613,0.1407844272378609,0.1423649739816974,0.1258821834941668,0.1162522522522522,0.1250404458026245,0.111216864072194,0.1192731354802497,0.1325079761409349,0.0888066604995374,0.1325007513273449,0.0221201444944922,0.1205236430785464,0.116935087086299,0.1124922514762976,0.1148416758401865
153,Housing Type,Other Type,0.000799056352498,0.0014472827266806,0.0014713798672169,0.0014763070718709,0.0003243243243243,0.0010785547366528,0.0013042865200225,0.0011927313548024,0.0021847690387016,0.0005692734647406,0.0016696163221691,0.0037015564375864,0.000923300138495,0.0004592121232,3.26253629571629e-05,0.0
154,Housing Type,Single Family Housing,0.067196834214832,0.0876329691005137,0.087493271128656,0.083105285899467,0.0809729729729729,0.0670501527952543,0.0725112803158488,0.0676699642180593,0.0646067415730337,0.1434213335230911,0.0820115537449494,0.7494090888819516,0.0726769109015366,0.0657001344835503,0.0598349156634367,0.0583759632195816
155,Income,Household Income 10000 to 14999,1807.0,2039.0,2210.0,2294.0,2546.0,2481.0,2255.0,2172.0,2344.0,1881.0,1786.0,623.0,2116.0,1934.0,1984.0,1915.0
156,Income,Household Income 100000 to 124999,1815.0,1996.0,1724.0,1981.0,2056.0,2042.0,2077.0,2049.0,2122.0,2214.0,2040.0,2206.0,1775.0,1348.0,1397.0,1768.0
157,Income,Household Income 125000 to 149999,677.0,1231.0,1433.0,1528.0,1473.0,1725.0,1624.0,1750.0,1453.0,1735.0,1638.0,2213.0,2123.0,1949.0,1903.0,1837.0
158,Income,Household Income 15000 to 19999,1245.0,1264.0,1396.0,1452.0,1262.0,1329.0,1309.0,1151.0,1104.0,890.0,1170.0,556.0,820.0,589.0,725.0,761.0
159,Income,Household Income 150000 to 199999,882.0,1573.0,1559.0,1730.0,1821.0,1921.0,2164.0,2555.0,2778.0,2414.0,3107.0,2464.0,2844.0,2793.0,2629.0,2390.0
160,Income,Household Income 20000 to 24999,1177.0,1320.0,1327.0,1096.0,1352.0,1200.0,1306.0,1279.0,1309.0,770.0,1100.0,676.0,1096.0,1005.0,854.0,916.0
161,Income,Household Income 25000 to 29999,1297.0,1084.0,1037.0,1074.0,1072.0,856.0,743.0,859.0,891.0,529.0,937.0,541.0,850.0,649.0,597.0,411.0
162,Income,Household Income 30000 to 34999,1387.0,817.0,882.0,954.0,1021.0,871.0,829.0,814.0,844.0,790.0,754.0,500.0,470.0,512.0,551.0,600.0
163,Income,Household Income 35000 to 39999,1295.0,943.0,1086.0,926.0,704.0,843.0,808.0,549.0,507.0,726.0,395.0,388.0,431.0,354.0,415.0,384.0
164,Income,Household Income 40000 to 44999,1336.0,969.0,829.0,917.0,822.0,845.0,782.0,643.0,605.0,674.0,450.0,453.0,517.0,346.0,298.0,439.0
165,Income,Household Income 45000 to 49999,1062.0,814.0,842.0,799.0,692.0,536.0,488.0,450.0,382.0,479.0,326.0,628.0,336.0,433.0,493.0,443.0
166,Income,Household Income 50000 to 59999,1907.0,1677.0,1513.0,1401.0,1374.0,1356.0,1317.0,1314.0,1096.0,1374.0,707.0,1082.0,725.0,678.0,778.0,817.0
167,Income,Household Income 60000 to 74999,2230.0,1924.0,1765.0,1671.0,1630.0,1675.0,1923.0,2059.0,1847.0,2074.0,1560.0,1653.0,1105.0,953.0,999.0,1212.0
168,Income,Household Income 75000 to 99999,2947.0,2897.0,2909.0,2702.0,2689.0,2736.0,2724.0,2551.0,2537.0,2967.0,2529.0,2240.0,2339.0,2633.0,2768.0,2411.0
169,Income,Household Income Greater than 200000,939.0,2072.0,2317.0,2356.0,2875.0,2974.0,3578.0,4173.0,4940.0,4239.0,6870.0,4600.0,7508.0,8511.0,8280.0,8376.0
170,Income,Household Income Less than 10000,3120.0,2252.0,2229.0,2263.0,2222.0,2076.0,1746.0,1618.0,1614.0,1658.0,1529.0,652.0,1599.0,1359.0,1478.0,1717.0
171,Income,Households Total for Income,25123.0,24872.0,25058.0,25144.0,25611.0,25466.0,25673.0,25986.0,26373.0,25414.0,26898.0,21475.0,26654.0,26046.0,26149.0,26397.0
172,Income,Median Family Income,42911.98501872659,66677.85234899328,67975.83081570997,71057.69230769231,78228.71572871573,81053.06799336651,86165.04854368932,92388.88888888888,100107.0205479452,110830.0907911803,130226.90437601296,110496.44420131292,149505.85651537337,173864.9262202043,170762.71186440677,162693.29896907217
173,Income,Median Household Income,44616.39221556886,55569.46929039952,54567.08526107072,55688.79371877231,58096.79767103348,63044.77611940299,69777.6911076443,75833.00666405332,81341.15096570752,82263.22885069094,102524.50980392157,108448.54941069808,113000.0,127950.23088763468,120302.43378668575,116579.46832579184
174,Income,Percent in Poverty,0.1540122190798989,0.1425422645418678,0.1527561131005997,0.1677969809669656,0.1781031697749061,0.1752297852513872,0.1566586602615425,0.1514938981624351,0.144133575771795,0.1214294446029094,0.1212325989998648,0.0841930206460161,0.1396626204577884,0.144833746898263,0.1544717079635356,0.1653225806451612
175,Journey to Work,Journey to Work by Bike,,0.0548955189670321,0.0613061193974057,0.0585288592581678,0.0590709841628959,0.0731622383953755,0.0782700981692756,0.0715602263540824,0.0697402145365946,0.0541544911701181,0.0665717660599085,0.0213569410058268,0.0557862372816888,0.0480623161705291,0.037649435931975,0.0403037185180163
176,Journey to Work,Journey to Work by Car,,0.3075218703441952,0.3056334342641396,0.311576853659435,0.3197468891402715,0.2992652435839398,0.2880405943221013,0.2810670978172999,0.2674113217099642,0.2902109007749968,0.2491746675954811,0.5401755570560433,0.248914387143808,0.2425740974174989,0.2344502441488466,0.2389749500016948
177,Journey to Work,Journey to Work by Carpooled,,0.0495091110516865,0.0528578370902022,0.05370363549302,0.0522483031674208,0.0547062715464707,0.0473268771557442,0.0478900565885206,0.0450906559503844,0.0387180790242662,0.0465820637853227,0.1091104608997924,0.047354908237979,0.0418565564497882,0.0326317561879104,0.0387105521846717
178,Journey to Work,Journey to Work by Drove Alone,,0.2580127592925086,0.2527755971739374,0.2578732181664149,0.2674985859728507,0.2445589720374691,0.2407137171663571,0.2331770412287793,0.2223206657595798,0.2514928217507305,0.2025926038101584,0.4310650961562507,0.201559478905829,0.2007175409677106,0.2018184879609361,0.2002643978170231
179,Journey to Work,Journey to Work by Other Journey Type,,0.0337701035259961,0.0367089080782026,0.0401119746583667,0.0395220588235294,0.0396629174356652,0.0347240647386574,0.038415521422797,0.0392684238838085,0.0444035065430059,0.0537904715752491,0.0210318353464876,0.0520460236457573,0.045185687966644,0.0395689510018521,0.0334564930002372
180,Journey to Work,Journey to Work by Transit,,0.4183443480918363,0.4075361668722664,0.3910641275921765,0.3903068438914027,0.3926942229341505,0.3927765985672592,0.4221503637833468,0.4261937157864759,0.3920404014737644,0.4202986340370112,0.3199789931727811,0.3047640178769533,0.2897314069620867,0.2685637312678902,0.2405342191790108
181,Journey to Work,Journey to Work by Walk,,0.1125797455781793,0.1102388695749691,0.1099119672916129,0.1095164027149321,0.1163422363060208,0.1272552401167418,0.1223282134195634,0.1322342815555485,0.1603354084614407,0.1393221673683254,0.0210068272188461,0.1283083457478842,0.1159701347813439,0.1093786832800134,0.0962001288091929
182,Journey to Work,Journey to Work by Worked at Home,,0.0728884134927608,0.0785765018130163,0.0888062175402408,0.0818368212669683,0.078873141344848,0.0789334040859644,0.0644785772029102,0.0651520425276081,0.0588552915766738,0.0708422933640245,0.076449846200015,0.2101809883039082,0.2584763567018973,0.3103889543694225,0.3505304904918477
238,Journey to Work,Total Workers 16 Years and Older,,26177.0,26751.0,27149.0,28288.0,28717.0,30152.0,30925.0,31603.0,31484.0,33017.0,39987.0,31549.0,30939.0,29695.0,29501.0
239,Language Spoken at Home,Asian/Pacific Islander,0.118959592884172,0.1392014316072027,0.1427492279321913,0.1372618285386262,0.1356500339443312,0.1439233549325292,0.1404726766301523,0.1513563124617581,0.1642340881334214,0.1923550665133848,0.1577607130068038,0.3725660008381058,0.1473665187446035,0.1468921981223697,0.155934214294481,0.1726137914425624
240,Language Spoken at Home,English Only,0.7172806750467574,0.6826529470976401,0.6797529383012286,0.6873026737023381,0.6935251188051595,0.6934625008019504,0.6998898335030868,0.6998572302671834,0.6856467855927283,0.6139554935128921,0.6826284168225043,0.3629138147786003,0.6834400915644264,0.6701400129491745,0.6602094669230455,0.6560969735891466
241,Language Spoken at Home,Other European Languages,0.0867513374798834,0.0832569063863102,0.0866049012419738,0.0868346102046673,0.0788569246435845,0.0812001454203289,0.0768879003928578,0.0796859065878033,0.0760606242617174,0.0801034652652323,0.0703855488799586,0.0232155328956558,0.0756209714664364,0.0808716413078666,0.0835617559219408,0.0834470578791041
242,Language Spoken at Home,Other Languages,0.0139184898438519,0.0155687283301644,0.0091315070319269,0.0083456604773364,0.0151900882552613,0.014734500973033,0.0148412978860504,0.0172547419946971,0.02048171061325,0.0095253736245688,0.025205904587594,0.0032127392093867,0.0246782193128652,0.0330608611201035,0.0320950783455386,0.0259091273982499
243,Language Spoken at Home,Spanish Only,0.0630899047453351,0.0793199865786824,0.0817614254926792,0.0802552270770317,0.0767778343516632,0.0666794978721584,0.0679082915878525,0.051845808688558,0.0535767913988828,0.1040606010839218,0.0640194167031392,0.2380919122782511,0.0688941989116684,0.0690352865004856,0.068199484514994,0.0619330496909368
183,Nativity,Foreign Born,0.2473198016865121,0.2690302398331595,0.2809861898783497,0.2778698938392299,0.2852745527413957,0.2878115824326857,0.2717903118242629,0.2718975939314922,0.2825474610279364,0.3144477043850606,0.273901020310861,0.4664064901565068,0.2772067189940794,0.2861282427802251,0.2965865241911546,0.29047018904508
184,Population,Total Population,47198.0,46032.0,46198.0,46439.0,48406.0,48021.0,49483.0,50622.0,51832.0,50444.0,52435.0,74821.0,51853.0,51075.0,50535.0,51575.0
185,Race/Ethnicity,Asian,7486.0,8889.0,8999.0,9251.0,9826.0,10265.0,10394.0,11374.0,11968.0,14378.0,11747.0,34928.0,11805.0,11753.0,12042.0,13457.0
186,Race/Ethnicity,"Asian Alone, Not Hispanic or Latino",7434.0,8658.0,8781.0,9074.0,9627.0,10053.0,10215.0,11200.0,11861.0,14195.0,11664.0,34371.0,11683.0,11693.0,11986.0,13376.0
187,Race/Ethnicity,Black/African American,9859.0,7504.0,7624.0,6904.0,7628.0,6912.0,7437.0,6843.0,6278.0,2594.0,5760.0,2039.0,6344.0,6212.0,5544.0,5437.0
188,Race/Ethnicity,"Black/African American Alone, Not Hispanic or Latino",9780.0,7387.0,7171.0,6448.0,7186.0,6369.0,6875.0,6658.0,6087.0,2523.0,5597.0,1737.0,6015.0,6039.0,5255.0,5102.0
189,Race/Ethnicity,Latino Population (of Any Race),3458.0,5174.0,5452.0,5300.0,5227.0,5027.0,5392.0,4556.0,5257.0,8469.0,5745.0,23022.0,6175.0,5814.0,5928.0,6404.0
190,Race/Ethnicity,Native American Indian,251.0,145.0,185.0,250.0,228.0,238.0,302.0,250.0,490.0,202.0,317.0,254.0,138.0,294.0,180.0,552.0
191,Race/Ethnicity,"Native American Indian Alone, Not Hispanic or Latino",180.0,44.0,74.0,115.0,109.0,165.0,129.0,82.0,127.0,98.0,119.0,35.0,116.0,57.0,35.0,28.0
192,Race/Ethnicity,Native Hawaiian/Pacific Islander,39.0,22.0,65.0,81.0,107.0,95.0,145.0,72.0,94.0,135.0,100.0,230.0,43.0,201.0,347.0,488.0
193,Race/Ethnicity,"Native Hawaiian/Pacific Islander Alone, Not Hispanic or Latino",39.0,22.0,65.0,81.0,107.0,95.0,139.0,66.0,88.0,119.0,86.0,211.0,43.0,201.0,347.0,488.0
194,Race/Ethnicity,Other/Two or More Races,3322.0,3414.0,3420.0,3634.0,3669.0,3378.0,3591.0,3889.0,4275.0,6908.0,5923.0,18192.0,7415.0,7388.0,8347.0,8231.0
195,Race/Ethnicity,"Population, Not Hispanic or Latino",43740.0,40858.0,40746.0,41139.0,43179.0,42994.0,44091.0,46066.0,46575.0,41975.0,46690.0,51799.0,45678.0,45261.0,44607.0,45171.0
196,Race/Ethnicity,Some Other Race Alone,1215.0,1773.0,1689.0,1771.0,1689.0,1604.0,1541.0,1619.0,1634.0,3914.0,2286.0,13947.0,2776.0,2714.0,3147.0,2388.0
197,Race/Ethnicity,"Some Other Race Alone, Not Hispanic or Latino",249.0,216.0,221.0,252.0,275.0,254.0,166.0,204.0,158.0,208.0,236.0,260.0,353.0,442.0,760.0,510.0
198,Race/Ethnicity,Two Or More Races,2107.0,1641.0,1731.0,1863.0,1980.0,1774.0,2050.0,2270.0,2641.0,2994.0,3637.0,4245.0,4639.0,4674.0,5200.0,5843.0
199,Race/Ethnicity,"Two Or More Races, Not Hispanic or Latino",1744.0,1301.0,1268.0,1461.0,1662.0,1547.0,1758.0,1976.0,2281.0,2433.0,3067.0,2408.0,3522.0,3258.0,3551.0,3201.0
200,Race/Ethnicity,"White Alone, Not Hispanic or Latino",24314.0,23230.0,23166.0,23708.0,24213.0,24511.0,24809.0,25880.0,25973.0,22399.0,25921.0,12777.0,23946.0,23571.0,22673.0,22466.0
201,Race/Ethnicity,"White, Including Hispanic or Latino",26241.0,26058.0,25905.0,26319.0,26948.0,27133.0,27614.0,28194.0,28727.0,26227.0,28588.0,19178.0,26108.0,25227.0,24075.0,23410.0
202,Sex,Female,0.485910419933048,0.5111444212721585,0.5031603099701286,0.4975559335903012,0.4925629054249473,0.4843505966139814,0.4764868742800557,0.4804432855280313,0.4756713999073931,0.4768654349377527,0.4728330313721751,0.4992582296414108,0.4702910149846682,0.472168379833578,0.477827248441674,0.485079980610761
203,Sex,Male,0.5140895800669519,0.4888555787278415,0.4968396900298714,0.5024440664096987,0.5074370945750527,0.5156494033860186,0.5235131257199442,0.5195567144719687,0.5243286000926068,0.5231345650622472,0.527166968627825,0.5007417703585891,0.5297089850153318,0.5278316201664219,0.5221727515583259,0.5149200193892389
204,Unit Size,1 Bedroom,9974.0,11610.0,11380.0,11665.0,11705.0,11598.0,11348.0,10931.0,10746.0,8775.0,10852.0,2221.0,11091.0,11321.0,11235.0,11785.0
205,Unit Size,2 Bedrooms,5896.0,6605.0,6639.0,6615.0,6709.0,6964.0,7030.0,7734.0,7876.0,5926.0,8144.0,8094.0,7630.0,7551.0,7257.0,7257.0
206,Unit Size,3-4 Bedrooms,3255.0,3883.0,4067.0,4082.0,3959.0,3937.0,3876.0,3906.0,3950.0,3875.0,4607.0,10374.0,4613.0,4923.0,4812.0,5003.0
207,Unit Size,5 or More Bedrooms,303.0,491.0,505.0,320.0,482.0,449.0,569.0,580.0,521.0,407.0,313.0,837.0,283.0,307.0,421.0,411.0
208,Unit Size,No Bedroom,6853.0,5049.0,5274.0,5090.0,4895.0,4867.0,5545.0,5355.0,5743.0,9123.0,6031.0,897.0,6709.0,6385.0,6926.0,6430.0
209,Vehicles Available,Households with no Vehicle,0.3847966765199329,0.4486169186233515,0.4573389735812914,0.4472239898186446,0.4571863652336886,0.4506793371554229,0.4481751256183539,0.4356961440775802,0.443673453911197,0.487369166601086,0.4385456167744814,0.129406286379511,0.459405717715915,0.4465176994548107,0.4589468048491338,0.4709247262946547
210,Vehicles Available,Percent of No Vehicle Homeowning Households,0.1700048851978505,0.2206001622060016,0.2033271719038817,0.21862601795782,0.2259564574085817,0.2188638799571275,0.2139926138695116,0.2216758085871004,0.2404121350887235,0.1611907787257215,0.2295652173913043,0.0778181279181798,0.1836319970441529,0.1848178523745947,0.1795880149812734,0.1771162790697674
211,Vehicles Available,Percent of No Vehicle Renting Households,0.4267908309455587,0.5050150451354062,0.5185992372083807,0.5010071235568656,0.5095785440613027,0.5026681409547618,0.5030530313957402,0.4903618532296246,0.4940848003028582,0.57764380808842,0.4953659920559863,0.2166123778501628,0.5296831599265571,0.5124741623804259,0.5306357825940698,0.5460469983826467
212,Vehicles Available,Vehicles Available,20107.0,18364.0,17925.0,18054.0,18702.0,18135.0,18085.0,18571.0,18522.0,17994.0,18764.0,35964.0,17154.0,17076.0,17026.0,16634.0
213,Vehicles Available,Vehicles Homeowners,0.2221117023922017,0.2998802003920714,0.3043793584379358,0.28076880469702,0.2797027055929847,0.2724014336917563,0.2881393419961294,0.2906143987938183,0.2762120721304394,0.4353705027400524,0.3103282882114688,0.6975030586141697,0.335431969220007,0.3254275005856172,0.3432397509691061,0.3572802693278826
214,Vehicles Available,Vehicles Per Capita,0.4260138141446671,0.3989398679179701,0.3880038096887311,0.3887680613277633,0.3863570631739867,0.3776472793152995,0.365479053412283,0.3668563075342736,0.3573468127797499,0.3567123939417968,0.3578525793839992,0.4806671923657796,0.3479654347032334,0.3523949068246074,0.3566625468713995,0.342361997283168
215,Vehicles Available,Vehicles Renters,0.7778882976077983,0.7001197996079286,0.6956206415620642,0.71923119530298,0.7202972944070153,0.7275985663082437,0.7118606580038707,0.7093856012061817,0.7237879278695605,0.5938090474602645,0.6896717117885313,0.3024969413858303,0.664568030779993,0.6745724994143828,0.6567602490308939,0.6427197306721173
