,Category,Attribute,Haight Ashbury_2000,Haight Ashbury_2010,Haight Ashbury_2011,Haight Ashbury_2012,Haight Ashbury_2013,Haight Ashbury_2014,Haight Ashbury_2015,Haight Ashbury_2016,Haight Ashbury_2017,Haight Ashbury_2018,Haight Ashbury_2019,Haight Ashbury_2020,Haight Ashbury_2021,Haight Ashbury_2022
10,Age,0-4 Years,0.02439884766888118,0.04719696097617129,0.0425189611583544,0.04098639455782313,0.0384419983065199,0.03879214110292476,0.04015091789615947,0.04044321329639889,0.03817336614711512,0.03892247894623192,0.04658884565499351,0.04911109952557218,0.05019710906701708,0.05072267633843989
65,Age,18-34 Years,0.4976777000411547,0.4388166225394267,0.4444380602160423,0.4301020408163265,0.440587073101891,0.4235320384014289,0.3850095731501295,0.3825484764542936,0.3991249658189773,0.4112502699201037,0.4075745784695201,0.4275585214535217,0.4228646517739816,0.4041574189357441
81,Age,35-59 Years,0.3675113175377741,0.3659491193737769,0.362502872902781,0.3776077097505669,0.3683883714366356,0.3702835454342487,0.4025228066223674,0.3955124653739612,0.3781788351107465,0.3564025048585618,0.3530479896238651,0.3360095928262343,0.3349277266754271,0.3467763763330266
26,Age,5-17 Years,0.04456464224822153,0.05208932888223783,0.04366812227074236,0.04773242630385487,0.05142534575218741,0.04872739450770261,0.05214551188196869,0.05562326869806094,0.05228329231610609,0.06240552796372274,0.0669260700389105,0.06814034721860174,0.07080157687253613,0.07080604124939101
56,Age,60 and older,0.06584749250396849,0.09594796822838725,0.10687198345208,0.1035714285714286,0.101157211402766,0.118664880553695,0.1201711904493749,0.1258725761772853,0.132239540607055,0.1310192183113798,0.1258625162127108,0.1191804389760701,0.1212089356110381,0.1275374871433985
41,Educational Attainment,College Degree or higher,0.6992045771699693,0.05333333333333334,0.06158787794148454,0.05131191340686442,0.04162080352228949,0.03821356615177972,0.04062751407884151,0.04538002491966686,0.04933392822997004,0.04816455696202532,0.03798958849776896,0.03505102364201052,0.03004403004403004,0.03786206435213058
53,Educational Attainment,"College Degree or higher by Race, American Indian and Alaska Native Alone",0.609375,0.0,1.0,1.0,1.0,0.7647058823529411,0.7428571428571429,0.56,0.6595744680851063,0.5777777777777777,1.0,1.0,0.1666666666666667,0.5423728813559322
97,Educational Attainment,"College Degree or higher by Race, Asian Alone",0.6487964989059081,0.6803691275167785,0.7182186234817813,0.7880149812734082,0.7512437810945274,0.7655677655677655,0.7964338781575037,0.83,0.7349397590361446,0.82125,0.8135120044667783,0.802611752887996,0.7793533749290982,0.8045602605863192
73,Educational Attainment,"College Degree or higher by Race, Black or African American Alone",0.371830985915493,0.3716153127917834,0.3789752650176678,0.3636363636363636,0.4216589861751152,0.3511904761904762,0.3755364806866953,0.3245283018867924,0.3653516295025729,0.3944099378881988,0.5167464114832536,0.6216216216216216,0.7216890595009597,0.6673003802281369
88,Educational Attainment,"College Degree or higher by Race, Hispanic or Latino",0.529082774049217,0.5997088791848617,0.6475279106858054,0.6174142480211082,0.549625468164794,0.5990783410138248,0.5822784810126582,0.5167548500881834,0.4931623931623932,0.5434583714547118,0.5059121621621622,0.5593056894889104,0.6193619361936193,0.5760649087221096
50,Educational Attainment,"College Degree or higher by Race, Native Hawaiian and Other Pacific Islander Alone",0.6086956521739131,0.0,0.0,0.0,0.0,1.0,1.0,1.0,1.0,1.0,,,,
71,Educational Attainment,"College Degree or higher by Race, Some Other Race Alone",0.4313725490196079,0.4175531914893617,0.4075342465753425,0.2636655948553054,0.264,0.2869955156950673,0.3081081081081081,0.4590909090909091,0.73,0.7393939393939394,0.5826330532212886,0.5746268656716418,0.5957446808510638,0.5315533980582524
106,Educational Attainment,"College Degree or higher by Race, Two or More Races",0.5108695652173914,0.6991341991341992,0.7857142857142857,0.6606425702811245,0.7134935304990758,0.7178423236514523,0.777972027972028,0.7394495412844037,0.7337057728119181,0.8506224066390041,0.8882882882882883,0.7941680960548885,0.8018575851393189,0.7584158415841584
111,Educational Attainment,"College Degree or higher by Race, White Alone",0.750788920056101,0.7708047866995524,0.7866367713004484,0.8081816575366673,0.8075851000929133,0.8239849991847383,0.8063492063492064,0.808027079303675,0.8029076620825147,0.8092494549984428,0.7938305349472862,0.8123253903040263,0.8223543008089813,0.8391338651705094
114,Educational Attainment,"College Degree or higher by Race, White Alone, Not Hispanic or Latino",0.7555494656070156,0.7846980399960203,0.798249831714588,0.8151149641914813,0.8217005644655497,0.8360215053763441,0.8218785298462074,0.8292619316699992,0.8309084757232279,0.8297358113176098,0.813187729243081,0.8233270256322037,0.8268294765604987,0.8416568476389015
44,Educational Attainment,High School or Less,0.1135919620429807,0.1835460992907801,0.1711472662523567,0.1703089675960814,0.150178866263071,0.1394224311618536,0.142531509788147,0.142042101121385,0.1461533558544203,0.1313291139240506,0.1466286564204264,0.1347531216327565,0.1310541310541311,0.1159943808950431
99,Educational Attainment,"High School or Less by Race, American Indian and Alaska Native Alone",0.0,1.0,0.0,0.0,0.0,0.2352941176470588,0.2571428571428571,0.44,0.3404255319148936,0.4222222222222222,0.0,0.0,0.0,0.0
76,Educational Attainment,"High School or Less by Race, Asian Alone",0.1958424507658643,0.0796979865771812,0.09959514170040486,0.0853932584269663,0.1535181236673774,0.1531135531135531,0.1731054977711738,0.1366666666666667,0.176284083703234,0.111875,0.07314349525404802,0.04470115519839277,0.04651162790697674,0.05407166123778501
78,Educational Attainment,"High School or Less by Race, Black or African American Alone",0.3615023474178404,0.1988795518207283,0.2720848056537102,0.2430622009569378,0.2119815668202765,0.2698412698412698,0.2682403433476395,0.2415094339622642,0.1732418524871355,0.203416149068323,0.1180223285486443,0.1144674085850556,0.1285988483685221,0.2357414448669201
86,Educational Attainment,"High School or Less by Race, Hispanic or Latino",0.2606263982102908,0.165938864628821,0.120414673046252,0.09146877748460862,0.1956928838951311,0.2276497695852535,0.244122965641953,0.2742504409171076,0.3299145299145299,0.3010064043915828,0.2863175675675675,0.2246865959498553,0.1859185918591859,0.2221095334685598
94,Educational Attainment,"High School or Less by Race, Native Hawaiian and Other Pacific Islander Alone",0.391304347826087,0.0,0.0,0.0,0.0,0.0,0.0,0.0,0.0,0.0,,,,
95,Educational Attainment,"High School or Less by Race, Some Other Race Alone",0.3137254901960784,0.1968085106382979,0.2568493150684932,0.2315112540192926,0.32,0.2959641255605381,0.3027027027027027,0.1,0.1,0.1151515151515152,0.1092436974789916,0.2238805970149254,0.25,0.2742718446601942
46,Educational Attainment,"High School or Less by Race, Two or More Races",0.2119565217391304,0.1883116883116883,0.1674107142857143,0.2871485943775101,0.1386321626617375,0.09336099585062241,0.05944055944055944,0.04036697247706422,0.03910614525139665,0.03941908713692946,0.03963963963963964,0.07204116638078903,0.1099071207430341,0.1603960396039604
25,Educational Attainment,"High School or Less by Race, White Alone",0.0738078541374474,0.0834018452544076,0.06502242152466367,0.04709312599399187,0.05312948728777769,0.04638839067340617,0.05087505087505088,0.05746292714377821,0.06129666011787819,0.06368732482092807,0.06684888715345567,0.06466721446179129,0.05349182763744428,0.04891733146313667
21,Educational Attainment,"High School or Less by Race, White Alone, Not Hispanic or Latino",0.06851192107426693,0.07551487414187644,0.06240984710068276,0.04900113079532604,0.04685960039422991,0.03581338883107874,0.03736206447128335,0.03807702338520386,0.03637286415158179,0.04525377114759564,0.0480160053351117,0.05702735248580768,0.05131927247886602,0.0473126076316505
45,Educational Attainment,Some College/Associate Degree,0.18720346078705,0.7182269503546099,0.7376579847775994,0.1703089675960814,0.150178866263071,0.1394224311618536,0.142531509788147,0.142042101121385,0.1461533558544203,0.1313291139240506,0.1466286564204264,0.1347531216327565,0.1310541310541311,0.1159943808950431
64,Educational Attainment,"Some College/Associate Degree by Race, American Indian and Alaska Native Alone",0.390625,0.0,0.0,0.0,0.0,0.0,0.0,0.0,0.0,0.0,0.0,0.0,0.8333333333333334,0.4576271186440678
42,Educational Attainment,"Some College/Associate Degree by Race, Asian Alone",0.1553610503282276,0.2399328859060403,0.1821862348178138,0.1265917602996255,0.09523809523809523,0.08131868131868132,0.03046062407132244,0.03333333333333333,0.08877615726062144,0.066875,0.1133445002791736,0.1526870919136112,0.1741349971639251,0.1413680781758958
75,Educational Attainment,"Some College/Associate Degree by Race, Black or African American Alone",0.2666666666666667,0.4295051353874883,0.3489399293286219,0.3933014354066985,0.3663594470046083,0.378968253968254,0.3562231759656652,0.4339622641509434,0.4614065180102916,0.4021739130434783,0.3652312599681021,0.2639109697933227,0.1497120921305182,0.09695817490494296
54,Educational Attainment,"Some College/Associate Degree by Race, Hispanic or Latino",0.2102908277404922,0.2343522561863173,0.2320574162679426,0.2911169744942832,0.2546816479400749,0.1732718894009217,0.1735985533453888,0.208994708994709,0.1769230769230769,0.1555352241537054,0.2077702702702703,0.2160077145612343,0.1947194719471947,0.2018255578093306
74,Educational Attainment,"Some College/Associate Degree by Race, Native Hawaiian and Other Pacific Islander Alone",0.0,1.0,1.0,1.0,1.0,0.0,0.0,0.0,0.0,0.0,,,,
52,Educational Attainment,"Some College/Associate Degree by Race, Some Other Race Alone",0.2549019607843137,0.3856382978723404,0.3356164383561644,0.5048231511254019,0.416,0.4170403587443946,0.3891891891891892,0.4409090909090909,0.17,0.1454545454545454,0.3081232492997199,0.2014925373134328,0.1542553191489362,0.1941747572815534
49,Educational Attainment,"Some College/Associate Degree by Race, Two or More Races",0.2771739130434783,0.1125541125541126,0.046875,0.05220883534136546,0.1478743068391867,0.1887966804979253,0.1625874125874126,0.2201834862385321,0.2271880819366853,0.1099585062240664,0.07207207207207207,0.1337907375643225,0.08823529411764706,0.08118811881188119
39,Educational Attainment,"Some College/Associate Degree by Race, White Alone",0.1754032258064516,0.14579336804604,0.1483408071748879,0.1447252164693409,0.1392854126193091,0.1296266101418555,0.1427757427757428,0.1345099935525468,0.1357956777996071,0.1270632201806291,0.1393205778992581,0.1230073952341824,0.1241538715535744,0.111948803366354
38,Educational Attainment,"Some College/Associate Degree by Race, White Alone, Not Hispanic or Latino",0.1759386133187175,0.1397870858621033,0.1393403211847293,0.1358839050131926,0.1314398351402204,0.1281651057925772,0.1407594056825093,0.132661044944797,0.1327186601251903,0.1250104175347946,0.1387962654218073,0.1196456218819886,0.1218512509606353,0.111030544729448
409,Employment,Employed Residents,12928.0,12224.0,12380.0,12516.0,12961.0,13244.0,13031.0,13202.0,13642.0,13645.0,14100.0,13894.0,13806.0,13224.0
92,Employment,Managerial Professional,0.6313428217821783,0.4803664921465969,0.4915993537964459,0.498002556727389,0.4913972687292647,0.5095137420718816,0.5168444478551147,0.5264353885774883,0.4953819088110248,0.4971784536460242,0.504822695035461,0.5143947027493883,0.5310734463276836,0.5425741076830006
3,Employment,Natural Resources,0.02088490099009901,0.02004253926701571,0.02447495961227787,0.02692553531479706,0.02978165265025847,0.0279371790999698,0.02095004220704474,0.01704287229207696,0.01803254654742706,0.01223891535360938,0.0126241134751773,0.01669785518929034,0.01513834564682022,0.0205686630369026
2,Employment,Production Transport Materials,0.0317914603960396,0.007198952879581152,0.01074313408723748,0.01262384148290189,0.01913432605508834,0.0194050135910601,0.0178036988719208,0.01446750492349644,0.01773933440844451,0.01495053133015757,0.01198581560283688,0.01338707355693105,0.01339997102708967,0.01111615245009074
28,Employment,Sales and Office,0.2177444306930693,0.0906413612565445,0.07221324717285946,0.07166826462128476,0.07229380449039426,0.0708245243128964,0.07674008134448622,0.0879412210271171,0.0931681571617065,0.09981678270428729,0.09836879432624114,0.101482654383187,0.09597276546429089,0.09059286146400485
19,Employment,Services,0.09784962871287128,0.05047447643979058,0.05064620355411955,0.03707254713966123,0.03734279762364015,0.03782845061914829,0.04213030465812294,0.04772004241781548,0.05497727605922885,0.04932209600586295,0.04127659574468085,0.03389952497480927,0.02947993625959728,0.02714761040532366
12,Employment,Unemployment Rate,0.03073924126555706,0.0491255343956471,0.04620716211012707,0.06732201370271075,0.05941671503192106,0.05457658557465934,0.05143314418739997,0.04274433094254872,0.02921316369322624,0.02809788021055627,0.02798841858541293,0.02825570009791579,0.02740401549841493,0.02463490190293554
14,Employment,"Unemployment Rate by Race, American Indian and Alaska Native Alone",0.0,0.0,0.0,0.0,0.0,0.0,0.0,0.0,0.0,0.0,0.0,0.0,0.0,0.0
7,Employment,"Unemployment Rate by Race, Asian Alone",0.02798982188295165,0.05159332321699545,0.07111436950146628,0.08669354838709678,0.0519653564290473,0.07202216066481995,0.0595980595980596,0.00946372239747634,0.004708652148322542,0.00576036866359447,0.01139896373056995,0.014371812702828,0.009753593429158111,0.01173708920187793
17,Employment,"Unemployment Rate by Race, Black or African American Alone",0.06675062972292191,0.1035072711719418,0.06499608457321848,0.09515418502202644,0.04733727810650887,0.06776859504132231,0.06666666666666667,0.05150976909413854,0.0660377358490566,0.05857142857142857,0.03404255319148936,0.0,0.0,0.01592356687898089
11,Employment,"Unemployment Rate by Race, Hispanic or Latino",0.04325699745547074,0.01451278507256393,0.01262063845582777,0.03362690152121697,0.02999210734017364,0.02409638554216868,0.01207547169811321,0.03810975609756097,0.03823088455772114,0.0899067005937235,0.121259842519685,0.07927332782824112,0.06867356538099718,0.07243816254416961
22,Employment,"Unemployment Rate by Race, Native Hawaiian and Other Pacific Islander Alone",0.0,0.0,0.0,0.0,0.0,0.0,0.0,0.0,0.0,0.0,,,,
13,Employment,"Unemployment Rate by Race, Some Other Race Alone",0.09061488673139159,0.05084745762711865,0.05182926829268292,0.0417910447761194,0.03103448275862069,0.03389830508474576,0.0,0.0,0.0,0.02958579881656805,0.01400560224089636,0.01152073732718894,0.01228501228501228,0.02036199095022624
9,Employment,"Unemployment Rate by Race, Two or More Races",0.0268041237113402,0.02834008097165992,0.02514506769825919,0.06799336650082918,0.06398809523809523,0.05055292259083728,0.04510309278350515,0.04,0.0391304347826087,0.0425531914893617,0.004629629629629629,0.004470938897168405,0.01544401544401544,0.00422654268808115
5,Employment,"Unemployment Rate by Race, White Alone",0.02698485543827444,0.03318692044899951,0.03140602351425351,0.04895608351331893,0.05047821466524974,0.04304438486744117,0.04180576631259484,0.03918292960741134,0.0249700956937799,0.02318518518518518,0.02595678784750387,0.02794151420041338,0.02695479535736103,0.02344571105182311
4,Employment,"Unemployment Rate by Race, White Alone, Not Hispanic or Latino",0.02749665839220928,0.03588706130706307,0.03357438016528926,0.05216501875213092,0.05353836245068835,0.04593134138588684,0.04482955007729233,0.03909836065573771,0.02304964539007092,0.01708926158492965,0.01624861965609718,0.02235854386956171,0.0228898426323319,0.01825830879259571
116,Households,Average Family Household Size,2.698087431693989,2.880990415335463,2.862068965517242,2.865046102263202,2.849088596863078,2.853107344632768,2.786942786942787,2.756438791732909,2.79637874740279,2.894148020654045,2.946236559139785,2.952109102442118,3.009480222294868,2.900726392251816
115,Households,Average Household Size,1.962458153993305,2.07347972972973,2.05861735557167,2.091458988628115,2.100809863411096,2.112084483379335,2.104304835403352,2.121726653114911,2.178372487285057,2.232324470040436,2.306214277027849,2.29480472076895,2.298036809815951,2.20703125
96,Households,Family Households,0.2625538020086083,0.3021235521235521,0.2839013778100072,0.2886523106702154,0.2851444457875015,0.297371894875795,0.3435427468949717,0.3760612220495038,0.4079680310002422,0.4271535351059919,0.4297701568770522,0.3836233118384232,0.3753374233128834,0.3529052734375
405,Households,Households,8364.0,8288.0,8274.0,8266.0,8273.0,8333.0,8293.0,8363.0,8258.0,8161.0,8223.0,8219.0,8150.0,8192.0
82,Households,"Households with 60 years and older, % of Total (DEC, 65 years and older)",0.08907221425155427,0.1640926640926641,0.1715010877447426,0.1676748124848778,0.168258189290463,0.1918876755070203,0.191245628843603,0.2068635657060863,0.2193024945507387,0.2183555936772454,0.2180469415055332,0.2063511376079815,0.1947239263803681,0.196044921875
47,Households,"Households with Children, % of Total",0.09612625538020086,0.1295849420849421,0.1196519216823785,0.1279941930800871,0.1323582739030582,0.1165246609864395,0.1272157241046666,0.135477699390171,0.1338096391378058,0.1461830658007597,0.1612550164173659,0.1552500304173257,0.1617177914110429,0.1568603515625
100,Households,Non-Family Households,0.7374461979913917,0.6978764478764479,0.7160986221899928,0.7113476893297846,0.7148555542124985,0.7026281051242049,0.6564572531050283,0.6239387779504962,0.5920319689997579,0.572846464894008,0.5702298431229478,0.6163766881615769,0.6246625766871166,0.6470947265625
85,Households,"Single Person Households, % of Total",0.3999282639885222,0.4079391891891892,0.4232535653855451,0.4101137188482942,0.3915145654538861,0.3856954278171127,0.3753768238273242,0.352146358962095,0.3326471300557036,0.3357431687293224,0.3130244436337103,0.2962647524029687,0.3050306748466258,0.31884765625
241,Housing,Median Year Moved In Owner,1991.166666666667,1998.325242718447,1991.335820895522,1999.141856392294,2000.929989550679,2009.141723356009,2002.67657992565,2003.171355498721,2009.743323442136,2004.798850574713,2004.182222222222,2006.778017241379,2002.551219512195,2008.769430051814
243,Housing,Median Year Moved In Renter,1996.570869224746,2005.021244563399,2005.833135743924,2005.102101213377,2006.6800840042,2010.615794143745,2010.227651767845,2010.650386035582,2014.431464737794,2012.006186006826,2012.55460385439,2013.957643944408,2018.075799721836,2015.252062328139
240,Housing,Median Year Structure Built,1939.0,1939.0,1939.0,1939.0,1939.0,1940.0,1939.0,1939.0,1939.0,1939.0,1939.0,1939.0,1939.0,1939.0
23,Housing,"Overcrowding, Renter Occupied Housing",0.03330131284021774,0.01128012305588788,0.007743933918430563,0.005623721881390593,0.004713148057857956,0.004643449419568822,0.00865727380750297,0.01565957446808511,0.01306392614527086,0.022270505160239,0.02804746494066883,0.01463739188290086,0.01178252819390675,0.01591468416735029
87,Housing,Owner Occupied,0.2528708133971292,0.2940395752895753,0.2976794778825236,0.2901040406484394,0.2562552882871993,0.2763710548421937,0.289641866634511,0.2975008968073658,0.3047953499636716,0.3232447004043622,0.3236045238963882,0.2685241513566127,0.2710429447852761,0.2559814453125
48,Housing,"Owner Occupied by Race, American Indian and Alaska Native Alone",0.01746411483253589,0.0,,,,0.0,0.0,0.0,0.0,0.0,0.0,0.0,0.0,0.0
98,Housing,"Owner Occupied by Race, Asian Alone",0.2106459330143541,0.3239202657807309,0.2857142857142857,0.3176838810641627,0.28486646884273,0.3589341692789969,0.3541364296081277,0.3032407407407408,0.2989195678271309,0.3154228855721393,0.3196881091617934,0.239,0.300251256281407,0.3338632750397456
55,Housing,"Owner Occupied by Race, Black or African American Alone",0.004186602870813397,0.3216783216783217,0.3848857644991213,0.334841628959276,0.268595041322314,0.3018181818181818,0.3701657458563536,0.3085714285714286,0.3561643835616438,0.3863636363636364,0.2978723404255319,0.1486988847583643,0.1576763485477178,0.1259259259259259
62,Housing,"Owner Occupied by Race, Hispanic or Latino",0.1895424836601307,0.2313725490196079,0.2837423312883436,0.1848049281314168,0.1516966067864272,0.1887125220458554,0.1666666666666667,0.1468189233278956,0.1661971830985915,0.2115732368896926,0.1725571725571726,0.1862955032119914,0.1920374707259953,0.2366863905325444
57,Housing,"Owner Occupied by Race, Native Hawaiian and Other Pacific Islander Alone",0.02057416267942584,0.0,0.0,0.0,0.0,,,,,,,,,
59,Housing,"Owner Occupied by Race, Some Other Race Alone",0.0,0.04016064257028112,0.0684931506849315,0.0,0.0,0.0,0.0,0.0,0.2604166666666667,0.6956521739130435,0.1938775510204082,0.2126696832579185,0.1869158878504673,0.1528384279475982
68,Housing,"Owner Occupied by Race, Two or More Races",0.0,0.3892617449664429,0.4618834080717489,0.3886925795053003,0.1513157894736842,0.2198581560283688,0.2239263803680982,0.184652278177458,0.2046109510086455,0.3392226148409894,0.2409240924092409,0.180064308681672,0.2152230971128609,0.2
83,Housing,"Owner Occupied by Race, White Alone",0.0,0.2965464313123561,0.2933828996282528,0.2905790579057906,0.2639837280255702,0.2744735344336938,0.2877923559612093,0.3075455079271873,0.3115356355620867,0.3211875843454791,0.3325198291641245,0.2844451371571072,0.278290282902829,0.2634342186534898
84,Housing,"Owner Occupied by Race, White Alone, Not Hispanic or Latino",0.2532526475037821,0.2940886699507389,0.2886043938675518,0.2926944226237235,0.267022086824067,0.2773998488284203,0.2942068547164088,0.3166902182446224,0.3239123531279771,0.3313504823151125,0.3413507486460656,0.286981771253428,0.2787092692186017,0.2625019971241412
374,Housing,Post 1979 All and Pre 1979 Single Family Renter Occupied by Year Structure Built by Units in Structure,358.0,1781.0,1776.0,1832.0,1864.0,1836.0,443.0,483.0,524.0,623.0,647.0,658.0,744.0,729.0
391,Housing,Pre 1980 MultiFamily Renter Occupied by Year Structure Built by Units in Structure,5888.0,3968.0,3923.0,4008.0,4241.0,4143.0,5448.0,5392.0,5217.0,4900.0,4915.0,5354.0,5197.0,5366.0
105,Housing,Renter Occupied,0.7471291866028709,0.7059604247104247,0.7023205221174764,0.7098959593515606,0.7437447117128007,0.7236289451578063,0.7103581333654889,0.7024991031926342,0.6952046500363284,0.6767552995956377,0.6763954761036118,0.7314758486433873,0.728957055214724,0.7440185546875
113,Housing,"Renter Occupied by Race, American Indian and Alaska Native Alone",0.04784688995215311,1.0,,,,1.0,1.0,1.0,1.0,1.0,1.0,1.0,1.0,1.0
90,Housing,"Renter Occupied by Race, Asian Alone",0.003110047846889952,0.6760797342192691,0.7142857142857143,0.6823161189358372,0.7151335311572701,0.6410658307210031,0.6458635703918723,0.6967592592592593,0.7010804321728692,0.6845771144278607,0.6803118908382066,0.761,0.699748743718593,0.5703001579778831
108,Housing,"Renter Occupied by Race, Black or African American Alone",0.6116028708133971,0.6783216783216783,0.6151142355008787,0.665158371040724,0.731404958677686,0.6981818181818182,0.6298342541436464,0.6914285714285714,0.6438356164383562,0.6136363636363636,0.7021276595744681,0.8513011152416357,0.8423236514522822,0.9399293286219081
109,Housing,"Renter Occupied by Race, Hispanic or Latino",0.8104575163398693,0.7686274509803922,0.7162576687116564,0.8151950718685832,0.8483033932135728,0.8112874779541446,0.8333333333333334,0.8531810766721044,0.8338028169014085,0.7884267631103075,0.8274428274428275,0.8137044967880086,0.8079625292740047,0.7022821576763485
112,Housing,"Renter Occupied by Race, Native Hawaiian and Other Pacific Islander Alone",0.01746411483253589,1.0,1.0,1.0,1.0,,,,,,,,,
110,Housing,"Renter Occupied by Race, Some Other Race Alone",0.03456937799043062,0.9598393574297188,0.9315068493150684,1.0,1.0,1.0,1.0,1.0,0.7395833333333334,0.3043478260869565,0.8061224489795918,0.7873303167420814,0.8130841121495327,0.8221476510067114
107,Housing,"Renter Occupied by Race, Two or More Races",0.001196172248803828,0.610738255033557,0.5381165919282511,0.6113074204946997,0.8486842105263158,0.7801418439716312,0.7760736196319018,0.815347721822542,0.7953890489913544,0.6607773851590106,0.759075907590759,0.819935691318328,0.7847769028871391,0.7625418060200669
104,Housing,"Renter Occupied by Race, White Alone",0.03133971291866029,0.7034535686876439,0.7066171003717472,0.7094209420942095,0.7360162719744298,0.7255264655663062,0.7122076440387907,0.6924544920728127,0.6884643644379133,0.6788124156545209,0.6674801708358755,0.7155548628428927,0.721709717097171,0.6984364377974167
103,Housing,"Renter Occupied by Race, White Alone, Not Hispanic or Latino",0.7467473524962178,0.7059113300492611,0.7113956061324482,0.7073055773762765,0.732977913175933,0.7226001511715797,0.7057931452835912,0.6833097817553776,0.6760876468720228,0.6686495176848875,0.6586492513539344,0.7130182287465721,0.7212907307813983,0.7022048562656992
407,Housing,Total Number of Units,8685.0,9109.0,9051.0,8989.0,8969.0,9045.0,9016.0,9028.0,9114.0,9097.0,9068.0,9025.0,9074.0,9119.0
36,Housing,Vacant Units,0.03742084052964882,0.09013064002634757,0.08584686774941995,0.08043163866948493,0.07760062437283978,0.0787175234936429,0.0801907719609583,0.07365972529906956,0.09392143954355936,0.1028910629877982,0.09318482576091751,0.08930747922437673,0.1018294026890015,0.1016558833205395
179,Housing Prices,Contract Rent 100 to 149,8.0,0.0,0.0,0.0,0.0,0.0,0.0,0.0,0.0,0.0,0.0,0.0,0.0,0.0
339,Housing Prices,Contract Rent 1000 to 1249,1096.0,941.0,759.0,691.0,717.0,613.0,545.0,620.0,592.0,314.0,341.0,419.0,358.0,273.0
334,Housing Prices,Contract Rent 1250 to 1499,744.0,993.0,880.0,868.0,715.0,617.0,537.0,488.0,392.0,499.0,421.0,369.0,268.0,265.0
206,Housing Prices,Contract Rent 150 to 199,19.0,0.0,14.0,0.0,0.0,0.0,0.0,0.0,0.0,0.0,0.0,0.0,0.0,0.0
359,Housing Prices,Contract Rent 1500 to 1999,1079.0,1590.0,1819.0,1590.0,1684.0,1796.0,1634.0,1404.0,1300.0,1042.0,946.0,976.0,930.0,771.0
249,Housing Prices,Contract Rent 200 to 249,8.0,0.0,0.0,15.0,18.0,16.0,28.0,10.0,10.0,47.0,51.0,36.0,44.0,21.0
361,Housing Prices,"Contract Rent 2000 to 2499 (Contract Rent 2000 or more, DEC2000 and ACS2009-2014)",486.0,1365.0,1565.0,1950.0,2213.0,2225.0,1248.0,1130.0,1166.0,1060.0,1024.0,874.0,855.0,1070.0
291,Housing Prices,Contract Rent 250 to 299,0.0,0.0,0.0,0.0,0.0,14.0,15.0,15.0,16.0,15.0,0.0,18.0,27.0,41.0
351,Housing Prices,Contract Rent 2500 to 2999 (ACS2015-),,66.0,75.0,65.0,116.0,113.0,651.0,820.0,666.0,773.0,805.0,833.0,705.0,882.0
307,Housing Prices,Contract Rent 300 to 349,70.0,84.0,34.0,0.0,0.0,0.0,0.0,0.0,0.0,0.0,0.0,0.0,0.0,0.0
348,Housing Prices,Contract Rent 3000 to 3499 (ACS2015-),,,,,,,229.0,326.0,480.0,643.0,782.0,938.0,787.0,721.0
234,Housing Prices,Contract Rent 350 to 399,18.0,0.0,63.0,41.0,38.0,27.0,12.0,0.0,32.0,36.0,20.0,16.0,19.0,0.0
369,Housing Prices,Contract Rent 3500 or more (ACS2015-),,,,,,,234.0,243.0,343.0,475.0,532.0,978.0,1549.0,1744.0
208,Housing Prices,Contract Rent 400 to 449,53.0,81.0,0.0,0.0,9.0,22.0,23.0,22.0,46.0,43.0,42.0,0.0,0.0,0.0
229,Housing Prices,Contract Rent 500 to 549,99.0,21.0,75.0,11.0,12.0,0.0,0.0,0.0,53.0,52.0,53.0,90.0,45.0,0.0
232,Housing Prices,Contract Rent 550 to 599,159.0,35.0,36.0,13.0,32.0,37.0,62.0,76.0,77.0,26.0,16.0,16.0,49.0,0.0
265,Housing Prices,Contract Rent 600 to 649,147.0,62.0,55.0,68.0,9.0,0.0,0.0,0.0,20.0,52.0,74.0,67.0,0.0,14.0
226,Housing Prices,Contract Rent 650 to 699,191.0,46.0,44.0,95.0,101.0,43.0,39.0,18.0,16.0,21.0,20.0,35.0,70.0,0.0
219,Housing Prices,Contract Rent 700 to 749,243.0,33.0,49.0,61.0,48.0,113.0,121.0,112.0,36.0,11.0,0.0,0.0,7.0,54.0
248,Housing Prices,Contract Rent 750 to 749,259.0,110.0,62.0,55.0,32.0,15.0,18.0,21.0,13.0,27.0,45.0,20.0,28.0,40.0
218,Housing Prices,Contract Rent 750 to 799,361.0,21.0,11.0,38.0,49.0,38.0,48.0,81.0,74.0,61.0,18.0,17.0,0.0,0.0
289,Housing Prices,Contract Rent 800 to 899,571.0,144.0,152.0,202.0,194.0,99.0,79.0,102.0,83.0,90.0,134.0,146.0,67.0,73.0
305,Housing Prices,Contract Rent 900 to 999,584.0,237.0,95.0,83.0,141.0,214.0,227.0,268.0,202.0,186.0,182.0,143.0,99.0,72.0
184,Housing Prices,Contract Rent Less than 100,0.0,22.0,23.0,22.0,25.0,28.0,0.0,0.0,0.0,0.0,0.0,8.0,7.0,7.0
400,Housing Prices,Contract Rent Total,6246.0,5851.0,5811.0,5868.0,6153.0,6030.0,5891.0,5875.0,5741.0,5523.0,5562.0,6012.0,5941.0,6095.0
303,Housing Prices,Contract Rent Total No cash Rent (ACS2015-),51.0,,,,,,141.0,119.0,124.0,50.0,56.0,13.0,27.0,47.0
352,Housing Prices,"Contract Rent Total No cash Rent (No cash rent, DEC2000 and ACS2009-2014)",51.0,66.0,75.0,65.0,116.0,113.0,651.0,820.0,666.0,773.0,805.0,833.0,705.0,882.0
398,Housing Prices,Contract Rent Total With cash Rent,6195.0,5785.0,5736.0,5803.0,6037.0,5917.0,5750.0,5756.0,5617.0,5473.0,5506.0,5999.0,5914.0,6048.0
43,Housing Prices,Extremely Rent Burdened,0.1205571565802113,0.1731327978123398,0.1660643606952332,0.1479209270620314,0.1539086624410856,0.1441127694859038,0.1264640977762689,0.1324255319148936,0.1130465075770772,0.1013941698352345,0.08773822366055375,0.09281437125748503,0.06918027268136677,0.09253486464315012
159,Housing Prices,Home Value 10000 to 14999 ,0.0,0.0,0.0,0.0,0.0,0.0,0.0,0.0,0.0,0.0,0.0,0.0,0.0,0.0
194,Housing Prices,Home Value 100000 to 124999,7.0,26.0,29.0,28.0,13.0,0.0,0.0,0.0,0.0,0.0,0.0,0.0,0.0,0.0
368,Housing Prices,"Home Value 1000000 to 1499999 (1000000 or more, DEC2000 and ACS2009-2014)",383.0,1146.0,1166.0,1087.0,1114.0,1267.0,546.0,635.0,642.0,653.0,524.0,413.0,409.0,444.0
149,Housing Prices,Home Value 125000 to 149999,0.0,0.0,0.0,0.0,0.0,0.0,0.0,0.0,0.0,0.0,0.0,0.0,0.0,0.0
145,Housing Prices,Home Value 15000 to 19999 ,0.0,31.0,43.0,39.0,18.0,18.0,0.0,0.0,0.0,0.0,0.0,0.0,0.0,0.0
164,Housing Prices,Home Value 150000 to 174999,16.0,0.0,0.0,0.0,0.0,0.0,0.0,0.0,0.0,0.0,0.0,0.0,0.0,0.0
358,Housing Prices,Home Value 1500000 to 1999999 (ACS2015-),,,,,,,302.0,322.0,465.0,493.0,570.0,489.0,550.0,436.0
144,Housing Prices,Home Value 175000 to 199999,13.0,16.0,26.0,37.0,22.0,24.0,32.0,16.0,0.0,0.0,0.0,0.0,0.0,0.0
119,Housing Prices,Home Value 20000 to 24999 ,0.0,48.0,60.0,51.0,0.0,0.0,0.0,0.0,0.0,0.0,0.0,0.0,0.0,0.0
178,Housing Prices,Home Value 200000 to 249999,49.0,32.0,12.0,10.0,9.0,14.0,16.0,12.0,19.0,21.0,8.0,6.0,16.0,16.0
362,Housing Prices,Home Value 2000000 or more (ACS2015-),,,,,,,600.0,645.0,673.0,838.0,946.0,708.0,688.0,821.0
141,Housing Prices,Home Value 25000 to 29999 ,0.0,0.0,0.0,0.0,0.0,0.0,0.0,0.0,0.0,0.0,16.0,28.0,28.0,26.0
172,Housing Prices,Home Value 250000 to 299999,79.0,15.0,18.0,13.0,0.0,0.0,0.0,0.0,0.0,0.0,0.0,0.0,0.0,0.0
412,Housing Prices,Home Value 30000 to 34999 ,0.0,0.0,0.0,0.0,0.0,0.0,0.0,0.0,0.0,0.0,0.0,,,
253,Housing Prices,Home Value 300000 to 399999,195.0,9.0,5.0,8.0,4.0,9.0,22.0,34.0,36.0,46.0,53.0,39.0,35.0,25.0
117,Housing Prices,Home Value 35000 to 39999 ,5.0,0.0,0.0,0.0,0.0,0.0,0.0,0.0,0.0,0.0,0.0,0.0,0.0,0.0
139,Housing Prices,Home Value 40000 to 49999 ,13.0,0.0,0.0,0.0,0.0,0.0,0.0,0.0,0.0,0.0,0.0,0.0,0.0,0.0
255,Housing Prices,Home Value 400000 to 499999,232.0,127.0,155.0,110.0,111.0,131.0,87.0,89.0,69.0,65.0,30.0,30.0,14.0,25.0
146,Housing Prices,Home Value 50000 to 59999 ,0.0,0.0,0.0,0.0,0.0,0.0,0.0,0.0,0.0,0.0,0.0,0.0,0.0,0.0
316,Housing Prices,Home Value 500000 to 749999,587.0,450.0,382.0,415.0,410.0,387.0,400.0,381.0,285.0,234.0,251.0,244.0,224.0,85.0
123,Housing Prices,Home Value 60000 to 69999 ,0.0,23.0,24.0,19.0,0.0,0.0,0.0,0.0,0.0,0.0,0.0,0.0,0.0,0.0
132,Housing Prices,Home Value 70000 to 79999 ,12.0,0.0,0.0,0.0,0.0,0.0,0.0,0.0,0.0,0.0,14.0,13.0,11.0,0.0
344,Housing Prices,Home Value 750000 to 999999,506.0,514.0,543.0,581.0,419.0,453.0,397.0,343.0,302.0,255.0,216.0,197.0,218.0,211.0
131,Housing Prices,Home Value 80000 to 89999 ,8.0,0.0,0.0,0.0,0.0,0.0,0.0,0.0,0.0,0.0,0.0,0.0,0.0,8.0
142,Housing Prices,Home Value 90000 to 99999 ,0.0,0.0,0.0,0.0,0.0,0.0,0.0,4.0,6.0,10.0,13.0,13.0,0.0,0.0
209,Housing Prices,Home Value Less than 10000,9.0,0.0,0.0,0.0,0.0,0.0,0.0,7.0,20.0,23.0,20.0,27.0,16.0,0.0
389,Housing Prices,Home Value Total,2114.0,2437.0,2463.0,2398.0,2120.0,2303.0,2402.0,2488.0,2517.0,2638.0,2661.0,2207.0,2209.0,2097.0
252,Housing Prices,Median Contract Rent,1070.141423357664,1519.654088050314,1641.836173721825,1700.786163522013,1760.83729216152,1704.386971046771,1843.023255813953,1872.150997150997,1940.961538461539,2101.179245283019,2190.4296875,2356.693363844393,2559.574468085106,2683.106575963719
261,Housing Prices,Median Gross Rent by Bedrooms - 1 Bedroom- COUNTY ONLY,,,,,,,1881.933698817886,1834.008246360005,1949.353464246017,2129.721947380257,2234.047924364269,2472.815663036515,2542.610865823543,2660.665849043381
275,Housing Prices,Median Gross Rent by Bedrooms - 2 Bedrooms- COUNTY ONLY,,,,,,,2254.920335788933,2237.989563200619,2199.425095714462,2435.442208230268,2345.783090632471,2736.950832799488,2993.316171518371,3132.915971686873
310,Housing Prices,Median Gross Rent by Bedrooms - 3-4 Bedrooms- COUNTY ONLY,,,,,,,5221.507610350076,4412.069832402235,4682.948575282415,4942.9690136524,4817.569639129139,5365.724550898203,6153.085286278834,6341.530750893921
244,Housing Prices,Median Gross Rent by Bedrooms - 5 Bedrooms or more- COUNTY ONLY,,,,,,,,,,,,3501.0,3501.0,3501.0
242,Housing Prices,Median Gross Rent by Bedrooms - No Bedroom- COUNTY ONLY,,,,,,,1304.216892239164,1385.769359618606,1340.572063727306,1885.291319991005,2093.526640246587,1874.151425368354,1782.215324277788,1899.248510339993
411,Housing Prices,Median Home Value,678449.7444633731,964737.354085603,969843.4622467771,951807.2289156626,1000000.096947935,1000001.0,1226190.476190476,1281889.763779528,1406152.647975078,1512170.385395538,1662719.298245614,1595603.27198364,1621363.636363636,1739105.504587156
257,Housing Prices,Median Rent,1123.770125223614,1598.263254113346,1695.592286501377,1778.177113283496,1826.015531660693,1645.513858093126,1893.417874396135,1910.089224433768,2011.521739130435,2181.796116504855,2274.294670846395,2486.782902137233,2704.630788485607,2863.818424566088
127,Housing Prices,Median Rent as % of Household Income,22.23217716115261,24.64476510067114,24.72510822510822,24.16613663133098,24.78464955577493,23.77060913705584,23.51231671554252,22.12107438016529,20.781210592686,20.02368119266055,19.35314437555359,20.32436342592593,20.75700969425802,20.49347826086957
161,Housing Prices,Rent 100 to 149,0.0,11.0,11.0,12.0,12.0,13.0,0.0,0.0,0.0,0.0,0.0,0.0,0.0,0.0
332,Housing Prices,Rent 1000 to 1249,1118.0,840.0,660.0,623.0,637.0,512.0,542.0,554.0,477.0,412.0,409.0,451.0,317.0,212.0
337,Housing Prices,Rent 1250 to 1499,866.0,972.0,829.0,624.0,628.0,531.0,508.0,592.0,618.0,510.0,426.0,389.0,322.0,245.0
177,Housing Prices,Rent 150 to 199,17.0,11.0,12.0,10.0,13.0,0.0,0.0,0.0,0.0,0.0,0.0,0.0,0.0,0.0
357,Housing Prices,Rent 1500 to 1999,1010.0,1641.0,1815.0,1739.0,1674.0,1804.0,1656.0,1457.0,1155.0,950.0,892.0,816.0,841.0,617.0
216,Housing Prices,Rent 200 to 249,18.0,0.0,14.0,15.0,18.0,31.0,28.0,10.0,10.0,11.0,9.0,0.0,0.0,0.0
360,Housing Prices,"Rent 2000 to 2499  (Rent 2000 or more, DEC2000 and ACS2009-2014)",657.0,1574.0,1763.0,2130.0,2436.0,2435.0,1166.0,1056.0,1150.0,1030.0,957.0,889.0,769.0,1093.0
281,Housing Prices,Rent 250 to 299,0.0,0.0,0.0,0.0,0.0,14.0,15.0,15.0,16.0,15.0,0.0,18.0,27.0,9.0
354,Housing Prices,Rent 2500 to 2999 (ACS2015-),,66.0,75.0,65.0,116.0,113.0,828.0,930.0,793.0,883.0,945.0,855.0,799.0,749.0
313,Housing Prices,Rent 300 to 349,34.0,31.0,34.0,0.0,0.0,0.0,0.0,0.0,0.0,0.0,0.0,0.0,18.0,32.0
349,Housing Prices,Rent 3000 to 3499 (ACS2015-),,,,,,,265.0,330.0,537.0,659.0,730.0,935.0,856.0,956.0
251,Housing Prices,Rent 350 to 399,21.0,0.0,0.0,27.0,27.0,14.0,0.0,0.0,32.0,36.0,1.0,0.0,0.0,0.0
371,Housing Prices,Rent 3500 or more (ACS2015-),,,,,,,263.0,300.0,355.0,539.0,646.0,1186.0,1629.0,1864.0
223,Housing Prices,Rent 400 to 449,59.0,19.0,15.0,14.0,20.0,35.0,35.0,22.0,24.0,19.0,19.0,16.0,19.0,0.0
213,Housing Prices,Rent 450 to 499,60.0,99.0,62.0,0.0,0.0,0.0,0.0,0.0,22.0,0.0,0.0,0.0,0.0,0.0
239,Housing Prices,Rent 500 to 549,147.0,37.0,75.0,24.0,44.0,37.0,38.0,24.0,78.0,122.0,153.0,109.0,62.0,0.0
238,Housing Prices,Rent 550 to 599,139.0,84.0,77.0,52.0,0.0,0.0,8.0,35.0,55.0,26.0,34.0,46.0,58.0,14.0
228,Housing Prices,Rent 600 to 649,80.0,18.0,0.0,16.0,0.0,0.0,16.0,17.0,25.0,34.0,32.0,62.0,10.0,21.0
220,Housing Prices,Rent 650 to 699,233.0,28.0,46.0,87.0,87.0,60.0,73.0,62.0,0.0,29.0,28.0,27.0,44.0,11.0
224,Housing Prices,Rent 700 to 749,242.0,51.0,0.0,34.0,65.0,53.0,41.0,26.0,44.0,9.0,19.0,20.0,51.0,38.0
227,Housing Prices,Rent 750 to 799,314.0,78.0,65.0,44.0,29.0,37.0,88.0,103.0,13.0,11.0,12.0,0.0,0.0,32.0
288,Housing Prices,Rent 800 to 899,623.0,142.0,138.0,97.0,88.0,71.0,35.0,69.0,83.0,89.0,102.0,57.0,0.0,57.0
293,Housing Prices,Rent 900 to 999,557.0,149.0,120.0,255.0,259.0,270.0,145.0,154.0,130.0,89.0,92.0,115.0,85.0,91.0
80,Housing Prices,Rent Burdened,0.3001921229586936,0.3283199453084943,0.335054207537429,0.3222563053851397,0.3443848529172761,0.3172470978441128,0.3113223561364794,0.2978723404255319,0.2515241247169483,0.2297664312873438,0.2028047464940669,0.2471723220226214,0.2307692307692308,0.2278917145200984
167,Housing Prices,Rent Less than 100,0.0,0.0,0.0,0.0,0.0,0.0,0.0,0.0,0.0,0.0,0.0,8.0,7.0,7.0
399,Housing Prices,Rent Total,6246.0,5851.0,5811.0,5868.0,6153.0,6030.0,5891.0,5875.0,5741.0,5523.0,5562.0,6012.0,5941.0,6095.0
353,Housing Prices,"Rent Total No cash rent  (No cash rent, DEC2000 and ACS2009-2014)",51.0,66.0,75.0,65.0,116.0,113.0,828.0,930.0,793.0,883.0,945.0,855.0,799.0,749.0
304,Housing Prices,Rent Total No cash rent (ACS2015-),51.0,,,,,,141.0,119.0,124.0,50.0,56.0,13.0,27.0,47.0
397,Housing Prices,Rent Total With cash rent,6195.0,5785.0,5736.0,5803.0,6037.0,5917.0,5750.0,5756.0,5617.0,5473.0,5506.0,5999.0,5914.0,6048.0
24,Housing Type,10-19 Units,0.1393206678180771,0.1367877922933363,0.1370014363053806,0.1379463789075537,0.1252090534061768,0.1166390270867883,0.1093611357586513,0.1122064687638458,0.1172920781215712,0.1274046388919424,0.1477723864137627,0.1656509695290859,0.1614502975534494,0.1443140695251672
51,Housing Type,2-4 Units,0.4426021876799079,0.417060050499506,0.4055905424814937,0.4298587162086995,0.4132010257553796,0.415257048092869,0.4150399290150843,0.402414709791759,0.4030063638358569,0.4132131471913817,0.4139832377591531,0.3912465373961219,0.4053339210932334,0.4044303103410462
69,Housing Type,20 Units or More,0.03926309729418537,0.06641782852124273,0.06872168821124737,0.06418956502391812,0.08172594492139591,0.07960199004975124,0.07342502218278615,0.05859548072662827,0.04981347377660741,0.05210508958997472,0.05712395235994706,0.0699168975069252,0.07626184703548601,0.0791753481741419
27,Housing Type,5-9 Units,0.2520437535981577,0.2164891865188275,0.2213015136449011,0.2209367004116142,0.2433939123648121,0.2527363184079602,0.2563220940550133,0.2676118741692512,0.2555409260478385,0.2178740244036496,0.2011468901632113,0.2171745152354571,0.2147895084857836,0.2352231604342581
0,Housing Type,Other Type,0.0009211283822682787,0.0,0.0,0.0,0.0,0.0,0.0,0.0,0.005815229317533465,0.007914697152907551,0.007829730921923246,0.005096952908587258,0.005179634119462199,0.001754578352889571
70,Housing Type,Single Family Housing,0.1258491652274036,0.1632451421670875,0.1673848193569771,0.1470686394482145,0.1364700635522355,0.1357656163626313,0.1458518189884649,0.1591714665485157,0.1685319289005925,0.181488402770144,0.1721438023820026,0.1509141274238227,0.1369847917125854,0.135102533172497
341,Income,Household Income 10000 to 14999,258.0,172.0,145.0,162.0,156.0,156.0,109.0,114.0,96.0,91.0,65.0,49.0,67.0,43.0
133,Income,"Household Income 10000 to 14999 by Race, American Indian and Alaska Native Alone",0.0,0.0,0.0,0.0,0.0,0.0,0.0,0.0,0.0,0.0,0.0,0.0,0.0,0.0
311,Income,"Household Income 10000 to 14999 by Race, Asian Alone",24.0,32.0,13.0,13.0,17.0,0.0,0.0,0.0,16.0,20.0,19.0,32.0,32.0,18.0
256,Income,"Household Income 10000 to 14999 by Race, Black or African American Alone",67.0,0.0,0.0,0.0,0.0,0.0,0.0,0.0,0.0,0.0,0.0,0.0,0.0,0.0
237,Income,"Household Income 10000 to 14999 by Race, Hispanic or Latino",16.0,0.0,0.0,25.0,38.0,28.0,29.0,37.0,0.0,0.0,0.0,0.0,0.0,0.0
124,Income,"Household Income 10000 to 14999 by Race, Native Hawaiian and Other Pacific Islander Alone",0.0,0.0,0.0,0.0,0.0,0.0,0.0,0.0,0.0,0.0,0.0,0.0,0.0,0.0
207,Income,"Household Income 10000 to 14999 by Race, Some Other Race Alone",0.0,0.0,0.0,0.0,0.0,0.0,0.0,0.0,0.0,0.0,0.0,0.0,0.0,0.0
204,Income,"Household Income 10000 to 14999 by Race, Two or More Races",7.0,0.0,0.0,25.0,24.0,22.0,29.0,37.0,0.0,0.0,0.0,0.0,18.0,25.0
301,Income,"Household Income 10000 to 14999 by Race, White Alone",160.0,140.0,132.0,124.0,115.0,134.0,80.0,77.0,80.0,71.0,46.0,17.0,17.0,0.0
294,Income,"Household Income 10000 to 14999 by Race, White Alone, Not Hispanic or Latino",160.0,140.0,132.0,124.0,101.0,128.0,80.0,77.0,80.0,71.0,46.0,17.0,17.0,0.0
355,Income,Household Income 100000 to 124999,845.0,1053.0,955.0,1095.0,1151.0,1171.0,1078.0,925.0,805.0,626.0,542.0,666.0,781.0,747.0
147,Income,"Household Income 100000 to 124999 by Race, American Indian and Alaska Native Alone",0.0,0.0,0.0,0.0,0.0,0.0,0.0,0.0,0.0,0.0,0.0,0.0,0.0,0.0
322,Income,"Household Income 100000 to 124999 by Race, Asian Alone",26.0,48.0,29.0,31.0,37.0,58.0,44.0,38.0,52.0,77.0,53.0,116.0,113.0,51.0
186,Income,"Household Income 100000 to 124999 by Race, Black or African American Alone",51.0,21.0,40.0,55.0,47.0,19.0,10.0,0.0,0.0,0.0,0.0,0.0,0.0,9.0
287,Income,"Household Income 100000 to 124999 by Race, Hispanic or Latino",37.0,18.0,37.0,46.0,45.0,53.0,57.0,64.0,41.0,43.0,28.0,18.0,20.0,0.0
143,Income,"Household Income 100000 to 124999 by Race, Native Hawaiian and Other Pacific Islander Alone",0.0,0.0,0.0,0.0,0.0,0.0,0.0,0.0,0.0,0.0,0.0,0.0,0.0,0.0
231,Income,"Household Income 100000 to 124999 by Race, Some Other Race Alone",13.0,0.0,0.0,0.0,0.0,11.0,23.0,27.0,14.0,14.0,13.0,0.0,0.0,0.0
230,Income,"Household Income 100000 to 124999 by Race, Two or More Races",10.0,83.0,8.0,0.0,0.0,0.0,0.0,17.0,17.0,48.0,42.0,19.0,11.0,39.0
333,Income,"Household Income 100000 to 124999 by Race, White Alone",745.0,901.0,878.0,1009.0,1067.0,1083.0,1001.0,843.0,722.0,487.0,434.0,531.0,657.0,648.0
330,Income,"Household Income 100000 to 124999 by Race, White Alone, Not Hispanic or Latino",721.0,883.0,841.0,963.0,1022.0,1030.0,957.0,792.0,695.0,458.0,419.0,513.0,637.0,648.0
350,Income,Household Income 125000 to 149999,597.0,569.0,777.0,821.0,1001.0,912.0,808.0,828.0,744.0,784.0,790.0,613.0,491.0,361.0
156,Income,"Household Income 125000 to 149999 by Race, American Indian and Alaska Native Alone",0.0,0.0,0.0,0.0,0.0,0.0,0.0,0.0,0.0,0.0,0.0,0.0,0.0,12.0
318,Income,"Household Income 125000 to 149999 by Race, Asian Alone",59.0,42.0,82.0,133.0,146.0,109.0,107.0,135.0,61.0,164.0,192.0,153.0,108.0,9.0
195,Income,"Household Income 125000 to 149999 by Race, Black or African American Alone",0.0,13.0,14.0,0.0,0.0,26.0,28.0,27.0,25.0,23.0,0.0,0.0,0.0,0.0
279,Income,"Household Income 125000 to 149999 by Race, Hispanic or Latino",25.0,0.0,0.0,0.0,57.0,27.0,39.0,78.0,83.0,108.0,97.0,61.0,30.0,12.0
129,Income,"Household Income 125000 to 149999 by Race, Native Hawaiian and Other Pacific Islander Alone",0.0,0.0,0.0,0.0,0.0,0.0,0.0,0.0,0.0,0.0,0.0,0.0,0.0,0.0
222,Income,"Household Income 125000 to 149999 by Race, Some Other Race Alone",0.0,19.0,14.0,8.0,57.0,0.0,0.0,0.0,0.0,0.0,31.0,28.0,32.0,28.0
250,Income,"Household Income 125000 to 149999 by Race, Two or More Races",29.0,0.0,0.0,17.0,69.0,76.0,82.0,136.0,143.0,87.0,80.0,56.0,30.0,40.0
329,Income,"Household Income 125000 to 149999 by Race, White Alone",509.0,495.0,667.0,663.0,729.0,701.0,591.0,530.0,515.0,510.0,487.0,376.0,321.0,272.0
326,Income,"Household Income 125000 to 149999 by Race, White Alone, Not Hispanic or Latino",492.0,495.0,667.0,663.0,729.0,674.0,552.0,469.0,446.0,429.0,436.0,360.0,321.0,272.0
323,Income,Household Income 15000 to 19999,208.0,277.0,281.0,145.0,142.0,133.0,129.0,117.0,136.0,116.0,66.0,97.0,50.0,37.0
137,Income,"Household Income 15000 to 19999 by Race, American Indian and Alaska Native Alone",9.0,0.0,0.0,0.0,0.0,0.0,0.0,0.0,0.0,0.0,0.0,0.0,0.0,0.0
271,Income,"Household Income 15000 to 19999 by Race, Asian Alone",4.0,21.0,56.0,25.0,23.0,13.0,15.0,21.0,24.0,27.0,8.0,7.0,8.0,7.0
193,Income,"Household Income 15000 to 19999 by Race, Black or African American Alone",45.0,40.0,58.0,0.0,0.0,0.0,0.0,7.0,8.0,11.0,5.0,19.0,0.0,0.0
214,Income,"Household Income 15000 to 19999 by Race, Hispanic or Latino",28.0,0.0,0.0,0.0,0.0,0.0,0.0,0.0,0.0,0.0,0.0,0.0,0.0,0.0
140,Income,"Household Income 15000 to 19999 by Race, Native Hawaiian and Other Pacific Islander Alone",0.0,0.0,0.0,0.0,0.0,0.0,0.0,0.0,0.0,0.0,0.0,0.0,0.0,0.0
176,Income,"Household Income 15000 to 19999 by Race, Some Other Race Alone",18.0,10.0,10.0,0.0,0.0,0.0,0.0,0.0,0.0,0.0,0.0,0.0,15.0,18.0
192,Income,"Household Income 15000 to 19999 by Race, Two or More Races",10.0,0.0,0.0,0.0,10.0,13.0,8.0,8.0,6.0,0.0,0.0,15.0,12.0,12.0
286,Income,"Household Income 15000 to 19999 by Race, White Alone",122.0,206.0,157.0,120.0,109.0,107.0,106.0,81.0,98.0,78.0,53.0,56.0,15.0,0.0
280,Income,"Household Income 15000 to 19999 by Race, White Alone, Not Hispanic or Latino",122.0,206.0,157.0,120.0,109.0,107.0,106.0,81.0,98.0,78.0,53.0,56.0,15.0,0.0
365,Income,Household Income 150000 to 199999,648.0,966.0,803.0,959.0,807.0,1034.0,1140.0,1258.0,1207.0,1285.0,1313.0,1401.0,1316.0,1048.0
138,Income,"Household Income 150000 to 199999 by Race, American Indian and Alaska Native Alone",0.0,0.0,0.0,0.0,0.0,0.0,0.0,0.0,0.0,0.0,0.0,0.0,0.0,0.0
338,Income,"Household Income 150000 to 199999 by Race, Asian Alone",15.0,54.0,45.0,122.0,97.0,128.0,151.0,229.0,124.0,118.0,117.0,99.0,49.0,133.0
201,Income,"Household Income 150000 to 199999 by Race, Black or African American Alone",33.0,0.0,0.0,22.0,17.0,19.0,21.0,18.0,0.0,0.0,16.0,153.0,148.0,0.0
298,Income,"Household Income 150000 to 199999 by Race, Hispanic or Latino",15.0,74.0,34.0,29.0,49.0,50.0,52.0,60.0,71.0,61.0,125.0,129.0,128.0,130.0
157,Income,"Household Income 150000 to 199999 by Race, Native Hawaiian and Other Pacific Islander Alone",0.0,0.0,0.0,0.0,0.0,0.0,0.0,0.0,0.0,0.0,0.0,0.0,0.0,0.0
245,Income,"Household Income 150000 to 199999 by Race, Some Other Race Alone",0.0,29.0,0.0,0.0,0.0,37.0,36.0,45.0,57.0,0.0,72.0,82.0,65.0,74.0
278,Income,"Household Income 150000 to 199999 by Race, Two or More Races",0.0,41.0,31.0,22.0,15.0,13.0,0.0,10.0,13.0,13.0,36.0,32.0,54.0,72.0
347,Income,"Household Income 150000 to 199999 by Race, White Alone",600.0,842.0,727.0,793.0,678.0,837.0,932.0,956.0,1013.0,1154.0,1072.0,1035.0,1000.0,769.0
345,Income,"Household Income 150000 to 199999 by Race, White Alone, Not Hispanic or Latino",585.0,797.0,693.0,764.0,629.0,824.0,916.0,941.0,999.0,1093.0,1019.0,988.0,945.0,730.0
324,Income,Household Income 20000 to 24999,233.0,140.0,122.0,117.0,159.0,228.0,182.0,149.0,138.0,252.0,220.0,210.0,112.0,118.0
160,Income,"Household Income 20000 to 24999 by Race, American Indian and Alaska Native Alone",0.0,0.0,0.0,0.0,0.0,0.0,0.0,0.0,0.0,0.0,0.0,0.0,10.0,0.0
290,Income,"Household Income 20000 to 24999 by Race, Asian Alone",0.0,11.0,11.0,0.0,0.0,13.0,12.0,15.0,36.0,38.0,57.0,71.0,0.0,0.0
185,Income,"Household Income 20000 to 24999 by Race, Black or African American Alone",30.0,0.0,0.0,23.0,18.0,54.0,37.0,38.0,35.0,32.0,0.0,0.0,0.0,10.0
211,Income,"Household Income 20000 to 24999 by Race, Hispanic or Latino",8.0,30.0,13.0,0.0,0.0,3.0,7.0,5.0,47.0,53.0,55.0,73.0,0.0,0.0
130,Income,"Household Income 20000 to 24999 by Race, Native Hawaiian and Other Pacific Islander Alone",0.0,0.0,0.0,0.0,0.0,0.0,0.0,0.0,0.0,0.0,0.0,0.0,0.0,0.0
170,Income,"Household Income 20000 to 24999 by Race, Some Other Race Alone",6.0,0.0,0.0,0.0,0.0,0.0,0.0,0.0,0.0,0.0,0.0,16.0,0.0,0.0
173,Income,"Household Income 20000 to 24999 by Race, Two or More Races",9.0,14.0,13.0,0.0,0.0,0.0,0.0,0.0,0.0,0.0,0.0,5.0,4.0,3.0
285,Income,"Household Income 20000 to 24999 by Race, White Alone",188.0,115.0,98.0,94.0,141.0,161.0,133.0,96.0,67.0,182.0,163.0,118.0,98.0,105.0
277,Income,"Household Income 20000 to 24999 by Race, White Alone, Not Hispanic or Latino",180.0,85.0,85.0,94.0,141.0,158.0,126.0,91.0,42.0,153.0,150.0,118.0,98.0,105.0
321,Income,Household Income 25000 to 29999,369.0,182.0,191.0,139.0,166.0,121.0,100.0,139.0,156.0,127.0,135.0,123.0,204.0,113.0
148,Income,"Household Income 25000 to 29999 by Race, American Indian and Alaska Native Alone",0.0,0.0,0.0,0.0,0.0,0.0,0.0,0.0,0.0,0.0,0.0,0.0,0.0,9.0
272,Income,"Household Income 25000 to 29999 by Race, Asian Alone",13.0,14.0,12.0,10.0,15.0,19.0,0.0,0.0,0.0,0.0,0.0,0.0,54.0,0.0
188,Income,"Household Income 25000 to 29999 by Race, Black or African American Alone",41.0,48.0,46.0,0.0,0.0,0.0,0.0,0.0,0.0,0.0,0.0,0.0,0.0,0.0
225,Income,"Household Income 25000 to 29999 by Race, Hispanic or Latino",21.0,29.0,18.0,0.0,0.0,0.0,0.0,13.0,18.0,23.0,44.0,28.0,84.0,18.0
135,Income,"Household Income 25000 to 29999 by Race, Native Hawaiian and Other Pacific Islander Alone",0.0,0.0,0.0,0.0,0.0,0.0,0.0,0.0,0.0,0.0,0.0,0.0,0.0,0.0
190,Income,"Household Income 25000 to 29999 by Race, Some Other Race Alone",21.0,13.0,0.0,0.0,0.0,0.0,0.0,0.0,0.0,0.0,0.0,0.0,18.0,18.0
183,Income,"Household Income 25000 to 29999 by Race, Two or More Races",26.0,16.0,18.0,13.0,14.0,0.0,0.0,0.0,0.0,0.0,0.0,0.0,11.0,0.0
282,Income,"Household Income 25000 to 29999 by Race, White Alone",268.0,91.0,115.0,116.0,137.0,102.0,100.0,139.0,156.0,127.0,135.0,123.0,121.0,86.0
274,Income,"Household Income 25000 to 29999 by Race, White Alone, Not Hispanic or Latino",268.0,91.0,115.0,116.0,137.0,102.0,100.0,126.0,138.0,104.0,91.0,95.0,111.0,86.0
314,Income,Household Income 30000 to 34999,353.0,180.0,168.0,74.0,109.0,106.0,99.0,81.0,121.0,87.0,90.0,96.0,40.0,103.0
128,Income,"Household Income 30000 to 34999 by Race, American Indian and Alaska Native Alone",0.0,0.0,0.0,0.0,0.0,0.0,0.0,0.0,0.0,0.0,0.0,0.0,0.0,0.0
259,Income,"Household Income 30000 to 34999 by Race, Asian Alone",17.0,6.0,9.0,0.0,0.0,0.0,0.0,0.0,33.0,36.0,42.0,24.0,0.0,8.0
182,Income,"Household Income 30000 to 34999 by Race, Black or African American Alone",68.0,0.0,0.0,0.0,0.0,0.0,0.0,0.0,0.0,13.0,12.0,27.0,0.0,0.0
197,Income,"Household Income 30000 to 34999 by Race, Hispanic or Latino",43.0,58.0,17.0,17.0,17.0,14.0,0.0,0.0,0.0,0.0,0.0,0.0,0.0,9.0
118,Income,"Household Income 30000 to 34999 by Race, Native Hawaiian and Other Pacific Islander Alone",0.0,0.0,0.0,0.0,0.0,0.0,0.0,0.0,0.0,0.0,0.0,0.0,0.0,0.0
175,Income,"Household Income 30000 to 34999 by Race, Some Other Race Alone",18.0,58.0,17.0,17.0,17.0,14.0,0.0,0.0,0.0,0.0,0.0,0.0,0.0,0.0
163,Income,"Household Income 30000 to 34999 by Race, Two or More Races",0.0,0.0,0.0,0.0,0.0,0.0,0.0,0.0,0.0,0.0,0.0,0.0,0.0,14.0
270,Income,"Household Income 30000 to 34999 by Race, White Alone",250.0,116.0,142.0,57.0,92.0,92.0,99.0,81.0,88.0,38.0,36.0,45.0,40.0,81.0
262,Income,"Household Income 30000 to 34999 by Race, White Alone, Not Hispanic or Latino",225.0,116.0,142.0,57.0,92.0,92.0,99.0,81.0,88.0,38.0,36.0,45.0,40.0,81.0
308,Income,Household Income 35000 to 39999,378.0,105.0,96.0,132.0,149.0,198.0,199.0,145.0,139.0,146.0,111.0,86.0,110.0,28.0
136,Income,"Household Income 35000 to 39999 by Race, American Indian and Alaska Native Alone",0.0,0.0,0.0,0.0,0.0,0.0,0.0,0.0,0.0,0.0,0.0,0.0,0.0,0.0
246,Income,"Household Income 35000 to 39999 by Race, Asian Alone",0.0,25.0,0.0,0.0,0.0,0.0,0.0,0.0,0.0,0.0,0.0,0.0,21.0,0.0
166,Income,"Household Income 35000 to 39999 by Race, Black or African American Alone",33.0,0.0,0.0,0.0,0.0,0.0,0.0,0.0,0.0,0.0,0.0,0.0,23.0,22.0
189,Income,"Household Income 35000 to 39999 by Race, Hispanic or Latino",39.0,0.0,0.0,0.0,0.0,0.0,0.0,0.0,0.0,0.0,0.0,0.0,0.0,0.0
122,Income,"Household Income 35000 to 39999 by Race, Native Hawaiian and Other Pacific Islander Alone",0.0,0.0,0.0,0.0,0.0,0.0,0.0,0.0,0.0,0.0,0.0,0.0,,0.0
169,Income,"Household Income 35000 to 39999 by Race, Some Other Race Alone",20.0,0.0,0.0,0.0,0.0,0.0,0.0,0.0,0.0,0.0,42.0,48.0,44.0,0.0
174,Income,"Household Income 35000 to 39999 by Race, Two or More Races",15.0,0.0,0.0,0.0,0.0,0.0,0.0,0.0,0.0,0.0,0.0,0.0,0.0,0.0
258,Income,"Household Income 35000 to 39999 by Race, White Alone",310.0,80.0,96.0,132.0,149.0,198.0,199.0,145.0,139.0,146.0,69.0,38.0,22.0,6.0
247,Income,"Household Income 35000 to 39999 by Race, White Alone, Not Hispanic or Latino",271.0,80.0,96.0,132.0,149.0,198.0,199.0,145.0,139.0,146.0,69.0,38.0,22.0,6.0
315,Income,Household Income 40000 to 44999,389.0,304.0,274.0,330.0,219.0,176.0,233.0,211.0,149.0,89.0,115.0,131.0,97.0,220.0
126,Income,"Household Income 40000 to 44999 by Race, American Indian and Alaska Native Alone",0.0,0.0,0.0,0.0,0.0,0.0,0.0,0.0,0.0,0.0,0.0,0.0,0.0,0.0
266,Income,"Household Income 40000 to 44999 by Race, Asian Alone",20.0,27.0,10.0,9.0,0.0,0.0,8.0,7.0,8.0,9.0,11.0,46.0,0.0,0.0
181,Income,"Household Income 40000 to 44999 by Race, Black or African American Alone",42.0,14.0,15.0,15.0,16.0,15.0,0.0,0.0,0.0,0.0,0.0,0.0,0.0,0.0
191,Income,"Household Income 40000 to 44999 by Race, Hispanic or Latino",17.0,75.0,73.0,82.0,11.0,12.0,10.0,9.0,10.0,0.0,0.0,0.0,0.0,0.0
413,Income,"Household Income 40000 to 44999 by Race, Native Hawaiian and Other Pacific Islander Alone",0.0,49.0,58.0,0.0,0.0,0.0,,,,0.0,0.0,0.0,0.0,
168,Income,"Household Income 40000 to 44999 by Race, Some Other Race Alone",6.0,75.0,73.0,82.0,0.0,0.0,0.0,0.0,0.0,0.0,0.0,0.0,0.0,56.0
165,Income,"Household Income 40000 to 44999 by Race, Two or More Races",0.0,0.0,0.0,0.0,0.0,0.0,29.0,29.0,26.0,23.0,11.0,0.0,0.0,0.0
269,Income,"Household Income 40000 to 44999 by Race, White Alone",321.0,139.0,118.0,224.0,203.0,161.0,196.0,175.0,115.0,57.0,93.0,85.0,97.0,164.0
263,Income,"Household Income 40000 to 44999 by Race, White Alone, Not Hispanic or Latino",310.0,139.0,118.0,224.0,192.0,149.0,186.0,166.0,105.0,57.0,93.0,85.0,97.0,164.0
312,Income,Household Income 45000 to 49999,256.0,175.0,63.0,161.0,244.0,197.0,163.0,188.0,142.0,54.0,60.0,36.0,44.0,118.0
150,Income,"Household Income 45000 to 49999 by Race, American Indian and Alaska Native Alone",0.0,3.0,0.0,0.0,0.0,0.0,0.0,0.0,0.0,0.0,0.0,0.0,0.0,0.0
233,Income,"Household Income 45000 to 49999 by Race, Asian Alone",12.0,0.0,12.0,10.0,23.0,0.0,0.0,4.0,6.0,10.0,13.0,13.0,37.0,49.0
187,Income,"Household Income 45000 to 49999 by Race, Black or African American Alone",6.0,15.0,0.0,0.0,0.0,0.0,8.0,18.0,0.0,0.0,0.0,0.0,0.0,0.0
203,Income,"Household Income 45000 to 49999 by Race, Hispanic or Latino",0.0,16.0,0.0,0.0,0.0,22.0,14.0,16.0,12.0,0.0,0.0,0.0,0.0,0.0
121,Income,"Household Income 45000 to 49999 by Race, Native Hawaiian and Other Pacific Islander Alone",0.0,0.0,0.0,85.0,57.0,0.0,0.0,0.0,0.0,0.0,0.0,,0.0,0.0
180,Income,"Household Income 45000 to 49999 by Race, Some Other Race Alone",0.0,0.0,0.0,0.0,0.0,0.0,0.0,0.0,0.0,0.0,0.0,0.0,0.0,0.0
171,Income,"Household Income 45000 to 49999 by Race, Two or More Races",0.0,0.0,0.0,0.0,0.0,0.0,0.0,0.0,0.0,0.0,12.0,0.0,0.0,0.0
268,Income,"Household Income 45000 to 49999 by Race, White Alone",238.0,157.0,51.0,66.0,164.0,197.0,155.0,166.0,136.0,44.0,35.0,23.0,7.0,69.0
260,Income,"Household Income 45000 to 49999 by Race, White Alone, Not Hispanic or Latino",238.0,141.0,51.0,66.0,164.0,175.0,141.0,150.0,124.0,44.0,35.0,23.0,7.0,69.0
335,Income,Household Income 50000 to 59999,719.0,502.0,571.0,510.0,470.0,364.0,412.0,463.0,376.0,346.0,262.0,215.0,189.0,90.0
154,Income,"Household Income 50000 to 59999 by Race, American Indian and Alaska Native Alone",0.0,0.0,0.0,0.0,0.0,0.0,0.0,0.0,0.0,0.0,0.0,0.0,0.0,0.0
296,Income,"Household Income 50000 to 59999 by Race, Asian Alone",67.0,123.0,120.0,70.0,29.0,15.0,16.0,28.0,34.0,21.0,30.0,22.0,7.0,0.0
202,Income,"Household Income 50000 to 59999 by Race, Black or African American Alone",42.0,32.0,37.0,30.0,0.0,0.0,0.0,0.0,29.0,26.0,24.0,0.0,0.0,0.0
254,Income,"Household Income 50000 to 59999 by Race, Hispanic or Latino",13.0,35.0,45.0,39.0,26.0,43.0,60.0,60.0,73.0,84.0,0.0,0.0,0.0,0.0
120,Income,"Household Income 50000 to 59999 by Race, Native Hawaiian and Other Pacific Islander Alone",0.0,0.0,0.0,0.0,0.0,0.0,0.0,0.0,0.0,0.0,0.0,0.0,0.0,0.0
210,Income,"Household Income 50000 to 59999 by Race, Some Other Race Alone",0.0,21.0,17.0,14.0,0.0,0.0,0.0,0.0,0.0,0.0,0.0,0.0,0.0,0.0
196,Income,"Household Income 50000 to 59999 by Race, Two or More Races",51.0,0.0,0.0,0.0,12.0,13.0,20.0,19.0,20.0,0.0,0.0,0.0,0.0,33.0
300,Income,"Household Income 50000 to 59999 by Race, White Alone",559.0,326.0,397.0,396.0,429.0,336.0,376.0,416.0,293.0,299.0,208.0,193.0,182.0,57.0
292,Income,"Household Income 50000 to 59999 by Race, White Alone, Not Hispanic or Latino",554.0,326.0,383.0,383.0,429.0,306.0,330.0,368.0,233.0,215.0,208.0,193.0,182.0,57.0
342,Income,Household Income 60000 to 74999,975.0,880.0,923.0,874.0,782.0,678.0,632.0,608.0,546.0,346.0,410.0,447.0,263.0,339.0
152,Income,"Household Income 60000 to 74999 by Race, American Indian and Alaska Native Alone",10.0,0.0,0.0,0.0,0.0,0.0,0.0,0.0,0.0,0.0,0.0,0.0,0.0,0.0
306,Income,"Household Income 60000 to 74999 by Race, Asian Alone",83.0,11.0,47.0,62.0,104.0,108.0,126.0,143.0,97.0,42.0,24.0,9.0,0.0,0.0
198,Income,"Household Income 60000 to 74999 by Race, Black or African American Alone",55.0,145.0,142.0,157.0,103.0,99.0,44.0,32.0,24.0,0.0,38.0,33.0,36.0,34.0
276,Income,"Household Income 60000 to 74999 by Race, Hispanic or Latino",64.0,64.0,86.0,86.0,123.0,126.0,113.0,110.0,112.0,8.0,8.0,0.0,9.0,45.0
155,Income,"Household Income 60000 to 74999 by Race, Native Hawaiian and Other Pacific Islander Alone",0.0,0.0,0.0,0.0,0.0,0.0,0.0,0.0,0.0,0.0,0.0,0.0,0.0,0.0
215,Income,"Household Income 60000 to 74999 by Race, Some Other Race Alone",21.0,0.0,0.0,9.0,18.0,18.0,9.0,9.0,0.0,0.0,0.0,0.0,0.0,18.0
217,Income,"Household Income 60000 to 74999 by Race, Two or More Races",92.0,43.0,42.0,70.0,0.0,0.0,0.0,0.0,0.0,11.0,12.0,8.0,15.0,4.0
319,Income,"Household Income 60000 to 74999 by Race, White Alone",714.0,681.0,692.0,576.0,557.0,453.0,453.0,424.0,425.0,293.0,336.0,397.0,212.0,283.0
317,Income,"Household Income 60000 to 74999 by Race, White Alone, Not Hispanic or Latino",680.0,617.0,606.0,499.0,452.0,357.0,349.0,323.0,313.0,285.0,328.0,397.0,212.0,256.0
363,Income,Household Income 75000 to 99999,1156.0,1068.0,1010.0,872.0,827.0,813.0,761.0,507.0,476.0,491.0,420.0,570.0,566.0,544.0
125,Income,"Household Income 75000 to 99999 by Race, American Indian and Alaska Native Alone",0.0,0.0,0.0,0.0,0.0,18.0,17.0,14.0,15.0,10.0,0.0,0.0,0.0,0.0
328,Income,"Household Income 75000 to 99999 by Race, Asian Alone",60.0,100.0,35.0,69.0,72.0,67.0,48.0,29.0,35.0,35.0,43.0,69.0,84.0,120.0
212,Income,"Household Income 75000 to 99999 by Race, Black or African American Alone",24.0,88.0,59.0,36.0,10.0,10.0,8.0,15.0,16.0,17.0,24.0,26.0,20.0,28.0
299,Income,"Household Income 75000 to 99999 by Race, Hispanic or Latino",80.0,112.0,66.0,55.0,26.0,58.0,47.0,14.0,34.0,34.0,20.0,43.0,43.0,40.0
153,Income,"Household Income 75000 to 99999 by Race, Native Hawaiian and Other Pacific Islander Alone",14.0,0.0,0.0,0.0,0.0,0.0,0.0,0.0,0.0,0.0,0.0,0.0,0.0,0.0
273,Income,"Household Income 75000 to 99999 by Race, Some Other Race Alone",31.0,24.0,15.0,21.0,21.0,12.0,0.0,0.0,0.0,0.0,0.0,0.0,0.0,0.0
264,Income,"Household Income 75000 to 99999 by Race, Two or More Races",50.0,0.0,0.0,0.0,0.0,9.0,14.0,16.0,16.0,13.0,0.0,25.0,53.0,27.0
336,Income,"Household Income 75000 to 99999 by Race, White Alone",977.0,856.0,901.0,746.0,724.0,697.0,674.0,433.0,394.0,416.0,353.0,450.0,409.0,369.0
331,Income,"Household Income 75000 to 99999 by Race, White Alone, Not Hispanic or Latino",931.0,758.0,850.0,702.0,708.0,651.0,627.0,419.0,360.0,382.0,333.0,432.0,389.0,361.0
385,Income,Household Income Greater than 200000,676.0,1229.0,1410.0,1428.0,1517.0,1713.0,1945.0,2281.0,2732.0,3090.0,3389.0,3291.0,3665.0,4100.0
158,Income,"Household Income Greater than 200000 by Race, American Indian and Alaska Native Alone",7.0,0.0,0.0,0.0,0.0,0.0,0.0,0.0,16.0,16.0,1.0,2.0,4.0,7.0
364,Income,"Household Income Greater than 200000 by Race, Asian Alone",48.0,66.0,35.0,44.0,79.0,83.0,136.0,207.0,298.0,398.0,417.0,339.0,283.0,234.0
267,Income,"Household Income Greater than 200000 by Race, Black or African American Alone",24.0,55.0,50.0,40.0,20.0,17.0,12.0,9.0,9.0,10.0,22.0,11.0,14.0,167.0
325,Income,"Household Income Greater than 200000 by Race, Hispanic or Latino",16.0,133.0,146.0,53.0,69.0,89.0,73.0,92.0,153.0,117.0,64.0,90.0,81.0,184.0
162,Income,"Household Income Greater than 200000 by Race, Native Hawaiian and Other Pacific Islander Alone",,0.0,0.0,0.0,0.0,0.0,0.0,0.0,0.0,0.0,0.0,0.0,0.0,0.0
283,Income,"Household Income Greater than 200000 by Race, Some Other Race Alone",0.0,0.0,0.0,0.0,0.0,0.0,0.0,0.0,25.0,32.0,38.0,47.0,40.0,17.0
320,Income,"Household Income Greater than 200000 by Race, Two or More Races",13.0,72.0,78.0,64.0,73.0,69.0,68.0,62.0,64.0,71.0,89.0,134.0,154.0,272.0
376,Income,"Household Income Greater than 200000 by Race, White Alone",584.0,1036.0,1247.0,1280.0,1345.0,1544.0,1729.0,2003.0,2320.0,2563.0,2822.0,2758.0,3170.0,3403.0
375,Income,"Household Income Greater than 200000 by Race, White Alone, Not Hispanic or Latino",575.0,931.0,1132.0,1227.0,1276.0,1455.0,1656.0,1911.0,2208.0,2485.0,2788.0,2693.0,3125.0,3329.0
340,Income,Household Income Less than 10000,304.0,486.0,485.0,447.0,374.0,333.0,303.0,349.0,295.0,231.0,235.0,188.0,155.0,183.0
151,Income,"Household Income Less than 10000 by Race, American Indian and Alaska Native Alone",0.0,0.0,0.0,0.0,0.0,0.0,0.0,0.0,0.0,0.0,0.0,0.0,0.0,0.0
309,Income,"Household Income Less than 10000 by Race, Asian Alone",29.0,22.0,37.0,41.0,32.0,25.0,26.0,8.0,9.0,10.0,0.0,0.0,0.0,0.0
235,Income,"Household Income Less than 10000 by Race, Black or African American Alone",34.0,101.0,108.0,64.0,11.0,16.0,13.0,11.0,0.0,0.0,0.0,0.0,0.0,0.0
236,Income,"Household Income Less than 10000 by Race, Hispanic or Latino",12.0,121.0,117.0,55.0,40.0,42.0,51.0,55.0,56.0,22.0,40.0,25.0,32.0,69.0
134,Income,"Household Income Less than 10000 by Race, Native Hawaiian and Other Pacific Islander Alone",0.0,0.0,0.0,0.0,0.0,0.0,0.0,0.0,0.0,0.0,0.0,0.0,0.0,0.0
200,Income,"Household Income Less than 10000 by Race, Some Other Race Alone",8.0,0.0,0.0,0.0,0.0,0.0,0.0,0.0,0.0,0.0,0.0,0.0,0.0,0.0
199,Income,"Household Income Less than 10000 by Race, Two or More Races",43.0,29.0,33.0,72.0,87.0,67.0,76.0,83.0,42.0,17.0,21.0,17.0,19.0,19.0
302,Income,"Household Income Less than 10000 by Race, White Alone",190.0,334.0,307.0,270.0,244.0,225.0,188.0,247.0,244.0,204.0,214.0,171.0,136.0,164.0
297,Income,"Household Income Less than 10000 by Race, White Alone, Not Hispanic or Latino",186.0,285.0,259.0,231.0,235.0,209.0,170.0,229.0,230.0,182.0,174.0,146.0,104.0,95.0
404,Income,Households Total for Income,8364.0,8288.0,8274.0,8266.0,8273.0,8333.0,8293.0,8363.0,8258.0,8161.0,8223.0,8219.0,8150.0,8192.0
221,Income,"Households Total for Income by Race, American Indian and Alaska Native Alone",26.0,3.0,0.0,0.0,0.0,18.0,17.0,14.0,31.0,26.0,1.0,2.0,14.0,28.0
382,Income,"Households Total for Income by Race, Asian Alone",477.0,602.0,553.0,639.0,674.0,638.0,689.0,864.0,833.0,1005.0,1026.0,1000.0,796.0,629.0
343,Income,"Households Total for Income by Race, Black or African American Alone",595.0,572.0,569.0,442.0,242.0,275.0,181.0,175.0,146.0,132.0,141.0,269.0,241.0,270.0
366,Income,"Households Total for Income by Race, Hispanic or Latino",434.0,765.0,652.0,487.0,501.0,567.0,552.0,613.0,710.0,553.0,481.0,467.0,427.0,507.0
205,Income,"Households Total for Income by Race, Native Hawaiian and Other Pacific Islander Alone",14.0,49.0,58.0,85.0,57.0,0.0,0.0,0.0,0.0,0.0,0.0,0.0,0.0,0.0
346,Income,"Households Total for Income by Race, Some Other Race Alone",162.0,249.0,146.0,151.0,113.0,92.0,68.0,81.0,96.0,46.0,196.0,221.0,214.0,229.0
356,Income,"Households Total for Income by Race, Two or More Races",355.0,298.0,223.0,283.0,304.0,282.0,326.0,417.0,347.0,283.0,303.0,311.0,381.0,560.0
396,Income,"Households Total for Income by Race, White Alone",6735.0,6515.0,6725.0,6666.0,6883.0,7028.0,7012.0,6812.0,6805.0,6669.0,6556.0,6416.0,6504.0,6476.0
393,Income,"Households Total for Income by Race, White Alone, Not Hispanic or Latino",6498.0,6090.0,6327.0,6365.0,6565.0,6615.0,6594.0,6369.0,6298.0,6220.0,6278.0,6199.0,6322.0,6259.0
392,Income,Median Family Income,94808.7431693989,129318.1818181818,128659.9099099099,131707.3170731707,138118.3745583039,157377.0491803279,159233.2613390929,173715.5963302752,186913.0434782609,200679.1443123939,200998.3760399334,204011.2456242707,207725.5715865119,212764.5497166409
388,Income,Median Household Income,71000.0,92345.50561797753,95247.52475247525,103881.2785388128,107374.022589053,114165.243381725,119121.0575139147,130600.845410628,143615.5913978495,161459.1439688716,172486.6717440975,170788.7223411849,184422.4924012158,200048.7824390244
372,Income,"Median Household Income by Race, American Indian and Alaska Native Alone",66000.0,47500.0,0.0,0.0,0.0,87500.0,87500.0,87500.0,201562.5625,209375.375,225001.0,225001.0,23500.0,135416.6666666667
383,Income,"Median Household Income by Race, Asian Alone",69487.95180722892,77250.0,59708.33333333334,108467.7419354839,114864.8648648649,125229.3577981651,136565.4205607477,150873.3624454149,152217.7419354839,155720.3389830508,158974.358974359,139869.2810457516,134722.2222222222,169736.8421052631
370,Income,"Median Household Income by Race, Black or African American Alone",36893.93939393939,63724.13793103449,62165.49295774648,68503.1847133758,71067.96116504855,67954.54545454546,71079.54545454546,66328.125,60625.0,53846.15384615384,71644.73684210527,159640.522875817,164020.2702702703,209581.2215568862
378,Income,"Median Household Income by Race, Hispanic or Latino",64687.5,64335.9375,67500.0,64447.67441860465,74451.21951219512,74226.19047619047,73938.05309734514,77678.57142857143,94852.94117647059,127199.0740740741,136726.8041237113,144057.3770491803,146250.0,173269.2307692308
379,Income,"Median Household Income by Race, Native Hawaiian and Other Pacific Islander Alone",87500.0,42500.0,42500.0,47500.0,47500.0,0.0,0.0,0.0,0.0,0.0,0.0,0.0,0.0,0.0
377,Income,"Median Household Income by Race, Some Other Race Alone",37500.0,42900.0,43150.68493150685,43567.07317073171,125219.298245614,104545.4545454545,152777.7777777778,155000.0,179824.5614035088,214063.0625,158333.3333333333,161280.487804878,148437.5,129017.8571428571
387,Income,"Median Household Income by Race, Two or More Races",62690.21739130434,114156.6265060241,117187.5,66750.0,126811.5942028985,130592.1052631579,76785.71428571429,124264.7058823529,133129.3706293706,133477.0114942529,141718.75,166406.25,166203.7037037037,194444.4444444444
394,Income,"Median Household Income by Race, White Alone",76215.45547594677,100457.8246392897,104456.1503416856,110208.1268582755,108844.8922211809,115027.7008310249,118656.3436563437,128915.0943396226,146626.213592233,166572.7902946274,178731.3432835821,178260.8695652174,195900.0,202424.4284454893
395,Income,"Median Household Income by Race, White Alone, Not Hispanic or Latino",76476.90655209452,101727.066817667,105038.644470868,111279.8546209761,109136.4970645792,116395.6310679612,120480.6687565308,132276.1194029851,152902.9029029029,171408.9661482159,182777.2325809617,179428.1376518219,198095.2380952381,202996.5151697206
32,Income,Percent in Poverty,0.08502598016060463,0.1110086986577568,0.1160046056419113,0.1082788051209104,0.1041654859733636,0.0957708659655404,0.09454792504104625,0.0922957025161434,0.08337441796768008,0.06799632452299875,0.06285773753772506,0.0659033347403968,0.06122231686541738,0.06766545933486993
72,Income,"Percent in Poverty by Race, American Indian and Alaska Native Alone",0.2203389830508475,0.0,1.0,1.0,1.0,0.1666666666666667,0.169811320754717,0.0,0.0,0.0,0.0,0.0,0.0,0.0
31,Income,"Percent in Poverty by Race, Asian Alone",0.0728667305848514,0.101238164603059,0.1241970021413276,0.1279373368146214,0.1458198314970836,0.1546252532072924,0.1232876712328767,0.0529925187032419,0.06232453677709152,0.03040173724212812,0.02932692307692308,0.03836094158674804,0.03478260869565217,0.04072398190045249
63,Income,"Percent in Poverty by Race, Black or African American Alone",0.1334405144694534,0.2859437751004016,0.3632148377125193,0.3010471204188482,0.1089494163424125,0.06393442622950819,0.1651031894934334,0.1706896551724138,0.1494082840236687,0.1692913385826772,0.1540203850509626,0.115515288788222,0.1035856573705179,0.06812339331619537
37,Income,"Percent in Poverty by Race, Hispanic or Latino",0.1353104726598703,0.1898263027295285,0.1837692823608316,0.1914893617021277,0.1524475524475525,0.1402061855670103,0.1243131868131868,0.1453287197231834,0.1143052703627652,0.1316931982633864,0.1184573002754821,0.1256354393609296,0.1361426256077796,0.1212586339217191
30,Income,"Percent in Poverty by Race, Native Hawaiian and Other Pacific Islander Alone",0.0,0.0,0.0,0.0,0.0,0.0,0.0,0.0,0.0,0.0,,,,
40,Income,"Percent in Poverty by Race, Some Other Race Alone",0.124390243902439,0.1914414414414414,0.1615853658536585,0.2184873949579832,0.1877022653721683,0.2420382165605096,0.2155172413793103,0.2379310344827586,0.2936170212765957,0.203125,0.0651685393258427,0.07874015748031496,0.07889125799573561,0.0081799591002045
29,Income,"Percent in Poverty by Race, Two or More Races",0.2566964285714285,0.1073903002309469,0.1017543859649123,0.1332064700285442,0.1764112903225807,0.1593291404612159,0.1609935602575897,0.2065420560747664,0.1302998965873837,0.0506198347107438,0.05413385826771654,0.07358490566037736,0.08651597817614964,0.1195851128737035
20,Income,"Percent in Poverty by Race, White Alone",0.06816982128044642,0.09393962094538917,0.09156824637464495,0.08545277215094906,0.09292472814574212,0.08358126340552134,0.08184429962861747,0.08250871080139373,0.07692307692307693,0.06670326653856712,0.06266477387953762,0.06624428018303415,0.0600634473034896,0.06731410779153384
18,Income,"Percent in Poverty by Race, White Alone, Not Hispanic or Latino",0.06760254097717826,0.0924860176704223,0.08899391220762576,0.08192906435564115,0.09267192784667418,0.08319172515700037,0.08250676284941388,0.08197954271961493,0.07742031354483989,0.06158487234199102,0.05665149215983814,0.05978906714200832,0.05364885720584993,0.05827794094914206
6,Journey to Work,Journey to Work by Bike,,0.07053941908713693,0.07353906762967827,0.06996449322143318,0.07059923634380114,0.06958311104336559,0.06946163366336634,0.07207001522070015,0.07303662976446987,0.07172085410311732,0.07367585510174629,0.07330799590703113,0.06818349708207136,0.07240614725896476
79,Journey to Work,Journey to Work by Car,,0.3082157676348548,0.3099967170059094,0.3183505487411233,0.3155926127951376,0.3239844524045423,0.3486231435643564,0.3254185692541857,0.302919979196077,0.2640428539543189,0.2550151537018329,0.2205086975588364,0.2240525965871316,0.2212707393531615
16,Journey to Work,Journey to Work by Carpooled,,0.03767634854771784,0.04333552199606041,0.0487411233053583,0.04410504168939453,0.04809084673424282,0.05136138613861386,0.04406392694063927,0.0372241622705996,0.03251246187039655,0.02857555202770963,0.02865078204940798,0.03760065007017803,0.02851899992354156
66,Journey to Work,Journey to Work by Drove Alone,,0.2705394190871369,0.266661195009849,0.269609425435765,0.271487571105743,0.2758936056702995,0.2972617574257426,0.2813546423135464,0.2656958169254774,0.2315303920839223,0.2264396016741232,0.1918579155094284,0.1864519465169535,0.19275173942962
8,Journey to Work,Journey to Work by Other Journey Type,,0.02132780082987552,0.01912344057780696,0.02324080051646223,0.02961115873139562,0.02911363463150675,0.03743811881188119,0.05053272450532725,0.05416449959135151,0.06256974927460754,0.06833597921778034,0.05766700774740535,0.04557878407328064,0.03891734842113311
60,Journey to Work,Journey to Work by Transit,,0.4232365145228216,0.4198949441891004,0.4085700451904454,0.4004519597911634,0.3865559027513147,0.3804919554455445,0.3868340943683409,0.4004012185154915,0.4286139424149989,0.4373646990907779,0.4196023973103348,0.356430523749723,0.3136325407141219
33,Journey to Work,Journey to Work by Walk,,0.08863070539419086,0.0842908732764281,0.0909457714654616,0.09857398893477752,0.08817925462998247,0.07456683168316831,0.08006088280060883,0.07727171409465786,0.07477122237928725,0.0696348679463126,0.06490279198947523,0.06448991652507942,0.06827739123786222
58,Journey to Work,Journey to Work by Worked at Home,,0.08804979253112033,0.09315495732107683,0.08892834086507424,0.08517104340372478,0.1025836445392882,0.08941831683168316,0.08508371385083714,0.0922059588379523,0.09828137787367011,0.09597344494155001,0.1640111094869171,0.241264681982714,0.2854958330147565
408,Journey to Work,Total Workers 16 Years and Older,,12050.0,12184.0,12392.0,12833.0,13121.0,12928.0,13140.0,13459.0,13441.0,13858.0,13682.0,13537.0,13079.0
61,Language Spoken at Home,Asian/Pacific Islander,0.03151741593346993,0.03841971728887278,0.03822611617858857,0.04120115859786014,0.04549724081249266,0.03815109459380989,0.03901437371663245,0.03498845265588914,0.04690964917268437,0.04016177048811998,0.04086630026663764,0.05345687811831789,0.05462091864969563,0.04020301094890511
102,Language Spoken at Home,English Only,0.8374111124502832,0.8385284523378036,0.8451752280364858,0.8441804102382219,0.8334507455676882,0.8347947273677486,0.8349075975359342,0.8396651270207852,0.8228805367601069,0.8364320620120205,0.8458399085813789,0.8367783321454028,0.8492529053680132,0.8541856751824818
15,Language Spoken at Home,Other European Languages,0.07852235747860672,0.0586565180620998,0.0685309649543927,0.0672696104510256,0.07079957731595632,0.07810231693862145,0.0708125550014667,0.06916859122401847,0.07818274862114062,0.08133460652698983,0.07454970887522447,0.07292066451011568,0.06264526840066409,0.06472399635036497
1,Language Spoken at Home,Other Languages,0.005182596119079185,0.00803431194877371,0.00672107537205953,0.008866820358219542,0.006398966772337677,0.00783926601242669,0.00715752420064535,0.00848729792147806,0.009552510376982999,0.01213278660899848,0.00897861457256353,0.007127583749109052,0.006696181516325402,0.005759580291970803
35,Language Spoken at Home,Spanish Only,0.04736651801856093,0.05636100036245016,0.04134661545847335,0.03848200035467281,0.04385346953152518,0.0411125950873933,0.04810794954532121,0.0476905311778291,0.04247455506908512,0.02993877436387126,0.02976546770419546,0.02971654147705466,0.02678472606530161,0.03512773722627737
77,Nativity,Foreign Born,0.1354576988653066,0.1496489006561529,0.1464605837738451,0.1481859410430839,0.1420265311882585,0.1443402545210985,0.1415136839734204,0.1505817174515235,0.159748427672956,0.1661628158065213,0.1520103761348897,0.1503049893123403,0.1381865965834428,0.1355491798841552
410,Population,Total Population,17009.0,17374.0,17404.0,17640.0,17715.0,17916.0,17758.0,18050.0,18285.0,18524.0,19275.0,19181.0,19025.0,18473.0
401,Race/Ethnicity,Asian,1071.0,1373.0,1401.0,1532.0,1543.0,1481.0,1474.0,1615.0,1793.0,1850.0,2087.0,2294.0,2070.0,1768.0
367,Race/Ethnicity,Black/African American,1254.0,1260.0,1300.0,1160.0,530.0,626.0,551.0,593.0,678.0,765.0,886.0,885.0,755.0,779.0
386,Race/Ethnicity,Latino Population (of Any Race),1088.0,1612.0,1491.0,1442.0,1475.0,1477.0,1502.0,1493.0,1462.0,1382.0,1453.0,1379.0,1245.0,1316.0
295,Race/Ethnicity,Native American Indian,68.0,3.0,6.0,5.0,8.0,48.0,53.0,49.0,82.0,82.0,2.0,4.0,25.0,59.0
284,Race/Ethnicity,Native Hawaiian/Pacific Islander,23.0,79.0,108.0,155.0,117.0,16.0,27.0,21.0,20.0,20.0,0.0,0.0,0.0,0.0
390,Race/Ethnicity,Other/Two or More Races,1306.0,1310.0,1183.0,1408.0,1302.0,1269.0,1320.0,1361.0,1203.0,1224.0,1461.0,1568.0,1767.0,2149.0
402,Race/Ethnicity,"White Alone, Not Hispanic or Latino",12777.0,12337.0,12512.0,12481.0,13314.0,13537.0,13325.0,13310.0,13473.0,13602.0,13884.0,13687.0,13828.0,13166.0
403,Race/Ethnicity,"White, Including Hispanic or Latino",13287.0,13349.0,13406.0,13380.0,14215.0,14476.0,14333.0,14411.0,14509.0,14583.0,14839.0,14430.0,14408.0,13718.0
380,Unit Size,1 Bedroom,3228.0,3321.0,3353.0,3281.0,3245.0,3289.0,3338.0,3209.0,3125.0,2953.0,2708.0,2846.0,2942.0,2955.0
384,Unit Size,2 Bedrooms,2313.0,2801.0,2894.0,3133.0,3226.0,3249.0,2911.0,2808.0,2479.0,2231.0,2290.0,2288.0,2304.0,2364.0
381,Unit Size,3-4 Bedrooms,2074.0,2147.0,1936.0,1743.0,1677.0,1660.0,1963.0,2217.0,2573.0,2737.0,2997.0,2978.0,2872.0,2728.0
327,Unit Size,5 or More Bedrooms,206.0,196.0,303.0,283.0,254.0,271.0,220.0,195.0,237.0,312.0,281.0,262.0,284.0,213.0
373,Unit Size,No Bedroom,864.0,644.0,565.0,549.0,567.0,576.0,584.0,599.0,700.0,864.0,792.0,651.0,672.0,859.0
67,Vehicles Available,Households with no Vehicle,0.2295454545454546,0.3012789575289575,0.2950205462895818,0.2938543430921848,0.3075063459446392,0.311772470898836,0.3098999155914627,0.3267966040894416,0.3267134899491402,0.308663154025242,0.3025659734889943,0.3297238106825648,0.3134969325153374,0.323974609375
34,Vehicles Available,Percent of No Vehicle Homeowning Households,0.09035004730368969,0.101354123922856,0.09906617945594803,0.1180150125104254,0.1113207547169811,0.1042118975249674,0.1003330557868443,0.1189710610932476,0.1199841080651569,0.109931766489765,0.1108605787298008,0.1418214771182601,0.1294703485740154,0.1297091082498808
89,Vehicles Available,Percent of No Vehicle Renting Households,0.276657060518732,0.3845496496325415,0.378076062639821,0.3657123381049762,0.3751015764667642,0.391044776119403,0.3953488372093023,0.4148085106382979,0.4173488939209197,0.4035850081477458,0.3942826321467098,0.3987025948103792,0.3819222353139202,0.3908121410992617
406,Vehicles Available,Vehicles Available,9336.0,8523.0,8635.0,8548.0,8278.0,8374.0,8208.0,8004.0,7919.0,8052.0,8281.0,7651.0,7790.0,7545.0
101,Vehicles Available,Vehicles Homeowners,0.325942587832048,0.4368180218233016,0.4321945570353214,0.4117922321010763,0.373640976081179,0.4066157153092906,0.4504142300194932,0.4585207396301849,0.4481626467988382,0.4636115250869349,0.4575534355754136,0.3842634949679781,0.3874197689345314,0.3776010603048376
93,Vehicles Available,Vehicles Per Capita,0.5488858839437945,0.4905606078047657,0.4961503102735004,0.4845804988662131,0.4672876093705899,0.4674034382674704,0.4622142133123099,0.4434349030470914,0.4330872299699207,0.4346793349168646,0.4296238651102464,0.3988843126010114,0.40946123521682,0.4084339306014183
91,Vehicles Available,Vehicles Renters,0.674057412167952,0.5631819781766984,0.5678054429646786,0.5882077678989237,0.6263590239188209,0.5933842846907094,0.5495857699805068,0.5414792603698151,0.5518373532011618,0.5363884749130651,0.5424465644245864,0.6157365050320219,0.6125802310654686,0.6223989396951624
