,Category,Attribute,Inner Sunset_2000,Inner Sunset_2010,Inner Sunset_2011,Inner Sunset_2012,Inner Sunset_2013,Inner Sunset_2014,Inner Sunset_2015,Inner Sunset_2016,Inner Sunset_2017,Inner Sunset_2018,Inner Sunset_2019,Inner Sunset_2020,Inner Sunset_2021,Inner Sunset_2022
10,Age,0-4 Years,0.03904249396919651,0.04948530787946846,0.05325229722885464,0.05267665952890793,0.04756405629736557,0.04585846329538561,0.05134313928596092,0.04607883532481802,0.04241226244971563,0.0488961681509537,0.05243914824469346,0.05313299008791286,0.05261845386533666,0.05258033106134372
65,Age,18-34 Years,0.3625904620523288,0.3398090960134756,0.3459228709934158,0.3613847251962884,0.3450739805124504,0.3417793797509011,0.3280850769974449,0.319186924872957,0.3224094881398252,0.3278056437028696,0.335319408239954,0.3505656544429267,0.3417883861774136,0.3322514335172563
81,Age,35-59 Years,0.3514937836333272,0.3648137750327531,0.3500832067144201,0.3382583868665239,0.3328762179718513,0.3387816280646658,0.3452109660935018,0.3535228677379481,0.3447080038840338,0.3433309448254683,0.3375875960594468,0.3210745683163462,0.3163519771998575,0.3229831584261964
26,Age,5-17 Years,0.08691779550937094,0.06618004866180048,0.06714420085377325,0.06502498215560314,0.07672320461927103,0.07890510688412262,0.08034666114218632,0.08302430984754841,0.09200305174087946,0.08540621694475722,0.07911574528589323,0.0791215719239256,0.0779123619522622,0.07793285008474882
56,Age,60 and older,0.1599554648357766,0.1797117724125023,0.1835974242095362,0.1826552462526767,0.1977625405990617,0.1946754220049249,0.195014156480906,0.1981870622167285,0.1984671937855458,0.1945610263759511,0.1955381021700125,0.1961052152288887,0.21132882080513,0.2142522269104548
41,Educational Attainment,College Degree or higher,0.6163835693784407,0.09058975781105565,0.09553877831159918,0.09286973821042636,0.08969430715723961,0.09462049293577572,0.09226751156019866,0.09715004191114837,0.09411864912056557,0.0978784549066013,0.08205620745813672,0.09379202637629604,0.09616905368596784,0.08851384712060685
53,Educational Attainment,"College Degree or higher by Race, American Indian and Alaska Native Alone",0.6428571428571429,0.2041884816753927,0.0,0.0,0.1274509803921569,0.2209302325581395,0.3188405797101449,0.3382352941176471,0.3636363636363636,0.0,0.0,0.0,0.5641025641025641,0.5294117647058824
97,Educational Attainment,"College Degree or higher by Race, Asian Alone",0.5249468346147554,0.6100353356890459,0.6163540445486518,0.6626797664815606,0.6482996125699526,0.6658166879161355,0.6653649340156208,0.6610738255033557,0.6468205254112448,0.6634943875061006,0.672651453724082,0.7076535508637236,0.6504381694255112,0.66020395316631
73,Educational Attainment,"College Degree or higher by Race, Black or African American Alone",0.4664948453608248,0.6106194690265486,0.5840978593272171,0.2947019867549669,0.3502994011976048,0.3741258741258741,0.4331797235023042,0.399548532731377,0.4743276283618582,0.4730021598272138,0.5215419501133787,0.4738095238095238,0.5410821643286573,0.5071428571428571
88,Educational Attainment,"College Degree or higher by Race, Hispanic or Latino",0.3469921534437663,0.5464527027027027,0.6332007952286283,0.6613055818353831,0.6852886405959032,0.6629213483146067,0.7060133630289532,0.7355670103092784,0.7375776397515528,0.7347391786903441,0.6963713980789754,0.5471789883268483,0.6253243383497665,0.6641402179062056
50,Educational Attainment,"College Degree or higher by Race, Native Hawaiian and Other Pacific Islander Alone",0.5714285714285714,0.453125,0.4935064935064935,0.4081632653061225,0.3571428571428572,0.58,,0.0,0.0,0.3125,0.2368421052631579,0.2558139534883721,0.5789473684210527,0.1764705882352941
71,Educational Attainment,"College Degree or higher by Race, Some Other Race Alone",0.3,0.6005747126436781,0.5738831615120275,0.5775193798449613,0.7416267942583732,0.7100313479623824,0.6920052424639581,0.7318573185731857,0.650887573964497,0.5508021390374331,0.5488721804511278,0.3809931506849315,0.4547283702213279,0.4460285132382892
106,Educational Attainment,"College Degree or higher by Race, Two or More Races",0.5485436893203883,0.9121621621621622,0.9176755447941889,0.8391376451077943,0.9089506172839507,0.7623376623376623,0.6880503144654088,0.714765100671141,0.7758444216990789,0.7621247113163973,0.8734321550741163,0.9014238773274917,0.83886925795053,0.8471926083866382
111,Educational Attainment,"College Degree or higher by Race, White Alone",0.6722015876483869,0.744070008444001,0.7362269207861822,0.7258485639686684,0.71017317640003,0.7223944493652199,0.7611940298507462,0.7873343151693667,0.8075358759880286,0.8321809709905306,0.8443885330893565,0.8462550357642029,0.832901554404145,0.8399151868539624
114,Educational Attainment,"College Degree or higher by Race, White Alone, Not Hispanic or Latino",0.6877252165912751,0.758177473840323,0.7390927021696252,0.7273286670256134,0.7146957977832709,0.732815785217532,0.7693761814744802,0.7957093313976934,0.8143169215257939,0.8331712850429428,0.8491776315789473,0.8570299464301396,0.8382312551496841,0.8406902469253503
44,Educational Attainment,High School or Less,0.1712699383616431,0.1758180809761509,0.169114619080302,0.1685581227110368,0.1861156873512722,0.1733743370325801,0.1613289946908717,0.141533948030176,0.1424130147779055,0.120742118164145,0.1219777007558358,0.1135308663398551,0.127317458922766,0.1258135463889762
99,Educational Attainment,"High School or Less by Race, American Indian and Alaska Native Alone",0.0,0.2146596858638743,0.3333333333333333,0.3936170212765958,0.2843137254901961,0.4302325581395349,0.0,0.0,0.0,0.0,0.0,0.0,0.2051282051282051,0.2058823529411765
76,Educational Attainment,"High School or Less by Race, Asian Alone",0.247668902339277,0.2060777385159011,0.2174677608440797,0.1890929802078884,0.1760654326302195,0.1886952826179346,0.1928359816859682,0.2068108376833209,0.2084458630002455,0.227061981454368,0.1969187999536662,0.1762236084452975,0.1982716650438169,0.195769860254312
78,Educational Attainment,"High School or Less by Race, Black or African American Alone",0.2757731958762887,0.2890855457227139,0.2599388379204893,0.1589403973509934,0.1646706586826347,0.1328671328671329,0.06451612903225806,0.1444695259593679,0.1344743276283619,0.123110151187905,0.108843537414966,0.119047619047619,0.09819639278557114,0.07142857142857142
86,Educational Attainment,"High School or Less by Race, Hispanic or Latino",0.3121185701830863,0.1326013513513513,0.2097415506958251,0.1948912015137181,0.1126629422718808,0.1371969248965109,0.1391982182628062,0.1288659793814433,0.1143892339544513,0.1514983351831299,0.1504802561366062,0.2830739299610895,0.2428645563051375,0.2055897678825201
94,Educational Attainment,"High School or Less by Race, Native Hawaiian and Other Pacific Islander Alone",0.4285714285714285,0.265625,0.1688311688311688,0.2244897959183673,0.2380952380952381,0.18,,0.0,0.0,0.0,0.2894736842105263,0.2790697674418605,0.4210526315789473,0.8235294117647058
95,Educational Attainment,"High School or Less by Race, Some Other Race Alone",0.2411764705882353,0.221264367816092,0.3470790378006873,0.3255813953488372,0.0861244019138756,0.09717868338557993,0.1205766710353866,0.1107011070110701,0.1727810650887574,0.2606951871657754,0.2380952380952381,0.425513698630137,0.3802816901408451,0.3625254582484725
46,Educational Attainment,"High School or Less by Race, Two or More Races",0.1537216828478964,0.03547297297297297,0.03753026634382567,0.1359867330016584,0.03549382716049383,0.02727272727272727,0.02264150943396226,0.02572706935123042,0.00511770726714432,0.02193995381062356,0.03648802736602053,0.06352683461117196,0.09257950530035336,0.0923951670220327
25,Educational Attainment,"High School or Less by Race, White Alone",0.1334935547301726,0.08344208183004528,0.08710541989279333,0.09957934435741224,0.1027063498013344,0.1008266902863891,0.08904751604297353,0.08814432989690722,0.07083109508096079,0.064707650683902,0.05489478499542543,0.0557428266052783,0.06303972366148532,0.05928085519922255
21,Educational Attainment,"High School or Less by Race, White Alone, Not Hispanic or Latino",0.1229011730430116,0.08379335914970751,0.08497041420118343,0.09822321359895393,0.1024639183478191,0.09671680414038493,0.08333333333333333,0.08258730542785708,0.06763569148042346,0.05963377086371738,0.0493421052631579,0.04768595767102837,0.05795111233177699,0.05672609400324149
45,Educational Attainment,Some College/Associate Degree,0.2123464922599163,0.694814198557959,0.6977350720658888,0.1685581227110368,0.1861156873512722,0.1733743370325801,0.1613289946908717,0.141533948030176,0.1424130147779055,0.120742118164145,0.1219777007558358,0.1135308663398551,0.127317458922766,0.1258135463889762
64,Educational Attainment,"Some College/Associate Degree by Race, American Indian and Alaska Native Alone",0.3571428571428572,0.581151832460733,0.6666666666666666,0.6063829787234043,0.5882352941176471,0.3488372093023256,0.6811594202898551,0.6617647058823529,0.6363636363636364,1.0,1.0,1.0,0.2307692307692308,0.2647058823529412
42,Educational Attainment,"Some College/Associate Degree by Race, Asian Alone",0.2273842630459676,0.183886925795053,0.1661781946072685,0.1482272533105511,0.1756349547998278,0.14548802946593,0.141799084298411,0.1321153368133234,0.1447336115885097,0.1094436310395315,0.1304297463222518,0.1161228406909789,0.1512901655306719,0.1440261865793781
75,Educational Attainment,"Some College/Associate Degree by Race, Black or African American Alone",0.2577319587628866,0.1002949852507375,0.1559633027522936,0.5463576158940397,0.4850299401197605,0.493006993006993,0.5023041474654378,0.4559819413092551,0.39119804400978,0.4038876889848812,0.3696145124716553,0.4071428571428571,0.3607214428857716,0.4214285714285714
54,Educational Attainment,"Some College/Associate Degree by Race, Hispanic or Latino",0.3408892763731474,0.3209459459459459,0.1570576540755467,0.1438032166508988,0.202048417132216,0.1998817267888823,0.1547884187082405,0.1355670103092783,0.1480331262939959,0.1137624861265261,0.1531483457844184,0.1697470817120623,0.131811105345096,0.1302700142112743
74,Educational Attainment,"Some College/Associate Degree by Race, Native Hawaiian and Other Pacific Islander Alone",0.0,0.28125,0.3376623376623377,0.3673469387755102,0.4047619047619048,0.24,,1.0,1.0,0.6875,0.4736842105263158,0.4651162790697674,0.0,0.0
52,Educational Attainment,"Some College/Associate Degree by Race, Some Other Race Alone",0.4588235294117647,0.1781609195402299,0.07903780068728522,0.09689922480620156,0.1722488038277512,0.1927899686520376,0.1874180865006553,0.1574415744157442,0.1763313609467456,0.1885026737967914,0.2130325814536341,0.1934931506849315,0.164989939637827,0.1914460285132383
49,Educational Attainment,"Some College/Associate Degree by Race, Two or More Races",0.2977346278317152,0.05236486486486486,0.04479418886198547,0.02487562189054726,0.05555555555555555,0.2103896103896104,0.2893081761006289,0.2595078299776286,0.2190378710337769,0.2159353348729792,0.09007981755986318,0.03504928806133625,0.0685512367491166,0.06041222459132907
39,Educational Attainment,"Some College/Associate Degree by Race, White Alone",0.1943048576214405,0.1724879097259538,0.1766676593210244,0.1745720916739193,0.1871204737986356,0.1767788603483909,0.1497584541062802,0.1245213549337261,0.1216330289310107,0.1031113783255674,0.1007166819152181,0.09800213763051879,0.1040587219343696,0.1008039579468151
38,Educational Attainment,"Some College/Associate Degree by Race, White Alone, Not Hispanic or Latino",0.1893736103657134,0.1580291670099695,0.1759368836291913,0.1744481193754327,0.18284028386891,0.1704674106420831,0.1472904851921865,0.1217033631744495,0.1180473869937826,0.1071949440933398,0.1014802631578947,0.09528409589883201,0.1038176325185389,0.1025836590714081
409,Employment,Employed Residents,16235.0,16295.0,16514.0,16523.0,16220.0,16365.0,17220.0,17423.0,17409.0,18069.0,18199.0,17265.0,16794.0,16356.0
92,Employment,Managerial Professional,0.638250692947336,0.4633323105247008,0.4293932420976141,0.4257096168976578,0.4397657213316893,0.4554842652001222,0.4437862950058072,0.4702978821098548,0.4841174105347809,0.4943826443079307,0.514149129073026,0.5154358528815522,0.5048826962010242,0.506052824651504
3,Employment,Natural Resources,0.02519248537111179,0.02430193310831543,0.02761293447983529,0.02130363735399141,0.02003699136868064,0.01588756492514513,0.01585365853658537,0.01308615049073064,0.01660060888046413,0.01732248602579003,0.01208857629540085,0.009441065739936288,0.00916994164582589,0.004952311078503301
2,Employment,Production Transport Materials,0.04077610101632276,0.01454433875421909,0.01641031851762141,0.00841251588694547,0.008816276202219482,0.004338527344943477,0.007549361207897794,0.0109051254089422,0.01648572577402493,0.02031102994078256,0.01813286444310127,0.01361135244714741,0.01309991663689413,0.010332599657618
28,Employment,Sales and Office,0.2116415152448414,0.1181957655722614,0.1289814702676517,0.1157174847182715,0.1197287299630086,0.1078521234341583,0.1100464576074332,0.08574872295241921,0.09408926417370325,0.08960097404394267,0.08187263036430573,0.06620330147697655,0.0699654638561391,0.05881633651259477
19,Employment,Services,0.08413920542038805,0.04166922368824793,0.05032093980864721,0.05247231132360951,0.04765721331689272,0.05187901008249313,0.05058072009291521,0.04838431957756988,0.04549371014992246,0.05883004040068626,0.06220121984724435,0.06353895163625832,0.06430868167202572,0.06541941795059916
12,Employment,Unemployment Rate,0.02777777777777778,0.04206265399507216,0.03795628923506161,0.04114438254410399,0.04773087535959608,0.05135934148745,0.04237570904237571,0.03973765432098766,0.03657996679579413,0.03198328511732562,0.03366431264270164,0.03288146986332063,0.03715170278637771,0.04042241126430038
14,Employment,"Unemployment Rate by Race, American Indian and Alaska Native Alone",0.0,0.1413612565445026,0.2564102564102564,0.2978723404255319,0.2058823529411765,0.3488372093023256,0.6811594202898551,0.6617647058823529,0.6363636363636364,1.0,1.0,0.0,0.0,0.0
7,Employment,"Unemployment Rate by Race, Asian Alone",0.02777777777777778,0.03121840242669363,0.03110359187922957,0.02648495757264078,0.03321271646420264,0.03315632690066054,0.02107494700087293,0.01705138615009859,0.0176437108708025,0.01484924053502607,0.01768214742224116,0.01009652723843337,0.01795798509148408,0.0239349519010536
17,Employment,"Unemployment Rate by Race, Black or African American Alone",0.05901639344262295,0.08192090395480225,0.01392757660167131,0.008928571428571428,0.02162162162162162,0.01515151515151515,0.008032128514056224,0.005847953216374269,0.007662835249042145,0.0,0.0,0.0,0.0,0.0
11,Employment,"Unemployment Rate by Race, Hispanic or Latino",0.04503311258278146,0.07172413793103448,0.02550637659414854,0.02143845089903181,0.03812316715542522,0.03313550939663699,0.01343570057581574,0.04158964879852126,0.04860155891792756,0.05954123962908736,0.1153474903474904,0.1077396657871592,0.09826325411334552,0.0724269377382465
22,Employment,"Unemployment Rate by Race, Native Hawaiian and Other Pacific Islander Alone",0.0,0.0,0.0,0.0,0.0,0.0,,0.0,0.0,0.0,0.0,0.0,0.0,0.0
13,Employment,"Unemployment Rate by Race, Some Other Race Alone",0.03418803418803419,0.04132231404958678,0.0,0.0,0.0,0.003865979381443299,0.002249718785151856,0.004597701149425287,0.01923076923076923,0.04052443384982122,0.1649717514124294,0.114176245210728,0.1528998242530756,0.1160799238820171
9,Employment,"Unemployment Rate by Race, Two or More Races",0.05017921146953405,0.04838709677419355,0.0261569416498994,0.06930693069306931,0.08367071524966262,0.09052183173588925,0.09425785482123511,0.08047105004906771,0.04203935599284436,0.02689721421709894,0.01512096774193548,0.06635514018691589,0.06471686372121967,0.06702573309395571
5,Employment,"Unemployment Rate by Race, White Alone",0.02581227436823105,0.02553999859283754,0.02421129860601614,0.02705814622913068,0.03094635964328497,0.03385642737896494,0.03000198688654878,0.03023639362286971,0.02950937950937951,0.02489948508146999,0.01896178803172315,0.02132921174652241,0.01700789940351443,0.0203255391225316
4,Employment,"Unemployment Rate by Race, White Alone, Not Hispanic or Latino",0.02514597852702957,0.022186763923714,0.02338973411062136,0.02678327411861164,0.02929701354898205,0.03244945795487841,0.03108846013833273,0.026854802002731,0.02555325585097914,0.02024755501222494,0.0134934872474846,0.01856282484943486,0.0180326467823263,0.02196428571428571
116,Households,Average Family Household Size,2.950248756218905,2.96690219412421,2.994076467420571,3.011580882352941,3.016070124178232,2.998937677053824,2.989506995336442,2.986647125875264,2.987354085603113,3.037072856221792,3.053793790469865,3.085482161780289,3.093417493237151,3.033068305023491
115,Households,Average Household Size,2.209867330016584,2.263431247339293,2.258807702009586,2.315565031982942,2.273389213445093,2.265260173448966,2.312052063596672,2.315600228814252,2.284270578647107,2.320065252854812,2.34161693779122,2.284496316530089,2.264177733233108,2.23452330953381
96,Households,Family Households,0.4666666666666667,0.4578969774372073,0.4684268056840158,0.4639658848614073,0.4636355939378545,0.4709806537691795,0.4946041683828981,0.5018386859524393,0.5026894865525673,0.5060358890701468,0.4923567399656666,0.4686698121016472,0.4631253654054957,0.4648467030659387
405,Households,Households,12060.0,11745.0,11893.0,11725.0,11811.0,11992.0,12139.0,12237.0,12270.0,12260.0,12233.0,12081.0,11973.0,11905.0
82,Households,"Households with 60 years and older, % of Total (DEC, 65 years and older)",0.2664179104477612,0.2894848871860366,0.2963928361220886,0.3071215351812367,0.3269833206333079,0.3147931954636424,0.3214432819836889,0.3180518100841709,0.3148329258353708,0.3077487765089723,0.3194637456061473,0.3215793394586541,0.3447757454272112,0.3385972280554389
47,Households,"Households with Children, % of Total",0.1834162520729685,0.1553852703277991,0.1679979820062222,0.1710874200426439,0.1788163576327153,0.1812875250166778,0.1948265919762748,0.1891803546620904,0.1974735126324368,0.1971451876019576,0.1957001553175836,0.1924509560466849,0.1901779002756201,0.1935321293574128
100,Households,Non-Family Households,0.5333333333333333,0.5421030225627926,0.5315731943159842,0.5360341151385928,0.5363644060621454,0.5290193462308206,0.5053958316171019,0.4981613140475607,0.4973105134474328,0.4939641109298532,0.5076432600343334,0.5313301878983527,0.5368746345945044,0.5351532969340613
85,Households,"Single Person Households, % of Total",0.3393034825870647,0.3472115793954875,0.3408727823089212,0.3346695095948827,0.3505207010414021,0.3398098732488326,0.3132877502265425,0.3128217700416769,0.3284433577832111,0.3227569331158238,0.3302542303605003,0.3588279115967221,0.3639021130877809,0.347165056698866
241,Housing,Median Year Moved In Owner,1985.95423563778,1992.803617571059,1996.855351976856,1993.043944265809,1993.34451901566,2000.114068441065,1996.843065693431,1997.855251544572,2000.58938547486,1999.140316205534,1991.870144284129,1998.914893617021,2008.760942760943,2001.72607879925
243,Housing,Median Year Moved In Renter,1996.551667216903,2005.043681318681,2006.058538833833,2004.658236500342,2005.688006952491,2010.514556296037,2009.671201814059,2010.818771511782,2014.466870229008,2011.916277518346,2012.35842985843,2014.136922176712,2018.02599009901,2015.165685449958
240,Housing,Median Year Structure Built,1945.797321972002,1947.346208869814,1942.735330836455,1947.005689900427,1944.98720409469,1950.049776643267,1944.563882063882,1944.415917843389,1942.881806108898,1943.819875776398,1944.993293091885,1945.964601769911,1943.546646106399,1944.526791927627
23,Housing,"Overcrowding, Renter Occupied Housing",0.06042780748663101,0.01694915254237288,0.01511123548341962,0.01727712508638563,0.01964664310954064,0.02063895957025728,0.01579466929911155,0.01975662133142448,0.027806234450461,0.0322439451415232,0.03993679069099267,0.03913405495420483,0.035642999714856,0.02468959611816755
87,Housing,Owner Occupied,0.3818692670027271,0.4072371221796509,0.3990582695703355,0.3829424307036247,0.4009821352976039,0.4101067378252168,0.4158497405058078,0.4291901609871701,0.4431132844335778,0.4409461663947798,0.4309654214011281,0.4035261981624038,0.4141819092959158,0.4114237715245695
48,Housing,"Owner Occupied by Race, American Indian and Alaska Native Alone",0.00264440955292951,0.4033613445378151,0.4210526315789473,0.2368421052631579,0.1702127659574468,1.0,,,,,,,0.0,0.0
98,Housing,"Owner Occupied by Race, Asian Alone",0.2375010329724816,0.5162367223065251,0.500625,0.5077688004972032,0.4782479141835518,0.5099394987035436,0.5319693094629157,0.5565789473684211,0.5571351931330472,0.5811873136351314,0.5589364035087719,0.5143165856293895,0.518189630478373,0.5052255225522553
55,Housing,"Owner Occupied by Race, Black or African American Alone",0.01008181142054376,0.3390804597701149,0.263681592039801,0.2558139534883721,0.239766081871345,0.15625,0.235632183908046,0.2228571428571429,0.1479289940828402,0.1042654028436019,0.1403508771929824,0.2251082251082251,0.3359073359073359,0.5381165919282511
62,Housing,"Owner Occupied by Race, Hispanic or Latino",0.2756052141527002,0.328881469115192,0.2747068676716918,0.2222222222222222,0.25177304964539,0.2472527472527473,0.1340482573726542,0.1819221967963387,0.2102564102564103,0.2564102564102564,0.2677484787018256,0.255566311713456,0.2971926427879961,0.3040421792618629
57,Housing,"Owner Occupied by Race, Native Hawaiian and Other Pacific Islander Alone",0.1266837451450293,0.7297297297297297,0.6666666666666666,0.5217391304347826,0.4736842105263158,0.6666666666666666,,,,0.0,0.55,0.5217391304347826,0.4210526315789473,0.8235294117647058
59,Housing,"Owner Occupied by Race, Some Other Race Alone",0.001983307164697132,0.2026143790849673,0.1532846715328467,0.1792452830188679,0.0,0.0,0.02788844621513944,0.03061224489795918,0.02362204724409449,0.1861111111111111,0.1343963553530752,0.1794453507340946,0.1364452423698384,0.1772908366533865
68,Housing,"Owner Occupied by Race, Two or More Races",0.0,0.2069825436408977,0.1472275334608031,0.1663066954643629,0.1511387163561076,0.1031128404669261,0.1685649202733485,0.1618625277161863,0.2087912087912088,0.2379746835443038,0.2923076923076923,0.2056737588652482,0.3129548762736536,0.2548476454293629
83,Housing,"Owner Occupied by Race, White Alone",0.002974960747045699,0.3745704467353952,0.3805286911669891,0.3497728747566515,0.395778364116095,0.3999474444882407,0.3937596699329551,0.40122389251031,0.4286851532439963,0.4053982883475971,0.3998678122934567,0.3822824093666243,0.3983857019313923,0.3899556868537666
84,Housing,"Owner Occupied by Race, White Alone, Not Hispanic or Latino",0.3512422751923319,0.3737302483069977,0.3831454495463294,0.3550895708929315,0.4027816802472605,0.410336504330541,0.4161793372319688,0.4199102879467516,0.444556888824635,0.4157685762904141,0.4016161043379643,0.3808957000446362,0.3999698704429045,0.392993024730501
374,Housing,Post 1979 All and Pre 1979 Single Family Renter Occupied by Year Structure Built by Units in Structure,1060.0,4609.0,4838.0,4854.0,4538.0,4689.0,1631.0,1618.0,1465.0,1424.0,1675.0,1722.0,1686.0,1681.0
391,Housing,Pre 1980 MultiFamily Renter Occupied by Year Structure Built by Units in Structure,6420.0,2227.0,2165.0,2248.0,2375.0,2286.0,5444.0,5367.0,5368.0,5430.0,5286.0,5475.0,5321.0,5319.0
105,Housing,Renter Occupied,0.618130732997273,0.5927628778203491,0.6009417304296645,0.6170575692963752,0.599017864702396,0.5898932621747832,0.5841502594941923,0.5708098390128299,0.5568867155664222,0.5590538336052202,0.5690345785988719,0.5964738018375962,0.5858180907040842,0.5885762284754305
113,Housing,"Renter Occupied by Race, American Indian and Alaska Native Alone",0.01528799272787373,0.5966386554621849,0.5789473684210527,0.7631578947368421,0.8297872340425532,0.0,,,,,,,1.0,1.0
90,Housing,"Renter Occupied by Race, Asian Alone",0.001074291380877614,0.4837632776934749,0.499375,0.4922311995027968,0.5217520858164482,0.4900605012964563,0.4680306905370844,0.4434210526315789,0.4428648068669528,0.4188126863648685,0.4410635964912281,0.4856834143706105,0.481810369521627,0.3934444568743707
108,Housing,"Renter Occupied by Race, Black or African American Alone",0.4400462771671763,0.6609195402298851,0.736318407960199,0.7441860465116279,0.7602339181286549,0.84375,0.764367816091954,0.7771428571428571,0.8520710059171598,0.8957345971563981,0.8596491228070176,0.7748917748917749,0.6640926640926641,0.648989898989899
109,Housing,"Renter Occupied by Race, Hispanic or Latino",0.7243947858472998,0.671118530884808,0.7252931323283082,0.7777777777777778,0.74822695035461,0.7527472527472527,0.8659517426273459,0.8180778032036613,0.7897435897435897,0.7435897435897436,0.7322515212981744,0.744433688286544,0.7028073572120038,0.6840236686390533
112,Housing,"Renter Occupied by Race, Native Hawaiian and Other Pacific Islander Alone",0.01363523675729279,0.2702702702702703,0.3333333333333333,0.4782608695652174,0.5263157894736842,0.3333333333333333,,,,1.0,0.45,0.4782608695652174,0.5789473684210527,0.2162162162162162
110,Housing,"Renter Occupied by Race, Some Other Race Alone",0.1256094537641517,0.7973856209150327,0.8467153284671532,0.8207547169811321,1.0,1.0,0.9721115537848606,0.9693877551020408,0.9763779527559056,0.8138888888888889,0.8656036446469249,0.8205546492659054,0.8635547576301615,0.8352272727272727
107,Housing,"Renter Occupied by Race, Two or More Races",0.0007437401867614247,0.7930174563591023,0.8527724665391969,0.8336933045356372,0.8488612836438924,0.896887159533074,0.8314350797266514,0.8381374722838137,0.7912087912087912,0.7620253164556962,0.7076923076923077,0.7943262411347518,0.6870451237263464,0.7368073878627969
104,Housing,"Renter Occupied by Race, White Alone",0.02173374101313941,0.6254295532646048,0.6194713088330109,0.6502271252433485,0.604221635883905,0.6000525555117593,0.6062403300670449,0.59877610748969,0.5713148467560037,0.5946017116524029,0.6001321877065433,0.6177175906333756,0.6016142980686077,0.5522284605254038
103,Housing,"Renter Occupied by Race, White Alone, Not Hispanic or Latino",0.648757724807668,0.6262697516930023,0.6168545504536707,0.6449104291070684,0.5972183197527395,0.5896634956694591,0.5838206627680312,0.5800897120532484,0.555443111175365,0.5842314237095859,0.5983838956620358,0.6191042999553638,0.6000301295570956,0.5543397900340086
407,Housing,Total Number of Units,12557.0,12702.0,12737.0,12644.0,12615.0,12679.0,12718.0,12888.0,12908.0,12943.0,12949.0,12985.0,13034.0,12995.0
36,Housing,Vacant Units,0.03631440630723899,0.07534246575342465,0.06626364135981785,0.07268269534957292,0.06373365041617123,0.05418408391829008,0.04552602610473345,0.05051210428305401,0.04942671211651689,0.0527698369775168,0.05529384508456252,0.06961879091259145,0.08140248580635262,0.08387841477491342
179,Housing Prices,Contract Rent 100 to 149,9.0,0.0,0.0,0.0,0.0,0.0,0.0,0.0,0.0,0.0,0.0,0.0,0.0,0.0
339,Housing Prices,Contract Rent 1000 to 1249,1432.0,951.0,833.0,751.0,722.0,769.0,740.0,668.0,779.0,582.0,487.0,380.0,382.0,316.0
334,Housing Prices,Contract Rent 1250 to 1499,815.0,1222.0,1249.0,1186.0,1221.0,872.0,668.0,623.0,530.0,460.0,401.0,358.0,260.0,187.0
206,Housing Prices,Contract Rent 150 to 199,24.0,0.0,0.0,0.0,0.0,0.0,0.0,0.0,0.0,11.0,27.0,26.0,21.0,16.0
359,Housing Prices,Contract Rent 1500 to 1999,1042.0,1872.0,2161.0,2154.0,2075.0,2185.0,2072.0,1957.0,1695.0,1564.0,1416.0,1311.0,1136.0,953.0
249,Housing Prices,Contract Rent 200 to 249,0.0,11.0,8.0,8.0,31.0,39.0,44.0,35.0,19.0,22.0,0.0,0.0,0.0,0.0
361,Housing Prices,"Contract Rent 2000 to 2499 (Contract Rent 2000 or more, DEC2000 and ACS2009-2014)",416.0,1539.0,1424.0,1819.0,1792.0,1994.0,1244.0,1152.0,1301.0,1438.0,1314.0,1203.0,1172.0,1247.0
291,Housing Prices,Contract Rent 250 to 299,41.0,35.0,47.0,47.0,5.0,6.0,6.0,11.0,28.0,15.0,38.0,43.0,20.0,0.0
351,Housing Prices,Contract Rent 2500 to 2999 (ACS2015-),,136.0,253.0,285.0,259.0,256.0,459.0,795.0,802.0,805.0,1115.0,1434.0,1298.0,1005.0
307,Housing Prices,Contract Rent 300 to 349,58.0,95.0,102.0,88.0,71.0,0.0,0.0,0.0,0.0,0.0,0.0,0.0,0.0,24.0
348,Housing Prices,Contract Rent 3000 to 3499 (ACS2015-),,,,,,,345.0,442.0,470.0,803.0,879.0,883.0,1031.0,929.0
234,Housing Prices,Contract Rent 350 to 399,62.0,57.0,84.0,10.0,10.0,0.0,0.0,0.0,10.0,0.0,0.0,0.0,0.0,0.0
369,Housing Prices,Contract Rent 3500 or more (ACS2015-),,,,,,,178.0,185.0,224.0,356.0,535.0,862.0,1161.0,2057.0
208,Housing Prices,Contract Rent 400 to 449,72.0,0.0,19.0,62.0,38.0,26.0,30.0,12.0,9.0,22.0,10.0,11.0,10.0,0.0
229,Housing Prices,Contract Rent 500 to 549,59.0,0.0,15.0,0.0,0.0,0.0,0.0,7.0,0.0,12.0,13.0,13.0,15.0,0.0
232,Housing Prices,Contract Rent 550 to 599,152.0,0.0,9.0,21.0,17.0,26.0,40.0,28.0,47.0,40.0,19.0,25.0,12.0,10.0
265,Housing Prices,Contract Rent 600 to 649,139.0,38.0,22.0,35.0,0.0,0.0,0.0,0.0,0.0,11.0,11.0,11.0,32.0,3.0
226,Housing Prices,Contract Rent 650 to 699,206.0,90.0,113.0,63.0,118.0,129.0,139.0,116.0,76.0,0.0,0.0,0.0,0.0,0.0
219,Housing Prices,Contract Rent 700 to 749,225.0,47.0,37.0,39.0,19.0,54.0,46.0,15.0,0.0,0.0,6.0,6.0,17.0,0.0
248,Housing Prices,Contract Rent 750 to 749,385.0,150.0,187.0,184.0,182.0,130.0,159.0,103.0,87.0,46.0,35.0,23.0,22.0,0.0
218,Housing Prices,Contract Rent 750 to 799,401.0,70.0,60.0,63.0,170.0,170.0,157.0,128.0,100.0,39.0,90.0,91.0,20.0,54.0
289,Housing Prices,Contract Rent 800 to 899,856.0,145.0,177.0,181.0,118.0,182.0,222.0,182.0,180.0,148.0,183.0,147.0,181.0,45.0
305,Housing Prices,Contract Rent 900 to 999,956.0,504.0,347.0,239.0,227.0,236.0,290.0,307.0,245.0,257.0,180.0,201.0,113.0,108.0
184,Housing Prices,Contract Rent Less than 100,20.0,0.0,0.0,0.0,0.0,0.0,0.0,0.0,17.0,17.0,19.0,22.0,18.0,1.0
400,Housing Prices,Contract Rent Total,7480.0,6962.0,7147.0,7235.0,7075.0,7074.0,7091.0,6985.0,6833.0,6854.0,6961.0,7206.0,7014.0,7007.0
303,Housing Prices,Contract Rent Total No cash Rent (ACS2015-),110.0,,,,,,252.0,219.0,214.0,206.0,183.0,156.0,93.0,52.0
352,Housing Prices,"Contract Rent Total No cash Rent (No cash rent, DEC2000 and ACS2009-2014)",110.0,136.0,253.0,285.0,259.0,256.0,459.0,795.0,802.0,805.0,1115.0,1434.0,1298.0,1005.0
398,Housing Prices,Contract Rent Total With cash Rent,7370.0,6826.0,6894.0,6950.0,6816.0,6818.0,6839.0,6766.0,6619.0,6648.0,6778.0,7050.0,6921.0,6955.0
43,Housing Prices,Extremely Rent Burdened,0.1836898395721925,0.1699224360815857,0.1800755561774171,0.1939184519695923,0.2107420494699647,0.187305626236924,0.1508955013397264,0.1352899069434502,0.1463486023708473,0.134665888532244,0.139491452377532,0.1734665556480711,0.1914741944682064,0.1825317539603254
159,Housing Prices,Home Value 10000 to 14999 ,0.0,0.0,0.0,0.0,0.0,0.0,0.0,0.0,0.0,0.0,0.0,0.0,0.0,0.0
194,Housing Prices,Home Value 100000 to 124999,16.0,26.0,8.0,31.0,32.0,15.0,12.0,12.0,0.0,0.0,0.0,0.0,0.0,0.0
368,Housing Prices,"Home Value 1000000 to 1499999 (1000000 or more, DEC2000 and ACS2009-2014)",321.0,1417.0,1401.0,1189.0,1449.0,1783.0,1459.0,1504.0,1704.0,1766.0,1543.0,1537.0,1517.0,1374.0
149,Housing Prices,Home Value 125000 to 149999,9.0,9.0,6.0,9.0,8.0,8.0,0.0,0.0,0.0,0.0,0.0,0.0,0.0,0.0
145,Housing Prices,Home Value 15000 to 19999 ,0.0,0.0,0.0,0.0,0.0,0.0,0.0,0.0,0.0,0.0,0.0,0.0,0.0,0.0
164,Housing Prices,Home Value 150000 to 174999,0.0,4.0,2.0,3.0,0.0,23.0,18.0,15.0,20.0,19.0,0.0,35.0,33.0,33.0
358,Housing Prices,Home Value 1500000 to 1999999 (ACS2015-),,,,,,,389.0,563.0,793.0,945.0,1173.0,1191.0,1348.0,1271.0
144,Housing Prices,Home Value 175000 to 199999,45.0,7.0,0.0,0.0,0.0,0.0,0.0,0.0,0.0,0.0,0.0,0.0,0.0,0.0
119,Housing Prices,Home Value 20000 to 24999 ,0.0,0.0,0.0,0.0,0.0,0.0,0.0,0.0,0.0,0.0,0.0,0.0,0.0,0.0
178,Housing Prices,Home Value 200000 to 249999,80.0,39.0,112.0,110.0,85.0,93.0,85.0,78.0,78.0,61.0,59.0,60.0,25.0,28.0
362,Housing Prices,Home Value 2000000 or more (ACS2015-),,,,,,,361.0,554.0,800.0,1016.0,1236.0,1108.0,1184.0,1472.0
141,Housing Prices,Home Value 25000 to 29999 ,5.0,34.0,9.0,9.0,10.0,0.0,0.0,0.0,0.0,0.0,0.0,0.0,0.0,0.0
172,Housing Prices,Home Value 250000 to 299999,106.0,15.0,19.0,14.0,9.0,9.0,0.0,10.0,17.0,16.0,18.0,14.0,0.0,0.0
412,Housing Prices,Home Value 30000 to 34999 ,17.0,0.0,0.0,0.0,0.0,0.0,0.0,0.0,0.0,0.0,0.0,,,
253,Housing Prices,Home Value 300000 to 399999,694.0,16.0,61.0,83.0,66.0,79.0,100.0,75.0,23.0,39.0,42.0,36.0,37.0,44.0
117,Housing Prices,Home Value 35000 to 39999 ,26.0,0.0,0.0,0.0,0.0,0.0,0.0,0.0,0.0,0.0,0.0,0.0,0.0,0.0
139,Housing Prices,Home Value 40000 to 49999 ,7.0,0.0,0.0,0.0,0.0,0.0,0.0,0.0,0.0,0.0,0.0,0.0,0.0,0.0
255,Housing Prices,Home Value 400000 to 499999,1052.0,206.0,114.0,130.0,139.0,162.0,140.0,147.0,153.0,181.0,138.0,127.0,153.0,94.0
146,Housing Prices,Home Value 50000 to 59999 ,39.0,38.0,57.0,47.0,48.0,10.0,0.0,0.0,0.0,0.0,0.0,0.0,0.0,0.0
316,Housing Prices,Home Value 500000 to 749999,1587.0,793.0,767.0,699.0,741.0,762.0,729.0,619.0,556.0,380.0,275.0,206.0,166.0,219.0
123,Housing Prices,Home Value 60000 to 69999 ,0.0,28.0,27.0,34.0,26.0,28.0,0.0,0.0,0.0,0.0,0.0,0.0,0.0,0.0
132,Housing Prices,Home Value 70000 to 79999 ,9.0,0.0,0.0,0.0,0.0,0.0,0.0,0.0,0.0,0.0,0.0,0.0,0.0,0.0
344,Housing Prices,Home Value 750000 to 999999,574.0,2052.0,2112.0,2132.0,2098.0,1878.0,1654.0,1578.0,1181.0,899.0,729.0,540.0,461.0,283.0
131,Housing Prices,Home Value 80000 to 89999 ,0.0,17.0,12.0,0.0,0.0,0.0,0.0,0.0,0.0,0.0,0.0,0.0,0.0,0.0
142,Housing Prices,Home Value 90000 to 99999 ,34.0,82.0,39.0,0.0,0.0,0.0,0.0,0.0,0.0,0.0,0.0,0.0,0.0,0.0
209,Housing Prices,Home Value Less than 10000,0.0,0.0,0.0,0.0,25.0,68.0,101.0,97.0,112.0,84.0,59.0,21.0,35.0,80.0
389,Housing Prices,Home Value Total,4621.0,4783.0,4746.0,4490.0,4736.0,4918.0,5048.0,5252.0,5437.0,5406.0,5272.0,4875.0,4959.0,4898.0
252,Housing Prices,Median Contract Rent,1003.491620111732,1499.590834697218,1531.929662193429,1615.598885793872,1610.602409638554,1823.503432494279,1711.993243243243,1793.30608073582,1848.82005899705,2027.121001390821,2172.754946727549,2356.19285120532,2511.363636363636,2755.47263681592
261,Housing Prices,Median Gross Rent by Bedrooms - 1 Bedroom- COUNTY ONLY,,,,,,,1571.274831419719,1710.092300599355,1778.202453453976,1930.228150802306,2145.02296317361,2333.799271795564,2578.733258440991,2587.207634536112
275,Housing Prices,Median Gross Rent by Bedrooms - 2 Bedrooms- COUNTY ONLY,,,,,,,2001.095680699836,1996.717155440971,2213.919610231425,2477.970322480137,2529.153846153846,2737.974804167003,2879.842289209262,3133.215822463154
310,Housing Prices,Median Gross Rent by Bedrooms - 3-4 Bedrooms- COUNTY ONLY,,,,,,,4516.0,5146.893780074853,4709.300866369126,4940.047006511037,5103.894398340249,5551.0,5710.0,5995.05069124424
244,Housing Prices,Median Gross Rent by Bedrooms - 5 Bedrooms or more- COUNTY ONLY,,,,,,,1053.0,,,,,,,
242,Housing Prices,Median Gross Rent by Bedrooms - No Bedroom- COUNTY ONLY,,,,,,,1137.393074204947,1234.179473005344,1254.486108653336,1560.021048789391,1690.246540178571,1858.664241164241,2135.740117297586,2330.352829391892
411,Housing Prices,Median Home Value,527016.3831127915,881274.366471735,884943.1818181819,876172.6078799249,890490.943755958,839989.630457934,952388.1499395405,999207.8580481622,1169747.65258216,1289920.724801812,1426441.996111471,1454944.697462589,1519473.293768546,1615656.963021243
257,Housing Prices,Median Rent,1070.763799743261,1564.289432587194,1589.70792767733,1676.618049225159,1709.714548802947,1755.677524429967,1767.848289538919,1841.377440347072,1915.512901195721,2093.597773138483,2275.318829707427,2449.131513647643,2572.873658133774,2825.654704170708
127,Housing Prices,Median Rent as % of Household Income,25.58565573770492,24.44387568555759,24.62577132486388,25.67450722733246,26.76239255014327,25.98086574654956,24.86652502360717,24.4463768115942,23.1364010989011,22.70459719789842,21.68968321917808,22.80362595419847,23.23270833333333,23.24757516973812
161,Housing Prices,Rent 100 to 149,20.0,0.0,0.0,0.0,0.0,0.0,0.0,0.0,0.0,0.0,0.0,0.0,0.0,0.0
332,Housing Prices,Rent 1000 to 1249,1558.0,942.0,884.0,720.0,662.0,686.0,703.0,633.0,778.0,686.0,576.0,478.0,356.0,338.0
337,Housing Prices,Rent 1250 to 1499,852.0,1308.0,1213.0,1093.0,988.0,796.0,640.0,666.0,554.0,374.0,336.0,247.0,383.0,175.0
177,Housing Prices,Rent 150 to 199,24.0,0.0,0.0,0.0,0.0,0.0,0.0,0.0,0.0,11.0,27.0,26.0,21.0,16.0
357,Housing Prices,Rent 1500 to 1999,1169.0,1921.0,2157.0,2194.0,2172.0,2149.0,2017.0,1844.0,1589.0,1516.0,1245.0,1232.0,1037.0,845.0
216,Housing Prices,Rent 200 to 249,0.0,11.0,0.0,0.0,0.0,0.0,0.0,0.0,0.0,0.0,0.0,0.0,0.0,0.0
360,Housing Prices,"Rent 2000 to 2499  (Rent 2000 or more, DEC2000 and ACS2009-2014)",547.0,1739.0,1677.0,2056.0,2147.0,2310.0,1135.0,1183.0,1378.0,1437.0,1333.0,1209.0,1165.0,1273.0
281,Housing Prices,Rent 250 to 299,32.0,0.0,15.0,10.0,29.0,23.0,26.0,29.0,45.0,32.0,35.0,41.0,17.0,0.0
354,Housing Prices,Rent 2500 to 2999 (ACS2015-),,136.0,253.0,285.0,259.0,256.0,792.0,922.0,866.0,899.0,1220.0,1528.0,1211.0,1031.0
313,Housing Prices,Rent 300 to 349,43.0,27.0,16.0,11.0,9.0,0.0,0.0,0.0,0.0,0.0,0.0,0.0,0.0,0.0
349,Housing Prices,Rent 3000 to 3499 (ACS2015-),,,,,,,335.0,446.0,527.0,760.0,957.0,916.0,951.0,925.0
251,Housing Prices,Rent 350 to 399,16.0,14.0,46.0,18.0,10.0,16.0,16.0,17.0,19.0,0.0,0.0,0.0,0.0,0.0
371,Housing Prices,Rent 3500 or more (ACS2015-),,,,,,,221.0,247.0,270.0,497.0,613.0,958.0,1475.0,2193.0
223,Housing Prices,Rent 400 to 449,59.0,86.0,108.0,100.0,75.0,16.0,16.0,12.0,10.0,36.0,10.0,0.0,0.0,0.0
213,Housing Prices,Rent 450 to 499,113.0,12.0,12.0,10.0,7.0,3.0,8.0,7.0,9.0,8.0,11.0,21.0,25.0,0.0
239,Housing Prices,Rent 500 to 549,83.0,0.0,0.0,0.0,0.0,0.0,11.0,8.0,23.0,11.0,32.0,48.0,0.0,10.0
238,Housing Prices,Rent 550 to 599,137.0,29.0,27.0,11.0,10.0,18.0,22.0,20.0,24.0,24.0,9.0,0.0,52.0,0.0
228,Housing Prices,Rent 600 to 649,177.0,20.0,29.0,54.0,46.0,32.0,35.0,9.0,0.0,16.0,11.0,11.0,0.0,24.0
220,Housing Prices,Rent 650 to 699,154.0,68.0,76.0,43.0,73.0,106.0,105.0,22.0,0.0,0.0,0.0,0.0,0.0,0.0
224,Housing Prices,Rent 700 to 749,339.0,92.0,102.0,77.0,80.0,91.0,115.0,113.0,92.0,16.0,0.0,0.0,34.0,0.0
227,Housing Prices,Rent 750 to 799,310.0,154.0,130.0,140.0,133.0,146.0,129.0,149.0,130.0,30.0,57.0,6.0,0.0,33.0
288,Housing Prices,Rent 800 to 899,834.0,111.0,142.0,174.0,206.0,182.0,227.0,155.0,73.0,70.0,132.0,113.0,128.0,9.0
293,Housing Prices,Rent 900 to 999,894.0,292.0,260.0,239.0,169.0,244.0,286.0,284.0,232.0,225.0,174.0,215.0,65.0,82.0
80,Housing Prices,Rent Burdened,0.3740641711229947,0.3497558172938811,0.3485378480481321,0.3787145818935729,0.4048056537102473,0.3809725756290642,0.3448032717529262,0.3095204008589835,0.2979657544270452,0.2633498686898162,0.2575779342048556,0.3114071606994172,0.3551468491588252,0.3456543456543457
167,Housing Prices,Rent Less than 100,9.0,0.0,0.0,0.0,0.0,0.0,0.0,0.0,0.0,0.0,0.0,1.0,1.0,1.0
399,Housing Prices,Rent Total,7480.0,6962.0,7147.0,7235.0,7075.0,7074.0,7091.0,6985.0,6833.0,6854.0,6961.0,7206.0,7014.0,7007.0
353,Housing Prices,"Rent Total No cash rent  (No cash rent, DEC2000 and ACS2009-2014)",110.0,136.0,253.0,285.0,259.0,256.0,792.0,922.0,866.0,899.0,1220.0,1528.0,1211.0,1031.0
304,Housing Prices,Rent Total No cash rent (ACS2015-),110.0,,,,,,252.0,219.0,214.0,206.0,183.0,156.0,93.0,52.0
397,Housing Prices,Rent Total With cash rent,7370.0,6826.0,6894.0,6950.0,6816.0,6818.0,6839.0,6766.0,6619.0,6648.0,6778.0,7050.0,6921.0,6955.0
24,Housing Type,10-19 Units,0.105598470972366,0.08825381829633129,0.09892439349925414,0.1005219867130655,0.09639318271898534,0.09054341825065068,0.08625570058185249,0.08550589695841092,0.07863340563991324,0.0822065981611682,0.0819368290987721,0.08933384674624567,0.09421512966088691,0.1044247787610619
51,Housing Type,2-4 Units,0.3312096838416819,0.314753582113053,0.3160084792337285,0.3067858272698513,0.3026555687673405,0.3004968846123511,0.3009907218116056,0.284528243327126,0.2920669352339634,0.2955265394421695,0.303266661518264,0.2995764343473238,0.3174773668866043,0.3255867641400539
69,Housing Type,20 Units or More,0.07692920283507207,0.07715320421980791,0.07246604380937427,0.0725245175577349,0.07816091954022988,0.07831847937534506,0.08067306180217015,0.08395406579764121,0.08080260303687635,0.07787993510005409,0.07405977295544057,0.07285329226030035,0.07549485959797453,0.08618699499807618
27,Housing Type,5-9 Units,0.1195349207613283,0.1170681782396473,0.1143911439114391,0.1145998101866498,0.1119302417756639,0.1205142361384967,0.1111023745871993,0.1155338299193048,0.1131856213201116,0.1127250251100981,0.1162251911344505,0.1197535618020793,0.1130888445603805,0.1036552520200077
0,Housing Type,Other Type,0.0007963685593692761,0.0,0.001020648504357384,0.0009490667510281556,0.005390408244153785,0.004811104976733181,0.00534675263406196,0.003801986343885785,0.00410598078710877,0.003708568338097813,0.003243493706077689,0.0026184058529072,0.005370569280343717,0.004694113120430935
70,Housing Type,Single Family Housing,0.3659313530301824,0.4027712171311604,0.3971892910418466,0.4046187915216704,0.4054696789536266,0.4053158766464232,0.4156313885831106,0.4266759776536313,0.4312054539820266,0.4279533338484123,0.4212680515869952,0.4158644589911436,0.39435323001381,0.3754520969603694
341,Income,Household Income 10000 to 14999,527.0,313.0,320.0,383.0,367.0,334.0,283.0,291.0,275.0,215.0,155.0,156.0,142.0,193.0
133,Income,"Household Income 10000 to 14999 by Race, American Indian and Alaska Native Alone",0.0,0.0,0.0,0.0,0.0,0.0,0.0,0.0,0.0,0.0,0.0,0.0,0.0,0.0
311,Income,"Household Income 10000 to 14999 by Race, Asian Alone",131.0,38.0,80.0,62.0,63.0,69.0,49.0,36.0,40.0,40.0,19.0,21.0,29.0,26.0
256,Income,"Household Income 10000 to 14999 by Race, Black or African American Alone",14.0,0.0,0.0,0.0,0.0,17.0,17.0,16.0,17.0,29.0,0.0,0.0,0.0,0.0
237,Income,"Household Income 10000 to 14999 by Race, Hispanic or Latino",30.0,14.0,11.0,16.0,28.0,41.0,30.0,32.0,46.0,46.0,28.0,36.0,32.0,31.0
124,Income,"Household Income 10000 to 14999 by Race, Native Hawaiian and Other Pacific Islander Alone",0.0,0.0,0.0,0.0,0.0,0.0,0.0,0.0,0.0,0.0,0.0,0.0,0.0,0.0
207,Income,"Household Income 10000 to 14999 by Race, Some Other Race Alone",35.0,0.0,0.0,0.0,45.0,50.0,63.0,52.0,72.0,16.0,17.0,23.0,20.0,0.0
204,Income,"Household Income 10000 to 14999 by Race, Two or More Races",5.0,14.0,11.0,32.0,39.0,42.0,35.0,33.0,19.0,0.0,0.0,0.0,0.0,20.0
301,Income,"Household Income 10000 to 14999 by Race, White Alone",342.0,261.0,229.0,289.0,220.0,156.0,119.0,154.0,127.0,130.0,119.0,112.0,93.0,147.0
294,Income,"Household Income 10000 to 14999 by Race, White Alone, Not Hispanic or Latino",342.0,261.0,229.0,289.0,220.0,141.0,106.0,141.0,113.0,100.0,108.0,99.0,81.0,136.0
355,Income,Household Income 100000 to 124999,1122.0,1559.0,1504.0,1243.0,1211.0,1411.0,1382.0,1369.0,1293.0,1326.0,1218.0,1009.0,948.0,791.0
147,Income,"Household Income 100000 to 124999 by Race, American Indian and Alaska Native Alone",6.0,28.0,0.0,0.0,0.0,0.0,0.0,0.0,0.0,0.0,0.0,0.0,22.0,0.0
322,Income,"Household Income 100000 to 124999 by Race, Asian Alone",310.0,397.0,383.0,247.0,266.0,296.0,252.0,337.0,317.0,293.0,328.0,298.0,277.0,294.0
186,Income,"Household Income 100000 to 124999 by Race, Black or African American Alone",28.0,68.0,83.0,11.0,27.0,20.0,19.0,17.0,14.0,49.0,39.0,64.0,63.0,0.0
287,Income,"Household Income 100000 to 124999 by Race, Hispanic or Latino",83.0,79.0,98.0,107.0,95.0,173.0,158.0,207.0,218.0,197.0,171.0,109.0,123.0,115.0
143,Income,"Household Income 100000 to 124999 by Race, Native Hawaiian and Other Pacific Islander Alone",0.0,0.0,0.0,0.0,0.0,0.0,0.0,0.0,0.0,0.0,0.0,0.0,0.0,0.0
231,Income,"Household Income 100000 to 124999 by Race, Some Other Race Alone",11.0,0.0,0.0,0.0,0.0,32.0,59.0,105.0,108.0,126.0,138.0,98.0,18.0,31.0
230,Income,"Household Income 100000 to 124999 by Race, Two or More Races",45.0,14.0,85.0,63.0,95.0,93.0,80.0,52.0,42.0,28.0,54.0,42.0,79.0,48.0
333,Income,"Household Income 100000 to 124999 by Race, White Alone",722.0,1052.0,953.0,922.0,823.0,970.0,972.0,858.0,812.0,830.0,659.0,507.0,489.0,418.0
330,Income,"Household Income 100000 to 124999 by Race, White Alone, Not Hispanic or Latino",661.0,973.0,855.0,815.0,737.0,839.0,865.0,754.0,690.0,759.0,606.0,464.0,442.0,354.0
350,Income,Household Income 125000 to 149999,669.0,833.0,1063.0,1045.0,1118.0,988.0,939.0,1105.0,1182.0,1109.0,1101.0,1036.0,1089.0,922.0
156,Income,"Household Income 125000 to 149999 by Race, American Indian and Alaska Native Alone",0.0,6.0,22.0,29.0,39.0,0.0,0.0,0.0,0.0,0.0,0.0,0.0,0.0,18.0
318,Income,"Household Income 125000 to 149999 by Race, Asian Alone",186.0,183.0,301.0,477.0,507.0,341.0,346.0,386.0,412.0,456.0,403.0,499.0,400.0,231.0
195,Income,"Household Income 125000 to 149999 by Race, Black or African American Alone",29.0,19.0,21.0,21.0,22.0,15.0,12.0,12.0,14.0,0.0,0.0,0.0,14.0,54.0
279,Income,"Household Income 125000 to 149999 by Race, Hispanic or Latino",12.0,52.0,37.0,28.0,50.0,60.0,51.0,76.0,93.0,57.0,107.0,94.0,104.0,151.0
129,Income,"Household Income 125000 to 149999 by Race, Native Hawaiian and Other Pacific Islander Alone",0.0,20.0,26.0,12.0,9.0,18.0,0.0,0.0,0.0,10.0,9.0,11.0,11.0,0.0
222,Income,"Household Income 125000 to 149999 by Race, Some Other Race Alone",7.0,12.0,0.0,0.0,0.0,0.0,7.0,9.0,9.0,14.0,49.0,43.0,102.0,103.0
250,Income,"Household Income 125000 to 149999 by Race, Two or More Races",18.0,51.0,38.0,32.0,32.0,50.0,14.0,0.0,13.0,0.0,0.0,9.0,78.0,95.0
329,Income,"Household Income 125000 to 149999 by Race, White Alone",429.0,542.0,655.0,474.0,509.0,564.0,560.0,698.0,734.0,629.0,640.0,474.0,484.0,421.0
326,Income,"Household Income 125000 to 149999 by Race, White Alone, Not Hispanic or Latino",429.0,513.0,628.0,454.0,469.0,520.0,523.0,622.0,654.0,572.0,571.0,423.0,472.0,406.0
323,Income,Household Income 15000 to 19999,426.0,291.0,279.0,221.0,368.0,321.0,271.0,275.0,265.0,153.0,185.0,194.0,110.0,123.0
137,Income,"Household Income 15000 to 19999 by Race, American Indian and Alaska Native Alone",0.0,0.0,0.0,0.0,0.0,0.0,0.0,0.0,0.0,0.0,0.0,0.0,0.0,0.0
271,Income,"Household Income 15000 to 19999 by Race, Asian Alone",78.0,77.0,59.0,26.0,56.0,62.0,60.0,81.0,98.0,53.0,86.0,87.0,11.0,0.0
193,Income,"Household Income 15000 to 19999 by Race, Black or African American Alone",0.0,0.0,0.0,0.0,0.0,0.0,0.0,0.0,0.0,0.0,0.0,0.0,0.0,10.0
214,Income,"Household Income 15000 to 19999 by Race, Hispanic or Latino",0.0,23.0,39.0,22.0,16.0,19.0,19.0,10.0,11.0,11.0,0.0,12.0,12.0,12.0
140,Income,"Household Income 15000 to 19999 by Race, Native Hawaiian and Other Pacific Islander Alone",0.0,11.0,8.0,6.0,5.0,9.0,0.0,0.0,0.0,0.0,0.0,0.0,0.0,0.0
176,Income,"Household Income 15000 to 19999 by Race, Some Other Race Alone",0.0,23.0,26.0,12.0,7.0,0.0,0.0,0.0,0.0,0.0,0.0,0.0,0.0,0.0
192,Income,"Household Income 15000 to 19999 by Race, Two or More Races",0.0,0.0,0.0,0.0,0.0,0.0,0.0,27.0,31.0,26.0,28.0,22.0,0.0,0.0
286,Income,"Household Income 15000 to 19999 by Race, White Alone",348.0,180.0,186.0,177.0,300.0,250.0,211.0,167.0,136.0,74.0,71.0,85.0,99.0,113.0
280,Income,"Household Income 15000 to 19999 by Race, White Alone, Not Hispanic or Latino",348.0,180.0,173.0,167.0,291.0,231.0,192.0,157.0,125.0,63.0,71.0,73.0,87.0,101.0
365,Income,Household Income 150000 to 199999,800.0,1175.0,1114.0,1285.0,1418.0,1517.0,1590.0,1587.0,1552.0,1631.0,1811.0,1761.0,1617.0,1741.0
138,Income,"Household Income 150000 to 199999 by Race, American Indian and Alaska Native Alone",0.0,13.0,10.0,0.0,0.0,0.0,0.0,0.0,0.0,0.0,0.0,0.0,0.0,0.0
338,Income,"Household Income 150000 to 199999 by Race, Asian Alone",204.0,288.0,304.0,452.0,499.0,586.0,560.0,549.0,448.0,379.0,410.0,400.0,521.0,675.0
201,Income,"Household Income 150000 to 199999 by Race, Black or African American Alone",0.0,0.0,0.0,0.0,0.0,0.0,17.0,16.0,13.0,9.0,10.0,0.0,0.0,0.0
298,Income,"Household Income 150000 to 199999 by Race, Hispanic or Latino",9.0,20.0,14.0,22.0,46.0,108.0,119.0,167.0,217.0,207.0,148.0,123.0,96.0,153.0
157,Income,"Household Income 150000 to 199999 by Race, Native Hawaiian and Other Pacific Islander Alone",0.0,0.0,0.0,0.0,0.0,0.0,0.0,0.0,0.0,0.0,11.0,12.0,8.0,34.0
245,Income,"Household Income 150000 to 199999 by Race, Some Other Race Alone",8.0,0.0,0.0,0.0,42.0,33.0,54.0,9.0,11.0,22.0,18.0,21.0,23.0,33.0
278,Income,"Household Income 150000 to 199999 by Race, Two or More Races",22.0,55.0,62.0,42.0,45.0,45.0,71.0,82.0,107.0,78.0,81.0,72.0,69.0,68.0
347,Income,"Household Income 150000 to 199999 by Race, White Alone",566.0,819.0,738.0,791.0,832.0,853.0,888.0,931.0,973.0,1143.0,1281.0,1256.0,996.0,931.0
345,Income,"Household Income 150000 to 199999 by Race, White Alone, Not Hispanic or Latino",566.0,799.0,724.0,769.0,786.0,745.0,782.0,813.0,819.0,1006.0,1184.0,1187.0,942.0,827.0
324,Income,Household Income 20000 to 24999,392.0,378.0,370.0,335.0,309.0,268.0,238.0,240.0,216.0,250.0,246.0,244.0,185.0,121.0
160,Income,"Household Income 20000 to 24999 by Race, American Indian and Alaska Native Alone",0.0,0.0,0.0,0.0,0.0,0.0,0.0,0.0,0.0,0.0,0.0,0.0,0.0,0.0
290,Income,"Household Income 20000 to 24999 by Race, Asian Alone",99.0,162.0,124.0,138.0,107.0,112.0,99.0,115.0,71.0,55.0,63.0,46.0,72.0,79.0
185,Income,"Household Income 20000 to 24999 by Race, Black or African American Alone",9.0,0.0,0.0,0.0,0.0,0.0,0.0,9.0,8.0,10.0,9.0,6.0,0.0,0.0
211,Income,"Household Income 20000 to 24999 by Race, Hispanic or Latino",20.0,45.0,44.0,44.0,42.0,46.0,0.0,0.0,0.0,45.0,16.0,40.0,0.0,0.0
130,Income,"Household Income 20000 to 24999 by Race, Native Hawaiian and Other Pacific Islander Alone",7.0,0.0,0.0,0.0,0.0,0.0,0.0,0.0,0.0,0.0,0.0,0.0,0.0,0.0
170,Income,"Household Income 20000 to 24999 by Race, Some Other Race Alone",6.0,11.0,10.0,13.0,0.0,0.0,0.0,0.0,0.0,45.0,16.0,40.0,0.0,0.0
173,Income,"Household Income 20000 to 24999 by Race, Two or More Races",14.0,0.0,0.0,0.0,0.0,0.0,14.0,16.0,22.0,24.0,29.0,24.0,0.0,0.0
285,Income,"Household Income 20000 to 24999 by Race, White Alone",257.0,205.0,236.0,184.0,202.0,156.0,125.0,100.0,115.0,116.0,129.0,128.0,113.0,42.0
277,Income,"Household Income 20000 to 24999 by Race, White Alone, Not Hispanic or Latino",250.0,171.0,202.0,153.0,160.0,110.0,125.0,100.0,115.0,116.0,129.0,128.0,113.0,42.0
321,Income,Household Income 25000 to 29999,396.0,255.0,355.0,404.0,349.0,316.0,337.0,185.0,195.0,196.0,303.0,317.0,464.0,365.0
148,Income,"Household Income 25000 to 29999 by Race, American Indian and Alaska Native Alone",11.0,0.0,0.0,0.0,0.0,0.0,0.0,0.0,0.0,0.0,0.0,0.0,0.0,0.0
272,Income,"Household Income 25000 to 29999 by Race, Asian Alone",89.0,33.0,30.0,84.0,69.0,68.0,59.0,34.0,58.0,89.0,104.0,115.0,82.0,10.0
188,Income,"Household Income 25000 to 29999 by Race, Black or African American Alone",0.0,0.0,0.0,0.0,0.0,0.0,0.0,0.0,0.0,0.0,0.0,0.0,73.0,73.0
225,Income,"Household Income 25000 to 29999 by Race, Hispanic or Latino",35.0,0.0,15.0,11.0,10.0,0.0,0.0,0.0,0.0,0.0,0.0,0.0,26.0,30.0
135,Income,"Household Income 25000 to 29999 by Race, Native Hawaiian and Other Pacific Islander Alone",0.0,0.0,0.0,0.0,0.0,0.0,0.0,0.0,0.0,0.0,0.0,0.0,0.0,0.0
190,Income,"Household Income 25000 to 29999 by Race, Some Other Race Alone",0.0,11.0,8.0,12.0,13.0,10.0,0.0,0.0,0.0,0.0,0.0,0.0,26.0,30.0
183,Income,"Household Income 25000 to 29999 by Race, Two or More Races",8.0,0.0,18.0,15.0,19.0,16.0,16.0,0.0,0.0,0.0,10.0,10.0,57.0,0.0
282,Income,"Household Income 25000 to 29999 by Race, White Alone",288.0,211.0,299.0,293.0,248.0,222.0,262.0,151.0,137.0,107.0,189.0,192.0,226.0,252.0
274,Income,"Household Income 25000 to 29999 by Race, White Alone, Not Hispanic or Latino",253.0,211.0,284.0,282.0,238.0,222.0,262.0,151.0,137.0,107.0,189.0,192.0,226.0,252.0
314,Income,Household Income 30000 to 34999,501.0,324.0,251.0,295.0,333.0,273.0,167.0,189.0,227.0,211.0,112.0,99.0,117.0,85.0
128,Income,"Household Income 30000 to 34999 by Race, American Indian and Alaska Native Alone",0.0,0.0,0.0,0.0,0.0,0.0,0.0,0.0,0.0,0.0,0.0,0.0,0.0,0.0
259,Income,"Household Income 30000 to 34999 by Race, Asian Alone",141.0,70.0,15.0,61.0,61.0,60.0,60.0,73.0,48.0,25.0,28.0,0.0,17.0,43.0
182,Income,"Household Income 30000 to 34999 by Race, Black or African American Alone",10.0,0.0,0.0,0.0,0.0,0.0,0.0,0.0,44.0,42.0,47.0,41.0,44.0,0.0
197,Income,"Household Income 30000 to 34999 by Race, Hispanic or Latino",42.0,20.0,17.0,22.0,0.0,22.0,24.0,21.0,16.0,14.0,0.0,0.0,0.0,0.0
118,Income,"Household Income 30000 to 34999 by Race, Native Hawaiian and Other Pacific Islander Alone",0.0,0.0,0.0,0.0,0.0,0.0,0.0,0.0,0.0,0.0,0.0,0.0,0.0,0.0
175,Income,"Household Income 30000 to 34999 by Race, Some Other Race Alone",13.0,20.0,17.0,22.0,0.0,0.0,0.0,0.0,32.0,33.0,17.0,22.0,8.0,0.0
163,Income,"Household Income 30000 to 34999 by Race, Two or More Races",36.0,9.0,9.0,0.0,0.0,0.0,0.0,0.0,5.0,6.0,1.0,1.0,0.0,8.0
270,Income,"Household Income 30000 to 34999 by Race, White Alone",301.0,225.0,210.0,212.0,272.0,213.0,107.0,116.0,98.0,105.0,19.0,35.0,48.0,34.0
262,Income,"Household Income 30000 to 34999 by Race, White Alone, Not Hispanic or Latino",274.0,225.0,210.0,212.0,272.0,191.0,83.0,103.0,82.0,91.0,19.0,35.0,48.0,34.0
308,Income,Household Income 35000 to 39999,673.0,314.0,301.0,268.0,250.0,207.0,223.0,172.0,191.0,201.0,139.0,132.0,118.0,103.0
136,Income,"Household Income 35000 to 39999 by Race, American Indian and Alaska Native Alone",0.0,0.0,0.0,0.0,0.0,0.0,0.0,0.0,0.0,0.0,0.0,0.0,0.0,0.0
246,Income,"Household Income 35000 to 39999 by Race, Asian Alone",109.0,194.0,136.0,97.0,61.0,44.0,47.0,56.0,67.0,71.0,43.0,53.0,14.0,31.0
166,Income,"Household Income 35000 to 39999 by Race, Black or African American Alone",22.0,0.0,13.0,12.0,15.0,14.0,16.0,0.0,0.0,0.0,0.0,0.0,0.0,0.0
189,Income,"Household Income 35000 to 39999 by Race, Hispanic or Latino",42.0,20.0,0.0,13.0,13.0,25.0,37.0,30.0,26.0,31.0,11.0,29.0,29.0,9.0
122,Income,"Household Income 35000 to 39999 by Race, Native Hawaiian and Other Pacific Islander Alone",0.0,0.0,0.0,0.0,0.0,0.0,0.0,0.0,0.0,0.0,0.0,0.0,,0.0
169,Income,"Household Income 35000 to 39999 by Race, Some Other Race Alone",8.0,0.0,0.0,0.0,0.0,0.0,0.0,0.0,0.0,0.0,0.0,0.0,0.0,0.0
174,Income,"Household Income 35000 to 39999 by Race, Two or More Races",14.0,0.0,0.0,13.0,17.0,0.0,0.0,0.0,0.0,0.0,0.0,17.0,48.0,24.0
258,Income,"Household Income 35000 to 39999 by Race, White Alone",520.0,120.0,152.0,146.0,157.0,149.0,160.0,116.0,124.0,130.0,96.0,62.0,56.0,48.0
247,Income,"Household Income 35000 to 39999 by Race, White Alone, Not Hispanic or Latino",486.0,100.0,152.0,133.0,144.0,124.0,123.0,86.0,106.0,111.0,96.0,62.0,56.0,48.0
315,Income,Household Income 40000 to 44999,472.0,469.0,428.0,331.0,270.0,395.0,366.0,277.0,228.0,268.0,234.0,257.0,343.0,153.0
126,Income,"Household Income 40000 to 44999 by Race, American Indian and Alaska Native Alone",0.0,0.0,0.0,0.0,0.0,0.0,0.0,0.0,0.0,0.0,0.0,0.0,0.0,0.0
266,Income,"Household Income 40000 to 44999 by Race, Asian Alone",81.0,113.0,139.0,77.0,76.0,130.0,112.0,89.0,122.0,160.0,62.0,56.0,157.0,29.0
181,Income,"Household Income 40000 to 44999 by Race, Black or African American Alone",0.0,37.0,46.0,58.0,51.0,46.0,61.0,37.0,0.0,0.0,0.0,0.0,0.0,0.0
191,Income,"Household Income 40000 to 44999 by Race, Hispanic or Latino",38.0,28.0,49.0,32.0,11.0,36.0,18.0,15.0,20.0,34.0,78.0,98.0,41.0,19.0
413,Income,"Household Income 40000 to 44999 by Race, Native Hawaiian and Other Pacific Islander Alone",0.0,0.0,0.0,0.0,0.0,0.0,,,,0.0,0.0,0.0,0.0,
168,Income,"Household Income 40000 to 44999 by Race, Some Other Race Alone",19.0,0.0,0.0,0.0,0.0,0.0,0.0,0.0,0.0,0.0,66.0,85.0,21.0,0.0
165,Income,"Household Income 40000 to 44999 by Race, Two or More Races",4.0,0.0,0.0,0.0,0.0,0.0,0.0,0.0,0.0,0.0,0.0,0.0,1.0,19.0
269,Income,"Household Income 40000 to 44999 by Race, White Alone",368.0,319.0,243.0,196.0,143.0,219.0,193.0,151.0,106.0,108.0,106.0,116.0,164.0,105.0
263,Income,"Household Income 40000 to 44999 by Race, White Alone, Not Hispanic or Latino",353.0,291.0,194.0,164.0,132.0,183.0,175.0,136.0,86.0,74.0,94.0,103.0,145.0,105.0
312,Income,Household Income 45000 to 49999,551.0,354.0,266.0,233.0,221.0,225.0,255.0,255.0,271.0,209.0,158.0,137.0,156.0,239.0
150,Income,"Household Income 45000 to 49999 by Race, American Indian and Alaska Native Alone",0.0,9.0,6.0,0.0,0.0,0.0,0.0,0.0,0.0,0.0,0.0,0.0,0.0,0.0
233,Income,"Household Income 45000 to 49999 by Race, Asian Alone",164.0,124.0,81.0,53.0,47.0,42.0,59.0,60.0,48.0,30.0,55.0,49.0,37.0,127.0
187,Income,"Household Income 45000 to 49999 by Race, Black or African American Alone",10.0,0.0,0.0,30.0,16.0,17.0,6.0,24.0,17.0,28.0,30.0,52.0,0.0,0.0
203,Income,"Household Income 45000 to 49999 by Race, Hispanic or Latino",38.0,30.0,20.0,24.0,24.0,8.0,13.0,0.0,0.0,0.0,11.0,13.0,61.0,74.0
121,Income,"Household Income 45000 to 49999 by Race, Native Hawaiian and Other Pacific Islander Alone",0.0,0.0,0.0,0.0,0.0,0.0,0.0,0.0,0.0,0.0,0.0,,0.0,0.0
180,Income,"Household Income 45000 to 49999 by Race, Some Other Race Alone",0.0,10.0,14.0,13.0,14.0,0.0,0.0,0.0,0.0,0.0,0.0,0.0,46.0,57.0
171,Income,"Household Income 45000 to 49999 by Race, Two or More Races",7.0,0.0,0.0,0.0,0.0,0.0,0.0,0.0,0.0,0.0,0.0,0.0,0.0,1.0
268,Income,"Household Income 45000 to 49999 by Race, White Alone",370.0,211.0,165.0,137.0,144.0,166.0,190.0,171.0,206.0,151.0,73.0,36.0,73.0,54.0
260,Income,"Household Income 45000 to 49999 by Race, White Alone, Not Hispanic or Latino",332.0,191.0,159.0,126.0,134.0,158.0,177.0,171.0,206.0,151.0,62.0,23.0,58.0,38.0
335,Income,Household Income 50000 to 59999,829.0,624.0,579.0,644.0,559.0,594.0,624.0,630.0,588.0,460.0,361.0,545.0,438.0,405.0
154,Income,"Household Income 50000 to 59999 by Race, American Indian and Alaska Native Alone",0.0,0.0,0.0,9.0,8.0,8.0,0.0,0.0,0.0,0.0,0.0,0.0,0.0,0.0
296,Income,"Household Income 50000 to 59999 by Race, Asian Alone",225.0,171.0,152.0,215.0,193.0,181.0,203.0,183.0,164.0,98.0,95.0,158.0,225.0,227.0
202,Income,"Household Income 50000 to 59999 by Race, Black or African American Alone",41.0,17.0,10.0,13.0,10.0,14.0,14.0,17.0,15.0,14.0,0.0,44.0,40.0,0.0
254,Income,"Household Income 50000 to 59999 by Race, Hispanic or Latino",53.0,67.0,22.0,35.0,8.0,42.0,51.0,64.0,59.0,58.0,32.0,24.0,13.0,28.0
120,Income,"Household Income 50000 to 59999 by Race, Native Hawaiian and Other Pacific Islander Alone",0.0,0.0,0.0,0.0,0.0,0.0,0.0,0.0,0.0,0.0,0.0,0.0,0.0,0.0
210,Income,"Household Income 50000 to 59999 by Race, Some Other Race Alone",36.0,0.0,0.0,0.0,0.0,14.0,0.0,0.0,0.0,0.0,0.0,13.0,13.0,13.0
196,Income,"Household Income 50000 to 59999 by Race, Two or More Races",35.0,0.0,0.0,0.0,14.0,13.0,24.0,23.0,31.0,14.0,11.0,11.0,13.0,17.0
300,Income,"Household Income 50000 to 59999 by Race, White Alone",492.0,436.0,417.0,407.0,334.0,364.0,383.0,407.0,378.0,334.0,255.0,319.0,147.0,148.0
292,Income,"Household Income 50000 to 59999 by Race, White Alone, Not Hispanic or Latino",477.0,369.0,395.0,372.0,326.0,336.0,332.0,343.0,335.0,290.0,234.0,319.0,147.0,133.0
342,Income,Household Income 60000 to 74999,1357.0,1151.0,1319.0,1226.0,1181.0,1116.0,1061.0,954.0,857.0,868.0,805.0,550.0,459.0,575.0
152,Income,"Household Income 60000 to 74999 by Race, American Indian and Alaska Native Alone",0.0,0.0,0.0,0.0,0.0,0.0,0.0,0.0,0.0,0.0,0.0,0.0,0.0,0.0
306,Income,"Household Income 60000 to 74999 by Race, Asian Alone",308.0,337.0,307.0,300.0,373.0,337.0,341.0,369.0,284.0,222.0,178.0,94.0,77.0,151.0
198,Income,"Household Income 60000 to 74999 by Race, Black or African American Alone",10.0,33.0,28.0,27.0,12.0,0.0,0.0,0.0,0.0,0.0,0.0,0.0,0.0,60.0
276,Income,"Household Income 60000 to 74999 by Race, Hispanic or Latino",45.0,68.0,138.0,102.0,95.0,26.0,26.0,0.0,20.0,20.0,95.0,90.0,114.0,64.0
155,Income,"Household Income 60000 to 74999 by Race, Native Hawaiian and Other Pacific Islander Alone",0.0,0.0,0.0,0.0,0.0,0.0,0.0,0.0,0.0,0.0,0.0,0.0,0.0,0.0
215,Income,"Household Income 60000 to 74999 by Race, Some Other Race Alone",17.0,36.0,41.0,0.0,0.0,0.0,0.0,0.0,0.0,0.0,39.0,36.0,60.0,23.0
217,Income,"Household Income 60000 to 74999 by Race, Two or More Races",41.0,60.0,51.0,90.0,31.0,89.0,83.0,91.0,71.0,108.0,47.0,39.0,52.0,40.0
319,Income,"Household Income 60000 to 74999 by Race, White Alone",981.0,685.0,892.0,809.0,765.0,690.0,637.0,494.0,502.0,538.0,541.0,381.0,270.0,301.0
317,Income,"Household Income 60000 to 74999 by Race, White Alone, Not Hispanic or Latino",955.0,617.0,764.0,707.0,670.0,664.0,611.0,494.0,493.0,529.0,495.0,338.0,249.0,288.0
363,Income,Household Income 75000 to 99999,1860.0,1762.0,1598.0,1666.0,1634.0,1605.0,1639.0,1617.0,1430.0,1245.0,1198.0,1403.0,1167.0,971.0
125,Income,"Household Income 75000 to 99999 by Race, American Indian and Alaska Native Alone",18.0,11.0,0.0,0.0,0.0,0.0,0.0,0.0,0.0,0.0,0.0,0.0,0.0,0.0
328,Income,"Household Income 75000 to 99999 by Race, Asian Alone",535.0,761.0,630.0,407.0,312.0,360.0,382.0,377.0,387.0,366.0,443.0,568.0,371.0,381.0
212,Income,"Household Income 75000 to 99999 by Race, Black or African American Alone",29.0,0.0,0.0,0.0,18.0,17.0,0.0,16.0,15.0,17.0,22.0,24.0,0.0,0.0
299,Income,"Household Income 75000 to 99999 by Race, Hispanic or Latino",60.0,70.0,29.0,78.0,91.0,112.0,107.0,144.0,116.0,43.0,69.0,105.0,35.0,62.0
153,Income,"Household Income 75000 to 99999 by Race, Native Hawaiian and Other Pacific Islander Alone",0.0,6.0,5.0,5.0,5.0,0.0,0.0,0.0,0.0,0.0,0.0,0.0,0.0,0.0
273,Income,"Household Income 75000 to 99999 by Race, Some Other Race Alone",26.0,11.0,0.0,15.0,34.0,62.0,68.0,84.0,81.0,59.0,18.0,39.0,0.0,36.0
264,Income,"Household Income 75000 to 99999 by Race, Two or More Races",60.0,76.0,94.0,94.0,104.0,110.0,72.0,79.0,70.0,65.0,38.0,37.0,50.0,38.0
336,Income,"Household Income 75000 to 99999 by Race, White Alone",1192.0,897.0,869.0,1145.0,1161.0,1056.0,1117.0,1061.0,877.0,738.0,677.0,735.0,746.0,516.0
331,Income,"Household Income 75000 to 99999 by Race, White Alone, Not Hispanic or Latino",1175.0,847.0,858.0,1100.0,1104.0,1006.0,1078.0,994.0,834.0,738.0,635.0,685.0,711.0,476.0
385,Income,Household Income Greater than 200000,786.0,1511.0,1706.0,1599.0,1672.0,1837.0,2256.0,2549.0,3026.0,3469.0,3728.0,3658.0,4052.0,4563.0
158,Income,"Household Income Greater than 200000 by Race, American Indian and Alaska Native Alone",0.0,52.0,0.0,0.0,0.0,0.0,0.0,0.0,0.0,0.0,0.0,0.0,0.0,0.0
364,Income,"Household Income Greater than 200000 by Race, Asian Alone",100.0,258.0,359.0,360.0,496.0,545.0,649.0,794.0,956.0,1131.0,1160.0,1070.0,1020.0,1126.0
267,Income,"Household Income Greater than 200000 by Race, Black or African American Alone",7.0,0.0,0.0,0.0,0.0,0.0,12.0,11.0,12.0,13.0,14.0,0.0,11.0,10.0
325,Income,"Household Income Greater than 200000 by Race, Hispanic or Latino",20.0,25.0,35.0,20.0,23.0,0.0,84.0,99.0,121.0,159.0,202.0,135.0,230.0,290.0
162,Income,"Household Income Greater than 200000 by Race, Native Hawaiian and Other Pacific Islander Alone",,0.0,0.0,0.0,0.0,0.0,0.0,0.0,0.0,0.0,0.0,0.0,0.0,0.0
283,Income,"Household Income Greater than 200000 by Race, Some Other Race Alone",16.0,19.0,21.0,19.0,0.0,0.0,0.0,35.0,56.0,31.0,43.0,69.0,103.0,76.0
320,Income,"Household Income Greater than 200000 by Race, Two or More Races",23.0,48.0,78.0,6.0,21.0,10.0,11.0,26.0,25.0,28.0,60.0,105.0,195.0,284.0
376,Income,"Household Income Greater than 200000 by Race, White Alone",640.0,1134.0,1248.0,1214.0,1155.0,1282.0,1584.0,1683.0,1977.0,2266.0,2451.0,2414.0,2723.0,3067.0
375,Income,"Household Income Greater than 200000 by Race, White Alone, Not Hispanic or Latino",627.0,1109.0,1213.0,1194.0,1132.0,1282.0,1509.0,1596.0,1887.0,2149.0,2302.0,2353.0,2650.0,2895.0
340,Income,Household Income Less than 10000,699.0,432.0,440.0,547.0,551.0,585.0,508.0,542.0,474.0,449.0,479.0,583.0,568.0,555.0
151,Income,"Household Income Less than 10000 by Race, American Indian and Alaska Native Alone",7.0,0.0,0.0,0.0,0.0,0.0,0.0,0.0,0.0,0.0,0.0,0.0,0.0,0.0
309,Income,"Household Income Less than 10000 by Race, Asian Alone",273.0,89.0,100.0,162.0,170.0,238.0,241.0,261.0,208.0,221.0,171.0,188.0,181.0,206.0
235,Income,"Household Income Less than 10000 by Race, Black or African American Alone",46.0,0.0,0.0,0.0,0.0,0.0,0.0,0.0,0.0,0.0,0.0,0.0,14.0,16.0
236,Income,"Household Income Less than 10000 by Race, Hispanic or Latino",31.0,38.0,29.0,45.0,12.0,10.0,9.0,9.0,12.0,14.0,18.0,125.0,117.0,100.0
134,Income,"Household Income Less than 10000 by Race, Native Hawaiian and Other Pacific Islander Alone",0.0,0.0,0.0,0.0,0.0,0.0,0.0,0.0,0.0,0.0,0.0,0.0,0.0,0.0
200,Income,"Household Income Less than 10000 by Race, Some Other Race Alone",4.0,0.0,0.0,0.0,0.0,0.0,0.0,0.0,12.0,14.0,18.0,124.0,117.0,100.0
199,Income,"Household Income Less than 10000 by Race, Two or More Races",23.0,74.0,77.0,76.0,66.0,46.0,19.0,22.0,19.0,18.0,31.0,34.0,45.0,60.0
302,Income,"Household Income Less than 10000 by Race, White Alone",346.0,269.0,263.0,309.0,315.0,301.0,248.0,259.0,235.0,196.0,259.0,237.0,211.0,173.0
297,Income,"Household Income Less than 10000 by Race, White Alone, Not Hispanic or Latino",333.0,231.0,234.0,264.0,303.0,291.0,239.0,250.0,235.0,196.0,259.0,237.0,211.0,173.0
404,Income,Households Total for Income,12060.0,11745.0,11893.0,11725.0,11811.0,11992.0,12139.0,12237.0,12270.0,12260.0,12233.0,12081.0,11973.0,11905.0
221,Income,"Households Total for Income by Race, American Indian and Alaska Native Alone",42.0,119.0,38.0,38.0,47.0,8.0,0.0,0.0,0.0,0.0,0.0,0.0,22.0,18.0
382,Income,"Households Total for Income by Race, Asian Alone",3033.0,3295.0,3200.0,3218.0,3356.0,3471.0,3519.0,3800.0,3728.0,3689.0,3648.0,3702.0,3491.0,3636.0
343,Income,"Households Total for Income by Race, Black or African American Alone",255.0,174.0,201.0,172.0,171.0,160.0,174.0,175.0,169.0,211.0,171.0,231.0,259.0,223.0
366,Income,"Households Total for Income by Race, Hispanic or Latino",558.0,599.0,597.0,621.0,564.0,728.0,746.0,874.0,975.0,936.0,986.0,1033.0,1033.0,1138.0
205,Income,"Households Total for Income by Race, Native Hawaiian and Other Pacific Islander Alone",7.0,37.0,39.0,23.0,19.0,27.0,0.0,0.0,0.0,10.0,20.0,23.0,19.0,34.0
346,Income,"Households Total for Income by Race, Some Other Race Alone",206.0,153.0,137.0,106.0,155.0,201.0,251.0,294.0,381.0,360.0,439.0,613.0,557.0,502.0
356,Income,"Households Total for Income by Race, Two or More Races",355.0,401.0,523.0,463.0,483.0,514.0,439.0,451.0,455.0,395.0,390.0,423.0,687.0,722.0
396,Income,"Households Total for Income by Race, White Alone",8162.0,7566.0,7755.0,7705.0,7580.0,7611.0,7756.0,7517.0,7537.0,7595.0,7565.0,7089.0,6938.0,6770.0
393,Income,"Households Total for Income by Race, White Alone, Not Hispanic or Latino",7861.0,7088.0,7274.0,7201.0,7118.0,7043.0,7182.0,6911.0,6917.0,7052.0,7054.0,6721.0,6638.0,6308.0
392,Income,Median Family Income,85380.26721479959,108858.2677165354,119962.0573355818,120143.5810810811,123863.6363636364,122482.4355971897,130852.1560574949,140978.2608695652,149706.3758389262,159551.8867924528,171051.227321238,163892.7097661623,172899.1596638655,192910.447761194
388,Income,Median Household Income,66234.3404568902,88727.29852440409,91246.87108886108,89638.35534213686,92556.60954712362,96214.95327102803,101763.7481910275,108975.5295836377,117749.4199535963,126780.8836789901,136886.9209809264,135002.4131274131,142711.2029384757,160094.7731188972
372,Income,"Median Household Income by Race, American Indian and Alaska Native Alone",79166.66666666667,171153.8461538462,139772.7272727273,133620.6896551724,134935.8974358974,55000.0,0.0,0.0,0.0,0.0,0.0,0.0,112500.0,137500.0
383,Income,"Median Household Income by Race, Asian Alone",66160.71428571429,82867.93692509856,89960.31746031746,95515.97051597052,108458.6466165414,102744.9324324324,104712.3015873016,112314.5400593472,121214.5110410095,131661.1842105263,134243.17617866,130911.8236472946,137218.75,148160.1731601732
370,Income,"Median Household Income by Race, Black or African American Alone",54024.39024390244,112132.3529411765,101054.2168674699,47666.66666666666,53500.0,45882.35294117647,44426.22950819672,50882.35294117647,49558.82352941176,49375.0,49916.66666666666,53750.0,34829.54545454546,63125.0
378,Income,"Median Household Income by Race, Hispanic or Latino",50566.03773584906,63198.52941176471,65706.52173913043,66838.23529411765,81318.68131868132,94866.07142857142,106170.8860759494,113526.5700483092,118520.6422018349,119289.3401015228,119736.8421052632,86785.71428571429,107418.6991869919,129139.0728476821
379,Income,"Median Household Income by Race, Native Hawaiian and Other Pacific Islander Alone",22500.0,126875.0,131250.0,126041.6666666667,97500.0,131250.0,0.0,0.0,0.0,137500.0,154545.4545454546,152083.3333333333,146590.9090909091,175000.0
377,Income,"Median Household Income by Race, Some Other Race Alone",55000.0,60625.0,47678.57142857143,33636.36363636364,49464.28571428572,85685.48387096774,97977.94117647059,102619.0476190476,97993.82716049382,102579.3650793651,105163.0434782609,59615.38461538462,66875.0,94444.44444444444
387,Income,"Median Household Income by Race, Two or More Races",71524.39024390244,89309.21052631579,100441.1764705882,76462.76595744681,88341.34615384616,86590.90909090909,84895.83333333333,79272.15189873418,85535.71428571429,75576.92307692308,117592.5925925926,109821.4285714286,124525.3164556962,147631.5789473684
394,Income,"Median Household Income by Race, White Alone",66865.44342507645,93422.51950947603,91844.07364787112,90141.92139737992,89857.8811369509,96768.46590909091,103240.7407407407,111990.0932400932,122398.3990147783,134558.8235294118,148027.34375,154996.0191082802,162550.2008032129,182921.589688507
395,Income,"Median Household Income by Race, White Alone, Not Hispanic or Latino",67578.53403141361,95572.60920897285,93677.15617715617,91625.0,90149.45652173914,96632.70377733599,102543.3526011561,110925.0663129973,121431.1594202899,133784.965034965,148204.9036777583,157561.0783487784,164490.4458598726,184340.9915356711
32,Income,Percent in Poverty,0.08416751021632363,0.07524062769184675,0.08123726616040007,0.1064726579680399,0.1080649948063511,0.1007294454015615,0.09240982675376314,0.09308379652430873,0.0864153627311522,0.08484487709223335,0.07884307863449906,0.09111559818273599,0.0875582804067697,0.07913695919967151
72,Income,"Percent in Poverty by Race, American Indian and Alaska Native Alone",0.1666666666666667,0.0,0.0,0.0,0.0,0.0,0.0,0.0,0.0,0.0,0.0,1.0,0.2307692307692308,0.2647058823529412
31,Income,"Percent in Poverty by Race, Asian Alone",0.1014618434093162,0.05140662072082251,0.06263145594765132,0.08260166358595195,0.08179388869524805,0.09095171120487576,0.09176604202157865,0.09810634428158768,0.0933069224353628,0.08892128279883382,0.08117204513957632,0.08975435649800546,0.08393128941074146,0.07811462712989599
63,Income,"Percent in Poverty by Race, Black or African American Alone",0.2881944444444444,0.1214689265536723,0.02409638554216868,0.107843137254902,0.1137724550898204,0.1799307958477509,0.132762312633833,0.2016129032258064,0.1788461538461538,0.1798245614035088,0.1183431952662722,0.1601307189542484,0.1133671742808799,0.132137030995106
37,Income,"Percent in Poverty by Race, Hispanic or Latino",0.1002785515320334,0.0839030453697949,0.08138711960368011,0.1120689655172414,0.07254237288135593,0.07594361073215097,0.08167675021607605,0.09959183673469388,0.1190576356752209,0.1436990027198549,0.1416184971098266,0.2764044943820225,0.2732793522267207,0.2284082798001427
30,Income,"Percent in Poverty by Race, Native Hawaiian and Other Pacific Islander Alone",0.0,0.375,0.5064935064935064,0.5102040816326531,0.4761904761904762,0.64,,0.0,0.0,0.0,0.0,0.0,0.0,0.0
40,Income,"Percent in Poverty by Race, Some Other Race Alone",0.08370044052863436,0.03579952267303103,0.05797101449275362,0.0627177700348432,0.1929460580912863,0.152327221438646,0.1604519774011299,0.1700975081256771,0.2101090188305253,0.1445270988310308,0.1696178937558248,0.3829787234042553,0.3873873873873874,0.3365817091454273
29,Income,"Percent in Poverty by Race, Two or More Races",0.1036821705426357,0.09786184210526316,0.1072618254497002,0.2008862629246677,0.2111706197398623,0.175531914893617,0.1632373113854595,0.1404805914972274,0.1542893725992318,0.1736066623959001,0.1406347230864966,0.1459940652818991,0.1610993657505286,0.0962360992301112
20,Income,"Percent in Poverty by Race, White Alone",0.06727791608476531,0.08671409344356855,0.08873571783407849,0.1113798524609989,0.1108071135430917,0.09409720067034945,0.08207959233195826,0.07797906349902839,0.06437125748502993,0.06624163213261078,0.06305004597399186,0.0507372982039276,0.04673238408178167,0.04851470368711748
18,Income,"Percent in Poverty by Race, White Alone, Not Hispanic or Latino",0.06688,0.08637528572418092,0.08933315621679065,0.1130496821896485,0.1164437971666887,0.09850705569568478,0.08391608391608392,0.07777317309020583,0.06356933209249052,0.06230636833046472,0.05888202287094254,0.04638635343408649,0.04316156528477334,0.04644919873098512
6,Journey to Work,Journey to Work by Bike,,0.03329377225310762,0.03236723893914221,0.03225012309207287,0.03830429586766463,0.04079079079079079,0.03238480771520419,0.03494576370565816,0.03597460616035739,0.04377697024755849,0.03914969992708509,0.03752378686964795,0.04206642066420664,0.03946790487544707
79,Journey to Work,Journey to Work by Car,,0.5022175026547567,0.4824933850224601,0.4700886262924668,0.4457513051135292,0.4353103103103103,0.4395166091201334,0.4454998534154207,0.4524453327063249,0.4424256188962071,0.4338437377306635,0.4096693625118935,0.3669741697416974,0.3420342598983497
16,Journey to Work,Journey to Work by Carpooled,,0.09513398713223811,0.08916374376961418,0.08087149187592318,0.07063337316812378,0.06994494494494495,0.06649601142993214,0.06695983582527118,0.080531389607336,0.0792641380876675,0.08188905715407482,0.07712892483349192,0.05904059040590406,0.05866850724728619
66,Journey to Work,Journey to Work by Drove Alone,,0.4070835155225186,0.393329641252846,0.3892171344165436,0.3751179319454054,0.3653653653653653,0.3730205976902012,0.3785400175901495,0.371913943098989,0.3631614808085396,0.3519546805765887,0.3325404376784015,0.3079335793357934,0.2833657526510636
8,Journey to Work,Journey to Work by Other Journey Type,,0.02317446436379536,0.01950649190819027,0.0189561792220581,0.02050443424114724,0.02327327327327327,0.02500297654482677,0.02321899736147757,0.02721608276510698,0.02725414490120372,0.03118514779292164,0.03009039010466222,0.03210332103321033,0.0301813390224007
60,Journey to Work,Journey to Work by Transit,,0.2986445124617403,0.2980124300043074,0.3207163958641063,0.3362475627397949,0.3381506506506506,0.3403381354923205,0.3536206391087657,0.3467552316012227,0.3431751078809903,0.359190083571709,0.3219552806850619,0.2720787207872079,0.2318504109932861
33,Journey to Work,Journey to Work by Walk,,0.07701917671309888,0.08805611962340779,0.08604135893648449,0.0754764450594377,0.07751501501501501,0.08066436480533397,0.06901201993550278,0.06042793322360687,0.07120145355439474,0.07667283639015088,0.09823977164605138,0.09981549815498154,0.1157055907636318
58,Journey to Work,Journey to Work by Worked at Home,,0.06565057155350115,0.07956433450249216,0.07194731659281142,0.08371595697842632,0.08495995995995996,0.08209310632218121,0.07370272647317502,0.07718081354338115,0.0721667045196457,0.05995849458746985,0.1025214081826832,0.1869618696186962,0.2407604944468846
408,Journey to Work,Total Workers 16 Years and Older,,16009.0,16251.0,16248.0,15899.0,15984.0,16798.0,17055.0,17012.0,17612.0,17829.0,16816.0,16260.0,15937.0
61,Language Spoken at Home,Asian/Pacific Islander,0.2246553122465531,0.2330563541133383,0.2110813909056171,0.2015144665461121,0.1971809639284632,0.1983467983243567,0.1937033666969973,0.21762292131596,0.2143555571651034,0.2209944751381215,0.2226866738120757,0.2134349337870829,0.2057308314218027,0.2009059419131362
102,Language Spoken at Home,English Only,0.6286254972386359,0.6425392824794235,0.6439816583874666,0.658001808318264,0.6592149136101849,0.6476286654697786,0.6572156505914468,0.6491973220070549,0.6433201752797595,0.6402382148238502,0.6443372633083244,0.630946215876304,0.643251983604708,0.6310380267214799
15,Language Spoken at Home,Other European Languages,0.08859537326690611,0.08163667152364824,0.10760412686282,0.09746081977094635,0.1001439830251591,0.09619988031119091,0.09062784349408554,0.07526455978691239,0.08075906276029407,0.08219128937360981,0.08195784208645945,0.09036768513723459,0.08321738803444516,0.090632256099882
1,Language Spoken at Home,Other Languages,0.009153052948673386,0.008821328712637341,0.009629346580053497,0.01292194092827004,0.01303425280387996,0.008752244165170557,0.006551410373066424,0.00763084011230293,0.007460254228080976,0.007856784099878023,0.004573061807788496,0.003551083820374344,0.004061219117812959,0.004529709565680788
35,Language Spoken at Home,Spanish Only,0.04897076429923145,0.03394636317095263,0.0277034772640428,0.03010096443640747,0.03042588663231282,0.04907241172950329,0.05190172884440401,0.05028435677776978,0.05410495056676203,0.04871923656454043,0.04644515898535191,0.06170008137900421,0.06373857782123116,0.0728940656998211
77,Nativity,Foreign Born,0.3070699573204676,0.2893505521242747,0.2789957311337819,0.2721984296930764,0.2744496571634789,0.2721530280860783,0.2757406256474,0.2874605136657052,0.281765848245249,0.2792506909612038,0.2830495277429839,0.2840881230079507,0.2823655147844674,0.2777236827869739
410,Population,Total Population,26945.0,26715.0,27642.0,28020.0,27710.0,28021.0,28962.0,29124.0,28836.0,29307.0,29539.0,28551.0,28070.0,27729.0
401,Race/Ethnicity,Asian,8201.0,8851.0,8607.0,8714.0,8673.0,8592.0,8906.0,9497.0,9778.0,9788.0,10316.0,9751.0,9443.0,9371.0
367,Race/Ethnicity,Black/African American,576.0,354.0,372.0,351.0,401.0,366.0,563.0,561.0,585.0,725.0,731.0,666.0,647.0,753.0
386,Race/Ethnicity,Latino Population (of Any Race),1445.0,1609.0,1507.0,1741.0,1593.0,2331.0,2427.0,2540.0,2484.0,2338.0,2570.0,2875.0,2695.0,2987.0
295,Race/Ethnicity,Native American Indian,42.0,194.0,78.0,94.0,102.0,86.0,69.0,68.0,44.0,51.0,44.0,8.0,39.0,34.0
284,Race/Ethnicity,Native Hawaiian/Pacific Islander,28.0,64.0,77.0,49.0,42.0,50.0,0.0,16.0,29.0,32.0,38.0,43.0,19.0,34.0
390,Race/Ethnicity,Other/Two or More Races,1495.0,1635.0,1954.0,1765.0,1903.0,2365.0,2470.0,2631.0,2677.0,2615.0,2777.0,3411.0,3895.0,3890.0
402,Race/Ethnicity,"White Alone, Not Hispanic or Latino",15759.0,14451.0,15506.0,15922.0,15599.0,15109.0,15461.0,14817.0,14263.0,14863.0,14411.0,13671.0,13190.0,12534.0
403,Race/Ethnicity,"White, Including Hispanic or Latino",16603.0,15617.0,16554.0,17047.0,16589.0,16562.0,16954.0,16351.0,15723.0,16096.0,15633.0,14672.0,14027.0,13647.0
380,Unit Size,1 Bedroom,3811.0,3301.0,3441.0,3186.0,3320.0,3558.0,3464.0,3467.0,3506.0,3258.0,3199.0,3234.0,3356.0,3604.0
384,Unit Size,2 Bedrooms,3915.0,4348.0,4497.0,4522.0,4256.0,3995.0,4027.0,3936.0,3741.0,3958.0,3857.0,4007.0,4083.0,4129.0
381,Unit Size,3-4 Bedrooms,3690.0,4319.0,4059.0,4001.0,4074.0,4096.0,4147.0,4344.0,4451.0,4432.0,4660.0,4338.0,4152.0,3972.0
327,Unit Size,5 or More Bedrooms,305.0,229.0,283.0,402.0,363.0,429.0,500.0,475.0,418.0,430.0,339.0,258.0,334.0,307.0
373,Unit Size,No Bedroom,836.0,505.0,457.0,533.0,602.0,601.0,580.0,666.0,792.0,865.0,894.0,1148.0,1109.0,983.0
67,Vehicles Available,Households with no Vehicle,0.1549458722419635,0.1360578969774372,0.1427730597830657,0.1630703624733476,0.1796630259927187,0.1785356904603069,0.1687124145316748,0.1743891476669118,0.1675631621841891,0.1646818923327896,0.1751818850649881,0.2126479596059929,0.214399064561931,0.2010079798404032
34,Vehicles Available,Percent of No Vehicle Homeowning Households,0.07487556805886172,0.06983065021952749,0.07796038769490098,0.08173719376391982,0.1005067567567568,0.09882065880439203,0.08359746434231378,0.09063214013709063,0.09306602906014347,0.07713651498335183,0.0832701062215478,0.1091282051282051,0.08671103044968743,0.08697427521437322
89,Vehicles Available,Percent of No Vehicle Renting Households,0.2044117647058823,0.1815570238437231,0.1858122289072338,0.2135452660677263,0.2326501766784452,0.2339553293751767,0.229304752503173,0.2373657838224767,0.2268403336748134,0.2337321272249781,0.2447924148829191,0.2826810990840966,0.3046763615625891,0.2807192807192807
406,Vehicles Available,Vehicles Available,16323.0,15765.0,15752.0,15147.0,14661.0,14969.0,15540.0,15834.0,16080.0,16112.0,16031.0,14699.0,14407.0,13962.0
101,Vehicles Available,Vehicles Homeowners,0.4710531152361698,0.4822074215033302,0.4885728796343322,0.4853766422393873,0.5194734329172634,0.5304295544124524,0.5377091377091378,0.5499557913351016,0.5615049751243781,0.5621276067527309,0.562160813423991,0.5435743928158379,0.5631290344971195,0.5552929379745022
93,Vehicles Available,Vehicles Per Capita,0.6057895713490443,0.5901179112857945,0.5698574632805151,0.5405781584582441,0.5290869722121978,0.5342064879911494,0.5365651543401698,0.5436753193242686,0.5576362879733666,0.5497662674446377,0.5427062527506009,0.5148331056705544,0.5132525828286427,0.5035161744022504
91,Vehicles Available,Vehicles Renters,0.5289468847638302,0.5177925784966698,0.5114271203656678,0.5146233577606126,0.4805265670827365,0.4695704455875476,0.4622908622908623,0.4500442086648983,0.4384950248756219,0.4378723932472691,0.437839186576009,0.4564256071841622,0.4368709655028806,0.4447070620254978
