,Category,Attribute,Marina_2000,Marina_2010,Marina_2011,Marina_2012,Marina_2013,Marina_2014,Marina_2015,Marina_2016,Marina_2017,Marina_2018,Marina_2019,Marina_2020,Marina_2021,Marina_2022
10,Age,0-4 Years,0.03001291356815247,0.03637353167944125,0.03720348406226835,0.04069513579600035,0.04509729752448199,0.04427271995492232,0.04591611479028698,0.05014338059582603,0.05107484076433121,0.05088626584027476,0.04614778325123153,0.0717065036131184,0.06781898931700876,0.06014219991635299
65,Age,18-34 Years,0.4297101126597497,0.4354392489455304,0.4179948109710897,0.3952493232032137,0.3923002563779263,0.4047331562424535,0.4192655027092113,0.4264377887525888,0.426671974522293,0.4366191622912637,0.4452413793103449,0.4250774239656952,0.4207178009842756,0.417189460476788
81,Age,35-59 Years,0.3475531014828339,0.3391083495850152,0.326213862120089,0.3319797397607196,0.3431261295338965,0.3254849875231425,0.3177202488460766,0.3128883224470289,0.312062101910828,0.3018041135367731,0.2949753694581281,0.2966330501072024,0.2955627575721202,0.304642409033877
26,Age,5-17 Years,0.0301465022042125,0.03084040092521203,0.03687916975537435,0.05191686315605624,0.0583785146891943,0.06999114545600901,0.06582380092313868,0.06153417237533854,0.05489649681528663,0.05053096995775927,0.0494975369458128,0.05185420471690622,0.06545832833193294,0.06859054788791301
56,Age,60 and older,0.1625773700850514,0.1582384688648011,0.1817086730911787,0.1801589380840101,0.1610978018745009,0.1555179908234726,0.1512743327312864,0.1489963358292178,0.1552945859872611,0.1601594883739292,0.1641379310344828,0.1547288175970777,0.1504421237946625,0.149435382685069
41,Educational Attainment,College Degree or higher,0.7442220336444866,0.05694855422312205,0.05992271452014187,0.05865781265720897,0.05543876802737717,0.05456010618126659,0.05338750826797695,0.05068647733684409,0.05627522763540787,0.04804069329314243,0.04860884559817309,0.04502541757443718,0.03816793893129771,0.03450916330593701
53,Educational Attainment,"College Degree or higher by Race, American Indian and Alaska Native Alone",0.5806451612903226,0.0,0.0,0.0,0.0,0.3846153846153846,0.3684210526315789,0.71875,0.5319148936170213,0.6944444444444444,0.4736842105263158,0.6451612903225806,0.5932203389830508,1.0
97,Educational Attainment,"College Degree or higher by Race, Asian Alone",0.6869300911854104,0.7734564900340302,0.7940594059405941,0.7765042979942693,0.7898635477582846,0.7452868030485359,0.755078125,0.7345276872964169,0.7286789297658863,0.7243498817966904,0.7905106554081223,0.8300180831826401,0.8280612244897959,0.8371526084836665
73,Educational Attainment,"College Degree or higher by Race, Black or African American Alone",0.625,0.1780104712041885,0.2777777777777778,0.3225806451612903,0.4794520547945205,0.7168141592920354,0.6373626373626373,0.7708333333333334,0.7878787878787878,0.8571428571428571,0.7054263565891473,0.7213114754098361,0.6,0.2061855670103093
88,Educational Attainment,"College Degree or higher by Race, Hispanic or Latino",0.5986577181208054,0.6675799086757991,0.6312893081761006,0.6830601092896175,0.6578525641025641,0.7075840500390931,0.6584880636604774,0.6611747851002865,0.6403568977350721,0.6340956340956341,0.6678082191780822,0.634438955539873,0.7668133249528598,0.7605811749842072
50,Educational Attainment,"College Degree or higher by Race, Native Hawaiian and Other Pacific Islander Alone",0.5277777777777778,0.0,,,,1.0,1.0,1.0,1.0,0.4523809523809524,0.0,0.0,0.0,0.0
71,Educational Attainment,"College Degree or higher by Race, Some Other Race Alone",0.6057142857142858,0.6061946902654868,0.6094276094276094,0.723404255319149,0.7296511627906976,0.7619047619047619,0.678030303030303,0.7298850574712644,0.7,0.4941176470588236,0.5772357723577236,0.6263345195729537,0.5983827493261455,0.6233480176211453
106,Educational Attainment,"College Degree or higher by Race, Two or More Races",0.6225165562913907,0.7578947368421053,0.8028673835125448,0.8786279683377308,0.8384401114206128,0.7527593818984547,0.8350694444444444,0.8773424190800682,0.8800904977375565,0.9312839059674503,0.9763513513513513,0.7872832369942196,0.8633879781420765,0.8460551635663887
111,Educational Attainment,"College Degree or higher by Race, White Alone",0.7565317919075144,0.8120584652862363,0.8123493417392916,0.7962093862815884,0.8126244290900574,0.8083295761947701,0.8220055552406326,0.8338733102446654,0.8338861249309011,0.845409565695437,0.8572860404254135,0.8725300498387569,0.886427956195398,0.8905606070517433
114,Educational Attainment,"College Degree or higher by Race, White Alone, Not Hispanic or Latino",0.7602238228465981,0.81664,0.8204389125450376,0.8019216085517944,0.8209777227722772,0.8133174081815467,0.8331603687198583,0.846117056256352,0.8480156611496708,0.8596646072374228,0.8701206529453513,0.8858091082293651,0.8886483733367289,0.8901714594302687
44,Educational Attainment,High School or Less,0.09793840163729846,0.1237086642786689,0.1098406648668678,0.1232015293289063,0.1107308726472745,0.1215396283655669,0.1165548521213267,0.1098363738950536,0.1025063362433117,0.10060286360211,0.08710444144102157,0.08714596949891068,0.08323073134695888,0.08581346674153861
99,Educational Attainment,"High School or Less by Race, American Indian and Alaska Native Alone",0.0,0.425,0.5227272727272727,0.4444444444444444,0.4166666666666667,0.5769230769230769,0.5789473684210527,0.25,0.1914893617021277,0.0,0.0,0.0,0.0,0.0
76,Educational Attainment,"High School or Less by Race, Asian Alone",0.1514690982776089,0.1142440447253281,0.0896039603960396,0.09209987720016373,0.08888888888888889,0.09546730846369836,0.098046875,0.1197068403908795,0.129180602006689,0.124822695035461,0.1162042621632489,0.08363471971066908,0.07295918367346939,0.07849829351535836
78,Educational Attainment,"High School or Less by Race, Black or African American Alone",0.078125,0.2303664921465969,0.1388888888888889,0.1129032258064516,0.2876712328767123,0.168141592920354,0.1758241758241758,0.1145833333333333,0.2121212121212121,0.1428571428571428,0.1627906976744186,0.1557377049180328,0.2222222222222222,0.0
86,Educational Attainment,"High School or Less by Race, Hispanic or Latino",0.1530201342281879,0.1105022831050228,0.1705974842767295,0.165495706479313,0.1802884615384615,0.1610633307271306,0.2221485411140584,0.2113180515759312,0.238846945778998,0.2266112266112266,0.2034246575342466,0.2152434721242061,0.1414204902576996,0.1174984207201516
94,Educational Attainment,"High School or Less by Race, Native Hawaiian and Other Pacific Islander Alone",0.4722222222222222,0.4090909090909091,,,,0.0,0.0,0.0,0.0,0.0,0.0,0.0,0.0,0.0
95,Educational Attainment,"High School or Less by Race, Some Other Race Alone",0.1485714285714286,0.0,0.003367003367003367,0.00303951367781155,0.002906976744186046,0.09126984126984126,0.1553030303030303,0.2011494252873563,0.2166666666666667,0.2647058823529412,0.2398373983739837,0.1245551601423488,0.1455525606469003,0.1696035242290749
46,Educational Attainment,"High School or Less by Race, Two or More Races",0.130242825607064,0.04912280701754386,0.08602150537634409,0.08443271767810026,0.09749303621169916,0.0706401766004415,0.03298611111111111,0.01873935264054515,0.02714932126696833,0.0,0.0,0.1780346820809248,0.1031420765027322,0.09942270686337396
25,Educational Attainment,"High School or Less by Race, White Alone",0.0899421965317919,0.07551766138855055,0.08684096668520923,0.08561973525872443,0.08191825740719054,0.07692741208295761,0.06728643500935322,0.06038431460172048,0.06799336650082918,0.06091258933479934,0.05774263600423186,0.04573438874230431,0.0394364464131906,0.03493164126381893
21,Educational Attainment,"High School or Less by Race, White Alone, Not Hispanic or Latino",0.0879814274659206,0.072512,0.07893874877169997,0.07839144820565029,0.07438118811881188,0.07178262167811288,0.05506379341920518,0.04973994141208824,0.05534792667734472,0.04860253015592821,0.04725573692926426,0.0365681273431258,0.03578022537722035,0.03503442689347914
45,Educational Attainment,Some College/Associate Degree,0.1578395647182149,0.7948917614078804,0.8031337674024668,0.1232015293289063,0.1107308726472745,0.1215396283655669,0.1165548521213267,0.1098363738950536,0.1025063362433117,0.10060286360211,0.08710444144102157,0.08714596949891068,0.08323073134695888,0.08581346674153861
64,Educational Attainment,"Some College/Associate Degree by Race, American Indian and Alaska Native Alone",0.4193548387096774,0.575,0.4772727272727273,0.5555555555555556,0.5833333333333334,0.03846153846153846,0.05263157894736842,0.03125,0.2765957446808511,0.3055555555555556,0.5263157894736842,0.3548387096774194,0.4067796610169492,0.0
42,Educational Attainment,"Some College/Associate Degree by Race, Asian Alone",0.1616008105369807,0.1122994652406417,0.1163366336633663,0.1313958248055669,0.1212475633528265,0.1592458884877657,0.146875,0.1457654723127036,0.1421404682274247,0.1508274231678487,0.09328508242862887,0.08634719710669078,0.09897959183673469,0.08434909800097513
75,Educational Attainment,"Some College/Associate Degree by Race, Black or African American Alone",0.296875,0.5916230366492147,0.5833333333333334,0.5645161290322581,0.2328767123287671,0.1150442477876106,0.1868131868131868,0.1145833333333333,0.0,0.0,0.1317829457364341,0.1229508196721311,0.1777777777777778,0.7938144329896907
54,Educational Attainment,"Some College/Associate Degree by Race, Hispanic or Latino",0.2483221476510067,0.2219178082191781,0.1981132075471698,0.1514441842310695,0.1618589743589744,0.1313526192337764,0.1193633952254642,0.1275071633237822,0.12079615648593,0.1392931392931393,0.1287671232876712,0.150317572335921,0.0917661847894406,0.1219204042956412
74,Educational Attainment,"Some College/Associate Degree by Race, Native Hawaiian and Other Pacific Islander Alone",0.0,0.5909090909090909,,,,0.0,0.0,0.0,0.0,0.5476190476190477,1.0,1.0,1.0,1.0
52,Educational Attainment,"Some College/Associate Degree by Race, Some Other Race Alone",0.2457142857142857,0.3938053097345133,0.3872053872053872,0.2735562310030395,0.2674418604651163,0.1468253968253968,0.1666666666666667,0.06896551724137931,0.08333333333333333,0.2411764705882353,0.1829268292682927,0.2491103202846975,0.2560646900269542,0.2070484581497797
49,Educational Attainment,"Some College/Associate Degree by Race, Two or More Races",0.2472406181015453,0.1929824561403509,0.1111111111111111,0.03693931398416887,0.06406685236768803,0.1766004415011038,0.1319444444444444,0.1039182282793867,0.09276018099547512,0.06871609403254973,0.02364864864864865,0.03468208092485549,0.03346994535519126,0.05452212957023733
39,Educational Attainment,"Some College/Associate Degree by Race, White Alone",0.1535260115606936,0.1124238733252132,0.1008096915754991,0.1181708784596871,0.1054573135027521,0.1147430117222723,0.1107080097500142,0.1057423751536141,0.09812050856826976,0.09367784496976361,0.0849713235703547,0.08173556141893873,0.07413559739141135,0.07450775168443775
38,Educational Attainment,"Some College/Associate Degree by Race, White Alone, Not Hispanic or Latino",0.1517947496874814,0.110848,0.1006223386832624,0.1196869432425554,0.1046410891089109,0.1148999701403404,0.1117758378609365,0.1041430023315598,0.09663641217298452,0.09173286260664902,0.08262361012538444,0.07762276442750907,0.0755714012860508,0.07479411367625219
409,Employment,Employed Residents,16367.0,15808.0,14748.0,15204.0,15975.0,16694.0,17079.0,17380.0,17716.0,18192.0,18474.0,17854.0,17667.0,17125.0
92,Employment,Managerial Professional,0.6547320828496365,0.522710020242915,0.4957960401410361,0.5090765588003157,0.5121752738654147,0.5222235533724692,0.5378535043035306,0.56409666283084,0.5613005193045835,0.5495272647317502,0.5530475262531125,0.5435756693177999,0.5506877228731534,0.5647883211678832
3,Employment,Natural Resources,0.01075334514572005,0.01594129554655871,0.01783292649850827,0.01341752170481452,0.01158059467918623,0.008805558883431173,0.007494583992037005,0.004660529344073648,0.006039738089862271,0.004507475813544415,0.004059759662227996,0.005937044919905903,0.007018735495556688,0.01156204379562044
2,Employment,Production Transport Materials,0.01753528441375939,0.006578947368421052,0.01112015188500136,0.01124704025256511,0.01151799687010955,0.009344674733437162,0.007026172492534692,0.005350978135788263,0.006096184240234816,0.006266490765171504,0.005737793655948901,0.009465665957208469,0.008716816663836531,0.01687591240875912
28,Employment,Sales and Office,0.2726217388647889,0.1566295546558704,0.1552074857607811,0.1584451460142068,0.1539280125195618,0.1455013777405056,0.1361320920428596,0.1222669735327963,0.1162790697674419,0.109938434476693,0.1184908520082278,0.1302789290915201,0.1301296201958454,0.1118832116788321
19,Employment,Services,0.04435754872609519,0.0201163967611336,0.02183346894494169,0.02091554853985793,0.02128325508607199,0.02695579250029951,0.0300954388430236,0.02767548906789413,0.02715059832919395,0.02709982409850484,0.02197683230486088,0.0199955192113812,0.01613177109865851,0.01483211678832117
12,Employment,Unemployment Rate,0.0235581797578577,0.05388433706118055,0.0640303701360329,0.07053865884939538,0.06912201082213301,0.05691240340684754,0.04851886844884121,0.041418814716898,0.03560363102679785,0.02751068376068376,0.02630748184783753,0.02706087335293477,0.02696456086286595,0.02413341681370596
14,Employment,"Unemployment Rate by Race, American Indian and Alaska Native Alone",0.0,0.1612903225806452,0.1136363636363636,0.208955223880597,0.5833333333333334,0.0,0.0,0.0,0.0,0.0,0.0,0.0,0.0,0.0
7,Employment,"Unemployment Rate by Race, Asian Alone",0.02446877012234385,0.05810684161199625,0.04534373476352999,0.03375196232339089,0.02044680045437334,0.021484375,0.0109599395313681,0.01101061738104601,0.01831939466348069,0.03410097431355182,0.02225575254620898,0.02072328321820398,0.0126012601260126,0.01912452188695283
17,Employment,"Unemployment Rate by Race, Black or African American Alone",0.0,0.07329842931937172,0.0,0.0,0.1161290322580645,0.1962962962962963,0.1635514018691589,0.03478260869565217,0.04984423676012461,0.0,0.0,0.0,0.0,0.0
11,Employment,"Unemployment Rate by Race, Hispanic or Latino",0.02153846153846154,0.1156405990016639,0.1421602787456446,0.157001414427157,0.1684434968017058,0.1438695960311835,0.09884075655887736,0.06217948717948718,0.04948586118251928,0.0267379679144385,0.005870841487279843,0.004056795131845842,0.01211387038158692,0.0128361858190709
22,Employment,"Unemployment Rate by Race, Native Hawaiian and Other Pacific Islander Alone",0.0,0.0,,,,0.0,0.0,0.0,0.0,0.0,0.0,0.0,0.0,0.0
13,Employment,"Unemployment Rate by Race, Some Other Race Alone",0.0658682634730539,0.2360655737704918,0.2189054726368159,0.2644376899696049,0.2296511627906977,0.2380952380952381,0.1363636363636364,0.06956521739130435,0.08547008547008547,0.1291866028708134,0.0,0.0,0.04021447721179625,0.03508771929824561
9,Employment,"Unemployment Rate by Race, Two or More Races",0.01990049751243781,0.05917159763313609,0.04153354632587859,0.1177884615384615,0.1282051282051282,0.1100569259962049,0.1001517450682853,0.1318518518518519,0.04554865424430642,0.04391891891891892,0.0,0.03744493392070485,0.02042160737812912,0.02667493796526054
5,Employment,"Unemployment Rate by Race, White Alone",0.02324142198996081,0.03772185128117331,0.04724317371221423,0.05258640421149004,0.0535973229224763,0.04186494145324279,0.03806600979917084,0.03251556596242882,0.02894515654549275,0.01976893453145058,0.02294007490636704,0.02254322608885971,0.02370640528835195,0.01933067536547058
4,Employment,"Unemployment Rate by Race, White Alone, Not Hispanic or Latino",0.02372185242883444,0.03685031808906494,0.04410026746283511,0.04850655658086449,0.04841955723925654,0.03725156161272004,0.03372808545222338,0.03019426878596251,0.02781688158117011,0.02036570677761962,0.02380952380952381,0.02325315005727377,0.02422206506364922,0.01961394769613948
116,Households,Average Family Household Size,2.4723991507431,2.490625825191445,2.524512534818942,2.620315581854043,2.626538987688098,2.715820093980756,2.706165482466193,2.722579164754475,2.703608247422681,2.735018050541516,2.711771700356718,2.836432999523128,2.799636115533318,2.743607787942763
115,Households,Average Household Size,1.592908406167839,1.661952658246994,1.62861249810864,1.685889389352433,1.720380178480737,1.789675366929362,1.792416034669556,1.801786872253044,1.814213197969543,1.842962530129282,1.861002723993227,1.955112219451371,1.982880802611673,1.920581113801453
96,Households,Family Households,0.2677467490940098,0.2863949179460032,0.2715993342411863,0.299490511703463,0.3182180947544076,0.32311474224568,0.3151318165402672,0.3139995676921968,0.3094996374184191,0.3034840406106201,0.3095781491570345,0.3268391521197008,0.3501074926347639,0.3440677966101695
405,Households,Households,14073.0,13223.0,13218.0,13543.0,13783.0,13831.0,13845.0,13879.0,13790.0,13691.0,13583.0,12832.0,12559.0,12390.0
82,Households,"Households with 60 years and older, % of Total (DEC, 65 years and older)",0.2070631706103887,0.1963245859487257,0.2178847026781661,0.2213689729011297,0.2131611405354422,0.2128551803918733,0.2111231491513182,0.2114705670437352,0.2265409717186367,0.2267913227667811,0.2283737024221453,0.2266988778054863,0.2168962497014094,0.2068603712671509
47,Households,"Households with Children, % of Total",0.06985006750515171,0.07381078423958254,0.07731880768648812,0.09658125969135346,0.1146339693825727,0.1290579133829803,0.1230046948356807,0.1260897759204554,0.1194343727338651,0.1167920531736177,0.1102112935286755,0.1387936408977556,0.1506489370172784,0.1422114608555287
100,Households,Non-Family Households,0.7322532509059902,0.7136050820539969,0.7284006657588138,0.7005094882965369,0.6817819052455923,0.67688525775432,0.6848681834597328,0.6860004323078032,0.6905003625815809,0.6965159593893799,0.6904218508429655,0.6731608478802993,0.6498925073652361,0.6559322033898305
85,Households,"Single Person Households, % of Total",0.567469622681731,0.5557740300990698,0.5750491753669239,0.5599202540057594,0.5402307190016687,0.5187622008531559,0.5102202961357891,0.4979465379350097,0.4890500362581581,0.4806076984880578,0.4698520209084885,0.4501246882793017,0.4298112907078589,0.4405165456012914
241,Housing,Median Year Moved In Owner,1991.010869565217,2000.11576971214,2003.833865814697,2000.505617977528,2000.707364341085,2009.272941176471,2002.198088618592,2002.725563909774,2009.676560900716,2005.074152542373,2005.901408450704,2006.517323775388,2002.777777777778,2008.888190954774
243,Housing,Median Year Moved In Renter,1996.551603341417,2005.152269143158,2006.584835301429,2005.18533638145,2006.328095055577,2010.580063868613,2010.064313346228,2010.719945355191,2014.483492442323,2011.838497547927,2012.200918964077,2014.694995864351,2018.195304017372,2017.196690006365
240,Housing,Median Year Structure Built,1939.0,1939.0,1939.0,1939.0,1939.0,1940.0,1939.0,1939.0,1939.0,1939.0,1939.0,1939.0,1939.0,1939.0
23,Housing,"Overcrowding, Renter Occupied Housing",0.01837053366400294,0.01436544026457214,0.009712837837837838,0.01136956294982789,0.0164493480441324,0.01691931540342298,0.01398801027690551,0.01663972615764952,0.01361326814303518,0.01204936352152366,0.02025091376074286,0.01941538129651602,0.01723580738985242,0.01842765238251009
87,Housing,Owner Occupied,0.2250693999572923,0.2682447251002042,0.2834014223029203,0.292106623347855,0.2766451425669303,0.2607186754392307,0.2409534127843987,0.2422364723683262,0.2435823060188542,0.2483383244467168,0.254730177427667,0.2775093516209476,0.2608487936937654,0.2598062953995157
48,Housing,"Owner Occupied by Race, American Indian and Alaska Native Alone",0.0007117944337675279,0.5652173913043478,0.5238095238095238,0.44,0.0,0.0,0.0,0.0,0.0,0.0,0.0,0.0,0.0,
98,Housing,"Owner Occupied by Race, Asian Alone",0.1948181365221724,0.3577981651376147,0.3542526837324525,0.3882099209202013,0.3864864864864865,0.3464447806354009,0.336864406779661,0.3171262699564587,0.3559822747415066,0.3421052631578947,0.3670103092783505,0.4097859327217125,0.449215524360033,0.4612978889757623
55,Housing,"Owner Occupied by Race, Black or African American Alone",0.005124919923126201,0.0,0.0,0.4375,0.3617021276595745,0.2452830188679245,0.3333333333333333,0.1466666666666667,0.0,0.0,0.0,0.0,0.0,0.0
62,Housing,"Owner Occupied by Race, Hispanic or Latino",0.1162280701754386,0.1712473572938689,0.2195121951219512,0.224537037037037,0.2393483709273183,0.2301495972382048,0.2411894273127753,0.2118279569892473,0.2460674157303371,0.2443181818181818,0.178168130489335,0.2264900662251656,0.1988023952095808,0.1793349168646081
57,Housing,"Owner Occupied by Race, Native Hawaiian and Other Pacific Islander Alone",0.02441454907822621,0.0,,,,1.0,1.0,1.0,1.0,1.0,,0.0,0.1847826086956522,0.1359223300970874
59,Housing,"Owner Occupied by Race, Some Other Race Alone",0.0,0.0,0.0,0.05371900826446281,0.07177033492822966,0.06629834254143646,0.0945945945945946,0.1372549019607843,0.0,0.2434782608695652,0.1785714285714286,0.09045226130653267,0.1380952380952381,0.2592592592592592
68,Housing,"Owner Occupied by Race, Two or More Races",0.0,0.09016393442622951,0.1654929577464789,0.2058047493403694,0.2436260623229462,0.2116788321167883,0.1805555555555556,0.1394891944990177,0.04276315789473684,0.02525252525252525,0.0,0.2542016806722689,0.2113821138211382,0.2158956109134045
83,Housing,"Owner Occupied by Race, White Alone",0.0,0.2695952528562572,0.285626643295355,0.2876067631166115,0.2678847143592383,0.2554972936400541,0.2327888480287351,0.2387146136189748,0.2384989926124916,0.2471919601385018,0.2516918271733472,0.2694174757281553,0.2468292682926829,0.2411224489795918
84,Housing,"Owner Occupied by Race, White Alone, Not Hispanic or Latino",0.2244251916027991,0.2721435316336166,0.2843128094926656,0.2863569592361366,0.2655433411425482,0.2543765630582351,0.2304961310878471,0.2395437262357414,0.2367737892758034,0.247554957379991,0.2531369339879978,0.2698320787492762,0.2498746112950145,0.2460689367905863
374,Housing,Post 1979 All and Pre 1979 Single Family Renter Occupied by Year Structure Built by Units in Structure,783.0,4033.0,3975.0,3898.0,3982.0,4054.0,1079.0,1028.0,976.0,930.0,1048.0,1130.0,1138.0,1341.0
391,Housing,Pre 1980 MultiFamily Renter Occupied by Year Structure Built by Units in Structure,10095.0,5493.0,5302.0,5499.0,5765.0,5956.0,9418.0,9475.0,9455.0,9361.0,9075.0,8141.0,8145.0,7830.0
105,Housing,Renter Occupied,0.7749306000427076,0.7317552748997959,0.7165985776970797,0.707893376652145,0.7233548574330697,0.7392813245607693,0.7590465872156013,0.7577635276316738,0.7564176939811458,0.7516616755532832,0.7452698225723331,0.7224906483790524,0.7391512063062345,0.7401937046004843
113,Housing,"Renter Occupied by Race, American Indian and Alaska Native Alone",0.00177948608441882,0.4347826086956522,0.4761904761904762,0.56,1.0,1.0,1.0,1.0,1.0,1.0,1.0,1.0,1.0,
90,Housing,"Renter Occupied by Race, Asian Alone",0.0008541533205210335,0.6422018348623854,0.6457473162675474,0.6117900790797987,0.6135135135135135,0.653555219364599,0.663135593220339,0.6828737300435413,0.6440177252584933,0.6578947368421053,0.6329896907216495,0.5902140672782875,0.550784475639967,0.4239766081871345
108,Housing,"Renter Occupied by Race, Black or African American Alone",0.6794077870311054,1.0,1.0,0.5625,0.6382978723404256,0.7547169811320755,0.6666666666666666,0.8533333333333334,1.0,1.0,1.0,1.0,1.0,1.0
109,Housing,"Renter Occupied by Race, Hispanic or Latino",0.8837719298245614,0.828752642706131,0.7804878048780488,0.7754629629629629,0.7606516290726817,0.7698504027617952,0.7588105726872246,0.7881720430107527,0.7539325842696629,0.7556818181818182,0.821831869510665,0.7735099337748345,0.8011976047904191,0.7950907150480256
112,Housing,"Renter Occupied by Race, Native Hawaiian and Other Pacific Islander Alone",0.008043277101573066,1.0,,,,0.0,0.0,0.0,0.0,0.0,,1.0,0.8152173913043478,0.7807017543859649
110,Housing,"Renter Occupied by Race, Some Other Race Alone",0.06178375685102142,1.0,1.0,0.9462809917355371,0.9282296650717703,0.9337016574585635,0.9054054054054054,0.8627450980392157,1.0,0.7565217391304347,0.8214285714285714,0.9095477386934674,0.861904761904762,0.5215189873417722
107,Housing,"Renter Occupied by Race, Two or More Races",0.0006406149903907751,0.9098360655737705,0.8345070422535211,0.7941952506596306,0.7563739376770539,0.7883211678832117,0.8194444444444444,0.8605108055009824,0.9572368421052632,0.9747474747474747,1.0,0.7457983193277311,0.7886178861788617,0.8146229130685089
104,Housing,"Renter Occupied by Race, White Alone",0.02242152466367713,0.7304047471437428,0.7143733567046451,0.7123932368833885,0.7321152856407617,0.7445027063599459,0.7672111519712649,0.7612853863810253,0.7615010073875084,0.7528080398614981,0.7483081728266527,0.7305825242718447,0.7531707317073171,0.7022716541629506
103,Housing,"Renter Occupied by Race, White Alone, Not Hispanic or Latino",0.7755748083972009,0.7278564683663834,0.7156871905073344,0.7136430407638634,0.7344566588574518,0.7456234369417649,0.7695038689121529,0.7604562737642585,0.7632262107241966,0.752445042620009,0.7468630660120021,0.7301679212507238,0.7501253887049855,0.6960201403396004
407,Housing,Total Number of Units,14724.0,14980.0,15119.0,15109.0,15143.0,15117.0,15082.0,15096.0,14996.0,14935.0,14786.0,14190.0,14431.0,14454.0
36,Housing,Vacant Units,0.04584352078239609,0.1172897196261682,0.1257358290892255,0.1036468330134357,0.08981047348609919,0.08506978897929483,0.08201829996021748,0.08061738208797033,0.08042144571885836,0.08329427519250084,0.08136074665223861,0.09570119802677943,0.129720740073453,0.1427978414279784
179,Housing Prices,Contract Rent 100 to 149,0.0,14.0,0.0,0.0,0.0,0.0,0.0,0.0,0.0,0.0,0.0,0.0,0.0,0.0
339,Housing Prices,Contract Rent 1000 to 1249,1885.0,1086.0,612.0,694.0,714.0,703.0,798.0,748.0,600.0,429.0,530.0,328.0,196.0,143.0
334,Housing Prices,Contract Rent 1250 to 1499,1387.0,1425.0,1520.0,1588.0,1178.0,1009.0,1097.0,956.0,895.0,852.0,581.0,363.0,412.0,308.0
206,Housing Prices,Contract Rent 150 to 199,12.0,11.0,14.0,17.0,35.0,21.0,19.0,12.0,13.0,11.0,32.0,54.0,0.0,0.0
359,Housing Prices,Contract Rent 1500 to 1999,1995.0,3102.0,3054.0,2787.0,2950.0,2913.0,2982.0,2693.0,2372.0,2009.0,1637.0,1287.0,1161.0,952.0
249,Housing Prices,Contract Rent 200 to 249,42.0,66.0,96.0,97.0,104.0,103.0,34.0,22.0,70.0,52.0,60.0,56.0,96.0,53.0
361,Housing Prices,"Contract Rent 2000 to 2499 (Contract Rent 2000 or more, DEC2000 and ACS2009-2014)",1938.0,2838.0,2829.0,3251.0,3649.0,4047.0,1786.0,2003.0,2001.0,2017.0,1895.0,1543.0,1406.0,1305.0
291,Housing Prices,Contract Rent 250 to 299,79.0,0.0,0.0,0.0,0.0,0.0,0.0,20.0,22.0,13.0,13.0,13.0,14.0,36.0
351,Housing Prices,Contract Rent 2500 to 2999 (ACS2015-),,192.0,242.0,325.0,379.0,340.0,1228.0,1330.0,1350.0,1460.0,1672.0,1806.0,1721.0,1319.0
307,Housing Prices,Contract Rent 300 to 349,67.0,59.0,0.0,0.0,20.0,17.0,20.0,29.0,37.0,42.0,39.0,39.0,13.0,0.0
348,Housing Prices,Contract Rent 3000 to 3499 (ACS2015-),,,,,,,830.0,1033.0,1207.0,1271.0,1459.0,1439.0,1457.0,1485.0
234,Housing Prices,Contract Rent 350 to 399,93.0,0.0,43.0,41.0,49.0,49.0,14.0,14.0,14.0,14.0,0.0,0.0,0.0,0.0
369,Housing Prices,Contract Rent 3500 or more (ACS2015-),,,,,,,502.0,769.0,1070.0,1368.0,1626.0,1763.0,2302.0,3100.0
208,Housing Prices,Contract Rent 400 to 449,173.0,13.0,0.0,0.0,0.0,0.0,0.0,0.0,0.0,0.0,13.0,0.0,0.0,0.0
229,Housing Prices,Contract Rent 500 to 549,142.0,13.0,0.0,0.0,16.0,15.0,16.0,21.0,23.0,0.0,12.0,12.0,14.0,0.0
232,Housing Prices,Contract Rent 550 to 599,135.0,144.0,74.0,102.0,114.0,81.0,36.0,14.0,0.0,0.0,0.0,0.0,0.0,44.0
265,Housing Prices,Contract Rent 600 to 649,167.0,40.0,119.0,73.0,35.0,109.0,124.0,71.0,47.0,34.0,27.0,0.0,0.0,9.0
226,Housing Prices,Contract Rent 650 to 699,275.0,109.0,129.0,112.0,146.0,123.0,78.0,54.0,60.0,44.0,13.0,7.0,0.0,0.0
219,Housing Prices,Contract Rent 700 to 749,299.0,46.0,93.0,65.0,47.0,62.0,44.0,0.0,0.0,0.0,0.0,0.0,10.0,26.0
248,Housing Prices,Contract Rent 750 to 749,342.0,53.0,57.0,49.0,50.0,78.0,61.0,42.0,45.0,0.0,0.0,0.0,0.0,6.0
218,Housing Prices,Contract Rent 750 to 799,229.0,67.0,49.0,77.0,25.0,48.0,42.0,21.0,12.0,32.0,30.0,98.0,14.0,0.0
289,Housing Prices,Contract Rent 800 to 899,635.0,211.0,174.0,148.0,185.0,270.0,253.0,250.0,227.0,278.0,123.0,122.0,57.0,46.0
305,Housing Prices,Contract Rent 900 to 999,752.0,187.0,367.0,161.0,258.0,224.0,250.0,144.0,137.0,169.0,117.0,101.0,150.0,156.0
184,Housing Prices,Contract Rent Less than 100,34.0,0.0,0.0,0.0,16.0,13.0,14.0,16.0,15.0,0.0,0.0,0.0,0.0,0.0
400,Housing Prices,Contract Rent Total,10887.0,9676.0,9472.0,9587.0,9970.0,10225.0,10509.0,10517.0,10431.0,10291.0,10123.0,9271.0,9283.0,9171.0
303,Housing Prices,Contract Rent Total No cash Rent (ACS2015-),206.0,,,,,,281.0,255.0,214.0,196.0,244.0,240.0,260.0,183.0
352,Housing Prices,"Contract Rent Total No cash Rent (No cash rent, DEC2000 and ACS2009-2014)",206.0,192.0,242.0,325.0,379.0,340.0,1228.0,1330.0,1350.0,1460.0,1672.0,1806.0,1721.0,1319.0
398,Housing Prices,Contract Rent Total With cash Rent,10681.0,9484.0,9230.0,9262.0,9591.0,9885.0,10228.0,10262.0,10217.0,10095.0,9879.0,9031.0,9023.0,8988.0
43,Housing Prices,Extremely Rent Burdened,0.1183980894644989,0.1301157503100455,0.1440033783783784,0.1503077083550642,0.1506519558676028,0.138679706601467,0.1463507469787801,0.1335932300085576,0.1408302176205541,0.1265183169759984,0.1056998913365603,0.08866357458742315,0.09264246472045674,0.09453712790317305
159,Housing Prices,Home Value 10000 to 14999 ,0.0,0.0,0.0,0.0,0.0,0.0,0.0,0.0,0.0,0.0,0.0,0.0,0.0,0.0
194,Housing Prices,Home Value 100000 to 124999,0.0,13.0,38.0,58.0,42.0,69.0,62.0,24.0,16.0,10.0,0.0,0.0,0.0,0.0
368,Housing Prices,"Home Value 1000000 to 1499999 (1000000 or more, DEC2000 and ACS2009-2014)",1191.0,2350.0,2235.0,2317.0,2400.0,2373.0,805.0,841.0,766.0,592.0,615.0,962.0,799.0,765.0
149,Housing Prices,Home Value 125000 to 149999,24.0,15.0,15.0,1.0,9.0,11.0,15.0,22.0,0.0,0.0,0.0,0.0,0.0,0.0
145,Housing Prices,Home Value 15000 to 19999 ,0.0,0.0,0.0,0.0,0.0,0.0,0.0,0.0,0.0,0.0,0.0,0.0,0.0,0.0
164,Housing Prices,Home Value 150000 to 174999,0.0,22.0,40.0,35.0,25.0,12.0,27.0,14.0,15.0,11.0,15.0,0.0,0.0,0.0
358,Housing Prices,Home Value 1500000 to 1999999 (ACS2015-),,,,,,,321.0,346.0,328.0,415.0,457.0,401.0,288.0,395.0
144,Housing Prices,Home Value 175000 to 199999,8.0,18.0,11.0,18.0,0.0,0.0,25.0,23.0,15.0,17.0,15.0,0.0,0.0,0.0
119,Housing Prices,Home Value 20000 to 24999 ,0.0,0.0,0.0,0.0,0.0,0.0,0.0,0.0,0.0,0.0,0.0,0.0,0.0,0.0
178,Housing Prices,Home Value 200000 to 249999,25.0,12.0,14.0,34.0,24.0,15.0,12.0,22.0,11.0,13.0,14.0,15.0,0.0,0.0
362,Housing Prices,Home Value 2000000 or more (ACS2015-),,,,,,,1068.0,1259.0,1452.0,1712.0,1863.0,1784.0,1840.0,1883.0
141,Housing Prices,Home Value 25000 to 29999 ,0.0,13.0,0.0,0.0,0.0,0.0,0.0,0.0,0.0,0.0,0.0,0.0,0.0,0.0
172,Housing Prices,Home Value 250000 to 299999,55.0,102.0,144.0,105.0,58.0,37.0,46.0,44.0,47.0,28.0,7.0,0.0,0.0,0.0
412,Housing Prices,Home Value 30000 to 34999 ,0.0,0.0,0.0,0.0,0.0,0.0,0.0,0.0,0.0,0.0,0.0,,,
253,Housing Prices,Home Value 300000 to 399999,211.0,11.0,80.0,134.0,130.0,88.0,84.0,41.0,68.0,84.0,86.0,84.0,93.0,0.0
117,Housing Prices,Home Value 35000 to 39999 ,0.0,0.0,0.0,0.0,0.0,0.0,0.0,0.0,0.0,0.0,0.0,0.0,0.0,0.0
139,Housing Prices,Home Value 40000 to 49999 ,0.0,0.0,0.0,0.0,0.0,0.0,0.0,0.0,0.0,0.0,0.0,0.0,0.0,0.0
255,Housing Prices,Home Value 400000 to 499999,203.0,63.0,57.0,97.0,68.0,87.0,84.0,51.0,35.0,34.0,12.0,36.0,39.0,34.0
146,Housing Prices,Home Value 50000 to 59999 ,0.0,41.0,43.0,35.0,41.0,0.0,0.0,0.0,0.0,0.0,0.0,0.0,0.0,0.0
316,Housing Prices,Home Value 500000 to 749999,688.0,392.0,434.0,429.0,417.0,318.0,256.0,208.0,230.0,195.0,114.0,80.0,57.0,44.0
123,Housing Prices,Home Value 60000 to 69999 ,19.0,0.0,0.0,10.0,8.0,0.0,0.0,0.0,0.0,0.0,0.0,0.0,0.0,0.0
132,Housing Prices,Home Value 70000 to 79999 ,13.0,0.0,0.0,0.0,0.0,0.0,0.0,0.0,0.0,0.0,0.0,0.0,0.0,0.0
344,Housing Prices,Home Value 750000 to 999999,725.0,469.0,600.0,671.0,557.0,565.0,463.0,380.0,282.0,202.0,163.0,151.0,125.0,57.0
131,Housing Prices,Home Value 80000 to 89999 ,0.0,0.0,0.0,0.0,0.0,0.0,0.0,0.0,0.0,0.0,0.0,0.0,0.0,0.0
142,Housing Prices,Home Value 90000 to 99999 ,0.0,0.0,0.0,0.0,0.0,0.0,0.0,0.0,0.0,0.0,0.0,0.0,0.0,0.0
209,Housing Prices,Home Value Less than 10000,0.0,26.0,35.0,12.0,34.0,31.0,68.0,87.0,94.0,87.0,99.0,48.0,35.0,41.0
389,Housing Prices,Home Value Total,3162.0,3547.0,3746.0,3956.0,3813.0,3606.0,3336.0,3362.0,3359.0,3400.0,3460.0,3561.0,3276.0,3219.0
252,Housing Prices,Median Contract Rent,1247.281167108753,1693.101225016119,1707.596594629993,1752.421959095802,1805.677966101695,1654.092687950566,1871.227364185111,2000.99850224663,2129.810094952524,2264.873574615766,2451.846965699208,2636.351052048727,2781.377106333527,3030.639730639731
261,Housing Prices,Median Gross Rent by Bedrooms - 1 Bedroom- COUNTY ONLY,,,,,,,1922.082080040785,2075.827552447553,2226.30094271211,2415.077051202961,2586.752709133651,2624.069259723965,2744.006204478015,2940.727272727273
275,Housing Prices,Median Gross Rent by Bedrooms - 2 Bedrooms- COUNTY ONLY,,,,,,,2600.278953182089,2562.061818181818,2509.577427648494,2616.726958667489,2841.313800814174,2966.306273525721,3258.980538749085,3386.819324879443
310,Housing Prices,Median Gross Rent by Bedrooms - 3-4 Bedrooms- COUNTY ONLY,,,,,,,,,5241.664924885696,5644.052601239372,5325.939283791061,6279.0,6814.0,7002.0
244,Housing Prices,Median Gross Rent by Bedrooms - 5 Bedrooms or more- COUNTY ONLY,,,,,,,,,,,,,,
242,Housing Prices,Median Gross Rent by Bedrooms - No Bedroom- COUNTY ONLY,,,,,,,1615.09975358994,1640.456923076923,1697.974948908959,1858.767242442937,2054.381686829884,2368.829737640937,2451.397650663943,2435.99042479815
411,Housing Prices,Median Home Value,865517.2413793104,1000000.490638298,1000000.32393736,1000000.292619767,1000000.41125,1000001.0,1326708.074534161,1454815.695600476,1653201.219512195,2000000.014018692,2000000.142780462,2000000.003923767,2000000.219565217,2000000.290493893
257,Housing Prices,Median Rent,1278.096729297147,1724.324324324324,1742.309021776702,1785.194174757281,1826.762149983907,1613.315988973122,1911.614441416894,2051.034807149577,2187.800769971126,2305.098684210526,2480.759297520661,2672.669491525424,2851.46373918829,3099.363507779349
127,Housing Prices,Median Rent as % of Household Income,20.38167115902965,21.35926544240401,21.42571312143439,22.81451851851852,22.18902519893899,21.66054637865311,21.60873069173942,20.65324726134585,20.76381518755718,20.83232142857143,20.0914156626506,20.16132625994695,20.203136933988,20.50945626477541
161,Housing Prices,Rent 100 to 149,8.0,14.0,0.0,0.0,0.0,0.0,0.0,0.0,0.0,0.0,0.0,0.0,0.0,0.0
332,Housing Prices,Rent 1000 to 1249,1941.0,910.0,635.0,706.0,739.0,695.0,781.0,630.0,597.0,443.0,498.0,271.0,199.0,163.0
337,Housing Prices,Rent 1250 to 1499,1437.0,1531.0,1457.0,1462.0,1080.0,953.0,1089.0,1010.0,847.0,725.0,563.0,407.0,342.0,235.0
177,Housing Prices,Rent 150 to 199,0.0,0.0,0.0,0.0,0.0,0.0,0.0,0.0,0.0,0.0,0.0,0.0,0.0,0.0
357,Housing Prices,Rent 1500 to 1999,2038.0,2960.0,2893.0,2884.0,3107.0,2902.0,2936.0,2626.0,2265.0,2000.0,1589.0,1190.0,1064.0,895.0
216,Housing Prices,Rent 200 to 249,0.0,49.0,62.0,65.0,95.0,63.0,19.0,12.0,58.0,38.0,53.0,53.0,52.0,0.0
360,Housing Prices,"Rent 2000 to 2499  (Rent 2000 or more, DEC2000 and ACS2009-2014)",2027.0,3110.0,3124.0,3392.0,3719.0,4288.0,1965.0,2126.0,2078.0,2128.0,1936.0,1629.0,1537.0,1081.0
281,Housing Prices,Rent 250 to 299,85.0,16.0,31.0,29.0,25.0,28.0,23.0,24.0,28.0,38.0,35.0,34.0,0.0,36.0
354,Housing Prices,Rent 2500 to 2999 (ACS2015-),,192.0,242.0,325.0,379.0,340.0,1070.0,1262.0,1348.0,1322.0,1630.0,1652.0,1503.0,1502.0
313,Housing Prices,Rent 300 to 349,69.0,0.0,0.0,0.0,0.0,0.0,0.0,8.0,9.0,16.0,17.0,18.0,14.0,15.0
349,Housing Prices,Rent 3000 to 3499 (ACS2015-),,,,,,,957.0,1109.0,1251.0,1361.0,1420.0,1502.0,1591.0,1414.0
251,Housing Prices,Rent 350 to 399,79.0,12.0,0.0,0.0,0.0,0.0,14.0,24.0,25.0,26.0,39.0,57.0,44.0,0.0
371,Housing Prices,Rent 3500 or more (ACS2015-),,,,,,,603.0,851.0,1212.0,1535.0,1815.0,1932.0,2474.0,3361.0
223,Housing Prices,Rent 400 to 449,113.0,47.0,43.0,41.0,69.0,66.0,20.0,29.0,36.0,14.0,13.0,0.0,13.0,38.0
213,Housing Prices,Rent 450 to 499,140.0,26.0,16.0,14.0,11.0,12.0,11.0,0.0,0.0,0.0,12.0,12.0,0.0,0.0
239,Housing Prices,Rent 500 to 549,151.0,68.0,43.0,30.0,34.0,38.0,16.0,21.0,11.0,0.0,0.0,0.0,14.0,10.0
238,Housing Prices,Rent 550 to 599,214.0,71.0,58.0,86.0,113.0,131.0,130.0,62.0,29.0,18.0,0.0,0.0,0.0,20.0
228,Housing Prices,Rent 600 to 649,159.0,89.0,127.0,67.0,57.0,78.0,56.0,47.0,61.0,29.0,40.0,0.0,0.0,9.0
220,Housing Prices,Rent 650 to 699,240.0,66.0,43.0,46.0,16.0,24.0,9.0,30.0,29.0,31.0,0.0,7.0,10.0,10.0
224,Housing Prices,Rent 700 to 749,434.0,57.0,105.0,90.0,93.0,62.0,10.0,13.0,0.0,0.0,0.0,0.0,0.0,20.0
227,Housing Prices,Rent 750 to 799,232.0,57.0,68.0,41.0,53.0,90.0,95.0,20.0,27.0,13.0,13.0,0.0,14.0,0.0
288,Housing Prices,Rent 800 to 899,617.0,138.0,156.0,159.0,158.0,276.0,265.0,228.0,209.0,254.0,132.0,206.0,48.0,12.0
293,Housing Prices,Rent 900 to 999,671.0,263.0,369.0,150.0,206.0,166.0,145.0,114.0,82.0,104.0,74.0,61.0,104.0,167.0
80,Housing Prices,Rent Burdened,0.2807936070542849,0.288238941711451,0.296875,0.2959215604464379,0.2828485456369108,0.2561369193154034,0.2595870206489675,0.2540648473899401,0.2693893202952737,0.2550772519677388,0.2427146102933913,0.2408585913062237,0.2455025315092104,0.2534074801003162
167,Housing Prices,Rent Less than 100,26.0,0.0,0.0,0.0,16.0,13.0,14.0,16.0,15.0,0.0,0.0,0.0,0.0,0.0
399,Housing Prices,Rent Total,10887.0,9676.0,9472.0,9587.0,9970.0,10225.0,10509.0,10517.0,10431.0,10291.0,10123.0,9271.0,9283.0,9171.0
353,Housing Prices,"Rent Total No cash rent  (No cash rent, DEC2000 and ACS2009-2014)",206.0,192.0,242.0,325.0,379.0,340.0,1070.0,1262.0,1348.0,1322.0,1630.0,1652.0,1503.0,1502.0
304,Housing Prices,Rent Total No cash rent (ACS2015-),206.0,,,,,,281.0,255.0,214.0,196.0,244.0,240.0,260.0,183.0
397,Housing Prices,Rent Total With cash rent,10681.0,9484.0,9230.0,9262.0,9591.0,9885.0,10228.0,10262.0,10217.0,10095.0,9879.0,9031.0,9023.0,8988.0
24,Housing Type,10-19 Units,0.3023634881825591,0.3157543391188251,0.3114623983067663,0.3018068700774373,0.3164498448127848,0.3089237282529602,0.3128232329929718,0.3163089560148384,0.3061483062149907,0.3043856712420489,0.2935208981468957,0.2765327695560253,0.2833483473078789,0.2770859277708593
51,Housing Type,2-4 Units,0.2920402064656343,0.2865153538050734,0.2814339572723064,0.2724204116751605,0.2716766822954501,0.2851094793940597,0.2824559077045485,0.2802729199788023,0.289143771672446,0.2935386675594241,0.3006898417421885,0.3207188160676533,0.3177880950731065,0.3102255431022554
69,Housing Type,20 Units or More,0.1346780766096169,0.1332443257676902,0.1304980488127522,0.1445496061949831,0.1434986462391864,0.1305814645763048,0.147261636387747,0.1562665606783254,0.1496399039743932,0.1546032808838299,0.1563641282294062,0.138830162085976,0.1330469128958492,0.1464646464646465
27,Housing Type,5-9 Units,0.1531513175767454,0.1403204272363151,0.1472319597857001,0.136408762988947,0.1404609390477448,0.1464576304822385,0.1322768863545949,0.1247350291467939,0.133302213923713,0.1280883829929695,0.1321520357094549,0.1352360817477097,0.1377589910609106,0.1381624463816245
0,Housing Type,Other Type,0.0006112469437652812,0.001001335113484646,0.001521264633904359,0.00105897147395592,0.0009245195800039622,0.0008599589865714097,0.0007956504442381647,0.0009273979862215156,0.0,0.001071309005691329,0.0009468416069254701,0.001338971106412967,0.001178019541265332,0.00103777501037775
70,Housing Type,Single Family Housing,0.1171556642216789,0.1231642189586115,0.1278523711885707,0.1437553775895162,0.12698936802483,0.1280677383078653,0.1243866861158997,0.1214891361950186,0.1217658042144572,0.1183126883160362,0.1163262545651292,0.1273431994362227,0.1268796341209895,0.1270236612702366
341,Income,Household Income 10000 to 14999,275.0,376.0,409.0,418.0,406.0,306.0,202.0,144.0,141.0,181.0,137.0,190.0,215.0,235.0
133,Income,"Household Income 10000 to 14999 by Race, American Indian and Alaska Native Alone",0.0,0.0,0.0,0.0,0.0,0.0,0.0,0.0,0.0,0.0,0.0,0.0,0.0,0.0
311,Income,"Household Income 10000 to 14999 by Race, Asian Alone",43.0,23.0,12.0,12.0,14.0,0.0,0.0,0.0,0.0,17.0,17.0,37.0,42.0,45.0
256,Income,"Household Income 10000 to 14999 by Race, Black or African American Alone",0.0,0.0,0.0,0.0,0.0,0.0,0.0,0.0,0.0,0.0,0.0,0.0,0.0,0.0
237,Income,"Household Income 10000 to 14999 by Race, Hispanic or Latino",9.0,46.0,42.0,46.0,43.0,13.0,0.0,0.0,0.0,0.0,0.0,0.0,0.0,21.0
124,Income,"Household Income 10000 to 14999 by Race, Native Hawaiian and Other Pacific Islander Alone",0.0,0.0,0.0,0.0,0.0,0.0,0.0,0.0,0.0,0.0,0.0,0.0,0.0,0.0
207,Income,"Household Income 10000 to 14999 by Race, Some Other Race Alone",0.0,33.0,28.0,33.0,28.0,0.0,0.0,0.0,0.0,0.0,0.0,0.0,0.0,21.0
204,Income,"Household Income 10000 to 14999 by Race, Two or More Races",0.0,0.0,0.0,0.0,0.0,0.0,0.0,0.0,0.0,0.0,0.0,58.0,48.0,50.0
301,Income,"Household Income 10000 to 14999 by Race, White Alone",232.0,320.0,369.0,373.0,364.0,306.0,202.0,144.0,141.0,164.0,120.0,95.0,125.0,119.0
294,Income,"Household Income 10000 to 14999 by Race, White Alone, Not Hispanic or Latino",223.0,307.0,355.0,360.0,349.0,293.0,202.0,144.0,141.0,164.0,120.0,95.0,125.0,119.0
355,Income,Household Income 100000 to 124999,1574.0,1508.0,1421.0,1379.0,1306.0,1445.0,1471.0,1492.0,1631.0,1548.0,1287.0,1009.0,818.0,746.0
147,Income,"Household Income 100000 to 124999 by Race, American Indian and Alaska Native Alone",0.0,0.0,11.0,11.0,0.0,0.0,0.0,0.0,12.0,10.0,10.0,11.0,0.0,0.0
322,Income,"Household Income 100000 to 124999 by Race, Asian Alone",148.0,166.0,95.0,92.0,139.0,106.0,88.0,69.0,134.0,106.0,142.0,86.0,84.0,148.0
186,Income,"Household Income 100000 to 124999 by Race, Black or African American Alone",0.0,16.0,17.0,0.0,0.0,0.0,0.0,0.0,0.0,0.0,0.0,0.0,0.0,0.0
287,Income,"Household Income 100000 to 124999 by Race, Hispanic or Latino",26.0,145.0,124.0,75.0,36.0,25.0,46.0,51.0,37.0,69.0,47.0,54.0,0.0,16.0
143,Income,"Household Income 100000 to 124999 by Race, Native Hawaiian and Other Pacific Islander Alone",0.0,0.0,0.0,0.0,0.0,0.0,0.0,0.0,0.0,0.0,0.0,0.0,0.0,0.0
231,Income,"Household Income 100000 to 124999 by Race, Some Other Race Alone",0.0,29.0,35.0,39.0,19.0,8.0,7.0,10.0,0.0,0.0,0.0,0.0,0.0,6.0
230,Income,"Household Income 100000 to 124999 by Race, Two or More Races",18.0,68.0,95.0,79.0,53.0,42.0,15.0,33.0,10.0,46.0,27.0,46.0,71.0,74.0
333,Income,"Household Income 100000 to 124999 by Race, White Alone",1408.0,1229.0,1168.0,1158.0,1095.0,1289.0,1361.0,1380.0,1475.0,1386.0,1108.0,866.0,663.0,518.0
330,Income,"Household Income 100000 to 124999 by Race, White Alone, Not Hispanic or Latino",1390.0,1129.0,1096.0,1122.0,1078.0,1264.0,1315.0,1341.0,1438.0,1317.0,1061.0,812.0,663.0,518.0
350,Income,Household Income 125000 to 149999,973.0,945.0,971.0,1307.0,1147.0,1353.0,1546.0,1395.0,1188.0,1262.0,1078.0,1140.0,1264.0,755.0
156,Income,"Household Income 125000 to 149999 by Race, American Indian and Alaska Native Alone",0.0,0.0,0.0,0.0,0.0,0.0,0.0,0.0,0.0,0.0,0.0,0.0,24.0,0.0
318,Income,"Household Income 125000 to 149999 by Race, Asian Alone",25.0,37.0,33.0,66.0,99.0,135.0,126.0,143.0,100.0,58.0,33.0,29.0,50.0,39.0
195,Income,"Household Income 125000 to 149999 by Race, Black or African American Alone",9.0,0.0,0.0,0.0,0.0,11.0,23.0,25.0,27.0,36.0,14.0,20.0,18.0,18.0
279,Income,"Household Income 125000 to 149999 by Race, Hispanic or Latino",18.0,0.0,16.0,81.0,58.0,52.0,56.0,47.0,72.0,101.0,130.0,87.0,71.0,24.0
129,Income,"Household Income 125000 to 149999 by Race, Native Hawaiian and Other Pacific Islander Alone",0.0,0.0,0.0,0.0,0.0,0.0,0.0,0.0,0.0,0.0,0.0,0.0,0.0,0.0
222,Income,"Household Income 125000 to 149999 by Race, Some Other Race Alone",9.0,0.0,0.0,46.0,16.0,0.0,0.0,0.0,8.0,37.0,25.0,18.0,29.0,0.0
250,Income,"Household Income 125000 to 149999 by Race, Two or More Races",21.0,14.0,23.0,0.0,0.0,52.0,55.0,55.0,70.0,82.0,60.0,67.0,45.0,20.0
329,Income,"Household Income 125000 to 149999 by Race, White Alone",909.0,894.0,915.0,1195.0,1032.0,1155.0,1342.0,1172.0,983.0,1049.0,946.0,1006.0,1098.0,678.0
326,Income,"Household Income 125000 to 149999 by Race, White Alone, Not Hispanic or Latino",900.0,894.0,899.0,1160.0,990.0,1103.0,1286.0,1125.0,923.0,990.0,880.0,960.0,1056.0,654.0
323,Income,Household Income 15000 to 19999,336.0,424.0,363.0,312.0,339.0,275.0,305.0,282.0,283.0,223.0,203.0,121.0,101.0,105.0
137,Income,"Household Income 15000 to 19999 by Race, American Indian and Alaska Native Alone",0.0,0.0,0.0,0.0,0.0,0.0,0.0,0.0,0.0,0.0,0.0,0.0,0.0,0.0
271,Income,"Household Income 15000 to 19999 by Race, Asian Alone",16.0,46.0,33.0,29.0,40.0,39.0,74.0,54.0,36.0,37.0,56.0,19.0,0.0,0.0
193,Income,"Household Income 15000 to 19999 by Race, Black or African American Alone",0.0,34.0,18.0,18.0,16.0,16.0,0.0,0.0,0.0,0.0,0.0,0.0,0.0,0.0
214,Income,"Household Income 15000 to 19999 by Race, Hispanic or Latino",0.0,23.0,52.0,26.0,31.0,57.0,31.0,33.0,30.0,27.0,0.0,0.0,0.0,0.0
140,Income,"Household Income 15000 to 19999 by Race, Native Hawaiian and Other Pacific Islander Alone",0.0,0.0,0.0,0.0,0.0,0.0,0.0,0.0,0.0,0.0,0.0,0.0,0.0,0.0
176,Income,"Household Income 15000 to 19999 by Race, Some Other Race Alone",0.0,23.0,20.0,18.0,19.0,17.0,0.0,0.0,0.0,0.0,0.0,0.0,0.0,0.0
192,Income,"Household Income 15000 to 19999 by Race, Two or More Races",7.0,0.0,0.0,0.0,0.0,0.0,0.0,0.0,0.0,0.0,0.0,0.0,0.0,0.0
286,Income,"Household Income 15000 to 19999 by Race, White Alone",313.0,321.0,292.0,247.0,264.0,203.0,231.0,228.0,247.0,186.0,147.0,102.0,101.0,105.0
280,Income,"Household Income 15000 to 19999 by Race, White Alone, Not Hispanic or Latino",313.0,321.0,260.0,239.0,252.0,163.0,200.0,195.0,217.0,159.0,147.0,102.0,101.0,105.0
365,Income,Household Income 150000 to 199999,1412.0,1828.0,1636.0,1574.0,1847.0,1886.0,1710.0,2107.0,1981.0,1948.0,2093.0,1974.0,1722.0,1657.0
138,Income,"Household Income 150000 to 199999 by Race, American Indian and Alaska Native Alone",0.0,0.0,0.0,0.0,0.0,0.0,0.0,0.0,0.0,0.0,0.0,0.0,0.0,0.0
338,Income,"Household Income 150000 to 199999 by Race, Asian Alone",111.0,56.0,35.0,77.0,141.0,119.0,142.0,151.0,155.0,63.0,147.0,111.0,73.0,101.0
201,Income,"Household Income 150000 to 199999 by Race, Black or African American Alone",0.0,0.0,0.0,0.0,0.0,0.0,0.0,14.0,15.0,14.0,13.0,10.0,0.0,0.0
298,Income,"Household Income 150000 to 199999 by Race, Hispanic or Latino",56.0,189.0,138.0,109.0,119.0,186.0,197.0,206.0,176.0,159.0,81.0,62.0,85.0,131.0
157,Income,"Household Income 150000 to 199999 by Race, Native Hawaiian and Other Pacific Islander Alone",0.0,0.0,0.0,0.0,0.0,15.0,15.0,21.0,23.0,19.0,0.0,66.0,92.0,14.0
245,Income,"Household Income 150000 to 199999 by Race, Some Other Race Alone",0.0,51.0,55.0,53.0,50.0,62.0,57.0,49.0,28.0,12.0,11.0,11.0,0.0,28.0
278,Income,"Household Income 150000 to 199999 by Race, Two or More Races",60.0,31.0,12.0,47.0,53.0,57.0,100.0,86.0,78.0,87.0,132.0,48.0,73.0,137.0
347,Income,"Household Income 150000 to 199999 by Race, White Alone",1241.0,1690.0,1534.0,1397.0,1603.0,1633.0,1396.0,1786.0,1682.0,1753.0,1790.0,1728.0,1484.0,1377.0
345,Income,"Household Income 150000 to 199999 by Race, White Alone, Not Hispanic or Latino",1215.0,1552.0,1451.0,1350.0,1543.0,1537.0,1283.0,1663.0,1567.0,1637.0,1727.0,1690.0,1429.0,1336.0
324,Income,Household Income 20000 to 24999,370.0,288.0,255.0,344.0,352.0,401.0,342.0,306.0,316.0,314.0,220.0,172.0,152.0,89.0
160,Income,"Household Income 20000 to 24999 by Race, American Indian and Alaska Native Alone",0.0,0.0,0.0,0.0,0.0,0.0,0.0,0.0,0.0,0.0,0.0,0.0,0.0,0.0
290,Income,"Household Income 20000 to 24999 by Race, Asian Alone",56.0,74.0,31.0,21.0,26.0,31.0,36.0,14.0,16.0,19.0,30.0,28.0,41.0,27.0
185,Income,"Household Income 20000 to 24999 by Race, Black or African American Alone",0.0,13.0,0.0,0.0,0.0,0.0,0.0,0.0,0.0,0.0,0.0,0.0,0.0,0.0
211,Income,"Household Income 20000 to 24999 by Race, Hispanic or Latino",16.0,0.0,0.0,82.0,86.0,76.0,72.0,56.0,0.0,0.0,0.0,0.0,0.0,0.0
130,Income,"Household Income 20000 to 24999 by Race, Native Hawaiian and Other Pacific Islander Alone",0.0,0.0,0.0,0.0,0.0,0.0,0.0,0.0,0.0,0.0,0.0,0.0,0.0,0.0
170,Income,"Household Income 20000 to 24999 by Race, Some Other Race Alone",0.0,0.0,0.0,0.0,0.0,0.0,0.0,0.0,0.0,0.0,0.0,0.0,0.0,0.0
173,Income,"Household Income 20000 to 24999 by Race, Two or More Races",8.0,0.0,0.0,33.0,40.0,37.0,43.0,44.0,0.0,0.0,0.0,0.0,0.0,0.0
285,Income,"Household Income 20000 to 24999 by Race, White Alone",306.0,201.0,224.0,290.0,286.0,333.0,263.0,248.0,300.0,295.0,190.0,144.0,111.0,62.0
277,Income,"Household Income 20000 to 24999 by Race, White Alone, Not Hispanic or Latino",298.0,201.0,224.0,241.0,240.0,294.0,234.0,236.0,300.0,295.0,190.0,144.0,111.0,62.0
321,Income,Household Income 25000 to 29999,405.0,249.0,361.0,288.0,312.0,222.0,169.0,159.0,191.0,194.0,144.0,78.0,73.0,67.0
148,Income,"Household Income 25000 to 29999 by Race, American Indian and Alaska Native Alone",0.0,0.0,0.0,0.0,0.0,0.0,0.0,0.0,0.0,0.0,0.0,0.0,0.0,0.0
272,Income,"Household Income 25000 to 29999 by Race, Asian Alone",7.0,39.0,103.0,92.0,43.0,27.0,0.0,0.0,25.0,26.0,26.0,19.0,17.0,15.0
188,Income,"Household Income 25000 to 29999 by Race, Black or African American Alone",0.0,0.0,0.0,0.0,0.0,0.0,0.0,0.0,0.0,0.0,0.0,0.0,0.0,0.0
225,Income,"Household Income 25000 to 29999 by Race, Hispanic or Latino",25.0,15.0,0.0,14.0,12.0,0.0,0.0,0.0,0.0,0.0,0.0,0.0,0.0,0.0
135,Income,"Household Income 25000 to 29999 by Race, Native Hawaiian and Other Pacific Islander Alone",0.0,0.0,0.0,0.0,0.0,0.0,0.0,0.0,0.0,0.0,0.0,0.0,0.0,0.0
190,Income,"Household Income 25000 to 29999 by Race, Some Other Race Alone",15.0,0.0,0.0,0.0,0.0,0.0,0.0,0.0,0.0,0.0,0.0,0.0,0.0,0.0
183,Income,"Household Income 25000 to 29999 by Race, Two or More Races",10.0,0.0,0.0,0.0,0.0,0.0,0.0,0.0,0.0,0.0,0.0,0.0,0.0,0.0
282,Income,"Household Income 25000 to 29999 by Race, White Alone",373.0,210.0,258.0,196.0,269.0,195.0,169.0,159.0,166.0,168.0,118.0,59.0,56.0,52.0
274,Income,"Household Income 25000 to 29999 by Race, White Alone, Not Hispanic or Latino",356.0,195.0,258.0,182.0,257.0,195.0,169.0,159.0,166.0,168.0,118.0,59.0,56.0,52.0
314,Income,Household Income 30000 to 34999,475.0,177.0,335.0,368.0,361.0,414.0,313.0,366.0,336.0,235.0,203.0,195.0,125.0,39.0
128,Income,"Household Income 30000 to 34999 by Race, American Indian and Alaska Native Alone",0.0,0.0,0.0,0.0,0.0,0.0,0.0,0.0,0.0,0.0,0.0,0.0,0.0,0.0
259,Income,"Household Income 30000 to 34999 by Race, Asian Alone",48.0,0.0,23.0,43.0,49.0,84.0,62.0,104.0,56.0,33.0,21.0,25.0,0.0,0.0
182,Income,"Household Income 30000 to 34999 by Race, Black or African American Alone",13.0,0.0,0.0,0.0,0.0,0.0,0.0,0.0,0.0,0.0,0.0,0.0,0.0,0.0
197,Income,"Household Income 30000 to 34999 by Race, Hispanic or Latino",0.0,0.0,9.0,0.0,20.0,36.0,44.0,51.0,33.0,0.0,0.0,0.0,0.0,0.0
118,Income,"Household Income 30000 to 34999 by Race, Native Hawaiian and Other Pacific Islander Alone",0.0,0.0,0.0,0.0,0.0,0.0,0.0,0.0,0.0,0.0,0.0,0.0,0.0,0.0
175,Income,"Household Income 30000 to 34999 by Race, Some Other Race Alone",0.0,0.0,0.0,0.0,0.0,0.0,0.0,0.0,0.0,0.0,0.0,0.0,0.0,0.0
163,Income,"Household Income 30000 to 34999 by Race, Two or More Races",10.0,0.0,0.0,0.0,9.0,7.0,16.0,20.0,23.0,11.0,11.0,0.0,0.0,0.0
270,Income,"Household Income 30000 to 34999 by Race, White Alone",404.0,177.0,312.0,325.0,303.0,323.0,235.0,242.0,257.0,191.0,171.0,170.0,125.0,39.0
262,Income,"Household Income 30000 to 34999 by Race, White Alone, Not Hispanic or Latino",404.0,177.0,303.0,325.0,292.0,294.0,200.0,202.0,236.0,191.0,171.0,170.0,125.0,39.0
308,Income,Household Income 35000 to 39999,520.0,205.0,140.0,117.0,146.0,192.0,152.0,94.0,192.0,139.0,140.0,152.0,159.0,167.0
136,Income,"Household Income 35000 to 39999 by Race, American Indian and Alaska Native Alone",0.0,0.0,0.0,0.0,0.0,0.0,0.0,0.0,0.0,0.0,0.0,0.0,0.0,0.0
246,Income,"Household Income 35000 to 39999 by Race, Asian Alone",11.0,12.0,12.0,37.0,23.0,22.0,13.0,10.0,11.0,15.0,14.0,7.0,0.0,0.0
166,Income,"Household Income 35000 to 39999 by Race, Black or African American Alone",0.0,0.0,0.0,0.0,0.0,0.0,0.0,0.0,0.0,0.0,0.0,0.0,0.0,0.0
189,Income,"Household Income 35000 to 39999 by Race, Hispanic or Latino",45.0,29.0,19.0,0.0,0.0,0.0,0.0,0.0,11.0,16.0,10.0,0.0,37.0,0.0
122,Income,"Household Income 35000 to 39999 by Race, Native Hawaiian and Other Pacific Islander Alone",0.0,0.0,0.0,0.0,0.0,0.0,0.0,0.0,0.0,0.0,0.0,0.0,,0.0
169,Income,"Household Income 35000 to 39999 by Race, Some Other Race Alone",9.0,0.0,0.0,0.0,0.0,0.0,0.0,0.0,0.0,0.0,0.0,0.0,0.0,0.0
174,Income,"Household Income 35000 to 39999 by Race, Two or More Races",27.0,0.0,0.0,0.0,0.0,0.0,0.0,0.0,0.0,0.0,0.0,0.0,37.0,0.0
258,Income,"Household Income 35000 to 39999 by Race, White Alone",473.0,193.0,128.0,80.0,123.0,170.0,139.0,84.0,181.0,124.0,126.0,145.0,122.0,167.0
247,Income,"Household Income 35000 to 39999 by Race, White Alone, Not Hispanic or Latino",447.0,164.0,109.0,80.0,123.0,170.0,139.0,84.0,170.0,108.0,116.0,145.0,122.0,167.0
315,Income,Household Income 40000 to 44999,528.0,191.0,241.0,238.0,162.0,120.0,92.0,116.0,68.0,168.0,269.0,239.0,247.0,164.0
126,Income,"Household Income 40000 to 44999 by Race, American Indian and Alaska Native Alone",0.0,0.0,0.0,0.0,0.0,0.0,0.0,0.0,0.0,0.0,0.0,0.0,0.0,0.0
266,Income,"Household Income 40000 to 44999 by Race, Asian Alone",53.0,6.0,0.0,0.0,20.0,11.0,16.0,6.0,11.0,0.0,33.0,22.0,21.0,36.0
181,Income,"Household Income 40000 to 44999 by Race, Black or African American Alone",0.0,0.0,0.0,0.0,0.0,0.0,0.0,0.0,0.0,0.0,0.0,0.0,0.0,0.0
191,Income,"Household Income 40000 to 44999 by Race, Hispanic or Latino",30.0,0.0,23.0,7.0,8.0,7.0,11.0,14.0,0.0,0.0,16.0,15.0,20.0,31.0
413,Income,"Household Income 40000 to 44999 by Race, Native Hawaiian and Other Pacific Islander Alone",0.0,0.0,0.0,0.0,0.0,0.0,,,,0.0,0.0,0.0,0.0,
168,Income,"Household Income 40000 to 44999 by Race, Some Other Race Alone",9.0,0.0,0.0,0.0,0.0,0.0,0.0,0.0,0.0,0.0,0.0,0.0,0.0,0.0
165,Income,"Household Income 40000 to 44999 by Race, Two or More Races",25.0,0.0,6.0,12.0,13.0,15.0,19.0,0.0,0.0,0.0,16.0,15.0,20.0,31.0
269,Income,"Household Income 40000 to 44999 by Race, White Alone",441.0,185.0,235.0,226.0,129.0,94.0,57.0,110.0,57.0,168.0,220.0,202.0,206.0,97.0
263,Income,"Household Income 40000 to 44999 by Race, White Alone, Not Hispanic or Latino",420.0,185.0,212.0,219.0,121.0,87.0,46.0,96.0,57.0,168.0,220.0,202.0,206.0,97.0
312,Income,Household Income 45000 to 49999,512.0,323.0,294.0,257.0,259.0,224.0,196.0,189.0,168.0,128.0,88.0,108.0,72.0,183.0
150,Income,"Household Income 45000 to 49999 by Race, American Indian and Alaska Native Alone",0.0,0.0,0.0,0.0,0.0,0.0,0.0,0.0,0.0,0.0,0.0,0.0,0.0,0.0
233,Income,"Household Income 45000 to 49999 by Race, Asian Alone",54.0,15.0,15.0,12.0,5.0,25.0,33.0,40.0,21.0,11.0,11.0,8.0,0.0,20.0
187,Income,"Household Income 45000 to 49999 by Race, Black or African American Alone",0.0,0.0,0.0,0.0,0.0,0.0,0.0,0.0,0.0,0.0,17.0,15.0,0.0,0.0
203,Income,"Household Income 45000 to 49999 by Race, Hispanic or Latino",36.0,60.0,64.0,29.0,23.0,21.0,0.0,0.0,0.0,0.0,0.0,0.0,0.0,37.0
121,Income,"Household Income 45000 to 49999 by Race, Native Hawaiian and Other Pacific Islander Alone",0.0,0.0,0.0,0.0,0.0,0.0,0.0,0.0,0.0,0.0,0.0,,0.0,0.0
180,Income,"Household Income 45000 to 49999 by Race, Some Other Race Alone",8.0,43.0,38.0,0.0,0.0,0.0,0.0,0.0,0.0,0.0,0.0,0.0,0.0,0.0
171,Income,"Household Income 45000 to 49999 by Race, Two or More Races",10.0,8.0,8.0,0.0,0.0,0.0,0.0,14.0,13.0,10.0,0.0,0.0,0.0,37.0
268,Income,"Household Income 45000 to 49999 by Race, White Alone",440.0,257.0,233.0,245.0,254.0,199.0,163.0,135.0,134.0,107.0,60.0,85.0,72.0,126.0
260,Income,"Household Income 45000 to 49999 by Race, White Alone, Not Hispanic or Latino",422.0,240.0,207.0,216.0,231.0,178.0,163.0,135.0,134.0,107.0,60.0,85.0,72.0,126.0
335,Income,Household Income 50000 to 59999,897.0,842.0,764.0,763.0,626.0,590.0,618.0,464.0,319.0,341.0,310.0,202.0,281.0,233.0
154,Income,"Household Income 50000 to 59999 by Race, American Indian and Alaska Native Alone",0.0,0.0,0.0,0.0,0.0,0.0,0.0,0.0,0.0,0.0,0.0,0.0,0.0,0.0
296,Income,"Household Income 50000 to 59999 by Race, Asian Alone",111.0,183.0,167.0,131.0,81.0,78.0,77.0,57.0,55.0,45.0,40.0,18.0,24.0,15.0
202,Income,"Household Income 50000 to 59999 by Race, Black or African American Alone",10.0,59.0,0.0,0.0,14.0,13.0,11.0,11.0,11.0,0.0,0.0,0.0,16.0,15.0
254,Income,"Household Income 50000 to 59999 by Race, Hispanic or Latino",29.0,47.0,14.0,0.0,0.0,30.0,102.0,49.0,51.0,61.0,29.0,25.0,25.0,0.0
120,Income,"Household Income 50000 to 59999 by Race, Native Hawaiian and Other Pacific Islander Alone",0.0,0.0,0.0,0.0,0.0,0.0,0.0,0.0,0.0,0.0,0.0,0.0,0.0,0.0
210,Income,"Household Income 50000 to 59999 by Race, Some Other Race Alone",27.0,30.0,14.0,17.0,44.0,39.0,34.0,13.0,17.0,0.0,0.0,0.0,0.0,0.0
196,Income,"Household Income 50000 to 59999 by Race, Two or More Races",18.0,0.0,0.0,43.0,33.0,33.0,41.0,36.0,0.0,0.0,0.0,0.0,0.0,0.0
300,Income,"Household Income 50000 to 59999 by Race, White Alone",731.0,570.0,583.0,572.0,454.0,427.0,455.0,347.0,236.0,296.0,270.0,184.0,241.0,203.0
292,Income,"Household Income 50000 to 59999 by Race, White Alone, Not Hispanic or Latino",721.0,553.0,569.0,572.0,454.0,397.0,353.0,298.0,185.0,235.0,241.0,159.0,216.0,203.0
342,Income,Household Income 60000 to 74999,1377.0,1224.0,1095.0,1003.0,1044.0,928.0,954.0,1004.0,941.0,859.0,709.0,541.0,366.0,434.0
152,Income,"Household Income 60000 to 74999 by Race, American Indian and Alaska Native Alone",13.0,0.0,0.0,0.0,0.0,0.0,0.0,0.0,0.0,0.0,0.0,0.0,0.0,0.0
306,Income,"Household Income 60000 to 74999 by Race, Asian Alone",152.0,132.0,59.0,119.0,132.0,70.0,88.0,75.0,121.0,162.0,111.0,97.0,111.0,84.0
198,Income,"Household Income 60000 to 74999 by Race, Black or African American Alone",0.0,0.0,0.0,0.0,0.0,0.0,0.0,0.0,0.0,0.0,0.0,0.0,0.0,62.0
276,Income,"Household Income 60000 to 74999 by Race, Hispanic or Latino",17.0,111.0,203.0,174.0,150.0,79.0,80.0,108.0,92.0,85.0,125.0,62.0,83.0,65.0
155,Income,"Household Income 60000 to 74999 by Race, Native Hawaiian and Other Pacific Islander Alone",0.0,26.0,0.0,0.0,0.0,0.0,0.0,0.0,0.0,0.0,0.0,0.0,0.0,0.0
215,Income,"Household Income 60000 to 74999 by Race, Some Other Race Alone",0.0,0.0,41.0,13.0,15.0,12.0,14.0,14.0,0.0,13.0,44.0,50.0,51.0,10.0
217,Income,"Household Income 60000 to 74999 by Race, Two or More Races",64.0,74.0,72.0,38.0,28.0,9.0,8.0,0.0,0.0,20.0,39.0,28.0,14.0,28.0
319,Income,"Household Income 60000 to 74999 by Race, White Alone",1148.0,992.0,923.0,833.0,869.0,837.0,844.0,915.0,820.0,664.0,515.0,366.0,190.0,250.0
317,Income,"Household Income 60000 to 74999 by Race, White Alone, Not Hispanic or Latino",1131.0,881.0,761.0,672.0,734.0,770.0,778.0,821.0,728.0,592.0,448.0,366.0,172.0,211.0
363,Income,Household Income 75000 to 99999,1638.0,1572.0,1559.0,1597.0,1500.0,1398.0,1483.0,1317.0,1287.0,1069.0,977.0,857.0,685.0,598.0
125,Income,"Household Income 75000 to 99999 by Race, American Indian and Alaska Native Alone",0.0,13.0,0.0,0.0,0.0,0.0,0.0,0.0,0.0,0.0,0.0,0.0,0.0,0.0
328,Income,"Household Income 75000 to 99999 by Race, Asian Alone",154.0,189.0,184.0,161.0,161.0,119.0,159.0,199.0,153.0,154.0,175.0,176.0,139.0,117.0
212,Income,"Household Income 75000 to 99999 by Race, Black or African American Alone",0.0,0.0,0.0,14.0,17.0,13.0,17.0,11.0,0.0,0.0,0.0,0.0,0.0,0.0
299,Income,"Household Income 75000 to 99999 by Race, Hispanic or Latino",47.0,139.0,148.0,103.0,61.0,96.0,96.0,96.0,103.0,102.0,66.0,55.0,21.0,71.0
153,Income,"Household Income 75000 to 99999 by Race, Native Hawaiian and Other Pacific Islander Alone",7.0,0.0,0.0,0.0,0.0,0.0,0.0,0.0,0.0,0.0,0.0,0.0,0.0,0.0
273,Income,"Household Income 75000 to 99999 by Race, Some Other Race Alone",7.0,0.0,0.0,0.0,0.0,0.0,0.0,0.0,0.0,0.0,0.0,7.0,5.0,68.0
264,Income,"Household Income 75000 to 99999 by Race, Two or More Races",11.0,26.0,23.0,46.0,60.0,60.0,55.0,57.0,0.0,0.0,0.0,0.0,15.0,40.0
336,Income,"Household Income 75000 to 99999 by Race, White Alone",1459.0,1344.0,1352.0,1376.0,1262.0,1206.0,1252.0,1050.0,1134.0,915.0,802.0,674.0,526.0,373.0
331,Income,"Household Income 75000 to 99999 by Race, White Alone, Not Hispanic or Latino",1419.0,1205.0,1204.0,1273.0,1201.0,1110.0,1156.0,954.0,1031.0,813.0,736.0,626.0,510.0,373.0
385,Income,Household Income Greater than 200000,2154.0,2668.0,2839.0,2980.0,3386.0,3449.0,3576.0,3838.0,4231.0,4654.0,5328.0,5516.0,6010.0,6638.0
158,Income,"Household Income Greater than 200000 by Race, American Indian and Alaska Native Alone",0.0,0.0,0.0,0.0,0.0,10.0,7.0,23.0,25.0,25.0,9.0,4.0,0.0,0.0
364,Income,"Household Income Greater than 200000 by Race, Asian Alone",182.0,242.0,355.0,433.0,466.0,342.0,401.0,365.0,388.0,397.0,589.0,614.0,588.0,577.0
267,Income,"Household Income Greater than 200000 by Race, Black or African American Alone",0.0,0.0,0.0,0.0,0.0,0.0,0.0,14.0,13.0,19.0,15.0,11.0,0.0,0.0
325,Income,"Household Income Greater than 200000 by Race, Hispanic or Latino",0.0,122.0,76.0,63.0,80.0,110.0,112.0,178.0,242.0,222.0,280.0,362.0,464.0,419.0
162,Income,"Household Income Greater than 200000 by Race, Native Hawaiian and Other Pacific Islander Alone",,0.0,0.0,0.0,0.0,0.0,0.0,0.0,0.0,0.0,0.0,0.0,0.0,89.0
283,Income,"Household Income Greater than 200000 by Race, Some Other Race Alone",0.0,0.0,0.0,0.0,0.0,0.0,0.0,0.0,12.0,15.0,47.0,80.0,96.0,110.0
320,Income,"Household Income Greater than 200000 by Race, Two or More Races",31.0,23.0,45.0,81.0,64.0,84.0,128.0,132.0,88.0,114.0,99.0,214.0,415.0,426.0
376,Income,"Household Income Greater than 200000 by Race, White Alone",1941.0,2403.0,2439.0,2466.0,2856.0,3013.0,3040.0,3304.0,3705.0,4084.0,4569.0,4593.0,4911.0,5436.0
375,Income,"Household Income Greater than 200000 by Race, White Alone, Not Hispanic or Latino",1941.0,2281.0,2363.0,2403.0,2776.0,2922.0,2942.0,3159.0,3507.0,3910.0,4389.0,4454.0,4786.0,5343.0
340,Income,Household Income Less than 10000,627.0,403.0,535.0,598.0,590.0,628.0,716.0,606.0,517.0,428.0,397.0,338.0,269.0,280.0
151,Income,"Household Income Less than 10000 by Race, American Indian and Alaska Native Alone",0.0,10.0,10.0,14.0,36.0,15.0,11.0,8.0,9.0,0.0,0.0,0.0,0.0,0.0
309,Income,"Household Income Less than 10000 by Race, Asian Alone",24.0,88.0,54.0,66.0,41.0,114.0,101.0,91.0,72.0,73.0,10.0,12.0,21.0,55.0
235,Income,"Household Income Less than 10000 by Race, Black or African American Alone",0.0,0.0,0.0,0.0,0.0,0.0,0.0,0.0,0.0,0.0,0.0,0.0,0.0,0.0
236,Income,"Household Income Less than 10000 by Race, Hispanic or Latino",46.0,20.0,56.0,55.0,71.0,81.0,61.0,41.0,43.0,38.0,13.0,33.0,29.0,27.0
134,Income,"Household Income Less than 10000 by Race, Native Hawaiian and Other Pacific Islander Alone",0.0,0.0,0.0,0.0,0.0,0.0,0.0,0.0,0.0,0.0,0.0,0.0,0.0,0.0
200,Income,"Household Income Less than 10000 by Race, Some Other Race Alone",8.0,0.0,26.0,23.0,18.0,43.0,36.0,16.0,20.0,38.0,13.0,33.0,29.0,27.0
199,Income,"Household Income Less than 10000 by Race, Two or More Races",49.0,0.0,0.0,0.0,0.0,15.0,24.0,32.0,22.0,26.0,0.0,0.0,0.0,0.0
302,Income,"Household Income Less than 10000 by Race, White Alone",546.0,305.0,445.0,495.0,495.0,441.0,544.0,459.0,394.0,291.0,374.0,293.0,219.0,198.0
297,Income,"Household Income Less than 10000 by Race, White Alone, Not Hispanic or Latino",508.0,305.0,432.0,478.0,457.0,419.0,519.0,434.0,371.0,291.0,374.0,293.0,219.0,198.0
404,Income,Households Total for Income,14073.0,13223.0,13218.0,13543.0,13783.0,13831.0,13845.0,13879.0,13790.0,13691.0,13583.0,12832.0,12559.0,12390.0
221,Income,"Households Total for Income by Race, American Indian and Alaska Native Alone",13.0,23.0,21.0,25.0,36.0,25.0,18.0,31.0,46.0,35.0,19.0,15.0,24.0,0.0
382,Income,"Households Total for Income by Race, Asian Alone",1195.0,1308.0,1211.0,1391.0,1480.0,1322.0,1416.0,1378.0,1354.0,1216.0,1455.0,1308.0,1211.0,1279.0
343,Income,"Households Total for Income by Race, Black or African American Alone",32.0,122.0,35.0,32.0,47.0,53.0,51.0,75.0,66.0,69.0,59.0,56.0,34.0,95.0
366,Income,"Households Total for Income by Race, Hispanic or Latino",400.0,946.0,984.0,864.0,798.0,869.0,908.0,930.0,890.0,880.0,797.0,755.0,835.0,842.0
205,Income,"Households Total for Income by Race, Native Hawaiian and Other Pacific Islander Alone",7.0,26.0,0.0,0.0,0.0,15.0,15.0,21.0,23.0,19.0,0.0,66.0,92.0,103.0
346,Income,"Households Total for Income by Race, Some Other Race Alone",92.0,209.0,257.0,242.0,209.0,181.0,148.0,102.0,85.0,115.0,140.0,199.0,210.0,270.0
356,Income,"Households Total for Income by Race, Two or More Races",369.0,244.0,284.0,379.0,353.0,411.0,504.0,509.0,304.0,396.0,384.0,476.0,738.0,843.0
396,Income,"Households Total for Income by Race, White Alone",12365.0,11291.0,11410.0,11474.0,11658.0,11824.0,11693.0,11763.0,11912.0,11841.0,11526.0,10712.0,10250.0,9800.0
393,Income,"Households Total for Income by Race, White Alone, Not Hispanic or Latino",12108.0,10590.0,10703.0,10892.0,11098.0,11196.0,10985.0,11046.0,11171.0,11145.0,10998.0,10362.0,9969.0,9603.0
392,Income,Median Family Income,130484.3304843305,160864.9789029536,165209.4717668488,162264.1509433962,179368.5756240822,175860.7198748044,177390.9395973154,196902.0172910663,201653.8948799275,204340.832967033,207439.5688259109,209202.7027237354,210699.3911333572,215046.5185306658
388,Income,Median Household Income,85905.06715506715,105595.1591511936,104539.0570021112,108493.4735315446,115208.65237366,121064.0138408304,123461.9306594154,132177.4193548387,135627.1043771044,145176.3074484945,165038.2226469183,177203.6474164134,192174.7967479675,203336.9819222658
372,Income,"Median Household Income by Race, American Indian and Alaska Native Alone",67500.0,77884.61538461539,101136.3636363636,9999.0,9999.0,9999.0,9999.0,216305.0,204000.16,215000.6,123750.0,117045.4545454545,137500.0,0.0
383,Income,"Median Household Income by Race, Asian Alone",78652.5974025974,79761.90476190476,88111.41304347826,95729.81366459627,118884.8920863309,109669.8113207547,113920.4545454545,114130.4347826087,118656.7164179104,103773.5849056604,152891.156462585,181981.981981982,188013.698630137,169059.4059405941
370,Income,"Median Household Income by Race, Black or African American Alone",53000.0,52372.8813559322,19861.11111111111,19444.44444444445,55357.14285714286,58076.92307692308,96323.5294117647,140500.0,145370.3703703704,148958.3333333333,147321.4285714286,141250.0,126388.8888888889,67862.90322580645
378,Income,"Median Household Income by Race, Hispanic or Latino",49027.77777777778,96942.44604316546,76689.18918918919,74913.79310344828,70500.0,83984.375,88802.08333333333,108333.3333333333,140625.0,135396.0396039604,142788.4615384615,187500.0,205010.9762931034,199236.641221374
379,Income,"Median Household Income by Race, Native Hawaiian and Other Pacific Islander Alone",87500.0,67500.0,0.0,0.0,0.0,175000.0,175000.0,175000.0,175000.0,175000.0,0.0,175000.0,175000.0,221068.2584269663
377,Income,"Median Household Income by Race, Some Other Race Alone",48125.0,51833.33333333334,60914.63414634146,110897.4358974359,58977.27272727273,57820.51282051282,64285.71428571428,120000.0,142187.5,129391.8918918919,138000.0,138194.4444444444,142241.3793103448,155357.1428571429
387,Income,"Median Household Income by Race, Two or More Races",64804.6875,105147.0588235294,108684.2105263158,105537.9746835443,97291.66666666667,117559.5238095238,139090.9090909091,133409.0909090909,158974.358974359,151724.1379310345,164772.7272727273,175000.0,205542.3903614458,200528.1901408451
394,Income,"Median Household Income by Race, White Alone",88288.21110349555,111604.9633848657,107512.8424657534,110341.1053540587,117283.105022831,122847.1683475562,123741.7340191036,133116.4675767918,135528.992878942,148010.0095328885,166648.0446927374,177922.4537037037,192789.7574123989,204930.2928623988
395,Income,"Median Household Income by Race, White Alone, Not Hispanic or Latino",89288.23114869627,112422.497785651,110435.6751824817,113123.8859180036,119434.1372912801,124287.9746835443,125359.6423017107,134422.2222222222,136145.7204767064,149356.0606060606,167863.3468442386,178491.124260355,193054.5836249125,205067.580572712
32,Income,Percent in Poverty,0.03687046355256713,0.05678262052700803,0.05982192543127435,0.06036217303822938,0.0531749041419121,0.05889719248636639,0.05848919703321509,0.04879219324908015,0.04725920594938227,0.04709986916703009,0.0436261519598149,0.04391663013589447,0.04616805170821792,0.04632232618638023
72,Income,"Percent in Poverty by Race, American Indian and Alaska Native Alone",0.0,0.4492753623188406,0.2978723404255319,0.5921052631578947,1.0,0.6153846153846154,0.631578947368421,0.1730769230769231,0.1492537313432836,0.01388888888888889,0.0,0.0,0.0,0.03389830508474576
31,Income,"Percent in Poverty by Race, Asian Alone",0.0547153024911032,0.05461993627674101,0.02497687326549491,0.0244173140954495,0.01850507982583454,0.04807325448302175,0.0417910447761194,0.04006284367635507,0.05648369132856006,0.0549645390070922,0.02556390977443609,0.05302435192458759,0.07994814174589455,0.08697444352844189
63,Income,"Percent in Poverty by Race, Black or African American Alone",0.078125,0.07329842931937172,0.05970149253731343,0.03508771929824561,0.2682926829268293,0.2468354430379747,0.2379032258064516,0.2343096234309623,0.2836257309941521,0.09947643979057591,0.1122448979591837,0.1136363636363636,0.2527472527472527,0.02040816326530612
37,Income,"Percent in Poverty by Race, Hispanic or Latino",0.06060606060606061,0.09055425448868072,0.1230964467005076,0.1021711366538953,0.09935897435897435,0.08,0.05121293800539083,0.03195816385822196,0.04712041884816754,0.04862700228832952,0.04540420819490587,0.05984340044742729,0.04545454545454546,0.0496551724137931
30,Income,"Percent in Poverty by Race, Native Hawaiian and Other Pacific Islander Alone",0.0,0.0,,,,0.0,0.0,0.0,0.0,0.0,0.0,0.0,0.0,0.0
40,Income,"Percent in Poverty by Race, Some Other Race Alone",0.03827751196172249,0.1962616822429906,0.2423529411764706,0.1846590909090909,0.1536388140161725,0.1961538461538462,0.1648351648351648,0.06956521739130435,0.08547008547008547,0.1402214022140221,0.08645533141210375,0.1027777777777778,0.2017937219730942,0.1880819366852886
29,Income,"Percent in Poverty by Race, Two or More Races",0.06003159557661927,0.03218884120171674,0.0,0.0,0.0,0.09904534606205251,0.08341232227488152,0.08333333333333333,0.1353013530135301,0.1286549707602339,0.04101326899879373,0.05834378920953576,0.0479285134037368,0.03200624512099922
20,Income,"Percent in Poverty by Race, White Alone",0.03399875233936369,0.05402945113788487,0.05977847757628407,0.06285953352159816,0.05437148787525945,0.05338749455969825,0.05531728238619749,0.04547198772064467,0.03820534779712628,0.04160475482912333,0.04481488477521723,0.04030189423835832,0.03777663407102419,0.03913959419004324
18,Income,"Percent in Poverty by Race, White Alone, Not Hispanic or Latino",0.03257957346479477,0.05498281786941581,0.05945351395160357,0.06237144921896715,0.05330823023130715,0.05381926596072787,0.05716543730242361,0.04668721109399075,0.03838105445822488,0.04270409681579208,0.04541800643086816,0.03882893581866061,0.03915501973754401,0.04025315012258396
6,Journey to Work,Journey to Work by Bike,,0.008976317799847212,0.009257368456878362,0.01915683415086835,0.02034369471822087,0.02677222457243005,0.02829354553492484,0.02764227642276423,0.02583361784454307,0.02632309657355473,0.02887211416606976,0.03312464428002276,0.02894782457964985,0.03471025260029718
79,Journey to Work,Journey to Work by Car,,0.5054749172396231,0.5050030630998571,0.4818374651995228,0.464051048774324,0.4452770895026289,0.4310639552018862,0.4076074332171893,0.3992261295095026,0.4126728494474371,0.3992506474185906,0.3635742743312464,0.3281909054139943,0.3036552748885587
16,Journey to Work,Journey to Work by Carpooled,,0.08301502419149479,0.07120005445510857,0.08179769322550709,0.0790371493555724,0.08490965129630748,0.08818155025051577,0.08246225319396051,0.07442813246841926,0.08007996890098296,0.07879221995702243,0.07541263517359136,0.05945571156179581,0.0586627043090639
66,Journey to Work,Journey to Work by Drove Alone,,0.4224598930481284,0.4338030086447485,0.4000397719740156,0.3850138994187516,0.3603674382063214,0.3428824049513705,0.3251451800232288,0.3247979970410834,0.3325928805464541,0.3204584274615681,0.2881616391576551,0.2687351938521985,0.2449925705794948
8,Journey to Work,Journey to Work by Other Journey Type,,0.02915711739241151,0.03294534068477299,0.03533077025056344,0.03683345969168562,0.03426603009608992,0.03996463306808135,0.04698025551684088,0.05513827244793445,0.07458210695840506,0.08143699377376164,0.07877063175867957,0.07702085861212227,0.0662704309063893
60,Journey to Work,Journey to Work by Transit,,0.3202826585179526,0.3140017697910285,0.3130717221264749,0.324109173616376,0.3464676376382426,0.3513704686118479,0.3638211382113821,0.367133265050643,0.3442550119398012,0.3361066725439418,0.3116107000569152,0.2622060437973074,0.2102823179791976
33,Journey to Work,Journey to Work by Walk,,0.04914693149987268,0.04689946225580287,0.04242343895001988,0.04485721506191559,0.0452650027195262,0.0458001768346596,0.04912891986062718,0.05951974507795607,0.0641972566224246,0.0757617499586754,0.07370517928286853,0.07476743514185012,0.06448736998514117
58,Journey to Work,Journey to Work by Worked at Home,,0.08696205755029285,0.0918929957116602,0.1081797693225507,0.1098054081374779,0.1019520154710824,0.1035072207486001,0.1048199767711963,0.09314897006942073,0.0779696784583773,0.07857182213896083,0.1392145702902675,0.228866932455076,0.3205943536404161
408,Journey to Work,Total Workers 16 Years and Older,,15708.0,14691.0,15086.0,15828.0,16547.0,16965.0,17220.0,17574.0,18007.0,18149.0,17570.0,17307.0,16825.0
61,Language Spoken at Home,Asian/Pacific Islander,0.05563971904696323,0.05431355014825622,0.05274048409604928,0.0594446973145198,0.04867957746478873,0.0503242651393919,0.05077615582011695,0.04771688540400017,0.0531946134161178,0.04878961816820564,0.05275987440092546,0.04901625320786997,0.04910292728989613,0.04454432182271271
102,Language Spoken at Home,English Only,0.8152228802277005,0.832164540876359,0.8209903277031904,0.8160218479745107,0.8333626760563381,0.8350880148235492,0.8299608766984982,0.8435573818608747,0.8467088979317867,0.8460194659346144,0.8453974549661213,0.8466210436270316,0.8308867713966864,0.8415806336774653
15,Language Spoken at Home,Other European Languages,0.08832575861910665,0.06603285169671012,0.06693614359270487,0.06995903504779244,0.06707746478873239,0.06843257811841995,0.06428000504816793,0.06713069730387018,0.06628350883080925,0.06991930787788038,0.06511320442902,0.06278870829769033,0.06545626234011503,0.06123175507297971
1,Language Spoken at Home,Other Languages,0.007574714226690538,0.01002494469807502,0.007073769308502959,0.004642694583522986,0.004005281690140845,0.004969257980291418,0.00992806360691599,0.008763470166464003,0.003020514326467257,0.006280675484568671,0.005329697570649479,0.005218135158254918,0.004592668898617907,0.00578497686009256
35,Language Spoken at Home,Spanish Only,0.03323692787953909,0.03746411258059961,0.05225927529955247,0.04993172507965407,0.046875,0.04118588393834751,0.04505489882630095,0.03283156526479097,0.03079246549481898,0.02899093253473089,0.03139976863328375,0.03635585970915312,0.04996137007468452,0.04685831256674973
77,Nativity,Foreign Born,0.153671461014383,0.1493945303641888,0.1629447739065975,0.1737839490000873,0.1652166603622914,0.1606294775819045,0.1663255067228577,0.1510673888800382,0.1490843949044586,0.1495795665390233,0.1540098522167488,0.1502819026443262,0.1580042411875325,0.1598912588874948
410,Population,Total Population,22457.0,22049.0,21584.0,22902.0,23793.0,24846.0,24915.0,25108.0,25120.0,25331.0,25375.0,25186.0,24993.0,23910.0
401,Race/Ethnicity,Asian,2248.0,2197.0,2163.0,2708.0,2781.0,2656.0,2715.0,2576.0,2553.0,2281.0,2686.0,2574.0,2353.0,2460.0
367,Race/Ethnicity,Black/African American,64.0,191.0,72.0,62.0,169.0,321.0,253.0,239.0,342.0,192.0,197.0,177.0,92.0,100.0
386,Race/Ethnicity,Latino Population (of Any Race),891.0,1281.0,1576.0,1579.0,1572.0,1564.0,1868.0,1734.0,1721.0,1751.0,1809.0,1792.0,2315.0,2180.0
295,Race/Ethnicity,Native American Indian,31.0,69.0,94.0,76.0,37.0,27.0,20.0,53.0,69.0,72.0,50.0,56.0,59.0,59.0
284,Race/Ethnicity,Native Hawaiian/Pacific Islander,36.0,130.0,0.0,0.0,0.0,15.0,15.0,21.0,23.0,42.0,25.0,89.0,107.0,113.0
390,Race/Ethnicity,Other/Two or More Races,842.0,787.0,823.0,904.0,1025.0,1099.0,1330.0,1301.0,1051.0,1141.0,1192.0,1971.0,2926.0,3116.0
402,Race/Ethnicity,"White Alone, Not Hispanic or Latino",18662.0,17751.0,17288.0,18006.0,18607.0,19490.0,19032.0,19528.0,19656.0,20227.0,19952.0,19413.0,18771.0,17562.0
403,Race/Ethnicity,"White, Including Hispanic or Latino",19236.0,18675.0,18432.0,19152.0,19781.0,20728.0,20582.0,20918.0,21082.0,21603.0,21225.0,20319.0,19456.0,18062.0
380,Unit Size,1 Bedroom,5947.0,6325.0,6362.0,6550.0,6284.0,6103.0,6051.0,5973.0,5681.0,5746.0,5446.0,5149.0,5216.0,5217.0
384,Unit Size,2 Bedrooms,3891.0,3609.0,3705.0,3617.0,3987.0,4145.0,3886.0,4169.0,4348.0,3867.0,3894.0,4079.0,4222.0,4203.0
381,Unit Size,3-4 Bedrooms,2190.0,2644.0,2591.0,2591.0,2426.0,2388.0,2481.0,2320.0,2401.0,2819.0,2747.0,2756.0,2812.0,2741.0
327,Unit Size,5 or More Bedrooms,163.0,170.0,169.0,225.0,210.0,265.0,239.0,243.0,236.0,204.0,277.0,375.0,348.0,376.0
373,Unit Size,No Bedroom,2533.0,2232.0,2292.0,2126.0,2236.0,2216.0,2425.0,2391.0,2330.0,2299.0,2422.0,1831.0,1833.0,1917.0
67,Vehicles Available,Households with no Vehicle,0.1844971172325433,0.1976858504121606,0.2081252837040399,0.2227719116886953,0.21141986505115,0.2142289060805437,0.2069339111592633,0.2256646732473521,0.2287164612037708,0.2498721788035936,0.2512699698152102,0.2536627182044888,0.245640576479019,0.2559322033898305
34,Vehicles Available,Percent of No Vehicle Homeowning Households,0.1214421252371917,0.1040315759797012,0.1118526428190069,0.1119817997977755,0.1075268817204301,0.1114808652246256,0.1076139088729017,0.1121356335514575,0.1083655849955344,0.09588235294117647,0.07832369942196532,0.08312271833754563,0.07967032967032966,0.08574091332712022
89,Vehicles Available,Percent of No Vehicle Renting Households,0.2028106916505925,0.2320173625465068,0.2461993243243243,0.2684885782830917,0.2511534603811434,0.2504645476772616,0.2384622704348653,0.2619568317961396,0.2674719585849871,0.3007482266057721,0.3103822977378248,0.3191672958688383,0.3042120004308952,0.3156689564932941
406,Vehicles Available,Vehicles Available,15773.0,14445.0,13968.0,14170.0,14560.0,14675.0,14646.0,14464.0,14322.0,14014.0,13627.0,12784.0,12655.0,12173.0
101,Vehicles Available,Vehicles Homeowners,0.2785139161858873,0.3317410868812738,0.3637600229095074,0.3788990825688073,0.3578296703296703,0.336695059625213,0.3144203195411717,0.3192063053097345,0.3254433738304706,0.3469387755102041,0.365524326704337,0.3915050062578223,0.3682338996444093,0.3716421588762014
93,Vehicles Available,Vehicles Per Capita,0.7023645188582625,0.6551317520068938,0.6471460340993328,0.6187232556108637,0.6119446896145925,0.5906383321258956,0.5878386514148104,0.5760713716743667,0.5701433121019108,0.553235166396905,0.5370246305418719,0.5075835781783531,0.5063417756971952,0.5091175240485153
91,Vehicles Available,Vehicles Renters,0.7214860838141127,0.6682589131187262,0.6362399770904925,0.6211009174311927,0.6421703296703297,0.663304940374787,0.6855796804588283,0.6807936946902655,0.6745566261695294,0.6530612244897959,0.634475673295663,0.6084949937421777,0.6317661003555907,0.6283578411237986
