,Category,Attribute,Mission Bay_2000,Mission Bay_2010,Mission Bay_2011,Mission Bay_2012,Mission Bay_2013,Mission Bay_2014,Mission Bay_2015,Mission Bay_2016,Mission Bay_2017,Mission Bay_2018,Mission Bay_2019,Mission Bay_2020,Mission Bay_2021,Mission Bay_2022
10,Age,0-4 Years,0.0,0.04161140583554376,0.04385222786238015,0.04156712852365026,0.03675278348286672,0.03498572011423909,0.03787954704880248,0.04055465856206667,0.05978118161925602,0.06502463054187192,0.05490848585690516,0.07471867966991748,0.06558807733619763,0.07531094527363184
65,Age,18-34 Years,0.346218487394958,0.4696618037135278,0.4871686407219402,0.5076445293836598,0.5024321694951898,0.4883720930232558,0.4966429501954104,0.4699401652578593,0.4413129102844639,0.4291461412151067,0.4270155800937831,0.3880720180045011,0.390843179377014,0.3969527363184079
81,Age,35-59 Years,0.3865546218487395,0.3260941644562334,0.3265651438240271,0.3214285714285715,0.3406118257485677,0.3414932680538555,0.3327988776430504,0.3533099059739767,0.3434573304157549,0.3488505747126437,0.3610648918469218,0.3633158289572393,0.3589554242749731,0.3607587064676617
26,Age,5-17 Years,0.07394957983193277,0.03597480106100796,0.03539199097574732,0.03631151457238414,0.04777861852772673,0.05385556915544676,0.05180879847680128,0.04663310855731789,0.05969365426695843,0.06510673234811166,0.06027832400544547,0.0768192048012003,0.09002416756176154,0.06598258706467662
56,Age,60 and older,0.1932773109243698,0.126657824933687,0.1070219966159053,0.09304825609173435,0.07242460274564912,0.08129334965320277,0.08086982663593546,0.08956216164877956,0.09575492341356674,0.091871921182266,0.09673271819694448,0.09707426856714178,0.0945891514500537,0.1009950248756219
41,Educational Attainment,College Degree or higher,0.4688888888888889,0.08127424954053503,0.07984523390784383,0.0837956204379562,0.07408859270874167,0.06848641337759745,0.06904847828702033,0.08367688022284123,0.08200064398411507,0.0868542199488491,0.1301758630315437,0.1115184256222265,0.1181755355908777,0.1222614840989399
53,Educational Attainment,"College Degree or higher by Race, American Indian and Alaska Native Alone",,,,,,,,0.2112676056338028,0.2093023255813954,0.2173913043478261,0.2244897959183673,0.2282608695652174,,
97,Educational Attainment,"College Degree or higher by Race, Asian Alone",0.4496124031007752,0.6961832061068702,0.7108482871125612,0.7359494512803458,0.7515055467511886,0.7478644254615596,0.7263695713880216,0.6587545378385926,0.6219713656387665,0.6617647058823529,0.6198123044838373,0.6978733805915424,0.7642292490118577,0.7853286757700857
73,Educational Attainment,"College Degree or higher by Race, Black or African American Alone",0.0,0.2716049382716049,0.2877697841726619,0.2773109243697479,0.253968253968254,0.2413793103448276,0.3067846607669616,0.2854251012145749,0.3506493506493507,0.4061032863849765,0.4534412955465587,0.7016949152542373,0.6979591836734694,0.8316326530612245
88,Educational Attainment,"College Degree or higher by Race, Hispanic or Latino",,0.6175710594315246,0.5770065075921909,0.5445736434108527,0.5955056179775281,0.5680224403927069,0.5961290322580645,0.5984162895927602,0.5457715780296426,0.5809443507588533,0.5175097276264592,0.514959202175884,0.5273708558211256,0.4946962391513983
50,Educational Attainment,"College Degree or higher by Race, Native Hawaiian and Other Pacific Islander Alone",,,,,,,,,,,,0.0,0.0,0.0
71,Educational Attainment,"College Degree or higher by Race, Some Other Race Alone",,0.4457142857142857,0.4074074074074074,0.5886524822695035,0.6953316953316954,0.7112860892388452,0.6840796019900498,0.7002341920374707,0.4400977995110024,0.3901869158878505,0.1745689655172414,0.06103286384976526,0.2782719186785261,0.273371104815864
106,Educational Attainment,"College Degree or higher by Race, Two or More Races",1.0,0.7183098591549296,0.7692307692307693,0.5877192982456141,0.7129629629629629,0.7333333333333333,0.7892156862745098,0.8445945945945946,0.8829113924050633,0.9392712550607287,0.9433333333333334,0.983249581239531,0.9733606557377049,0.9831824062095731
111,Educational Attainment,"College Degree or higher by Race, White Alone",0.4908424908424908,0.7591125198098256,0.8176972281449894,0.8383413461538461,0.8412913727618014,0.8481573843169853,0.8358907672301691,0.8487579152459815,0.8,0.8022101939557961,0.7955812512905224,0.7578288100208769,0.7025162337662337,0.7575150300601202
114,Educational Attainment,"College Degree or higher by Race, White Alone, Not Hispanic or Latino",0.4908424908424908,0.7583514099783081,0.8253719655442443,0.8555484693877551,0.8625823074720871,0.8750373692077728,0.8531567080045096,0.8629348679047868,0.8185409533842507,0.8064516129032258,0.8279855247285887,0.7778300776653331,0.7070048871305562,0.769047050394077
44,Educational Attainment,High School or Less,0.2577777777777778,0.1494792730243006,0.1232852620471333,0.09810218978102189,0.1226969815758526,0.1207426533874339,0.1350896186695537,0.1472980501392758,0.1817108511323387,0.1459846547314578,0.1447845910486648,0.1332240015435076,0.1210262612301313,0.08299960738123283
99,Educational Attainment,"High School or Less by Race, American Indian and Alaska Native Alone",,,,,,,,0.2816901408450704,0.2906976744186047,0.2934782608695652,0.2653061224489796,0.25,,
76,Educational Attainment,"High School or Less by Race, Asian Alone",0.4806201550387597,0.2015267175572519,0.1973898858075041,0.1995344196873961,0.1657686212361331,0.1727748691099476,0.1915980698268521,0.2192125104719352,0.2268722466960352,0.2121504339440694,0.2508863399374348,0.1965289660229773,0.1812252964426878,0.1678310574785646
78,Educational Attainment,"High School or Less by Race, Black or African American Alone",0.2413793103448276,0.5493827160493827,0.5179856115107914,0.5126050420168067,0.3703703703703703,0.2068965517241379,0.2035398230088496,0.257085020242915,0.2077922077922078,0.1197183098591549,0.3522267206477733,0.1728813559322034,0.1061224489795918,0.1275510204081633
86,Educational Attainment,"High School or Less by Race, Hispanic or Latino",,0.09043927648578812,0.07158351409978309,0.1511627906976744,0.03691813804173355,0.1893408134642356,0.2374193548387097,0.2420814479638009,0.2510897994768962,0.2782462057335582,0.1953307392996109,0.2239347234814143,0.243639167309175,0.2883317261330762
94,Educational Attainment,"High School or Less by Race, Native Hawaiian and Other Pacific Islander Alone",,,,,,,,,,,,1.0,1.0,1.0
95,Educational Attainment,"High School or Less by Race, Some Other Race Alone",,0.0,0.0,0.0,0.0,0.1102362204724409,0.2014925373134328,0.2060889929742389,0.2885085574572127,0.3247663551401869,0.3103448275862069,0.3661971830985916,0.3138500635324015,0.4235127478753541
46,Educational Attainment,"High School or Less by Race, Two or More Races",0.0,0.2816901408450704,0.2307692307692308,0.412280701754386,0.1851851851851852,0.1692307692307692,0.1225490196078431,0.08108108108108109,0.0,0.0,0.0,0.0,0.0,0.0
25,Educational Attainment,"High School or Less by Race, White Alone",0.1721611721611722,0.08042789223454834,0.06823027718550106,0.06039663461538462,0.03364080303852415,0.03241895261845387,0.007022106631989597,0.01461276181198246,0.03506343713956171,0.08051420838971583,0.08424530249845137,0.1148225469728601,0.1467126623376623,0.1269205076820307
21,Educational Attainment,"High School or Less by Race, White Alone, Not Hispanic or Latino",0.1721611721611722,0.07288503253796096,0.06225528582615505,0.05006377551020408,0.03549957056971085,0.02750373692077728,0.0,0.00732409102798849,0.01395838820121148,0.0625,0.07889022919179735,0.1134384561073194,0.1521992087502909,0.1361356579890136
45,Educational Attainment,Some College/Associate Degree,0.2733333333333333,0.7059424137226874,0.742525501231094,0.09810218978102189,0.1226969815758526,0.1207426533874339,0.1350896186695537,0.1472980501392758,0.1817108511323387,0.1459846547314578,0.1447845910486648,0.1332240015435076,0.1210262612301313,0.08299960738123283
64,Educational Attainment,"Some College/Associate Degree by Race, American Indian and Alaska Native Alone",,,,,,,,0.5070422535211268,0.5,0.4891304347826087,0.5102040816326531,0.5217391304347826,,
42,Educational Attainment,"Some College/Associate Degree by Race, Asian Alone",0.06976744186046512,0.1022900763358779,0.09176182707993474,0.06451612903225806,0.08272583201267829,0.0793607054284927,0.08203235878512631,0.1220329516894722,0.1511563876651982,0.1260848601735776,0.1293013555787279,0.1055976533854803,0.05454545454545454,0.04684026675134963
75,Educational Attainment,"Some College/Associate Degree by Race, Black or African American Alone",0.7586206896551724,0.1790123456790123,0.1942446043165468,0.2100840336134454,0.3756613756613756,0.5517241379310345,0.4896755162241888,0.4574898785425101,0.4415584415584415,0.4741784037558686,0.194331983805668,0.1254237288135593,0.1959183673469388,0.04081632653061224
54,Educational Attainment,"Some College/Associate Degree by Race, Hispanic or Latino",,0.2919896640826873,0.351409978308026,0.3042635658914729,0.3675762439807383,0.2426367461430575,0.1664516129032258,0.1595022624434389,0.2031386224934612,0.1408094435075885,0.2871595330739299,0.2611060743427017,0.2289899768696993,0.2169720347155256
74,Educational Attainment,"Some College/Associate Degree by Race, Native Hawaiian and Other Pacific Islander Alone",,,,,,,,,,,,0.0,0.0,0.0
52,Educational Attainment,"Some College/Associate Degree by Race, Some Other Race Alone",,0.5542857142857143,0.5925925925925926,0.4113475177304964,0.3046683046683047,0.1784776902887139,0.1144278606965174,0.0936768149882904,0.2713936430317848,0.2850467289719626,0.5150862068965517,0.5727699530516432,0.4078780177890724,0.3031161473087819
49,Educational Attainment,"Some College/Associate Degree by Race, Two or More Races",0.0,0.0,0.0,0.0,0.1018518518518518,0.09743589743589744,0.08823529411764706,0.07432432432432433,0.1170886075949367,0.06072874493927125,0.05666666666666666,0.01675041876046901,0.02663934426229508,0.01681759379042691
39,Educational Attainment,"Some College/Associate Degree by Race, White Alone",0.336996336996337,0.160459587955626,0.1140724946695096,0.1012620192307692,0.1250678241996744,0.1194236630645608,0.1570871261378413,0.1366293229420361,0.1649365628604383,0.117275597654488,0.1201734462110262,0.1273486430062631,0.1507711038961039,0.115564462257849
38,Educational Attainment,"Some College/Associate Degree by Race, White Alone, Not Hispanic or Latino",0.336996336996337,0.168763557483731,0.1123727486296006,0.09438775510204081,0.1019181219582021,0.09745889387144993,0.1468432919954904,0.1297410410672247,0.1675006584145378,0.1310483870967742,0.09312424607961399,0.1087314662273476,0.1407959041191529,0.09481729161690948
409,Employment,Employed Residents,296.0,4002.0,4627.0,5429.0,6270.0,6585.0,6509.0,7071.0,7411.0,7775.0,8762.0,8862.0,9972.0,11143.0
92,Employment,Managerial Professional,0.6790540540540541,0.475512243878061,0.5098335854765507,0.4903297108123043,0.5135566188197768,0.5076689445709947,0.55676755261945,0.5697921086126432,0.5896640129537174,0.5711897106109325,0.5324126911664003,0.5519070187316633,0.5337946249498596,0.6122229202189715
3,Employment,Natural Resources,0.03378378378378379,0.01474262868565717,0.01231899719040415,0.007736231350156567,0.006858054226475279,0.01548974943052392,0.02442771547088646,0.02701173808513647,0.02671704223451626,0.02932475884244373,0.02955946131020315,0.005303543218235162,0.00681909346169274,0.007538364892757785
2,Employment,Production Transport Materials,0.03040540540540541,0.02023988005997001,0.02031553922628053,0.02044575428255664,0.01786283891547049,0.01716021260440395,0.0278076509448456,0.02474897468533447,0.0171366887059776,0.01170418006430868,0.05124400821730198,0.02200406228842248,0.0210589651022864,0.02315354931347034
28,Employment,Sales and Office,0.1216216216216216,0.1061969015492254,0.09401339961097904,0.07183643396573955,0.0773524720893142,0.06788154897494306,0.07297587955139039,0.06590298401923349,0.09485899338820672,0.08077170418006431,0.06893403332572472,0.08338975400586775,0.06377858002406739,0.04164049178856681
19,Employment,Services,0.1351351351351351,0.03698150924537731,0.04689863842662632,0.05396942346656843,0.05518341307814992,0.04965831435079727,0.03595022276847442,0.02305190213548296,0.0164620159222777,0.022508038585209,0.02545081031727916,0.0312570525840668,0.03359406337745688,0.04415328008615274
12,Employment,Unemployment Rate,0.0,0.07660359944623904,0.07810320781032078,0.05958773601247185,0.05558065973791233,0.05279056386651323,0.04991971974894176,0.04549136069114471,0.03464895141331249,0.02861069465267366,0.01826330532212885,0.01969026548672567,0.01898671913428431,0.03590586606679357
14,Employment,"Unemployment Rate by Race, American Indian and Alaska Native Alone",,,,,,,,0.0,0.0,0.0,0.0,0.0,,
7,Employment,"Unemployment Rate by Race, Asian Alone",0.0,0.05590062111801242,0.05746295627032887,0.04079219627549512,0.0352112676056338,0.02984344422700587,0.02202202202202202,0.01804059133049361,0.01924001924001924,0.01707577374599787,0.006101048617731172,0.008096229470275272,0.003616980772891681,0.01176470588235294
17,Employment,"Unemployment Rate by Race, Black or African American Alone",0.0,0.1111111111111111,0.1124260355029586,0.1328125,0.4285714285714285,0.1935483870967742,0.1900826446280992,0.1506129597197898,0.1282051282051282,0.007751937984496124,0.01533742331288344,0.009146341463414634,0.01503759398496241,0.1064718162839248
11,Employment,"Unemployment Rate by Race, Hispanic or Latino",,0.1787709497206704,0.2171253822629969,0.1031613976705491,0.06657223796033994,0.05141388174807198,0.02801461632155907,0.0,0.02068416865552904,0.04069329314242653,0.04521276595744681,0.08095238095238096,0.08156711624919717,0.08702531645569621
22,Employment,"Unemployment Rate by Race, Native Hawaiian and Other Pacific Islander Alone",,,,,,,,,,,,0.0,0.0,0.0
13,Employment,"Unemployment Rate by Race, Some Other Race Alone",,0.3018867924528302,0.2900763358778626,0.1228571428571429,0.06578947368421052,0.04295942720763723,0.0,0.0,0.0,0.05252100840336135,0.05098039215686274,0.05161290322580645,0.02850877192982456,0.02965599051008304
9,Employment,"Unemployment Rate by Race, Two or More Races",0.0,0.0,0.0,0.08064516129032258,0.03043478260869565,0.02926829268292683,0.02714932126696833,0.021875,0.0,0.0,0.0,0.0,0.0,0.1253101736972705
5,Employment,"Unemployment Rate by Race, White Alone",0.0,0.0324580598103574,0.03183699458771092,0.03626666666666667,0.03,0.03939008894536213,0.04322627384689688,0.03996282527881041,0.02327624066754502,0.02528977871443625,0.01849796522382538,0.02041175435509414,0.02425467407781708,0.03034300791556728
4,Employment,"Unemployment Rate by Race, White Alone, Not Hispanic or Latino",0.0,0.03537360890302067,0.02513089005235602,0.03304151369669585,0.02736896462690421,0.03649835345773875,0.04094488188976378,0.04320522481788495,0.02039255671679837,0.0217287488061127,0.0127809607756721,0.007556174189699742,0.008304364619544225,0.02799756542909312
116,Households,Average Family Household Size,2.958762886597938,2.818541996830428,2.77029840388619,2.6548463356974,2.610990206746464,2.565684899485741,2.539735099337749,2.548890714872638,2.750097770825186,2.764518413597734,2.728786926461345,2.858022690437601,2.835829173599556,2.834400222655163
115,Households,Average Household Size,1.875,1.97124183006536,1.948387096774194,1.983191230207064,2.014176417641764,2.003391986432054,2.000208594075928,1.974354030080987,2.025049918315484,2.012947189097104,2.040557667934094,2.144929925803792,2.183047790802525,2.198965665852608
96,Households,Family Households,0.3566176470588235,0.4124183006535947,0.4042075736325386,0.4121802679658952,0.4135913591359136,0.4534661861352555,0.4409678765123071,0.4693405322020825,0.4641495734253041,0.4810902896081772,0.5041191381495564,0.5086562242374278,0.5419296663660956,0.5161614710530096
405,Households,Households,272.0,3060.0,3565.0,4105.0,4444.0,4717.0,4794.0,5186.0,5509.0,5870.0,6312.0,6065.0,6654.0,6961.0
82,Households,"Households with 60 years and older, % of Total (DEC, 65 years and older)",0.4227941176470588,0.1588235294117647,0.1343618513323983,0.1237515225334957,0.09203420342034203,0.1062115751536994,0.1141009595327493,0.1228306980331662,0.1270648030495553,0.1286201022146508,0.1505069708491762,0.1533388293487222,0.1574992485722873,0.1646315184599914
47,Households,"Households with Children, % of Total",0.06985294117647059,0.1156862745098039,0.1155680224403927,0.105237515225335,0.1230873087308731,0.110875556497774,0.1134751773049645,0.1185885075202468,0.1617353421673625,0.1572402044293015,0.1538339670468948,0.2049464138499588,0.2179140366696724,0.1791409280275822
100,Households,Non-Family Households,0.6433823529411765,0.5875816993464053,0.5957924263674614,0.5878197320341048,0.5864086408640864,0.5465338138647445,0.5590321234876929,0.5306594677979175,0.535850426574696,0.5189097103918229,0.4958808618504436,0.4913437757625722,0.4580703336339044,0.4838385289469904
85,Households,"Single Person Households, % of Total",0.4742647058823529,0.4392156862745098,0.4516129032258064,0.415347137637028,0.3717371737173717,0.3693025227899088,0.3671255736337088,0.3532587736212881,0.3732074786712652,0.3899488926746167,0.3575728770595691,0.3335531739488871,0.3258190562067929,0.3123114495043816
241,Housing,Median Year Moved In Owner,1988.076923076923,2005.346901579587,2007.312831389183,2006.417197452229,2006.776519052523,2010.512357414449,2008.346111719606,2009.741573033708,2010.699248120301,2010.121951219512,2012.966666666667,2013.099137931034,2011.316159250586,2014.401847575058
243,Housing,Median Year Moved In Renter,1996.578947368421,2005.410979228487,2007.603294117647,2006.923076923077,2008.926799007444,2010.612826603325,2011.218236173393,2011.870937790158,2015.180628272251,2014.286157666046,2016.0,2015.772425983208,2018.330633635064,2017.73544973545
240,Housing,Median Year Structure Built,1996.964912280702,2004.2776203966,2001.023599748269,2004.513836948392,2004.379667549988,2009.855177238806,2004.318874560375,2004.490391632206,2004.836558577406,2005.653266331658,2006.644279203646,2003.262781748213,2007.319627618309,2008.052616926503
23,Housing,"Overcrowding, Renter Occupied Housing",0.05357142857142857,0.0508816120906801,0.04738154613466334,0.04909090909090909,0.0694813829787234,0.05324074074074074,0.05535168195718655,0.0466396292004635,0.05457984328559849,0.02930591259640103,0.03802647412755716,0.07896003851709196,0.07559158632778265,0.09986654804270463
87,Housing,Owner Occupied,0.08571428571428572,0.3513071895424836,0.3251051893408134,0.3300852618757613,0.3231323132313231,0.3589145643417426,0.3178973717146433,0.3343617431546471,0.3281902341622799,0.3373083475298126,0.3417300380228137,0.3150865622423743,0.3140967838893898,0.3541157879614998
48,Housing,"Owner Occupied by Race, American Indian and Alaska Native Alone",0.0,,,,,,,0.0,0.0,0.0,0.0,0.0,,
98,Housing,"Owner Occupied by Race, Asian Alone",0.08571428571428572,0.3739612188365651,0.3513713862120089,0.3236205827650341,0.3854479855682502,0.4336654431043524,0.4255431902490726,0.4909933093154915,0.5568295114656032,0.5238907849829352,0.5237104825291181,0.4962686567164179,0.4815677143965852,0.5261301699262584
55,Housing,"Owner Occupied by Race, Black or African American Alone",0.0,0.0,0.0,0.0,0.0,0.0,0.0,0.0,0.0,0.0,0.0,0.5578512396694215,0.5265306122448979,0.5142857142857142
62,Housing,"Owner Occupied by Race, Hispanic or Latino",,0.2,0.162962962962963,0.07210031347962383,0.2232142857142857,0.3157894736842105,0.3431151241534989,0.3114035087719298,0.3016845329249617,0.1755829903978052,0.2365145228215768,0.233458177278402,0.1830543933054393,0.2017673048600884
57,Housing,"Owner Occupied by Race, Native Hawaiian and Other Pacific Islander Alone",0.0,,,,,,,,,,,1.0,1.0,1.0
59,Housing,"Owner Occupied by Race, Some Other Race Alone",0.0,0.0,0.0,0.0,0.0,0.235632183908046,0.2401960784313726,0.2262443438914027,0.3107569721115538,0.3079584775086505,0.0,0.0,0.0,0.0
68,Housing,"Owner Occupied by Race, Two or More Races",0.0,0.7837837837837838,1.0,0.2765957446808511,0.2753623188405797,0.2132352941176471,0.1139240506329114,0.2038461538461538,0.2012987012987013,0.1439688715953307,0.1296296296296296,0.3171806167400881,0.2761194029850746,0.2292993630573248
83,Housing,"Owner Occupied by Race, White Alone",0.0,0.3741973146526562,0.3387259858442871,0.3698691926026161,0.3232280102476516,0.3466898954703833,0.2809278350515464,0.2761011419249592,0.2130703789636504,0.232973576479345,0.2845367622815694,0.2020812353138637,0.2110180412371134,0.2098138747884941
84,Housing,"Owner Occupied by Race, White Alone, Not Hispanic or Latino",0.1288343558282209,0.3800761421319797,0.3495254048017867,0.3863305865244789,0.3084577114427861,0.3358526216343883,0.2574766355140187,0.2531371700562527,0.1881533101045296,0.2416632358995471,0.2506908803789972,0.1732163296451736,0.1941419451746151,0.1938737392603661
374,Housing,Post 1979 All and Pre 1979 Single Family Renter Occupied by Year Structure Built by Units in Structure,177.0,174.0,153.0,180.0,337.0,362.0,3223.0,3407.0,3599.0,3743.0,4006.0,4079.0,4483.0,4382.0
391,Housing,Pre 1980 MultiFamily Renter Occupied by Year Structure Built by Units in Structure,25.0,0.0,0.0,0.0,0.0,0.0,47.0,45.0,102.0,147.0,149.0,75.0,81.0,114.0
105,Housing,Renter Occupied,0.9142857142857143,0.6486928104575164,0.6748948106591866,0.6699147381242387,0.6768676867686768,0.6410854356582574,0.6821026282853567,0.6656382568453528,0.6718097658377201,0.6626916524701874,0.6582699619771863,0.6849134377576257,0.6859032161106101,0.6458842120385002
113,Housing,"Renter Occupied by Race, American Indian and Alaska Native Alone",0.0653061224489796,,,,,,,1.0,1.0,1.0,1.0,1.0,,
90,Housing,"Renter Occupied by Race, Asian Alone",0.0,0.6260387811634349,0.6486286137879911,0.6763794172349659,0.6145520144317499,0.5663345568956476,0.5744568097509274,0.5090066906845085,0.4431704885343968,0.4761092150170648,0.4762895174708819,0.503731343283582,0.5184322856034148,0.5430124223602485
108,Housing,"Renter Occupied by Race, Black or African American Alone",0.5795918367346938,1.0,1.0,1.0,1.0,1.0,1.0,1.0,1.0,1.0,1.0,0.4421487603305785,0.4734693877551021,0.4466019417475728
109,Housing,"Renter Occupied by Race, Hispanic or Latino",,0.8,0.837037037037037,0.9278996865203761,0.7767857142857143,0.6842105263157895,0.6568848758465011,0.6885964912280702,0.6983154670750383,0.8244170096021948,0.7634854771784232,0.766541822721598,0.8169456066945606,0.7812244897959184
112,Housing,"Renter Occupied by Race, Native Hawaiian and Other Pacific Islander Alone",0.0,,,,,,,,,,,0.0,0.0,0.0
110,Housing,"Renter Occupied by Race, Some Other Race Alone",0.2122448979591837,1.0,1.0,1.0,1.0,0.764367816091954,0.7598039215686274,0.7737556561085973,0.6892430278884463,0.6920415224913494,1.0,1.0,1.0,1.0
107,Housing,"Renter Occupied by Race, Two or More Races",0.0,0.2162162162162162,0.0,0.723404255319149,0.7246376811594203,0.7867647058823529,0.8860759493670886,0.7961538461538461,0.7987012987012987,0.8560311284046692,0.8703703703703703,0.6828193832599119,0.7238805970149254,0.685459940652819
104,Housing,"Renter Occupied by Race, White Alone",0.05714285714285714,0.6258026853473438,0.6612740141557129,0.6301308073973838,0.6767719897523484,0.6533101045296167,0.7190721649484536,0.7238988580750407,0.7869296210363496,0.767026423520655,0.7154632377184306,0.7979187646861363,0.7889819587628866,0.7864165784298895
103,Housing,"Renter Occupied by Race, White Alone, Not Hispanic or Latino",0.8711656441717791,0.6199238578680203,0.6504745951982133,0.6136694134755211,0.6915422885572139,0.6641473783656117,0.7425233644859813,0.7468628299437473,0.8118466898954704,0.7583367641004528,0.7493091196210028,0.8267836703548264,0.8058580548253849,0.795751633986928
407,Housing,Total Number of Units,350.0,3324.0,3913.0,4401.0,4666.0,5001.0,5206.0,5536.0,5895.0,6596.0,7244.0,6842.0,7343.0,7805.0
36,Housing,Vacant Units,0.3,0.07942238267148015,0.08893432149246103,0.06725744149057032,0.04757822546078011,0.05678864227154569,0.07913945447560507,0.06322254335260116,0.06547921967769296,0.1100667070952092,0.1286581998895638,0.1135632855890091,0.09383085932180307,0.1081358103779628
179,Housing Prices,Contract Rent 100 to 149,0.0,0.0,0.0,0.0,0.0,0.0,0.0,0.0,0.0,0.0,0.0,0.0,0.0,0.0
339,Housing Prices,Contract Rent 1000 to 1249,14.0,224.0,258.0,289.0,188.0,132.0,95.0,109.0,137.0,172.0,293.0,204.0,152.0,173.0
334,Housing Prices,Contract Rent 1250 to 1499,0.0,28.0,117.0,98.0,297.0,285.0,301.0,289.0,408.0,278.0,296.0,471.0,205.0,273.0
206,Housing Prices,Contract Rent 150 to 199,11.0,0.0,0.0,0.0,0.0,0.0,0.0,0.0,0.0,32.0,184.0,194.0,222.0,66.0
359,Housing Prices,Contract Rent 1500 to 1999,27.0,316.0,363.0,403.0,369.0,366.0,219.0,247.0,199.0,286.0,222.0,394.0,659.0,506.0
249,Housing Prices,Contract Rent 200 to 249,7.0,18.0,0.0,0.0,0.0,0.0,72.0,76.0,81.0,77.0,168.0,168.0,180.0,380.0
361,Housing Prices,"Contract Rent 2000 to 2499 (Contract Rent 2000 or more, DEC2000 and ACS2009-2014)",51.0,1039.0,1321.0,1619.0,1778.0,1779.0,308.0,284.0,154.0,147.0,149.0,170.0,271.0,317.0
291,Housing Prices,Contract Rent 250 to 299,0.0,0.0,15.0,11.0,0.0,98.0,113.0,134.0,116.0,134.0,0.0,0.0,0.0,0.0
351,Housing Prices,Contract Rent 2500 to 2999 (ACS2015-),,53.0,54.0,47.0,42.0,35.0,386.0,266.0,432.0,314.0,328.0,474.0,273.0,438.0
307,Housing Prices,Contract Rent 300 to 349,0.0,0.0,33.0,34.0,35.0,34.0,41.0,0.0,65.0,75.0,0.0,0.0,0.0,0.0
348,Housing Prices,Contract Rent 3000 to 3499 (ACS2015-),,,,,,,821.0,1003.0,816.0,934.0,433.0,295.0,634.0,440.0
234,Housing Prices,Contract Rent 350 to 399,48.0,0.0,0.0,0.0,35.0,54.0,57.0,63.0,211.0,173.0,274.0,231.0,95.0,0.0
369,Housing Prices,Contract Rent 3500 or more (ACS2015-),,,,,,,495.0,559.0,800.0,974.0,1567.0,1309.0,1564.0,1740.0
208,Housing Prices,Contract Rent 400 to 449,0.0,55.0,49.0,50.0,0.0,0.0,0.0,0.0,0.0,73.0,51.0,0.0,137.0,0.0
229,Housing Prices,Contract Rent 500 to 549,11.0,48.0,35.0,39.0,39.0,0.0,0.0,0.0,0.0,0.0,0.0,88.0,126.0,0.0
232,Housing Prices,Contract Rent 550 to 599,6.0,0.0,30.0,77.0,0.0,0.0,104.0,112.0,0.0,0.0,0.0,0.0,6.0,36.0
265,Housing Prices,Contract Rent 600 to 649,31.0,0.0,0.0,36.0,148.0,165.0,146.0,127.0,109.0,84.0,31.0,0.0,0.0,21.0
226,Housing Prices,Contract Rent 650 to 699,11.0,0.0,0.0,0.0,0.0,0.0,0.0,32.0,34.0,0.0,0.0,0.0,0.0,0.0
219,Housing Prices,Contract Rent 700 to 749,0.0,12.0,0.0,0.0,0.0,0.0,0.0,0.0,0.0,33.0,27.0,27.0,0.0,0.0
248,Housing Prices,Contract Rent 750 to 749,7.0,0.0,0.0,0.0,64.0,0.0,0.0,0.0,0.0,0.0,0.0,0.0,0.0,0.0
218,Housing Prices,Contract Rent 750 to 799,0.0,35.0,13.0,0.0,0.0,61.0,64.0,78.0,68.0,0.0,0.0,0.0,0.0,0.0
289,Housing Prices,Contract Rent 800 to 899,0.0,63.0,59.0,8.0,0.0,0.0,48.0,44.0,0.0,0.0,0.0,0.0,0.0,7.0
305,Housing Prices,Contract Rent 900 to 999,0.0,94.0,59.0,39.0,13.0,15.0,0.0,0.0,43.0,46.0,79.0,0.0,0.0,36.0
184,Housing Prices,Contract Rent Less than 100,0.0,0.0,0.0,0.0,0.0,0.0,0.0,0.0,0.0,0.0,0.0,0.0,0.0,0.0
400,Housing Prices,Contract Rent Total,224.0,1985.0,2406.0,2750.0,3008.0,3024.0,3270.0,3452.0,3701.0,3890.0,4155.0,4154.0,4564.0,4496.0
303,Housing Prices,Contract Rent Total No cash Rent (ACS2015-),0.0,,,,,,0.0,29.0,28.0,58.0,53.0,129.0,40.0,63.0
352,Housing Prices,"Contract Rent Total No cash Rent (No cash rent, DEC2000 and ACS2009-2014)",0.0,53.0,54.0,47.0,42.0,35.0,386.0,266.0,432.0,314.0,328.0,474.0,273.0,438.0
398,Housing Prices,Contract Rent Total With cash Rent,224.0,1932.0,2352.0,2703.0,2966.0,2989.0,3270.0,3423.0,3673.0,3832.0,4102.0,4025.0,4524.0,4433.0
43,Housing Prices,Extremely Rent Burdened,0.2455357142857143,0.1939546599496222,0.1733167082294264,0.1676363636363636,0.1476063829787234,0.1531084656084656,0.1467889908256881,0.1541135573580533,0.1421237503377465,0.1331619537275064,0.1354993983152828,0.1220510351468464,0.1386941279579317,0.1534697508896797
159,Housing Prices,Home Value 10000 to 14999 ,0.0,0.0,0.0,0.0,0.0,0.0,0.0,0.0,0.0,0.0,0.0,0.0,0.0,0.0
194,Housing Prices,Home Value 100000 to 124999,0.0,8.0,0.0,0.0,0.0,0.0,0.0,0.0,0.0,0.0,0.0,0.0,0.0,0.0
368,Housing Prices,"Home Value 1000000 to 1499999 (1000000 or more, DEC2000 and ACS2009-2014)",0.0,176.0,138.0,142.0,96.0,190.0,243.0,282.0,338.0,465.0,472.0,514.0,574.0,765.0
149,Housing Prices,Home Value 125000 to 149999,0.0,0.0,0.0,0.0,0.0,0.0,0.0,0.0,0.0,0.0,0.0,0.0,0.0,0.0
145,Housing Prices,Home Value 15000 to 19999 ,0.0,0.0,0.0,0.0,0.0,0.0,0.0,31.0,34.0,37.0,35.0,33.0,0.0,0.0
164,Housing Prices,Home Value 150000 to 174999,0.0,36.0,27.0,36.0,39.0,45.0,0.0,0.0,0.0,0.0,0.0,0.0,0.0,0.0
358,Housing Prices,Home Value 1500000 to 1999999 (ACS2015-),,,,,,,19.0,26.0,42.0,175.0,305.0,415.0,615.0,783.0
144,Housing Prices,Home Value 175000 to 199999,0.0,0.0,0.0,30.0,20.0,20.0,20.0,20.0,0.0,0.0,0.0,0.0,0.0,0.0
119,Housing Prices,Home Value 20000 to 24999 ,0.0,0.0,0.0,0.0,0.0,0.0,0.0,0.0,0.0,0.0,0.0,0.0,0.0,0.0
178,Housing Prices,Home Value 200000 to 249999,0.0,45.0,45.0,33.0,103.0,80.0,79.0,182.0,196.0,121.0,138.0,57.0,100.0,98.0
362,Housing Prices,Home Value 2000000 or more (ACS2015-),,,,,,,36.0,56.0,72.0,128.0,162.0,159.0,106.0,145.0
141,Housing Prices,Home Value 25000 to 29999 ,0.0,0.0,0.0,0.0,0.0,0.0,0.0,0.0,0.0,0.0,0.0,0.0,0.0,0.0
172,Housing Prices,Home Value 250000 to 299999,0.0,13.0,11.0,40.0,33.0,25.0,30.0,29.0,0.0,0.0,0.0,0.0,0.0,0.0
412,Housing Prices,Home Value 30000 to 34999 ,0.0,0.0,0.0,0.0,0.0,0.0,0.0,0.0,0.0,0.0,0.0,,,
253,Housing Prices,Home Value 300000 to 399999,0.0,29.0,47.0,66.0,72.0,67.0,75.0,72.0,112.0,118.0,327.0,292.0,334.0,187.0
117,Housing Prices,Home Value 35000 to 39999 ,0.0,0.0,0.0,0.0,0.0,0.0,0.0,0.0,0.0,0.0,0.0,0.0,0.0,0.0
139,Housing Prices,Home Value 40000 to 49999 ,0.0,0.0,0.0,0.0,0.0,0.0,0.0,0.0,0.0,0.0,0.0,0.0,0.0,0.0
255,Housing Prices,Home Value 400000 to 499999,0.0,120.0,173.0,181.0,164.0,240.0,133.0,56.0,34.0,33.0,0.0,0.0,0.0,156.0
146,Housing Prices,Home Value 50000 to 59999 ,0.0,0.0,0.0,0.0,0.0,0.0,0.0,0.0,0.0,0.0,0.0,0.0,0.0,0.0
316,Housing Prices,Home Value 500000 to 749999,4.0,387.0,490.0,501.0,608.0,632.0,448.0,413.0,410.0,283.0,229.0,130.0,130.0,107.0
123,Housing Prices,Home Value 60000 to 69999 ,0.0,0.0,0.0,0.0,0.0,0.0,0.0,0.0,0.0,0.0,0.0,0.0,0.0,0.0
132,Housing Prices,Home Value 70000 to 79999 ,0.0,0.0,0.0,0.0,0.0,0.0,0.0,0.0,0.0,0.0,0.0,0.0,0.0,0.0
344,Housing Prices,Home Value 750000 to 999999,4.0,261.0,228.0,326.0,301.0,394.0,441.0,554.0,554.0,603.0,409.0,290.0,199.0,192.0
131,Housing Prices,Home Value 80000 to 89999 ,0.0,0.0,0.0,0.0,0.0,0.0,0.0,0.0,0.0,0.0,0.0,0.0,0.0,0.0
142,Housing Prices,Home Value 90000 to 99999 ,13.0,0.0,0.0,0.0,0.0,0.0,0.0,0.0,0.0,0.0,0.0,0.0,0.0,0.0
209,Housing Prices,Home Value Less than 10000,0.0,0.0,0.0,0.0,0.0,0.0,0.0,13.0,16.0,17.0,80.0,21.0,32.0,32.0
389,Housing Prices,Home Value Total,21.0,1075.0,1159.0,1355.0,1436.0,1693.0,1524.0,1734.0,1808.0,1980.0,2157.0,1911.0,2090.0,2465.0
252,Housing Prices,Median Contract Rent,596.7741935483871,2000.14051973051,2000.219530658592,2000.330450895615,2000.33183352081,2001.0,2586.787564766839,2718.984962406015,2744.791666666667,2987.261146496815,2922.256097560976,2569.09282700422,2882.783882783883,2958.333333333333
261,Housing Prices,Median Gross Rent by Bedrooms - 1 Bedroom- COUNTY ONLY,,,,,,,,3024.0,3243.0,3394.0,3497.0,3393.491193496736,3279.609285463689,3140.238440714672
275,Housing Prices,Median Gross Rent by Bedrooms - 2 Bedrooms- COUNTY ONLY,,,,,,,,2875.0,2440.0,2697.0,2587.0,2114.744186046511,3359.062908215882,3350.876773145641
310,Housing Prices,Median Gross Rent by Bedrooms - 3-4 Bedrooms- COUNTY ONLY,,,,,,,,,,,,,,
244,Housing Prices,Median Gross Rent by Bedrooms - 5 Bedrooms or more- COUNTY ONLY,,,,,,,,,,,,,,
242,Housing Prices,Median Gross Rent by Bedrooms - No Bedroom- COUNTY ONLY,,,,,,,,2632.0,1899.0,1868.0,1796.0,3058.531630378879,1974.0,
411,Housing Prices,Median Home Value,98076.92307692308,685077.5193798449,641071.4285714286,645459.0818363273,618009.8684210526,603837.1946202532,737165.1785714286,773014.440433213,796028.880866426,907960.1990049751,914731.0513447432,1128891.050583658,1217770.034843205,1300980.392156863
257,Housing Prices,Median Rent,641.4285714285714,2000.158245948522,2000.219530658592,2000.378524295141,2000.368536853685,2001.0,2774.324324324324,2841.939546599496,2780.588235294118,3017.399267399268,3131.163708086785,2750.0,2900.928792569659,3065.362595419847
127,Housing Prices,Median Rent as % of Household Income,29.98690476190476,27.493961352657,26.49797507788162,25.83310185185185,25.68928571428571,25.79018612521151,25.60836575875486,25.45384615384615,25.61485061511424,23.95742725880551,23.7047514619883,24.49452861952862,25.23966887417219,22.51662371134021
161,Housing Prices,Rent 100 to 149,0.0,0.0,0.0,0.0,0.0,0.0,0.0,0.0,0.0,0.0,0.0,0.0,0.0,0.0
332,Housing Prices,Rent 1000 to 1249,21.0,212.0,240.0,205.0,157.0,97.0,76.0,74.0,48.0,91.0,179.0,204.0,81.0,36.0
337,Housing Prices,Rent 1250 to 1499,0.0,99.0,163.0,190.0,341.0,313.0,297.0,309.0,432.0,341.0,216.0,409.0,162.0,386.0
177,Housing Prices,Rent 150 to 199,0.0,0.0,0.0,0.0,0.0,0.0,0.0,0.0,0.0,0.0,0.0,0.0,0.0,0.0
357,Housing Prices,Rent 1500 to 1999,27.0,306.0,363.0,355.0,329.0,366.0,232.0,218.0,264.0,304.0,416.0,428.0,773.0,566.0
216,Housing Prices,Rent 200 to 249,18.0,0.0,0.0,0.0,0.0,0.0,27.0,30.0,29.0,68.0,220.0,210.0,240.0,261.0
360,Housing Prices,"Rent 2000 to 2499  (Rent 2000 or more, DEC2000 and ACS2009-2014)",51.0,1049.0,1321.0,1667.0,1818.0,1801.0,182.0,173.0,127.0,112.0,131.0,130.0,221.0,272.0
281,Housing Prices,Rent 250 to 299,0.0,18.0,15.0,11.0,0.0,22.0,80.0,70.0,42.0,40.0,122.0,152.0,0.0,61.0
354,Housing Prices,Rent 2500 to 2999 (ACS2015-),,53.0,54.0,47.0,42.0,35.0,370.0,397.0,425.0,322.0,162.0,267.0,323.0,378.0
313,Housing Prices,Rent 300 to 349,0.0,0.0,33.0,0.0,0.0,76.0,78.0,110.0,38.0,29.0,10.0,0.0,162.0,124.0
349,Housing Prices,Rent 3000 to 3499 (ACS2015-),,,,,,,929.0,969.0,682.0,546.0,507.0,515.0,588.0,524.0
251,Housing Prices,Rent 350 to 399,17.0,0.0,0.0,34.0,70.0,59.0,68.0,0.0,231.0,242.0,126.0,92.0,0.0,0.0
371,Housing Prices,Rent 3500 or more (ACS2015-),,,,,,,539.0,617.0,968.0,1389.0,1677.0,1364.0,1610.0,1761.0
223,Housing Prices,Rent 400 to 449,13.0,55.0,49.0,33.0,0.0,29.0,30.0,63.0,121.0,133.0,109.0,112.0,211.0,0.0
213,Housing Prices,Rent 450 to 499,0.0,34.0,0.0,17.0,0.0,0.0,0.0,0.0,12.0,40.0,72.0,97.0,16.0,0.0
239,Housing Prices,Rent 500 to 549,11.0,14.0,35.0,39.0,39.0,0.0,0.0,0.0,0.0,12.0,18.0,8.0,131.0,30.0
238,Housing Prices,Rent 550 to 599,24.0,0.0,30.0,36.0,37.0,58.0,140.0,112.0,109.0,0.0,0.0,0.0,0.0,0.0
228,Housing Prices,Rent 600 to 649,35.0,0.0,0.0,34.0,23.0,23.0,25.0,24.0,0.0,84.0,31.0,0.0,0.0,21.0
220,Housing Prices,Rent 650 to 699,0.0,12.0,0.0,0.0,0.0,0.0,0.0,32.0,34.0,33.0,0.0,10.0,6.0,0.0
224,Housing Prices,Rent 700 to 749,7.0,0.0,0.0,0.0,0.0,0.0,0.0,0.0,0.0,0.0,27.0,27.0,0.0,0.0
227,Housing Prices,Rent 750 to 799,0.0,14.0,13.0,43.0,152.0,84.0,85.0,0.0,0.0,0.0,0.0,0.0,0.0,6.0
288,Housing Prices,Rent 800 to 899,0.0,66.0,27.0,8.0,0.0,61.0,64.0,181.0,68.0,0.0,0.0,0.0,0.0,0.0
293,Housing Prices,Rent 900 to 999,0.0,53.0,63.0,31.0,0.0,0.0,48.0,44.0,43.0,46.0,79.0,0.0,0.0,7.0
80,Housing Prices,Rent Burdened,0.4598214285714285,0.4065491183879093,0.3686616791354946,0.3214545454545454,0.3101728723404255,0.3323412698412698,0.3214067278287462,0.3441483198146003,0.3477438530126993,0.3218508997429306,0.3215403128760529,0.3452094366875301,0.3781770376862401,0.3403024911032028
167,Housing Prices,Rent Less than 100,0.0,0.0,0.0,0.0,0.0,0.0,0.0,0.0,0.0,0.0,0.0,0.0,0.0,0.0
399,Housing Prices,Rent Total,224.0,1985.0,2406.0,2750.0,3008.0,3024.0,3270.0,3452.0,3701.0,3890.0,4155.0,4154.0,4564.0,4496.0
353,Housing Prices,"Rent Total No cash rent  (No cash rent, DEC2000 and ACS2009-2014)",0.0,53.0,54.0,47.0,42.0,35.0,370.0,397.0,425.0,322.0,162.0,267.0,323.0,378.0
304,Housing Prices,Rent Total No cash rent (ACS2015-),0.0,,,,,,0.0,29.0,28.0,58.0,53.0,129.0,40.0,63.0
397,Housing Prices,Rent Total With cash rent,224.0,1932.0,2352.0,2703.0,2966.0,2989.0,3270.0,3423.0,3673.0,3832.0,4102.0,4025.0,4524.0,4433.0
24,Housing Type,10-19 Units,0.07428571428571429,0.01203369434416366,0.01277791975466394,0.003181095205635083,0.002571795970852979,0.001799640071985603,0.003265462927391472,0.008851156069364163,0.00899067005937235,0.01682838083687083,0.01587520706791828,0.008769365682548963,0.001225657088383495,0.006918641896220372
51,Housing Type,2-4 Units,0.0,0.004813477737665463,0.005111167901865576,0.005907748239036582,0.0100728675525075,0.01079784043191362,0.01152516327314637,0.0115606936416185,0.0186598812553011,0.01303820497271073,0.01104362230811706,0.01023092662964046,0.009124336102410459,0.009481101857783471
69,Housing Type,20 Units or More,0.7571428571428571,0.944043321299639,0.9575773064145158,0.966144058168598,0.9620660094299186,0.9578084383123375,0.9733000384172109,0.9701950867052023,0.9621713316369805,0.9651303820497271,0.9730811706239647,0.969745688395206,0.9739888329020836,0.9683536194746957
27,Housing Type,5-9 Units,0.06857142857142857,0.0,0.0,0.0,0.0,0.0,0.0,0.0,0.0,0.0,0.0,0.0,0.0,0.0
0,Housing Type,Other Type,0.1,0.002406738868832732,0.0,0.0,0.0,0.0,0.0,0.0,0.0,0.0,0.0,0.0,0.0,0.0
70,Housing Type,Single Family Housing,0.0,0.03670276774969915,0.02453360592895477,0.02476709838673029,0.02528932704672096,0.02959408118376325,0.01190933538225125,0.00939306358381503,0.01017811704834606,0.005003032140691328,0.0,0.0112540192926045,0.01566117390712243,0.01524663677130045
341,Income,Household Income 10000 to 14999,29.0,65.0,133.0,122.0,87.0,102.0,103.0,106.0,119.0,113.0,306.0,369.0,466.0,493.0
133,Income,"Household Income 10000 to 14999 by Race, American Indian and Alaska Native Alone",0.0,0.0,0.0,0.0,0.0,0.0,0.0,0.0,0.0,0.0,0.0,0.0,0.0,0.0
311,Income,"Household Income 10000 to 14999 by Race, Asian Alone",19.0,7.0,12.0,0.0,0.0,0.0,0.0,34.0,40.0,37.0,32.0,35.0,19.0,116.0
256,Income,"Household Income 10000 to 14999 by Race, Black or African American Alone",0.0,0.0,0.0,0.0,0.0,0.0,0.0,0.0,0.0,0.0,0.0,0.0,0.0,0.0
237,Income,"Household Income 10000 to 14999 by Race, Hispanic or Latino",0.0,0.0,0.0,0.0,0.0,0.0,0.0,0.0,0.0,0.0,108.0,156.0,186.0,195.0
124,Income,"Household Income 10000 to 14999 by Race, Native Hawaiian and Other Pacific Islander Alone",0.0,0.0,0.0,0.0,0.0,0.0,0.0,0.0,0.0,0.0,0.0,0.0,0.0,0.0
207,Income,"Household Income 10000 to 14999 by Race, Some Other Race Alone",0.0,0.0,0.0,0.0,0.0,0.0,0.0,0.0,0.0,0.0,224.0,308.0,348.0,319.0
204,Income,"Household Income 10000 to 14999 by Race, Two or More Races",0.0,0.0,0.0,0.0,0.0,0.0,0.0,0.0,10.0,15.0,17.0,10.0,13.0,0.0
301,Income,"Household Income 10000 to 14999 by Race, White Alone",10.0,58.0,121.0,122.0,87.0,102.0,103.0,72.0,69.0,61.0,33.0,16.0,86.0,58.0
294,Income,"Household Income 10000 to 14999 by Race, White Alone, Not Hispanic or Latino",10.0,58.0,121.0,122.0,87.0,102.0,103.0,72.0,69.0,61.0,33.0,16.0,86.0,58.0
355,Income,Household Income 100000 to 124999,30.0,254.0,307.0,249.0,317.0,419.0,338.0,435.0,431.0,502.0,294.0,266.0,472.0,420.0
147,Income,"Household Income 100000 to 124999 by Race, American Indian and Alaska Native Alone",0.0,0.0,0.0,0.0,0.0,0.0,0.0,0.0,0.0,0.0,0.0,0.0,0.0,0.0
322,Income,"Household Income 100000 to 124999 by Race, Asian Alone",0.0,126.0,108.0,143.0,139.0,206.0,124.0,130.0,203.0,210.0,147.0,16.0,273.0,306.0
186,Income,"Household Income 100000 to 124999 by Race, Black or African American Alone",0.0,0.0,0.0,0.0,0.0,0.0,0.0,0.0,0.0,0.0,0.0,0.0,0.0,0.0
287,Income,"Household Income 100000 to 124999 by Race, Hispanic or Latino",0.0,44.0,38.0,8.0,0.0,0.0,0.0,0.0,0.0,0.0,0.0,0.0,0.0,0.0
143,Income,"Household Income 100000 to 124999 by Race, Native Hawaiian and Other Pacific Islander Alone",0.0,0.0,0.0,0.0,0.0,0.0,0.0,0.0,0.0,0.0,0.0,0.0,0.0,0.0
231,Income,"Household Income 100000 to 124999 by Race, Some Other Race Alone",0.0,30.0,26.0,0.0,0.0,0.0,0.0,0.0,0.0,0.0,0.0,0.0,0.0,0.0
230,Income,"Household Income 100000 to 124999 by Race, Two or More Races",0.0,9.0,0.0,0.0,0.0,0.0,0.0,0.0,0.0,0.0,0.0,0.0,0.0,0.0
333,Income,"Household Income 100000 to 124999 by Race, White Alone",30.0,89.0,173.0,106.0,178.0,213.0,214.0,305.0,228.0,292.0,147.0,250.0,199.0,114.0
330,Income,"Household Income 100000 to 124999 by Race, White Alone, Not Hispanic or Latino",30.0,75.0,161.0,98.0,178.0,213.0,214.0,305.0,228.0,292.0,147.0,250.0,199.0,114.0
350,Income,Household Income 125000 to 149999,0.0,307.0,354.0,452.0,447.0,523.0,432.0,382.0,455.0,401.0,514.0,470.0,459.0,241.0
156,Income,"Household Income 125000 to 149999 by Race, American Indian and Alaska Native Alone",0.0,0.0,0.0,0.0,0.0,0.0,0.0,0.0,0.0,0.0,0.0,0.0,0.0,0.0
318,Income,"Household Income 125000 to 149999 by Race, Asian Alone",0.0,63.0,101.0,150.0,135.0,190.0,230.0,200.0,80.0,90.0,91.0,64.0,107.0,41.0
195,Income,"Household Income 125000 to 149999 by Race, Black or African American Alone",0.0,0.0,0.0,0.0,0.0,0.0,0.0,0.0,0.0,0.0,0.0,0.0,0.0,0.0
279,Income,"Household Income 125000 to 149999 by Race, Hispanic or Latino",0.0,33.0,41.0,30.0,28.0,68.0,30.0,35.0,37.0,95.0,51.0,17.0,59.0,45.0
129,Income,"Household Income 125000 to 149999 by Race, Native Hawaiian and Other Pacific Islander Alone",0.0,0.0,0.0,0.0,0.0,0.0,0.0,0.0,0.0,0.0,0.0,0.0,0.0,0.0
222,Income,"Household Income 125000 to 149999 by Race, Some Other Race Alone",0.0,0.0,0.0,0.0,0.0,0.0,0.0,0.0,0.0,0.0,0.0,0.0,0.0,0.0
250,Income,"Household Income 125000 to 149999 by Race, Two or More Races",0.0,0.0,0.0,0.0,0.0,0.0,22.0,20.0,27.0,83.0,51.0,17.0,9.0,0.0
329,Income,"Household Income 125000 to 149999 by Race, White Alone",0.0,244.0,253.0,302.0,312.0,333.0,180.0,162.0,348.0,228.0,372.0,389.0,343.0,200.0
326,Income,"Household Income 125000 to 149999 by Race, White Alone, Not Hispanic or Latino",0.0,211.0,212.0,272.0,284.0,265.0,150.0,127.0,311.0,188.0,372.0,389.0,293.0,155.0
323,Income,Household Income 15000 to 19999,21.0,205.0,94.0,71.0,63.0,59.0,68.0,29.0,51.0,61.0,45.0,62.0,151.0,170.0
137,Income,"Household Income 15000 to 19999 by Race, American Indian and Alaska Native Alone",0.0,0.0,0.0,0.0,0.0,0.0,0.0,0.0,0.0,0.0,0.0,0.0,0.0,0.0
271,Income,"Household Income 15000 to 19999 by Race, Asian Alone",18.0,33.0,16.0,17.0,0.0,0.0,0.0,0.0,22.0,28.0,45.0,62.0,72.0,0.0
193,Income,"Household Income 15000 to 19999 by Race, Black or African American Alone",0.0,45.0,39.0,28.0,0.0,0.0,0.0,0.0,0.0,0.0,0.0,0.0,0.0,30.0
214,Income,"Household Income 15000 to 19999 by Race, Hispanic or Latino",0.0,0.0,0.0,0.0,0.0,0.0,0.0,0.0,0.0,0.0,0.0,0.0,0.0,21.0
140,Income,"Household Income 15000 to 19999 by Race, Native Hawaiian and Other Pacific Islander Alone",0.0,0.0,0.0,0.0,0.0,0.0,0.0,0.0,0.0,0.0,0.0,0.0,0.0,0.0
176,Income,"Household Income 15000 to 19999 by Race, Some Other Race Alone",0.0,21.0,0.0,0.0,0.0,0.0,0.0,0.0,0.0,0.0,0.0,0.0,0.0,0.0
192,Income,"Household Income 15000 to 19999 by Race, Two or More Races",0.0,0.0,0.0,0.0,0.0,0.0,0.0,0.0,0.0,0.0,0.0,0.0,0.0,0.0
286,Income,"Household Income 15000 to 19999 by Race, White Alone",3.0,106.0,39.0,26.0,63.0,59.0,68.0,29.0,29.0,33.0,0.0,0.0,79.0,140.0
280,Income,"Household Income 15000 to 19999 by Race, White Alone, Not Hispanic or Latino",3.0,106.0,39.0,26.0,63.0,59.0,68.0,29.0,29.0,33.0,0.0,0.0,79.0,119.0
365,Income,Household Income 150000 to 199999,12.0,375.0,558.0,590.0,660.0,683.0,648.0,661.0,898.0,1013.0,1109.0,980.0,882.0,447.0
138,Income,"Household Income 150000 to 199999 by Race, American Indian and Alaska Native Alone",0.0,0.0,0.0,0.0,0.0,0.0,0.0,0.0,0.0,0.0,0.0,0.0,0.0,0.0
338,Income,"Household Income 150000 to 199999 by Race, Asian Alone",0.0,133.0,278.0,227.0,292.0,288.0,283.0,257.0,404.0,419.0,498.0,445.0,431.0,236.0
201,Income,"Household Income 150000 to 199999 by Race, Black or African American Alone",0.0,0.0,0.0,0.0,0.0,0.0,0.0,0.0,0.0,0.0,0.0,0.0,0.0,0.0
298,Income,"Household Income 150000 to 199999 by Race, Hispanic or Latino",0.0,0.0,14.0,15.0,16.0,57.0,66.0,29.0,202.0,229.0,251.0,196.0,209.0,66.0
157,Income,"Household Income 150000 to 199999 by Race, Native Hawaiian and Other Pacific Islander Alone",0.0,0.0,0.0,0.0,0.0,0.0,0.0,0.0,0.0,0.0,0.0,0.0,0.0,0.0
245,Income,"Household Income 150000 to 199999 by Race, Some Other Race Alone",0.0,0.0,0.0,0.0,0.0,41.0,49.0,0.0,105.0,122.0,123.0,92.0,105.0,26.0
278,Income,"Household Income 150000 to 199999 by Race, Two or More Races",0.0,0.0,0.0,0.0,0.0,0.0,0.0,29.0,29.0,33.0,70.0,43.0,0.0,40.0
347,Income,"Household Income 150000 to 199999 by Race, White Alone",12.0,242.0,280.0,363.0,368.0,354.0,316.0,375.0,360.0,439.0,418.0,400.0,346.0,145.0
345,Income,"Household Income 150000 to 199999 by Race, White Alone, Not Hispanic or Latino",12.0,242.0,266.0,348.0,352.0,338.0,299.0,375.0,292.0,365.0,336.0,339.0,242.0,145.0
324,Income,Household Income 20000 to 24999,10.0,73.0,132.0,117.0,88.0,62.0,74.0,109.0,66.0,70.0,64.0,42.0,79.0,17.0
160,Income,"Household Income 20000 to 24999 by Race, American Indian and Alaska Native Alone",0.0,0.0,0.0,0.0,0.0,0.0,0.0,0.0,0.0,0.0,0.0,0.0,0.0,0.0
290,Income,"Household Income 20000 to 24999 by Race, Asian Alone",0.0,31.0,32.0,26.0,10.0,0.0,0.0,32.0,34.0,33.0,27.0,42.0,79.0,17.0
185,Income,"Household Income 20000 to 24999 by Race, Black or African American Alone",0.0,0.0,0.0,0.0,0.0,23.0,21.0,20.0,0.0,0.0,0.0,0.0,0.0,0.0
211,Income,"Household Income 20000 to 24999 by Race, Hispanic or Latino",0.0,0.0,0.0,34.0,23.0,23.0,25.0,24.0,0.0,0.0,0.0,0.0,0.0,0.0
130,Income,"Household Income 20000 to 24999 by Race, Native Hawaiian and Other Pacific Islander Alone",0.0,0.0,0.0,0.0,0.0,0.0,0.0,0.0,0.0,0.0,0.0,0.0,0.0,0.0
170,Income,"Household Income 20000 to 24999 by Race, Some Other Race Alone",0.0,0.0,27.0,0.0,0.0,0.0,0.0,0.0,0.0,0.0,0.0,0.0,0.0,0.0
173,Income,"Household Income 20000 to 24999 by Race, Two or More Races",0.0,0.0,0.0,34.0,23.0,23.0,25.0,24.0,0.0,0.0,0.0,0.0,0.0,0.0
285,Income,"Household Income 20000 to 24999 by Race, White Alone",10.0,42.0,73.0,57.0,55.0,16.0,28.0,33.0,32.0,37.0,37.0,0.0,0.0,0.0
277,Income,"Household Income 20000 to 24999 by Race, White Alone, Not Hispanic or Latino",10.0,42.0,73.0,57.0,55.0,16.0,28.0,33.0,32.0,37.0,37.0,0.0,0.0,0.0
321,Income,Household Income 25000 to 29999,37.0,77.0,67.0,121.0,95.0,85.0,46.0,42.0,54.0,123.0,168.0,130.0,57.0,156.0
148,Income,"Household Income 25000 to 29999 by Race, American Indian and Alaska Native Alone",0.0,0.0,0.0,0.0,0.0,0.0,0.0,0.0,0.0,0.0,0.0,0.0,0.0,0.0
272,Income,"Household Income 25000 to 29999 by Race, Asian Alone",10.0,23.0,21.0,55.0,43.0,42.0,46.0,42.0,28.0,99.0,134.0,108.0,57.0,156.0
188,Income,"Household Income 25000 to 29999 by Race, Black or African American Alone",21.0,0.0,0.0,0.0,0.0,0.0,0.0,0.0,26.0,24.0,34.0,22.0,0.0,0.0
225,Income,"Household Income 25000 to 29999 by Race, Hispanic or Latino",0.0,0.0,0.0,0.0,0.0,0.0,0.0,0.0,0.0,0.0,0.0,0.0,0.0,0.0
135,Income,"Household Income 25000 to 29999 by Race, Native Hawaiian and Other Pacific Islander Alone",0.0,0.0,0.0,0.0,0.0,0.0,0.0,0.0,0.0,0.0,0.0,0.0,0.0,0.0
190,Income,"Household Income 25000 to 29999 by Race, Some Other Race Alone",0.0,0.0,0.0,0.0,0.0,0.0,0.0,0.0,0.0,0.0,0.0,0.0,0.0,0.0
183,Income,"Household Income 25000 to 29999 by Race, Two or More Races",0.0,0.0,0.0,0.0,0.0,0.0,0.0,0.0,0.0,0.0,0.0,0.0,0.0,0.0
282,Income,"Household Income 25000 to 29999 by Race, White Alone",6.0,54.0,46.0,66.0,52.0,43.0,0.0,0.0,0.0,0.0,0.0,0.0,0.0,0.0
274,Income,"Household Income 25000 to 29999 by Race, White Alone, Not Hispanic or Latino",6.0,54.0,46.0,66.0,52.0,43.0,0.0,0.0,0.0,0.0,0.0,0.0,0.0,0.0
314,Income,Household Income 30000 to 34999,30.0,14.0,43.0,151.0,196.0,241.0,238.0,231.0,90.0,51.0,28.0,22.0,78.0,173.0
128,Income,"Household Income 30000 to 34999 by Race, American Indian and Alaska Native Alone",0.0,0.0,0.0,0.0,0.0,0.0,0.0,0.0,0.0,0.0,0.0,0.0,0.0,0.0
259,Income,"Household Income 30000 to 34999 by Race, Asian Alone",9.0,0.0,0.0,105.0,148.0,189.0,189.0,179.0,44.0,0.0,0.0,0.0,4.0,74.0
182,Income,"Household Income 30000 to 34999 by Race, Black or African American Alone",8.0,14.0,13.0,13.0,11.0,0.0,0.0,0.0,0.0,0.0,0.0,0.0,20.0,32.0
197,Income,"Household Income 30000 to 34999 by Race, Hispanic or Latino",0.0,0.0,0.0,0.0,0.0,0.0,0.0,0.0,0.0,0.0,0.0,0.0,54.0,60.0
118,Income,"Household Income 30000 to 34999 by Race, Native Hawaiian and Other Pacific Islander Alone",0.0,0.0,0.0,0.0,0.0,0.0,0.0,0.0,0.0,0.0,0.0,0.0,0.0,0.0
175,Income,"Household Income 30000 to 34999 by Race, Some Other Race Alone",0.0,0.0,0.0,0.0,0.0,0.0,0.0,0.0,0.0,0.0,0.0,0.0,54.0,60.0
163,Income,"Household Income 30000 to 34999 by Race, Two or More Races",0.0,0.0,0.0,0.0,0.0,0.0,0.0,0.0,0.0,0.0,0.0,0.0,0.0,0.0
270,Income,"Household Income 30000 to 34999 by Race, White Alone",13.0,0.0,30.0,33.0,37.0,52.0,49.0,52.0,46.0,51.0,28.0,22.0,0.0,7.0
262,Income,"Household Income 30000 to 34999 by Race, White Alone, Not Hispanic or Latino",13.0,0.0,30.0,33.0,37.0,52.0,49.0,52.0,46.0,51.0,28.0,22.0,0.0,7.0
308,Income,Household Income 35000 to 39999,0.0,59.0,61.0,47.0,74.0,40.0,131.0,226.0,233.0,167.0,124.0,304.0,244.0,19.0
136,Income,"Household Income 35000 to 39999 by Race, American Indian and Alaska Native Alone",0.0,0.0,0.0,0.0,0.0,0.0,0.0,0.0,0.0,0.0,0.0,0.0,0.0,0.0
246,Income,"Household Income 35000 to 39999 by Race, Asian Alone",0.0,44.0,47.0,35.0,42.0,13.0,0.0,25.0,65.0,56.0,7.0,19.0,0.0,19.0
166,Income,"Household Income 35000 to 39999 by Race, Black or African American Alone",0.0,15.0,14.0,12.0,13.0,0.0,0.0,0.0,0.0,0.0,0.0,0.0,0.0,0.0
189,Income,"Household Income 35000 to 39999 by Race, Hispanic or Latino",0.0,0.0,0.0,0.0,0.0,0.0,0.0,0.0,0.0,0.0,0.0,0.0,0.0,0.0
122,Income,"Household Income 35000 to 39999 by Race, Native Hawaiian and Other Pacific Islander Alone",0.0,0.0,0.0,0.0,0.0,0.0,0.0,0.0,0.0,0.0,0.0,0.0,,0.0
169,Income,"Household Income 35000 to 39999 by Race, Some Other Race Alone",0.0,0.0,0.0,0.0,0.0,0.0,0.0,0.0,0.0,0.0,0.0,0.0,0.0,0.0
174,Income,"Household Income 35000 to 39999 by Race, Two or More Races",0.0,0.0,0.0,0.0,0.0,0.0,0.0,0.0,0.0,0.0,0.0,0.0,0.0,0.0
258,Income,"Household Income 35000 to 39999 by Race, White Alone",0.0,0.0,0.0,0.0,19.0,27.0,131.0,201.0,168.0,111.0,117.0,285.0,244.0,0.0
247,Income,"Household Income 35000 to 39999 by Race, White Alone, Not Hispanic or Latino",0.0,0.0,0.0,0.0,19.0,27.0,131.0,201.0,168.0,111.0,117.0,285.0,244.0,0.0
315,Income,Household Income 40000 to 44999,30.0,136.0,99.0,52.0,58.0,99.0,81.0,51.0,84.0,59.0,35.0,70.0,0.0,295.0
126,Income,"Household Income 40000 to 44999 by Race, American Indian and Alaska Native Alone",0.0,0.0,0.0,0.0,0.0,0.0,0.0,0.0,0.0,0.0,0.0,0.0,0.0,0.0
266,Income,"Household Income 40000 to 44999 by Race, Asian Alone",15.0,117.0,54.0,19.0,36.0,34.0,32.0,30.0,32.0,0.0,0.0,0.0,0.0,32.0
181,Income,"Household Income 40000 to 44999 by Race, Black or African American Alone",0.0,0.0,0.0,0.0,0.0,15.0,0.0,0.0,0.0,0.0,0.0,0.0,0.0,0.0
191,Income,"Household Income 40000 to 44999 by Race, Hispanic or Latino",0.0,0.0,0.0,0.0,0.0,0.0,0.0,0.0,0.0,0.0,0.0,0.0,0.0,0.0
413,Income,"Household Income 40000 to 44999 by Race, Native Hawaiian and Other Pacific Islander Alone",0.0,0.0,0.0,0.0,0.0,0.0,,,,0.0,0.0,0.0,0.0,
168,Income,"Household Income 40000 to 44999 by Race, Some Other Race Alone",0.0,0.0,0.0,0.0,0.0,0.0,0.0,0.0,0.0,0.0,0.0,0.0,0.0,0.0
165,Income,"Household Income 40000 to 44999 by Race, Two or More Races",0.0,0.0,0.0,0.0,0.0,0.0,0.0,0.0,0.0,0.0,0.0,0.0,0.0,0.0
269,Income,"Household Income 40000 to 44999 by Race, White Alone",15.0,19.0,45.0,33.0,22.0,50.0,49.0,21.0,52.0,59.0,35.0,70.0,0.0,263.0
263,Income,"Household Income 40000 to 44999 by Race, White Alone, Not Hispanic or Latino",15.0,19.0,45.0,33.0,22.0,50.0,49.0,21.0,52.0,59.0,35.0,70.0,0.0,263.0
312,Income,Household Income 45000 to 49999,0.0,52.0,87.0,114.0,83.0,68.0,25.0,51.0,54.0,22.0,14.0,10.0,0.0,142.0
150,Income,"Household Income 45000 to 49999 by Race, American Indian and Alaska Native Alone",0.0,0.0,0.0,0.0,0.0,0.0,0.0,0.0,0.0,0.0,0.0,0.0,0.0,0.0
233,Income,"Household Income 45000 to 49999 by Race, Asian Alone",0.0,40.0,73.0,88.0,65.0,34.0,0.0,16.0,23.0,22.0,14.0,10.0,0.0,45.0
187,Income,"Household Income 45000 to 49999 by Race, Black or African American Alone",0.0,0.0,0.0,0.0,0.0,0.0,0.0,0.0,0.0,0.0,0.0,0.0,0.0,49.0
203,Income,"Household Income 45000 to 49999 by Race, Hispanic or Latino",0.0,0.0,0.0,0.0,0.0,0.0,0.0,0.0,0.0,0.0,0.0,0.0,0.0,0.0
121,Income,"Household Income 45000 to 49999 by Race, Native Hawaiian and Other Pacific Islander Alone",0.0,0.0,0.0,0.0,0.0,0.0,0.0,0.0,0.0,0.0,0.0,,0.0,0.0
180,Income,"Household Income 45000 to 49999 by Race, Some Other Race Alone",0.0,0.0,0.0,0.0,0.0,0.0,0.0,0.0,0.0,0.0,0.0,0.0,0.0,0.0
171,Income,"Household Income 45000 to 49999 by Race, Two or More Races",0.0,0.0,0.0,0.0,0.0,0.0,0.0,0.0,0.0,0.0,0.0,0.0,0.0,0.0
268,Income,"Household Income 45000 to 49999 by Race, White Alone",0.0,12.0,14.0,26.0,18.0,34.0,25.0,35.0,31.0,0.0,0.0,0.0,0.0,48.0
260,Income,"Household Income 45000 to 49999 by Race, White Alone, Not Hispanic or Latino",0.0,12.0,14.0,26.0,18.0,34.0,25.0,35.0,31.0,0.0,0.0,0.0,0.0,48.0
335,Income,Household Income 50000 to 59999,39.0,126.0,204.0,214.0,269.0,248.0,238.0,209.0,182.0,127.0,98.0,100.0,64.0,30.0
154,Income,"Household Income 50000 to 59999 by Race, American Indian and Alaska Native Alone",0.0,0.0,0.0,0.0,0.0,0.0,0.0,0.0,0.0,0.0,0.0,0.0,0.0,0.0
296,Income,"Household Income 50000 to 59999 by Race, Asian Alone",0.0,46.0,103.0,172.0,160.0,148.0,145.0,74.0,15.0,16.0,0.0,30.0,30.0,30.0
202,Income,"Household Income 50000 to 59999 by Race, Black or African American Alone",0.0,0.0,0.0,0.0,0.0,0.0,0.0,32.0,69.0,73.0,62.0,47.0,0.0,0.0
254,Income,"Household Income 50000 to 59999 by Race, Hispanic or Latino",0.0,43.0,57.0,22.0,18.0,11.0,0.0,0.0,39.0,44.0,32.0,38.0,0.0,0.0
120,Income,"Household Income 50000 to 59999 by Race, Native Hawaiian and Other Pacific Islander Alone",0.0,0.0,0.0,0.0,0.0,0.0,0.0,0.0,0.0,0.0,0.0,0.0,0.0,0.0
210,Income,"Household Income 50000 to 59999 by Race, Some Other Race Alone",0.0,43.0,57.0,22.0,18.0,11.0,0.0,0.0,0.0,0.0,0.0,0.0,0.0,0.0
196,Income,"Household Income 50000 to 59999 by Race, Two or More Races",19.0,0.0,0.0,0.0,77.0,84.0,93.0,103.0,98.0,0.0,0.0,0.0,0.0,0.0
300,Income,"Household Income 50000 to 59999 by Race, White Alone",20.0,37.0,44.0,20.0,14.0,5.0,0.0,0.0,0.0,38.0,36.0,23.0,34.0,0.0
292,Income,"Household Income 50000 to 59999 by Race, White Alone, Not Hispanic or Latino",20.0,37.0,44.0,20.0,14.0,5.0,0.0,0.0,0.0,38.0,36.0,23.0,34.0,0.0
342,Income,Household Income 60000 to 74999,0.0,202.0,183.0,306.0,391.0,386.0,406.0,366.0,256.0,211.0,188.0,218.0,229.0,187.0
152,Income,"Household Income 60000 to 74999 by Race, American Indian and Alaska Native Alone",0.0,0.0,0.0,0.0,0.0,0.0,0.0,15.0,19.0,21.0,24.0,24.0,0.0,0.0
306,Income,"Household Income 60000 to 74999 by Race, Asian Alone",0.0,74.0,126.0,168.0,149.0,162.0,179.0,113.0,126.0,144.0,140.0,129.0,76.0,80.0
198,Income,"Household Income 60000 to 74999 by Race, Black or African American Alone",0.0,0.0,0.0,0.0,21.0,29.0,31.0,32.0,29.0,34.0,18.0,28.0,90.0,0.0
276,Income,"Household Income 60000 to 74999 by Race, Hispanic or Latino",0.0,7.0,5.0,116.0,196.0,183.0,198.0,220.0,90.0,50.0,24.0,24.0,42.0,0.0
155,Income,"Household Income 60000 to 74999 by Race, Native Hawaiian and Other Pacific Islander Alone",0.0,0.0,0.0,0.0,0.0,0.0,0.0,0.0,0.0,0.0,0.0,0.0,0.0,0.0
215,Income,"Household Income 60000 to 74999 by Race, Some Other Race Alone",0.0,0.0,0.0,109.0,164.0,122.0,128.0,141.0,0.0,0.0,0.0,0.0,0.0,0.0
217,Income,"Household Income 60000 to 74999 by Race, Two or More Races",0.0,20.0,15.0,13.0,17.0,10.0,0.0,0.0,0.0,0.0,0.0,0.0,0.0,0.0
319,Income,"Household Income 60000 to 74999 by Race, White Alone",0.0,108.0,42.0,16.0,40.0,63.0,68.0,65.0,82.0,12.0,6.0,37.0,63.0,107.0
317,Income,"Household Income 60000 to 74999 by Race, White Alone, Not Hispanic or Latino",0.0,101.0,37.0,9.0,8.0,25.0,24.0,27.0,36.0,12.0,6.0,37.0,63.0,107.0
363,Income,Household Income 75000 to 99999,8.0,317.0,312.0,354.0,340.0,319.0,386.0,484.0,290.0,290.0,534.0,287.0,546.0,361.0
125,Income,"Household Income 75000 to 99999 by Race, American Indian and Alaska Native Alone",0.0,0.0,0.0,0.0,0.0,0.0,0.0,0.0,0.0,0.0,0.0,0.0,0.0,0.0
328,Income,"Household Income 75000 to 99999 by Race, Asian Alone",0.0,157.0,181.0,118.0,135.0,120.0,149.0,242.0,189.0,227.0,289.0,66.0,380.0,181.0
212,Income,"Household Income 75000 to 99999 by Race, Black or African American Alone",0.0,0.0,0.0,0.0,0.0,0.0,0.0,0.0,32.0,0.0,0.0,0.0,0.0,0.0
299,Income,"Household Income 75000 to 99999 by Race, Hispanic or Latino",0.0,0.0,0.0,0.0,0.0,0.0,0.0,0.0,0.0,0.0,196.0,148.0,138.0,101.0
153,Income,"Household Income 75000 to 99999 by Race, Native Hawaiian and Other Pacific Islander Alone",0.0,0.0,0.0,0.0,0.0,0.0,0.0,0.0,0.0,0.0,0.0,38.0,28.0,24.0
273,Income,"Household Income 75000 to 99999 by Race, Some Other Race Alone",0.0,0.0,0.0,0.0,0.0,0.0,0.0,0.0,0.0,0.0,0.0,0.0,0.0,0.0
264,Income,"Household Income 75000 to 99999 by Race, Two or More Races",0.0,0.0,0.0,0.0,0.0,0.0,0.0,0.0,0.0,0.0,0.0,0.0,0.0,18.0
336,Income,"Household Income 75000 to 99999 by Race, White Alone",8.0,160.0,131.0,236.0,205.0,199.0,237.0,242.0,69.0,63.0,245.0,183.0,138.0,138.0
331,Income,"Household Income 75000 to 99999 by Race, White Alone, Not Hispanic or Latino",8.0,160.0,131.0,236.0,205.0,199.0,237.0,242.0,69.0,63.0,49.0,35.0,0.0,37.0
385,Income,Household Income Greater than 200000,11.0,623.0,687.0,798.0,924.0,965.0,1067.0,1322.0,1730.0,2147.0,2430.0,2459.0,2694.0,3729.0
158,Income,"Household Income Greater than 200000 by Race, American Indian and Alaska Native Alone",0.0,0.0,0.0,0.0,0.0,0.0,0.0,0.0,0.0,0.0,0.0,0.0,0.0,0.0
364,Income,"Household Income Greater than 200000 by Race, Asian Alone",0.0,106.0,86.0,127.0,171.0,326.0,344.0,435.0,572.0,826.0,933.0,1050.0,1020.0,1772.0
267,Income,"Household Income Greater than 200000 by Race, Black or African American Alone",0.0,15.0,14.0,11.0,10.0,0.0,23.0,23.0,27.0,35.0,40.0,135.0,129.0,144.0
325,Income,"Household Income Greater than 200000 by Race, Hispanic or Latino",0.0,83.0,87.0,75.0,38.0,35.0,74.0,118.0,207.0,218.0,208.0,164.0,196.0,168.0
162,Income,"Household Income Greater than 200000 by Race, Native Hawaiian and Other Pacific Islander Alone",,0.0,0.0,0.0,0.0,0.0,0.0,0.0,0.0,0.0,0.0,0.0,0.0,0.0
283,Income,"Household Income Greater than 200000 by Race, Some Other Race Alone",0.0,0.0,0.0,0.0,0.0,0.0,0.0,50.0,117.0,131.0,44.0,11.0,59.0,21.0
320,Income,"Household Income Greater than 200000 by Race, Two or More Races",0.0,8.0,0.0,0.0,21.0,19.0,18.0,84.0,144.0,126.0,132.0,157.0,112.0,80.0
376,Income,"Household Income Greater than 200000 by Race, White Alone",11.0,494.0,587.0,660.0,722.0,620.0,682.0,730.0,870.0,1029.0,1281.0,1106.0,1374.0,1712.0
375,Income,"Household Income Greater than 200000 by Race, White Alone, Not Hispanic or Latino",11.0,411.0,500.0,585.0,684.0,585.0,608.0,662.0,780.0,942.0,1117.0,1015.0,1297.0,1624.0
340,Income,Household Income Less than 10000,15.0,175.0,244.0,347.0,352.0,418.0,513.0,482.0,516.0,513.0,361.0,276.0,233.0,81.0
151,Income,"Household Income Less than 10000 by Race, American Indian and Alaska Native Alone",0.0,0.0,0.0,0.0,0.0,0.0,0.0,0.0,0.0,0.0,0.0,0.0,0.0,0.0
309,Income,"Household Income Less than 10000 by Race, Asian Alone",0.0,83.0,111.0,163.0,138.0,155.0,166.0,134.0,129.0,137.0,47.0,68.0,29.0,14.0
235,Income,"Household Income Less than 10000 by Race, Black or African American Alone",0.0,44.0,33.0,33.0,64.0,137.0,142.0,188.0,156.0,106.0,0.0,10.0,6.0,25.0
236,Income,"Household Income Less than 10000 by Race, Hispanic or Latino",0.0,0.0,28.0,19.0,17.0,22.0,50.0,30.0,78.0,93.0,94.0,58.0,72.0,23.0
134,Income,"Household Income Less than 10000 by Race, Native Hawaiian and Other Pacific Islander Alone",0.0,0.0,0.0,0.0,0.0,0.0,0.0,0.0,0.0,0.0,0.0,0.0,0.0,0.0
200,Income,"Household Income Less than 10000 by Race, Some Other Race Alone",0.0,0.0,0.0,0.0,0.0,0.0,27.0,30.0,29.0,36.0,36.0,0.0,0.0,0.0
199,Income,"Household Income Less than 10000 by Race, Two or More Races",0.0,0.0,0.0,0.0,0.0,0.0,0.0,0.0,0.0,0.0,0.0,0.0,0.0,19.0
302,Income,"Household Income Less than 10000 by Race, White Alone",15.0,48.0,100.0,151.0,150.0,126.0,178.0,130.0,202.0,234.0,278.0,198.0,198.0,23.0
297,Income,"Household Income Less than 10000 by Race, White Alone, Not Hispanic or Latino",15.0,48.0,72.0,132.0,133.0,104.0,155.0,130.0,153.0,177.0,220.0,140.0,126.0,0.0
404,Income,Households Total for Income,272.0,3060.0,3565.0,4105.0,4444.0,4717.0,4794.0,5186.0,5509.0,5870.0,6312.0,6065.0,6654.0,6961.0
221,Income,"Households Total for Income by Race, American Indian and Alaska Native Alone",0.0,0.0,0.0,0.0,0.0,0.0,0.0,15.0,19.0,21.0,24.0,24.0,0.0,0.0
382,Income,"Households Total for Income by Race, Asian Alone",71.0,1083.0,1349.0,1613.0,1663.0,1907.0,1887.0,1943.0,2006.0,2344.0,2404.0,2144.0,2577.0,3119.0
343,Income,"Households Total for Income by Race, Black or African American Alone",29.0,133.0,113.0,97.0,119.0,204.0,217.0,295.0,339.0,272.0,154.0,242.0,245.0,280.0
366,Income,"Households Total for Income by Race, Hispanic or Latino",0.0,210.0,270.0,319.0,336.0,399.0,443.0,456.0,653.0,729.0,964.0,801.0,956.0,679.0
205,Income,"Households Total for Income by Race, Native Hawaiian and Other Pacific Islander Alone",0.0,0.0,0.0,0.0,0.0,0.0,0.0,0.0,0.0,0.0,0.0,38.0,28.0,24.0
346,Income,"Households Total for Income by Race, Some Other Race Alone",0.0,94.0,110.0,131.0,182.0,174.0,204.0,221.0,251.0,289.0,427.0,411.0,566.0,426.0
356,Income,"Households Total for Income by Race, Two or More Races",19.0,37.0,15.0,47.0,138.0,136.0,158.0,260.0,308.0,257.0,270.0,227.0,134.0,157.0
396,Income,"Households Total for Income by Race, White Alone",153.0,1713.0,1978.0,2217.0,2342.0,2296.0,2328.0,2452.0,2586.0,2687.0,3033.0,2979.0,3104.0,2955.0
393,Income,"Households Total for Income by Race, White Alone, Not Hispanic or Latino",153.0,1576.0,1791.0,2063.0,2211.0,2117.0,2140.0,2311.0,2296.0,2429.0,2533.0,2621.0,2663.0,2677.0
392,Income,Median Family Income,25192.30769230769,98363.09523809524,109563.2530120482,108027.5229357798,95777.02702702703,127464.1577060932,132358.1560283688,130176.2114537445,166609.5890410959,179722.2222222222,184623.8938053097,190239.7260273973,187344.9131513648,207449.3742302226
388,Income,Median Household Income,34000.0,102854.3307086614,110057.003257329,103664.6586345382,109936.9085173502,113812.6491646778,106508.875739645,111896.5517241379,143049.4505494506,161105.6268509378,167267.8088367899,170739.7959183673,164115.6462585034,203332.1257709842
372,Income,"Median Household Income by Race, American Indian and Alaska Native Alone",0.0,0.0,0.0,0.0,0.0,0.0,0.0,67500.0,67500.0,67500.0,67500.0,67500.0,0.0,0.0
383,Income,"Median Household Income by Race, Asian Alone",19583.33333333333,81926.75159235668,85980.66298342541,71294.64285714286,82500.0,106856.7961165048,107560.4838709677,109711.5384615385,141562.5,158711.2171837709,172991.9678714859,197528.0898876404,168851.5081206496,205996.289503386
370,Income,"Median Household Income by Race, Black or African American Alone",28452.38095238095,17500.0,18012.82051282051,17767.85714285714,9999.0,9999.0,9999.0,9999.0,27596.15384615385,50821.91780821918,56935.48387096774,205185.3925925926,202519.4806201551,201388.9444444444
378,Income,"Median Household Income by Race, Hispanic or Latino",0.0,133333.3333333333,129268.2926829268,70926.72413793103,68418.36734693877,71762.29508196721,71098.48484848485,71863.63636363637,170420.7920792079,168013.1004366812,138725.4901960784,96030.40540540541,97463.76811594203,85024.75247524753
379,Income,"Median Household Income by Race, Native Hawaiian and Other Pacific Islander Alone",0.0,0.0,0.0,0.0,0.0,0.0,0.0,0.0,0.0,0.0,0.0,87500.0,87500.0,87500.0
377,Income,"Median Household Income by Race, Some Other Race Alone",0.0,56046.51162790698,54912.28070175438,65986.23853211009,66676.82926829268,69344.26229508196,68789.0625,68563.82978723405,195952.3809523809,194467.2131147541,13962.05357142857,13336.03896103896,14066.09195402299,13338.55799373041
387,Income,"Median Household Income by Race, Two or More Races",55000.0,73875.0,67500.0,23455.88235294117,55974.02597402597,55357.14285714286,55806.45161290323,128750.0,182758.6206896552,196212.1212121212,197857.1428571429,213854.0573248408,220090.0892857143,200937.5375
394,Income,"Median Household Income by Race, White Alone",52250.0,137653.6885245902,137944.6640316205,142922.1854304636,143509.6153846154,136936.9369369369,126944.4444444444,131327.1604938272,145474.1379310345,164179.9544419134,171830.1435406698,152062.5,174277.4566473989,206848.9889018692
395,Income,"Median Household Income by Race, White Alone, Not Hispanic or Latino",52250.0,134004.7393364929,134728.7735849057,140946.6911764706,143882.0422535211,137216.9811320755,123481.308411215,126673.2283464567,143890.6752411576,162671.2328767123,177752.9761904762,156415.9292035398,192871.9008264463,208790.3762315271
32,Income,Percent in Poverty,0.1941176470588235,0.05968169761273209,0.08162971494385257,0.1131310649797322,0.1139537481845604,0.1194708994708995,0.1350505787881948,0.09541947455806231,0.09851201147364647,0.08886255924170616,0.08734472049689442,0.07756168806211085,0.0785488090320804,0.06586594343277799
72,Income,"Percent in Poverty by Race, American Indian and Alaska Native Alone",,,,,,,,0.0,0.0,0.0,0.0,0.0,,
31,Income,"Percent in Poverty by Race, Asian Alone",0.3915343915343915,0.07091055600322321,0.1094771241830065,0.1317152986092174,0.1310578426263679,0.1254528985507246,0.1533457249070632,0.09181258873639375,0.0839360070129301,0.06103375929811177,0.02589163237311385,0.029335461983636,0.01099467445456107,0.04057971014492753
63,Income,"Percent in Poverty by Race, Black or African American Alone",0.0,0.3439153439153439,0.3076923076923077,0.4201680672268908,0.58,0.450765864332604,0.44375,0.4052478134110787,0.3145161290322581,0.1808873720136519,0.0,0.01597444089456869,0.01140684410646388,0.06747230614300101
37,Income,"Percent in Poverty by Race, Hispanic or Latino",,0.0,0.03733333333333334,0.06592039800995025,0.08665105386416862,0.06748466257668712,0.09408341416100872,0.07043478260869565,0.179215930304916,0.1744529863985807,0.264426125554851,0.2718589272593681,0.2461450599657339,0.2157856625633599
30,Income,"Percent in Poverty by Race, Native Hawaiian and Other Pacific Islander Alone",,,,,,,,,,,,0.0,0.0,0.0
40,Income,"Percent in Poverty by Race, Some Other Race Alone",,0.0,0.0,0.0,0.0,0.0,0.04477611940298507,0.04807692307692308,0.04746317512274959,0.0549618320610687,0.5652173913043478,0.7333333333333333,0.4027777777777778,0.4323671497584541
29,Income,"Percent in Poverty by Race, Two or More Races",0.0,0.0,0.0,0.2463768115942029,0.1022222222222222,0.1179487179487179,0.1184834123222749,0.06451612903225806,0.02288329519450801,0.04054054054054054,0.03881278538812785,0.01428571428571429,0.0197869101978691,0.06479481641468683
20,Income,"Percent in Poverty by Race, White Alone",0.09157509157509157,0.0416520826041302,0.05728835136855506,0.09503355704697987,0.08672962226640159,0.09112457203055044,0.09270859433725884,0.06032863849765258,0.09395546129374337,0.1176591375770021,0.1214285714285714,0.08858659588586595,0.1088790062873792,0.04460381318873535
18,Income,"Percent in Poverty by Race, White Alone, Not Hispanic or Latino",0.09157509157509157,0.0464299648849005,0.05372923294450336,0.09696092619392185,0.0782768584187024,0.08610400682011936,0.08798050893340552,0.05802219979818365,0.04626602967060599,0.07510165032288926,0.08956485002112378,0.06108035884710823,0.08402602096132997,0.04430017185411495
6,Journey to Work,Journey to Work by Bike,,0.05007704160246533,0.03640776699029126,0.1001681928611474,0.08651358344113842,0.06786915316416998,0.05795314426633785,0.06974741676234214,0.02299168975069252,0.03685114251750099,0.03987371375116932,0.04500523316664728,0.02072592287069499,0.02042854548756129
79,Journey to Work,Journey to Work by Car,,0.3728813559322034,0.3879082082965578,0.3261072696692207,0.2897800776196636,0.3298685417303577,0.2909987669543773,0.2310562571756602,0.2638504155124654,0.3094703473781535,0.2385406922357343,0.2532852657285731,0.2472674778304805,0.2563101507172689
16,Journey to Work,Journey to Work by Carpooled,,0.05701078582434515,0.0706090026478376,0.05307419173986171,0.0489974126778784,0.09110363803118313,0.0781442663378545,0.0677382319173364,0.0865650969529086,0.08915598996169595,0.03578110383536015,0.02953831840911734,0.02299443184161683,0.03168694388959506
66,Journey to Work,Journey to Work by Drove Alone,,0.3158705701078582,0.3172992056487202,0.273033077929359,0.2407826649417852,0.2387649036991746,0.2128545006165228,0.1633180252583238,0.1772853185595568,0.2203143574164575,0.2027595884003742,0.2237469473194557,0.2242730459888637,0.2246232068276739
8,Journey to Work,Journey to Work by Other Journey Type,,0.03338469440164355,0.02846425419240953,0.0179405718557279,0.02571151358344114,0.0186487312748395,0.02604808877928484,0.04348450057405281,0.05554016620498615,0.04556861709153348,0.06980823199251637,0.06163507384579602,0.03804908228500722,0.02342473215907027
60,Journey to Work,Journey to Work by Transit,,0.3212634822804314,0.3265666372462489,0.3433003176976266,0.3897153945666235,0.3842861510241516,0.4340320591861899,0.4200631458094145,0.3858725761772853,0.3294148725399551,0.3565247895229186,0.2927084544714502,0.2524231800371211,0.1860359542400581
33,Journey to Work,Journey to Work by Walk,,0.1838726245505906,0.191306266548985,0.188749766398804,0.1817593790426908,0.1796086823601345,0.1596794081381011,0.1852755453501722,0.2189750692520776,0.2266543389248448,0.2402946679139382,0.2200255843702756,0.2145803258403794,0.1837661158525513
58,Journey to Work,Journey to Work by Worked at Home,,0.03852080123266564,0.0293468667255075,0.02373388151747337,0.02652005174644243,0.01971874044634668,0.031288532675709,0.05037313432835821,0.05277008310249307,0.05204068154801215,0.05495790458372311,0.1273403884172578,0.2269540111363168,0.3300345015434901
408,Journey to Work,Total Workers 16 Years and Older,,3894.0,4532.0,5351.0,6184.0,6542.0,6488.0,6968.0,7220.0,7571.0,8552.0,8599.0,9698.0,11014.0
61,Language Spoken at Home,Asian/Pacific Islander,0.2941176470588235,0.2878394741394222,0.3052647102197316,0.3202891326021934,0.2949163954662776,0.3184652785117852,0.298823039266743,0.268164719857454,0.2623347607521877,0.2889884088514226,0.2969750320102433,0.2279876763418194,0.2659673827142754,0.2665949290470105
102,Language Spoken at Home,English Only,0.5445378151260504,0.4992215879605604,0.50774222091137,0.4760717846460618,0.514083716754573,0.4886375647394567,0.5022393500677013,0.5423678479509008,0.5416123626885124,0.5324025289778714,0.5092829705505761,0.552456623966272,0.4837991235002514,0.4823458201627547
15,Language Spoken at Home,Other European Languages,0.1411764705882353,0.1484172288531396,0.1101607432532075,0.1225074775672981,0.1131186174391202,0.1082338019236867,0.1134256848244974,0.1108691348247872,0.09355799664866878,0.07490340709518792,0.088348271446863,0.06656396951516134,0.08987714634672031,0.1169547380455982
1,Language Spoken at Home,Other Languages,0.02016806722689076,0.002594706798131811,0.01341984957970801,0.01981555333998006,0.01582313993940074,0.02505020610929077,0.02843453806895115,0.01900613739853494,0.01368460249487991,0.01343519494204426,0.009042893725992318,0.06267228798443328,0.05783461455564336,0.06012509247427534
35,Language Spoken at Home,Spanish Only,0.0,0.06192700224874589,0.06341247603598289,0.0613160518444666,0.06205813040062844,0.05961314871578057,0.05707738777210707,0.0595921599683231,0.08881027741575126,0.09027046013347383,0.09635083226632522,0.09031944219231393,0.1025217328831094,0.07397942027036115
77,Nativity,Foreign Born,0.4352941176470588,0.4217506631299735,0.4362662154540327,0.4789775441949355,0.4551940330775051,0.4543043655650755,0.4679827638039884,0.4175135340488175,0.3856455142231948,0.3816912972085386,0.4070488579639994,0.3635408852213053,0.4182330827067669,0.4087064676616916
410,Population,Total Population,595.0,6032.0,7092.0,8372.0,9251.0,9804.0,9979.0,10529.0,11425.0,12180.0,13222.0,13330.0,14896.0,16080.0
401,Race/Ethnicity,Asian,189.0,2482.0,3084.0,3707.0,3889.0,4487.0,4382.0,4282.0,4618.0,5348.0,5931.0,5107.0,5938.0,7163.0
367,Race/Ethnicity,Black/African American,29.0,189.0,169.0,128.0,263.0,484.0,509.0,728.0,786.0,612.0,326.0,639.0,547.0,1038.0
386,Race/Ethnicity,Latino Population (of Any Race),0.0,659.0,761.0,814.0,894.0,1018.0,1083.0,1214.0,1667.0,1781.0,1666.0,1436.0,1832.0,1489.0
295,Race/Ethnicity,Native American Indian,0.0,0.0,0.0,0.0,0.0,0.0,0.0,71.0,86.0,92.0,98.0,92.0,0.0,0.0
284,Race/Ethnicity,Native Hawaiian/Pacific Islander,0.0,0.0,0.0,0.0,0.0,0.0,0.0,0.0,0.0,0.0,0.0,132.0,137.0,122.0
390,Race/Ethnicity,Other/Two or More Races,19.0,504.0,575.0,640.0,872.0,814.0,858.0,1055.0,1100.0,1104.0,975.0,1193.0,1599.0,1894.0
402,Race/Ethnicity,"White Alone, Not Hispanic or Latino",358.0,2563.0,2940.0,3617.0,3976.0,3714.0,3899.0,4057.0,4060.0,4312.0,4862.0,5365.0,5675.0,5371.0
403,Race/Ethnicity,"White, Including Hispanic or Latino",358.0,2857.0,3264.0,3897.0,4227.0,4019.0,4230.0,4393.0,4835.0,5024.0,5892.0,6167.0,6675.0,5863.0
380,Unit Size,1 Bedroom,167.0,1434.0,1774.0,1969.0,1983.0,2303.0,2396.0,2437.0,2438.0,2759.0,3233.0,2457.0,2709.0,2474.0
384,Unit Size,2 Bedrooms,132.0,1259.0,1547.0,1896.0,2109.0,2204.0,2306.0,2418.0,2463.0,2914.0,2975.0,3048.0,3160.0,3600.0
381,Unit Size,3-4 Bedrooms,9.0,280.0,241.0,236.0,174.0,196.0,142.0,148.0,176.0,234.0,244.0,535.0,735.0,960.0
327,Unit Size,5 or More Bedrooms,0.0,0.0,0.0,0.0,0.0,0.0,0.0,0.0,0.0,0.0,0.0,0.0,0.0,0.0
373,Unit Size,No Bedroom,42.0,351.0,351.0,300.0,400.0,298.0,362.0,533.0,818.0,689.0,792.0,802.0,739.0,771.0
67,Vehicles Available,Households with no Vehicle,0.2612244897959184,0.1905228758169935,0.211781206171108,0.2609013398294763,0.2702520252025202,0.3059147763408946,0.3487692949520234,0.3594292325491709,0.3570520965692503,0.3212947189097104,0.3718314321926489,0.3343775762572135,0.345356176735798,0.2809941100416607
34,Vehicles Available,Percent of No Vehicle Homeowning Households,0.0,0.04186046511627907,0.03364969801553063,0.1195571955719557,0.1267409470752089,0.1222681630242174,0.1253280839895013,0.182237600922722,0.1122787610619469,0.0803030303030303,0.1845155308298563,0.1036106750392465,0.1909090909090909,0.1464503042596349
89,Vehicles Available,Percent of No Vehicle Renting Households,0.2857142857142857,0.2710327455919396,0.2975893599334996,0.3305454545454545,0.3387632978723404,0.4087301587301587,0.4529051987767584,0.4484356894553882,0.4766279383950284,0.4439588688946016,0.4690734055354994,0.4405392392874338,0.4160823838737949,0.3547597864768683
406,Vehicles Available,Vehicles Available,217.0,3123.0,3530.0,3761.0,3928.0,4122.0,3743.0,3745.0,4063.0,4663.0,4604.0,4792.0,5167.0,6095.0
101,Vehicles Available,Vehicles Homeowners,0.1336405529953917,0.4226705091258405,0.4186968838526912,0.412390321722946,0.4009674134419552,0.4682193110140708,0.4456318461127438,0.4395193591455274,0.4501599803101157,0.4443491314604332,0.4287576020851434,0.4083889816360601,0.3708147861428295,0.3863822805578343
93,Vehicles Available,Vehicles Per Capita,0.3647058823529412,0.517738726790451,0.4977439368302313,0.449235547061634,0.424602745649119,0.4204406364749082,0.375087684136687,0.3556843005033716,0.3556236323851203,0.3828407224958949,0.3482075328997126,0.359489872468117,0.3468716433941998,0.3790422885572139
91,Vehicles Available,Vehicles Renters,0.8663594470046083,0.5773294908741594,0.5813031161473088,0.587609678277054,0.5990325865580448,0.5317806889859291,0.5543681538872562,0.5604806408544726,0.5498400196898843,0.5556508685395668,0.5712423979148566,0.5916110183639399,0.6291852138571705,0.6136177194421657
