,Category,Attribute,Portola_2000,Portola_2010,Portola_2011,Portola_2012,Portola_2013,Portola_2014,Portola_2015,Portola_2016,Portola_2017,Portola_2018,Portola_2019,Portola_2020,Portola_2021,Portola_2022
10,Age,0-4 Years,0.05445673389720234,0.06984761773426187,0.05835580446656987,0.05067359638924981,0.03815355628827131,0.04178954633870866,0.03780195463765443,0.04447422931643719,0.04209206519792227,0.04171949526052043,0.04739452574857633,0.03946315335836976,0.03382398997807704,0.03500412934375199
65,Age,18-34 Years,0.2486662329212752,0.2008549955181687,0.2109520846297449,0.1990699582848937,0.2053697597739048,0.2306582167283679,0.2314217222939332,0.2251736322651395,0.2284912532091468,0.2280383988407897,0.2041516134958055,0.2053807794126701,0.1986219855934858,0.192363890477098
81,Age,35-59 Years,0.3424202992843201,0.3643384127421913,0.3540759178593653,0.3648362169185529,0.374133638382343,0.3553993850787476,0.3548466408506977,0.3559766053369075,0.3596035584213983,0.3454688160357423,0.3666646255587533,0.3564612448439328,0.3879110554337614,0.3866336319166508
26,Age,5-17 Years,0.1579700715679896,0.1445218230710887,0.1411187167254373,0.1473705805922177,0.153960029607698,0.1500282361799586,0.1454914254102895,0.1403070549530888,0.1398292435369276,0.1235887218499064,0.1154246525013777,0.1438157975743397,0.1376135295959912,0.1169557207293056
56,Age,60 and older,0.1964866623292127,0.2204371509342894,0.2354974763188827,0.2380496478150858,0.2283830159477828,0.2221246156742172,0.2304382568074252,0.234068478128427,0.229983879634605,0.2611845680130411,0.2663645826954871,0.2548790248106877,0.2420294393986846,0.2690426275331936
41,Educational Attainment,College Degree or higher,0.1942500472857953,0.3961774875144065,0.4181696726786907,0.4302358624609264,0.4319668355596499,0.4270877670894697,0.4081838001006205,0.3713277531593632,0.3455764931331843,0.3433094431755533,0.3353312554942859,0.3395982899088489,0.3216421529012445,0.3288227334235453
53,Educational Attainment,"College Degree or higher by Race, American Indian and Alaska Native Alone",0.0,0.0,0.04878048780487805,0.02040816326530612,0.02439024390243903,0.2291666666666667,0.3207547169811321,0.3018867924528302,0.36,0.3287671232876712,0.189873417721519,0.0,0.0,
97,Educational Attainment,"College Degree or higher by Race, Asian Alone",0.2061971830985916,0.2665982203969884,0.2416739319965126,0.2515592515592516,0.2390029325513197,0.2553832254178587,0.25861323338619,0.2864278578564293,0.2954545454545455,0.2772896698615548,0.271472824556463,0.2451531329025007,0.2369957537154989,0.2428534638166366
73,Educational Attainment,"College Degree or higher by Race, Black or African American Alone",0.160332541567696,0.1660079051383399,0.1986183074265976,0.2340740740740741,0.2311046511627907,0.2122448979591837,0.1985428051001822,0.2271241830065359,0.1711711711711712,0.2064220183486239,0.2175273865414711,0.2255489021956088,0.1942446043165468,0.3172866520787746
88,Educational Attainment,"College Degree or higher by Race, Hispanic or Latino",0.1207243460764588,0.1609383524277141,0.1696476964769648,0.1998995479658463,0.1575946086054951,0.121919014084507,0.09353395689304596,0.1045058689890193,0.1579172001707213,0.1736552308343922,0.1577358490566038,0.198810850984764,0.2265589950650516,0.2749529190207156
50,Educational Attainment,"College Degree or higher by Race, Native Hawaiian and Other Pacific Islander Alone",0.0,0.0,,,,,,,,,,,,
71,Educational Attainment,"College Degree or higher by Race, Some Other Race Alone",0.1233299075025694,0.09603340292275574,0.121272365805169,0.1694152923538231,0.1026438569206843,0.07009345794392523,0.0652014652014652,0.07894736842105263,0.1086118251928021,0.115411195577056,0.1104294478527607,0.1848484848484848,0.2254591513616213,0.2479474548440066
106,Educational Attainment,"College Degree or higher by Race, Two or More Races",0.2653508771929824,0.4363636363636363,0.310126582278481,0.2892561983471074,0.3133333333333334,0.4401709401709402,0.444,0.4484126984126984,0.4914529914529914,0.4698275862068966,0.5260869565217391,0.4644194756554307,0.4125,0.3981042654028436
111,Educational Attainment,"College Degree or higher by Race, White Alone",0.1967435549525102,0.2103587962962963,0.2044470112619116,0.2425908952031775,0.2804381846635368,0.3209672076846638,0.3445165945165945,0.3608942512420156,0.4593572778827977,0.473551637279597,0.4734082397003745,0.4716297786720322,0.4860426929392447,0.4681481481481481
114,Educational Attainment,"College Degree or higher by Race, White Alone, Not Hispanic or Latino",0.2236902050113895,0.2319425751458053,0.2253649635036496,0.2638535841382816,0.3461538461538461,0.4172323759791123,0.4751535455053043,0.5120448179271708,0.5386833253243632,0.5632401705352913,0.5531505531505532,0.5554440541896638,0.5607843137254902,0.5316642120765832
44,Educational Attainment,High School or Less,0.567524115755627,0.2282942758355744,0.2275980532493559,0.2139812446717818,0.2171349608475357,0.2239720779773559,0.2346973000167701,0.2474150664697194,0.2484030661130629,0.2555721824052926,0.2646847278830017,0.2790997822053723,0.2860029093260061,0.2643476876542227
99,Educational Attainment,"High School or Less by Race, American Indian and Alaska Native Alone",1.0,0.0,0.8048780487804879,0.8367346938775511,0.7073170731707317,0.6041666666666666,0.5094339622641509,0.5471698113207547,0.4533333333333333,0.5068493150684932,0.6329113924050633,0.7391304347826086,0.0,
76,Educational Attainment,"High School or Less by Race, Asian Alone",0.5631924882629108,0.5592060232717317,0.586050566695728,0.579002079002079,0.6016617790811339,0.5497666014154495,0.5363990197491711,0.5002140716426431,0.4805389221556886,0.4856230031948882,0.4939453675021121,0.4985951109862321,0.5034501061571125,0.5073396858099408
78,Educational Attainment,"High School or Less by Race, Black or African American Alone",0.3907363420427554,0.3656126482213439,0.3523316062176166,0.3318518518518518,0.2906976744186047,0.3170068027210884,0.3187613843351548,0.3464052287581699,0.3933933933933934,0.4036697247706422,0.4162754303599374,0.4131736526946108,0.434052757793765,0.2932166301969366
86,Educational Attainment,"High School or Less by Race, Hispanic or Latino",0.6921529175050302,0.6115657392253137,0.6401084010840108,0.5981918633852336,0.6168999481596682,0.6584507042253521,0.6466043106954046,0.6213555471412344,0.5731967562953478,0.5429902583650995,0.4984905660377358,0.4719435154217763,0.3840287124270974,0.3526365348399247
94,Educational Attainment,"High School or Less by Race, Native Hawaiian and Other Pacific Islander Alone",0.0,1.0,,,,,,,,,,,,
95,Educational Attainment,"High School or Less by Race, Some Other Race Alone",0.6783144912641316,0.6200417536534447,0.6202783300198808,0.553223388305847,0.5645412130637636,0.7345794392523365,0.6615384615384615,0.610803324099723,0.6118251928020566,0.5929509329647547,0.4919129949804796,0.4560606060606061,0.3400886637112096,0.2430213464696223
46,Educational Attainment,"High School or Less by Race, Two or More Races",0.5219298245614035,0.3636363636363636,0.3544303797468354,0.2396694214876033,0.2066666666666667,0.1581196581196581,0.108,0.07936507936507936,0.1666666666666667,0.2327586206896552,0.2478260869565218,0.3932584269662922,0.41,0.3696682464454976
25,Educational Attainment,"High School or Less by Race, White Alone",0.5959972862957937,0.5130208333333334,0.5218019058619694,0.5316223648029331,0.4838810641627543,0.4537926465717125,0.4325396825396826,0.3963804116394606,0.2964083175803403,0.2724001439366679,0.2895131086142322,0.2490945674044266,0.2409688013136289,0.3522222222222222
21,Educational Attainment,"High School or Less by Race, White Alone, Not Hispanic or Latino",0.5471526195899772,0.4567070435172723,0.4379562043795621,0.4641586171835282,0.3692307692307693,0.3456919060052219,0.2897822445561139,0.2212885154061625,0.2143200384430562,0.2003789673140692,0.2255892255892256,0.1781234320120421,0.1887254901960784,0.3014236622484045
45,Educational Attainment,Some College/Associate Degree,0.2382258369585776,0.2365539761813292,0.2214906002481153,0.2139812446717818,0.2171349608475357,0.2239720779773559,0.2346973000167701,0.2474150664697194,0.2484030661130629,0.2555721824052926,0.2646847278830017,0.2790997822053723,0.2860029093260061,0.2643476876542227
64,Educational Attainment,"Some College/Associate Degree by Race, American Indian and Alaska Native Alone",0.0,1.0,0.1463414634146341,0.1428571428571428,0.2682926829268293,0.1666666666666667,0.169811320754717,0.1509433962264151,0.1866666666666667,0.1643835616438356,0.1772151898734177,0.2608695652173913,1.0,
42,Educational Attainment,"Some College/Associate Degree by Race, Asian Alone",0.2306103286384976,0.17419575633128,0.1722755013077594,0.1694386694386694,0.1593352883675464,0.1948501731666918,0.2049877468646389,0.2133580705009276,0.2240065323897659,0.237087326943557,0.2345818079414249,0.2562517561112672,0.2595541401273885,0.2498068503734226
75,Educational Attainment,"Some College/Associate Degree by Race, Black or African American Alone",0.4489311163895487,0.4683794466403162,0.4490500863557859,0.4340740740740741,0.4781976744186047,0.4707482993197279,0.482695810564663,0.4264705882352941,0.4354354354354354,0.3899082568807339,0.3661971830985916,0.3612774451097804,0.3717026378896883,0.3894967177242888
54,Educational Attainment,"Some College/Associate Degree by Race, Hispanic or Latino",0.1871227364185111,0.2274959083469722,0.1902439024390244,0.2019085886489201,0.2255054432348367,0.2196302816901408,0.2598617324115494,0.2741385838697463,0.2688860435339309,0.2833545108005083,0.3437735849056604,0.3292456335934597,0.389412292507851,0.3724105461393597
74,Educational Attainment,"Some College/Associate Degree by Race, Native Hawaiian and Other Pacific Islander Alone",1.0,0.0,,,,,,,,,,,,
52,Educational Attainment,"Some College/Associate Degree by Race, Some Other Race Alone",0.1983556012332991,0.2839248434237996,0.2584493041749503,0.2773613193403298,0.3328149300155521,0.1953271028037383,0.2732600732600732,0.3102493074792244,0.2795629820051414,0.2916378714581894,0.3976575571667596,0.3590909090909091,0.4344521849271691,0.5090311986863711
49,Educational Attainment,"Some College/Associate Degree by Race, Two or More Races",0.212719298245614,0.2,0.3354430379746836,0.4710743801652892,0.48,0.4017094017094017,0.448,0.4722222222222222,0.3418803418803419,0.2974137931034483,0.2260869565217391,0.1423220973782771,0.1775,0.2322274881516588
39,Educational Attainment,"Some College/Associate Degree by Race, White Alone",0.2072591587516961,0.2766203703703703,0.273751082876119,0.2257867399938894,0.2356807511737089,0.2252401457436237,0.2229437229437229,0.2427253371185238,0.244234404536862,0.2540482187837352,0.2370786516853933,0.2792756539235413,0.2729885057471265,0.1796296296296296
38,Educational Attainment,"Some College/Associate Degree by Race, White Alone, Not Hispanic or Latino",0.2291571753986333,0.3113503813369224,0.3366788321167883,0.2719877986781901,0.2846153846153846,0.2370757180156658,0.2350642099385818,0.2666666666666667,0.2469966362325805,0.2363808621506395,0.2212602212602213,0.266432513798294,0.2504901960784314,0.1669121256750123
409,Employment,Employed Residents,6890.0,6852.0,6987.0,7089.0,7113.0,7904.0,8242.0,8558.0,8752.0,8895.0,8734.0,8698.0,8493.0,8373.0
92,Employment,Managerial Professional,0.2391872278664731,0.2463514302393462,0.2245598969514813,0.229792636479052,0.2148179389849571,0.2087550607287449,0.1942489686969182,0.2131339097920075,0.2302330895795247,0.2405845980888139,0.2415846118616899,0.2441940676017475,0.2576239255857765,0.2671682789919981
3,Employment,Natural Resources,0.08055152394775036,0.1046409807355517,0.09460426506368971,0.0702496826068557,0.05890622803317869,0.05288461538461538,0.04270808056297015,0.05001168497312456,0.056672760511883,0.05823496346261945,0.06091138081062514,0.09128535295470223,0.08936771458848464,0.06365699271467813
2,Employment,Production Transport Materials,0.1761973875181422,0.05560420315236427,0.0525261199370259,0.05120609394837072,0.06284268241248418,0.05642712550607287,0.03457898568308663,0.04054685674222949,0.04193327239488117,0.05621135469364812,0.05690405312571559,0.06208323752586802,0.0672318379842223,0.05816314343723875
28,Employment,Sales and Office,0.2915820029027576,0.1954173963806188,0.201803349076857,0.1890252503879249,0.1875439336426262,0.1739625506072874,0.1590633341421985,0.1515541014255667,0.1412248628884826,0.1165823496346262,0.1013281428898557,0.1273856058864107,0.09949370069468974,0.09912815000597157
19,Employment,Services,0.2124818577648766,0.1379159369527145,0.1565764992128238,0.1462829736211031,0.1538028961057219,0.1553643724696356,0.1745935452560058,0.1752745968684272,0.182701096892139,0.1804384485666105,0.1789558049003893,0.1679696481949874,0.1558930884257624,0.1416457661531112
12,Employment,Unemployment Rate,0.05004825589411278,0.09900471451021477,0.09011929460580913,0.09235871922439087,0.1068558513309894,0.07986030267753201,0.06722498868266184,0.0678575318592746,0.05851979345955249,0.04498604251664162,0.04837655262584441,0.04543459174714662,0.04989372413021591,0.05900202292650034
14,Employment,"Unemployment Rate by Race, American Indian and Alaska Native Alone",,0.0,0.0,0.0,0.0,0.0,0.07936507936507936,0.1076923076923077,0.1022727272727273,0.09411764705882353,0.1282051282051282,0.0,0.0,0.0
7,Employment,"Unemployment Rate by Race, Asian Alone",0.05139462809917356,0.04822565969062784,0.04676923076923077,0.05291493616366713,0.05489122604811987,0.04367346938775511,0.03761147731678945,0.03719768664563617,0.0349919344831865,0.03014892844169996,0.03683078091380838,0.03852119958634954,0.04477795546807725,0.03728330562811684
17,Employment,"Unemployment Rate by Race, Black or African American Alone",0.1040462427745665,0.06678700361010831,0.08628659476117104,0.08021390374331551,0.06826801517067003,0.1087470449172577,0.1292217327459618,0.1485557083906465,0.0959079283887468,0.09935483870967741,0.05968169761273209,0.04363001745200698,0.02748414376321353,0.04883227176220807
11,Employment,"Unemployment Rate by Race, Hispanic or Latino",0.03305785123966942,0.1072144288577154,0.1028403525954946,0.116423196104471,0.1409455842997324,0.06704331450094161,0.03573749187784275,0.04588271042236403,0.03381986472054112,0.02652329749103943,0.02449242668385434,0.0309577555627217,0.02344045368620038,0.04475183075671278
22,Employment,"Unemployment Rate by Race, Native Hawaiian and Other Pacific Islander Alone",0.0,0.0,,0.0,0.0,0.0,0.0,0.0,0.0,0.0,0.0,0.0,0.0,0.0
13,Employment,"Unemployment Rate by Race, Some Other Race Alone",0.03170409511228534,0.05740740740740741,0.0441696113074205,0.06939281288723669,0.09718969555035128,0.04830188679245283,0.02017448200654308,0.04188210961737332,0.02842105263157895,0.02340182648401826,0.02743022136669875,0.03822495606326889,0.03165236051502146,0.03840782122905028
9,Employment,"Unemployment Rate by Race, Two or More Races",0.05978260869565218,0.05660377358490566,0.0,0.0,0.0,0.0,0.0,0.0,0.0,0.0,0.0,0.0,0.006237006237006237,0.00663716814159292
5,Employment,"Unemployment Rate by Race, White Alone",0.03710144927536232,0.09349699660485766,0.08043591074208614,0.07148659626320066,0.09382924767540152,0.06238805970149254,0.05648057460006529,0.04673807205452775,0.04387827317763623,0.01504787961696306,0.01279772484891575,0.001563721657544957,0.002785515320334262,0.04613200851667849
4,Employment,"Unemployment Rate by Race, White Alone, Not Hispanic or Latino",0.04416666666666667,0.06919731119019375,0.05042355788624445,0.02523240371845949,0.04541326067211626,0.05105386416861827,0.05897435897435897,0.05132192846034215,0.05045454545454545,0.01823985408116735,0.01652134006424966,0.001947419668938656,0.003360537686029765,0.03760848601735776
116,Households,Average Family Household Size,4.194645006016847,4.009014423076923,3.917562724014337,3.988814993954051,4.015119443604475,4.132926119837115,4.147550432276657,4.139251523063534,4.141320151206746,4.035512965050732,3.942146450531023,3.945418552036199,3.878710771840543,3.83835005574136
115,Households,Average Household Size,3.513333333333333,3.409809007309597,3.379212821117134,3.416843595187544,3.328128535867843,3.431120783460283,3.444206468194474,3.36926272066459,3.415721064576026,3.41447642886942,3.324747578817226,3.274433789022648,3.242505133470226,3.20639834881321
96,Households,Family Households,0.7641379310344828,0.7847205847677434,0.7890643412679708,0.7803727294173154,0.7483593573206608,0.7482045701849837,0.7431998286571,0.7158878504672898,0.7095110377553125,0.7400917813934085,0.7372759118071296,0.7214854111405835,0.7262833675564682,0.7405572755417956
405,Households,Households,4350.0,4241.0,4243.0,4239.0,4419.0,4595.0,4669.0,4815.0,4847.0,4794.0,4853.0,4901.0,4870.0,4845.0
82,Households,"Households with 60 years and older, % of Total (DEC, 65 years and older)",0.5140229885057471,0.4390473944824334,0.4584020740042423,0.4751120547298891,0.4609640190088255,0.4648531011969532,0.4840436924394945,0.4897196261682243,0.491644316071797,0.5550688360450563,0.5520296723676077,0.5080595796776168,0.4731006160164271,0.5073271413828689
47,Households,"Households with Children, % of Total",0.3227586206896552,0.3560481018627682,0.333019090266321,0.341589997640953,0.3353699932111338,0.335582154515778,0.3341186549582352,0.3177570093457944,0.3179286156385393,0.2897371714643304,0.2820935503812075,0.2677004692919812,0.2720739219712526,0.2493292053663571
100,Households,Non-Family Households,0.2358620689655172,0.2152794152322565,0.2109356587320292,0.2196272705826846,0.2516406426793392,0.2517954298150163,0.2568001713429,0.2841121495327103,0.2904889622446875,0.2599082186065916,0.2627240881928704,0.2785145888594164,0.2737166324435318,0.2594427244582043
85,Households,"Single Person Households, % of Total",0.1788505747126437,0.1792030181560953,0.1553146358708461,0.1686718565699457,0.2038922833220186,0.1917301414581066,0.1865495823516813,0.2103842159916926,0.1990922219929853,0.1823112223612849,0.1831856583556563,0.2009793919608243,0.1868583162217659,0.1954592363261094
241,Housing,Median Year Moved In Owner,1982.86496350365,1992.408207343412,1997.28802153432,1991.593103448276,1991.967694566813,1999.703808180536,1995.1875,1995.530012771392,2000.215710723192,1996.579572446556,1992.862796833773,1998.757503001201,2008.775923718713,1998.857142857143
243,Housing,Median Year Moved In Renter,1995.901459854015,2003.375550660793,2001.700617283951,2005.159301130524,2005.94304388422,2010.364372469636,2006.944099378882,2008.441265060241,2010.567267683773,2009.37618147448,2013.735576923077,2012.140740740741,2012.641287284144,2013.420540540541
240,Housing,Median Year Structure Built,1952.192488262911,1948.851132686084,1941.712328767123,1951.022222222222,1952.658157602664,1959.258403361345,1951.708043694141,1952.15411558669,1951.853725850966,1952.444061962134,1953.78233719893,1956.895153313551,1953.590398365679,1952.974828375286
23,Housing,"Overcrowding, Renter Occupied Housing",0.3293502613890963,0.03365032918800293,0.04511278195488722,0.0935792349726776,0.1407451212300414,0.1712962962962963,0.1474056603773585,0.127709431751611,0.1076746849942726,0.1016518424396442,0.1116564417177914,0.1025485436893204,0.1042516016307513,0.1626168224299065
87,Housing,Owner Occupied,0.6929603301994955,0.6776703607639708,0.6551967947207165,0.6546355272469923,0.6173342385155013,0.6239390642002176,0.6367530520454059,0.6454828660436137,0.6397771817619146,0.6716729244889446,0.6641252833298991,0.6637420934503163,0.6474332648870637,0.6687306501547987
48,Housing,"Owner Occupied by Race, American Indian and Alaska Native Alone",0.06260032102728733,0.0,0.6666666666666666,0.6818181818181818,0.4761904761904762,0.6,0.2631578947368421,0.0,0.2352941176470588,0.2,0.3414634146341464,0.7608695652173914,1.0,
98,Housing,"Owner Occupied by Race, Asian Alone",0.2591148819078193,0.8038038038038038,0.7532467532467533,0.7444389520514088,0.7312796208530805,0.7410071942446043,0.7239316239316239,0.7284263959390863,0.7199186991869919,0.7623958746529155,0.7447916666666666,0.7341576506955177,0.714178544636159,0.7223689173896642
55,Housing,"Owner Occupied by Race, Black or African American Alone",0.02270121531758771,0.5047619047619047,0.5555555555555556,0.584070796460177,0.5506756756756757,0.5620915032679739,0.581081081081081,0.5956678700361011,0.4892307692307692,0.5851063829787234,0.7030075187969925,0.6045454545454545,0.5773809523809523,0.686046511627907
62,Housing,"Owner Occupied by Race, Hispanic or Latino",0.50125,0.5143721633888049,0.4854227405247813,0.5067385444743935,0.4751184834123223,0.4687830687830688,0.4269547325102881,0.4473684210526316,0.4017957351290685,0.4142857142857143,0.3828633405639914,0.5070270270270271,0.5501813784764208,0.6242496998799519
57,Housing,"Owner Occupied by Race, Native Hawaiian and Other Pacific Islander Alone",0.3100206374684705,,,,,,,,,,,,,
59,Housing,"Owner Occupied by Race, Some Other Race Alone",0.001834441641825269,0.6717557251908397,0.5133928571428571,0.3944954128440367,0.3903061224489796,0.386411889596603,0.3411552346570397,0.3703703703703703,0.312621359223301,0.289760348583878,0.2790697674418605,0.4411764705882353,0.5415162454873647,0.6268343815513627
68,Housing,"Owner Occupied by Race, Two or More Races",0.0,0.1764705882352941,0.3953488372093023,0.2777777777777778,0.5333333333333333,0.8648648648648649,0.8539325842696629,0.875,0.8032786885245902,0.628099173553719,0.638095238095238,0.5851851851851851,0.3484162895927602,0.4163265306122449
83,Housing,"Owner Occupied by Race, White Alone",0.03668883283650539,0.5822784810126582,0.5811648079306072,0.6105960264900663,0.5369426751592357,0.526,0.6089965397923875,0.6196990424076607,0.6498921639108555,0.6664244186046512,0.6909903201787044,0.6484992101105845,0.6127490039840637,0.62
84,Housing,"Owner Occupied by Race, White Alone, Not Hispanic or Latino",0.7541633624107851,0.6293650793650793,0.6197183098591549,0.6063730084348641,0.5296762589928058,0.5193945127719962,0.6332082551594747,0.6553990610328638,0.6868421052631579,0.6863957597173145,0.7197898423817863,0.6494096276112625,0.6239928379588182,0.6306390977443609
374,Housing,Post 1979 All and Pre 1979 Single Family Renter Occupied by Year Structure Built by Units in Structure,808.0,1302.0,1392.0,1413.0,1590.0,1555.0,1161.0,1198.0,1231.0,1051.0,1116.0,1260.0,1313.0,1195.0
391,Housing,Pre 1980 MultiFamily Renter Occupied by Year Structure Built by Units in Structure,531.0,18.0,19.0,30.0,39.0,86.0,535.0,509.0,515.0,523.0,514.0,388.0,404.0,410.0
105,Housing,Renter Occupied,0.3070396698005045,0.3223296392360293,0.3448032052792835,0.3453644727530078,0.3826657614844988,0.3760609357997824,0.3632469479545941,0.3545171339563863,0.3602228182380854,0.3283270755110555,0.335874716670101,0.3362579065496837,0.3525667351129363,0.3312693498452012
113,Housing,"Renter Occupied by Race, American Indian and Alaska Native Alone",0.0382939692731025,1.0,0.3333333333333333,0.3181818181818182,0.5238095238095238,0.4,0.7368421052631579,1.0,0.7647058823529411,0.8,0.6585365853658537,0.2391304347826087,0.0,
90,Housing,"Renter Occupied by Race, Asian Alone",0.0,0.1961961961961962,0.2467532467532468,0.2555610479485912,0.2687203791469194,0.2589928057553957,0.2760683760683761,0.2715736040609137,0.2800813008130081,0.2376041253470845,0.2552083333333333,0.2658423493044823,0.285821455363841,0.2682164077973522
108,Housing,"Renter Occupied by Race, Black or African American Alone",0.09630818619582665,0.4952380952380953,0.4444444444444444,0.415929203539823,0.4493243243243243,0.4379084967320261,0.4189189189189189,0.4043321299638989,0.5107692307692308,0.4148936170212766,0.2969924812030075,0.3954545454545454,0.4226190476190476,0.3576826196473551
109,Housing,"Renter Occupied by Race, Hispanic or Latino",0.49875,0.4856278366111952,0.5145772594752187,0.4932614555256065,0.5248815165876777,0.5312169312169313,0.573045267489712,0.5526315789473685,0.5982042648709316,0.5857142857142857,0.6171366594360087,0.492972972972973,0.4498186215235792,0.2911971830985915
112,Housing,"Renter Occupied by Race, Native Hawaiian and Other Pacific Islander Alone",0.04723687227700069,,,,,,,,,,,,,
110,Housing,"Renter Occupied by Race, Some Other Race Alone",0.09355652373308875,0.3282442748091603,0.4866071428571428,0.6055045871559633,0.6096938775510204,0.613588110403397,0.6588447653429603,0.6296296296296297,0.6873786407766991,0.710239651416122,0.7209302325581395,0.5588235294117647,0.4584837545126354,0.2470930232558139
107,Housing,"Renter Occupied by Race, Two or More Races",0.0,0.8235294117647058,0.6046511627906976,0.7222222222222222,0.4666666666666667,0.1351351351351351,0.1460674157303371,0.125,0.1967213114754098,0.371900826446281,0.3619047619047619,0.4148148148148148,0.6515837104072398,0.4435215946843854
104,Housing,"Renter Occupied by Race, White Alone",0.0316441183214859,0.4177215189873418,0.4188351920693928,0.3894039735099338,0.4630573248407643,0.474,0.3910034602076125,0.3803009575923393,0.3501078360891445,0.3335755813953488,0.3090096798212956,0.3515007898894155,0.3872509960159363,0.3270245113248526
103,Housing,"Renter Occupied by Race, White Alone, Not Hispanic or Latino",0.2458366375892149,0.3706349206349207,0.3802816901408451,0.3936269915651359,0.4703237410071943,0.4806054872280038,0.3667917448405253,0.3446009389671362,0.3131578947368421,0.3136042402826855,0.2802101576182137,0.3505903723887375,0.3760071620411817,0.2988602785985648
407,Housing,Total Number of Units,4463.0,4711.0,4683.0,4640.0,4745.0,4860.0,4868.0,4988.0,5005.0,4978.0,4978.0,5052.0,5079.0,5088.0
36,Housing,Vacant Units,0.02285458211965046,0.09976650392697942,0.09395686525731368,0.08642241379310345,0.06870389884088514,0.05452674897119342,0.04087921117502055,0.03468323977546111,0.03156843156843157,0.03696263559662515,0.02511048613901165,0.02988915281076801,0.04114983264422131,0.04775943396226415
179,Housing Prices,Contract Rent 100 to 149,0.0,0.0,0.0,0.0,0.0,0.0,0.0,0.0,0.0,0.0,0.0,0.0,0.0,0.0
339,Housing Prices,Contract Rent 1000 to 1249,247.0,245.0,225.0,114.0,221.0,160.0,168.0,136.0,136.0,79.0,146.0,157.0,164.0,316.0
334,Housing Prices,Contract Rent 1250 to 1499,164.0,131.0,139.0,183.0,145.0,168.0,155.0,166.0,159.0,121.0,116.0,78.0,57.0,74.0
206,Housing Prices,Contract Rent 150 to 199,0.0,0.0,21.0,21.0,16.0,22.0,22.0,0.0,0.0,0.0,0.0,0.0,0.0,0.0
359,Housing Prices,Contract Rent 1500 to 1999,46.0,344.0,289.0,258.0,307.0,389.0,433.0,483.0,469.0,460.0,472.0,441.0,521.0,260.0
249,Housing Prices,Contract Rent 200 to 249,39.0,0.0,0.0,0.0,0.0,0.0,0.0,0.0,19.0,17.0,17.0,23.0,13.0,21.0
361,Housing Prices,"Contract Rent 2000 to 2499 (Contract Rent 2000 or more, DEC2000 and ACS2009-2014)",0.0,162.0,233.0,247.0,277.0,398.0,275.0,294.0,215.0,204.0,175.0,156.0,156.0,229.0
291,Housing Prices,Contract Rent 250 to 299,7.0,42.0,47.0,57.0,51.0,41.0,8.0,0.0,0.0,0.0,0.0,14.0,32.0,0.0
351,Housing Prices,Contract Rent 2500 to 2999 (ACS2015-),,90.0,86.0,92.0,105.0,116.0,73.0,96.0,146.0,87.0,142.0,70.0,122.0,162.0
307,Housing Prices,Contract Rent 300 to 349,20.0,13.0,11.0,21.0,10.0,5.0,51.0,87.0,67.0,40.0,23.0,33.0,0.0,42.0
348,Housing Prices,Contract Rent 3000 to 3499 (ACS2015-),,,,,,,30.0,34.0,73.0,110.0,133.0,244.0,276.0,173.0
234,Housing Prices,Contract Rent 350 to 399,7.0,0.0,22.0,25.0,23.0,27.0,31.0,0.0,0.0,39.0,66.0,12.0,10.0,0.0
369,Housing Prices,Contract Rent 3500 or more (ACS2015-),,,,,,,9.0,35.0,65.0,66.0,55.0,105.0,103.0,150.0
208,Housing Prices,Contract Rent 400 to 449,18.0,0.0,0.0,9.0,6.0,14.0,17.0,9.0,0.0,0.0,0.0,0.0,2.0,12.0
229,Housing Prices,Contract Rent 500 to 549,23.0,33.0,27.0,0.0,0.0,0.0,0.0,0.0,41.0,45.0,50.0,74.0,33.0,0.0
232,Housing Prices,Contract Rent 550 to 599,116.0,53.0,58.0,56.0,43.0,9.0,26.0,60.0,52.0,53.0,53.0,41.0,64.0,0.0
265,Housing Prices,Contract Rent 600 to 649,39.0,0.0,38.0,38.0,72.0,60.0,53.0,24.0,21.0,0.0,0.0,0.0,0.0,48.0
226,Housing Prices,Contract Rent 650 to 699,50.0,16.0,46.0,81.0,49.0,51.0,54.0,18.0,11.0,15.0,12.0,11.0,0.0,25.0
219,Housing Prices,Contract Rent 700 to 749,49.0,20.0,31.0,32.0,54.0,11.0,15.0,6.0,0.0,0.0,0.0,0.0,0.0,0.0
248,Housing Prices,Contract Rent 750 to 749,82.0,49.0,35.0,32.0,54.0,11.0,0.0,0.0,0.0,0.0,0.0,0.0,0.0,0.0
218,Housing Prices,Contract Rent 750 to 799,135.0,0.0,19.0,9.0,26.0,69.0,24.0,17.0,0.0,0.0,0.0,0.0,0.0,0.0
289,Housing Prices,Contract Rent 800 to 899,156.0,66.0,94.0,97.0,122.0,93.0,99.0,68.0,68.0,39.0,33.0,3.0,0.0,12.0
305,Housing Prices,Contract Rent 900 to 999,80.0,91.0,26.0,54.0,78.0,31.0,36.0,76.0,78.0,90.0,48.0,117.0,84.0,0.0
184,Housing Prices,Contract Rent Less than 100,0.0,12.0,16.0,38.0,32.0,53.0,25.0,23.0,26.0,24.0,0.0,0.0,0.0,0.0
400,Housing Prices,Contract Rent Total,1328.0,1367.0,1463.0,1464.0,1691.0,1728.0,1696.0,1707.0,1746.0,1574.0,1630.0,1648.0,1717.0,1605.0
303,Housing Prices,Contract Rent Total No cash Rent (ACS2015-),50.0,,,,,,92.0,75.0,100.0,85.0,89.0,69.0,80.0,81.0
352,Housing Prices,"Contract Rent Total No cash Rent (No cash rent, DEC2000 and ACS2009-2014)",50.0,90.0,86.0,92.0,105.0,116.0,73.0,96.0,146.0,87.0,142.0,70.0,122.0,162.0
398,Housing Prices,Contract Rent Total With cash Rent,1278.0,1277.0,1377.0,1372.0,1586.0,1612.0,1604.0,1632.0,1646.0,1489.0,1541.0,1579.0,1637.0,1524.0
43,Housing Prices,Extremely Rent Burdened,0.1784638554216867,0.3569861009509875,0.3561175666438824,0.2950819672131147,0.3075103489059728,0.3043981481481481,0.2641509433962264,0.252489748096075,0.2411225658648339,0.2293519695044473,0.2631901840490797,0.2609223300970874,0.2574257425742574,0.2
159,Housing Prices,Home Value 10000 to 14999 ,0.0,0.0,12.0,15.0,10.0,12.0,5.0,0.0,0.0,0.0,0.0,0.0,0.0,0.0
194,Housing Prices,Home Value 100000 to 124999,26.0,0.0,0.0,8.0,14.0,13.0,24.0,25.0,6.0,5.0,6.0,0.0,11.0,69.0
368,Housing Prices,"Home Value 1000000 to 1499999 (1000000 or more, DEC2000 and ACS2009-2014)",0.0,129.0,153.0,102.0,78.0,107.0,84.0,160.0,394.0,644.0,857.0,1273.0,1349.0,1456.0
149,Housing Prices,Home Value 125000 to 149999,5.0,0.0,0.0,0.0,0.0,0.0,0.0,0.0,0.0,0.0,0.0,0.0,0.0,0.0
145,Housing Prices,Home Value 15000 to 19999 ,0.0,28.0,38.0,36.0,35.0,66.0,0.0,0.0,0.0,0.0,0.0,0.0,0.0,0.0
164,Housing Prices,Home Value 150000 to 174999,23.0,0.0,0.0,0.0,0.0,16.0,18.0,20.0,21.0,31.0,10.0,9.0,10.0,0.0
358,Housing Prices,Home Value 1500000 to 1999999 (ACS2015-),,,,,,,19.0,34.0,37.0,81.0,138.0,176.0,246.0,402.0
144,Housing Prices,Home Value 175000 to 199999,86.0,22.0,25.0,36.0,25.0,10.0,7.0,10.0,0.0,0.0,0.0,0.0,0.0,10.0
119,Housing Prices,Home Value 20000 to 24999 ,21.0,0.0,0.0,0.0,0.0,0.0,0.0,0.0,0.0,0.0,0.0,0.0,0.0,0.0
178,Housing Prices,Home Value 200000 to 249999,397.0,164.0,129.0,10.0,18.0,14.0,0.0,0.0,0.0,0.0,0.0,0.0,0.0,8.0
362,Housing Prices,Home Value 2000000 or more (ACS2015-),,,,,,,36.0,11.0,13.0,4.0,13.0,30.0,82.0,150.0
141,Housing Prices,Home Value 25000 to 29999 ,49.0,0.0,0.0,0.0,0.0,0.0,0.0,0.0,0.0,0.0,0.0,0.0,0.0,0.0
172,Housing Prices,Home Value 250000 to 299999,518.0,15.0,17.0,19.0,12.0,0.0,0.0,0.0,22.0,18.0,17.0,13.0,12.0,0.0
412,Housing Prices,Home Value 30000 to 34999 ,56.0,0.0,0.0,0.0,0.0,0.0,0.0,0.0,0.0,0.0,0.0,,,
253,Housing Prices,Home Value 300000 to 399999,1063.0,27.0,60.0,96.0,150.0,138.0,110.0,81.0,50.0,30.0,19.0,42.0,21.0,9.0
117,Housing Prices,Home Value 35000 to 39999 ,37.0,19.0,17.0,0.0,0.0,0.0,0.0,0.0,0.0,0.0,0.0,0.0,0.0,0.0
139,Housing Prices,Home Value 40000 to 49999 ,37.0,10.0,0.0,0.0,0.0,0.0,0.0,0.0,0.0,0.0,0.0,0.0,0.0,0.0
255,Housing Prices,Home Value 400000 to 499999,534.0,305.0,322.0,424.0,498.0,413.0,415.0,393.0,214.0,116.0,67.0,67.0,97.0,63.0
146,Housing Prices,Home Value 50000 to 59999 ,5.0,27.0,26.0,41.0,9.0,10.0,0.0,0.0,0.0,0.0,0.0,0.0,0.0,0.0
316,Housing Prices,Home Value 500000 to 749999,152.0,1328.0,1248.0,1417.0,1384.0,1625.0,1611.0,1551.0,1329.0,1038.0,830.0,702.0,467.0,164.0
123,Housing Prices,Home Value 60000 to 69999 ,6.0,78.0,47.0,0.0,14.0,14.0,16.0,13.0,21.0,7.0,14.0,12.0,6.0,0.0
132,Housing Prices,Home Value 70000 to 79999 ,0.0,0.0,0.0,0.0,0.0,0.0,0.0,0.0,0.0,0.0,0.0,0.0,0.0,0.0
344,Housing Prices,Home Value 750000 to 999999,0.0,652.0,649.0,552.0,452.0,402.0,595.0,773.0,940.0,1213.0,1219.0,899.0,828.0,875.0
131,Housing Prices,Home Value 80000 to 89999 ,0.0,45.0,14.0,0.0,0.0,0.0,8.0,8.0,10.0,11.0,23.0,17.0,10.0,0.0
142,Housing Prices,Home Value 90000 to 99999 ,7.0,12.0,12.0,10.0,0.0,0.0,0.0,0.0,0.0,0.0,0.0,4.0,4.0,34.0
209,Housing Prices,Home Value Less than 10000,0.0,13.0,11.0,9.0,29.0,27.0,25.0,29.0,44.0,22.0,10.0,9.0,10.0,0.0
389,Housing Prices,Home Value Total,3022.0,2874.0,2780.0,2775.0,2728.0,2867.0,2973.0,3108.0,3101.0,3220.0,3223.0,3253.0,3153.0,3240.0
252,Housing Prices,Median Contract Rent,817.3076923076923,1248.469387755102,1219.444444444444,1252.732240437158,1177.601809954751,1279.047619047619,1520.785219399538,1630.434782608696,1654.584221748401,1698.369565217391,1718.75,1756.802721088435,1845.009596928983,1907.692307692308
261,Housing Prices,Median Gross Rent by Bedrooms - 1 Bedroom- COUNTY ONLY,,,,,,,1041.821061643836,1212.033752746155,1279.765258215962,1272.0625,1295.903900508762,1231.470794765401,963.0,1702.581532416503
275,Housing Prices,Median Gross Rent by Bedrooms - 2 Bedrooms- COUNTY ONLY,,,,,,,1430.594370096908,1576.647612156295,1677.119225879361,1963.495463293924,1989.897757608115,2021.466489361702,2119.016820857864,2714.164245478802
310,Housing Prices,Median Gross Rent by Bedrooms - 3-4 Bedrooms- COUNTY ONLY,,,,,,,5094.0,5046.0,5386.99265264758,,,6345.0,,
244,Housing Prices,Median Gross Rent by Bedrooms - 5 Bedrooms or more- COUNTY ONLY,,,,,,,,,,,,,,
242,Housing Prices,Median Gross Rent by Bedrooms - No Bedroom- COUNTY ONLY,,,,,,,,,,,1656.0,,1768.0,
411,Housing Prices,Median Home Value,322389.4637817498,626506.0240963856,632211.5384615385,620589.2731122089,599349.7109826589,642230.6313846153,633224.7051520795,657156.6731141199,718679.4582392776,818425.3915910964,876230.5168170631,958982.2024471635,1037249.814677539,1133241.758241758
257,Housing Prices,Median Rent,924.1610738255033,1449.754901960784,1328.271028037383,1292.25352112676,1284.153005464481,1990.211764705882,1582.369942196532,1707.762557077626,1748.02371541502,1840.692124105012,1865.521327014218,1860.817941952507,2010.912698412698,1971.774193548387
127,Housing Prices,Median Rent as % of Household Income,28.5953125,40.0,35.79423076923077,34.36880952380952,34.17068965517241,36.70602409638554,37.28152709359606,35.14586466165413,37.37903225806451,35.47074468085106,36.56835443037975,35.54083333333333,35.8083850931677,31.27349726775956
161,Housing Prices,Rent 100 to 149,0.0,0.0,0.0,0.0,0.0,0.0,0.0,0.0,0.0,0.0,0.0,0.0,0.0,0.0
332,Housing Prices,Rent 1000 to 1249,176.0,247.0,187.0,185.0,232.0,171.0,176.0,123.0,92.0,84.0,86.0,95.0,123.0,216.0
337,Housing Prices,Rent 1250 to 1499,248.0,102.0,107.0,71.0,183.0,208.0,192.0,195.0,155.0,79.0,106.0,116.0,59.0,152.0
177,Housing Prices,Rent 150 to 199,0.0,0.0,0.0,0.0,0.0,0.0,0.0,0.0,0.0,0.0,0.0,0.0,0.0,0.0
357,Housing Prices,Rent 1500 to 1999,83.0,363.0,335.0,301.0,253.0,340.0,346.0,438.0,506.0,419.0,422.0,379.0,393.0,248.0
216,Housing Prices,Rent 200 to 249,35.0,0.0,21.0,21.0,16.0,22.0,22.0,0.0,0.0,0.0,0.0,0.0,0.0,0.0
360,Housing Prices,"Rent 2000 to 2499  (Rent 2000 or more, DEC2000 and ACS2009-2014)",19.0,255.0,280.0,326.0,382.0,472.0,321.0,287.0,258.0,308.0,278.0,226.0,252.0,178.0
281,Housing Prices,Rent 250 to 299,0.0,12.0,12.0,0.0,0.0,0.0,0.0,0.0,0.0,0.0,0.0,0.0,0.0,0.0
354,Housing Prices,Rent 2500 to 2999 (ACS2015-),,90.0,86.0,92.0,105.0,116.0,153.0,195.0,115.0,74.0,111.0,88.0,105.0,129.0
313,Housing Prices,Rent 300 to 349,12.0,0.0,0.0,11.0,10.0,0.0,0.0,0.0,19.0,17.0,0.0,0.0,13.0,63.0
349,Housing Prices,Rent 3000 to 3499 (ACS2015-),,,,,,,30.0,43.0,96.0,123.0,151.0,176.0,266.0,193.0
251,Housing Prices,Rent 350 to 399,14.0,43.0,46.0,56.0,42.0,33.0,32.0,36.0,29.0,39.0,63.0,34.0,20.0,0.0
371,Housing Prices,Rent 3500 or more (ACS2015-),,,,,,,9.0,35.0,99.0,106.0,117.0,194.0,201.0,248.0
223,Housing Prices,Rent 400 to 449,22.0,0.0,0.0,0.0,0.0,0.0,15.0,15.0,16.0,0.0,0.0,0.0,10.0,10.0
213,Housing Prices,Rent 450 to 499,15.0,33.0,27.0,0.0,0.0,5.0,4.0,5.0,5.0,25.0,32.0,30.0,2.0,0.0
239,Housing Prices,Rent 500 to 549,29.0,0.0,0.0,0.0,19.0,9.0,12.0,28.0,54.0,19.0,11.0,26.0,52.0,2.0
238,Housing Prices,Rent 550 to 599,30.0,6.0,69.0,81.0,41.0,41.0,48.0,46.0,48.0,75.0,74.0,59.0,0.0,35.0
228,Housing Prices,Rent 600 to 649,83.0,13.0,13.0,31.0,66.0,46.0,38.0,8.0,0.0,0.0,12.0,35.0,45.0,21.0
220,Housing Prices,Rent 650 to 699,83.0,24.0,28.0,26.0,73.0,62.0,65.0,24.0,21.0,0.0,0.0,0.0,0.0,0.0
224,Housing Prices,Rent 700 to 749,61.0,11.0,7.0,16.0,8.0,11.0,14.0,15.0,8.0,8.0,0.0,0.0,0.0,0.0
227,Housing Prices,Rent 750 to 799,82.0,84.0,77.0,73.0,42.0,25.0,9.0,6.0,0.0,11.0,8.0,0.0,0.0,0.0
288,Housing Prices,Rent 800 to 899,137.0,34.0,87.0,88.0,118.0,89.0,63.0,56.0,19.0,12.0,31.0,13.0,12.0,12.0
293,Housing Prices,Rent 900 to 999,149.0,38.0,65.0,48.0,69.0,25.0,30.0,54.0,80.0,66.0,39.0,108.0,84.0,17.0
80,Housing Prices,Rent Burdened,0.4224397590361446,0.576444769568398,0.5604921394395078,0.5703551912568307,0.5381431105854524,0.5868055555555556,0.5825471698113207,0.5342706502636204,0.5286368843069874,0.5501905972045743,0.5343558282208589,0.5491504854368932,0.569015725101922,0.4816199376947041
167,Housing Prices,Rent Less than 100,0.0,12.0,16.0,38.0,32.0,53.0,25.0,23.0,26.0,24.0,0.0,0.0,0.0,0.0
399,Housing Prices,Rent Total,1328.0,1367.0,1463.0,1464.0,1691.0,1728.0,1696.0,1707.0,1746.0,1574.0,1630.0,1648.0,1717.0,1605.0
353,Housing Prices,"Rent Total No cash rent  (No cash rent, DEC2000 and ACS2009-2014)",50.0,90.0,86.0,92.0,105.0,116.0,153.0,195.0,115.0,74.0,111.0,88.0,105.0,129.0
304,Housing Prices,Rent Total No cash rent (ACS2015-),50.0,,,,,,92.0,75.0,100.0,85.0,89.0,69.0,80.0,81.0
397,Housing Prices,Rent Total With cash rent,1278.0,1277.0,1377.0,1372.0,1586.0,1612.0,1604.0,1632.0,1646.0,1489.0,1541.0,1579.0,1637.0,1524.0
24,Housing Type,10-19 Units,0.0185973560385391,0.01804287836977287,0.0204996796925048,0.007543103448275862,0.0136986301369863,0.01111111111111111,0.01746096959737058,0.02305533279871692,0.02597402597402598,0.02450783447167537,0.02591402169546003,0.01920031670625495,0.01831069108092144,0.01395440251572327
51,Housing Type,2-4 Units,0.0878332959892449,0.06983655274888559,0.09566517189835576,0.1077586206896552,0.1232876712328767,0.1378600823045268,0.1150369761709121,0.1220930232558139,0.1260739260739261,0.1261550823623945,0.114302932904781,0.106492478226445,0.1141957078164993,0.09748427672955975
69,Housing Type,20 Units or More,0.006497871386959444,0.03247718106559117,0.02263506299380739,0.01099137931034483,0.01264488935721812,0.008641975308641974,0.007600657354149548,0.004410585404971933,0.009790209790209791,0.01868220168742467,0.02189634391321816,0.02632620744259699,0.03819649537310494,0.03714622641509434
27,Housing Type,5-9 Units,0.03853909926058705,0.01634472511144131,0.02968182788810592,0.02995689655172414,0.02971548998946259,0.01893004115226337,0.03225143796220214,0.01724137931034483,0.01458541458541459,0.01727601446364001,0.02711932503013258,0.01563737133808393,0.01653868871825162,0.0167059748427673
0,Housing Type,Other Type,0.0,0.0,0.0,0.001724137931034483,0.001264488935721812,0.001440329218106996,0.01355792933442892,0.0136327185244587,0.006193806193806194,0.006830052229811169,0.00944154278826838,0.0,0.0,0.0
70,Housing Type,Single Family Housing,0.8485323773246695,0.8632986627043091,0.8315182575272262,0.8420258620689656,0.8193888303477345,0.8220164609053497,0.8140920295809367,0.8195669607056937,0.8173826173826174,0.8065488147850542,0.8013258336681398,0.8323436262866192,0.8127584170112226,0.8347091194968553
341,Income,Household Income 10000 to 14999,197.0,194.0,192.0,129.0,131.0,157.0,182.0,126.0,165.0,146.0,167.0,127.0,162.0,111.0
133,Income,"Household Income 10000 to 14999 by Race, American Indian and Alaska Native Alone",0.0,0.0,0.0,0.0,0.0,0.0,0.0,0.0,0.0,0.0,0.0,0.0,0.0,0.0
311,Income,"Household Income 10000 to 14999 by Race, Asian Alone",68.0,0.0,31.0,35.0,38.0,41.0,86.0,36.0,60.0,63.0,73.0,58.0,49.0,18.0
256,Income,"Household Income 10000 to 14999 by Race, Black or African American Alone",21.0,73.0,59.0,12.0,7.0,33.0,36.0,36.0,40.0,33.0,0.0,0.0,0.0,0.0
237,Income,"Household Income 10000 to 14999 by Race, Hispanic or Latino",69.0,19.0,25.0,18.0,20.0,17.0,15.0,4.0,5.0,4.0,28.0,18.0,12.0,11.0
124,Income,"Household Income 10000 to 14999 by Race, Native Hawaiian and Other Pacific Islander Alone",0.0,0.0,0.0,0.0,0.0,0.0,0.0,0.0,0.0,0.0,0.0,0.0,0.0,0.0
207,Income,"Household Income 10000 to 14999 by Race, Some Other Race Alone",31.0,0.0,18.0,18.0,20.0,17.0,15.0,0.0,0.0,0.0,13.0,12.0,12.0,11.0
204,Income,"Household Income 10000 to 14999 by Race, Two or More Races",0.0,0.0,0.0,0.0,0.0,0.0,0.0,0.0,0.0,0.0,0.0,0.0,17.0,47.0
301,Income,"Household Income 10000 to 14999 by Race, White Alone",77.0,121.0,84.0,64.0,66.0,66.0,45.0,54.0,65.0,50.0,81.0,57.0,84.0,35.0
294,Income,"Household Income 10000 to 14999 by Race, White Alone, Not Hispanic or Latino",54.0,121.0,77.0,64.0,66.0,66.0,45.0,50.0,60.0,46.0,66.0,51.0,84.0,35.0
355,Income,Household Income 100000 to 124999,440.0,472.0,372.0,350.0,319.0,424.0,413.0,512.0,702.0,594.0,497.0,570.0,598.0,694.0
147,Income,"Household Income 100000 to 124999 by Race, American Indian and Alaska Native Alone",0.0,0.0,0.0,0.0,0.0,0.0,0.0,0.0,0.0,0.0,0.0,0.0,0.0,0.0
322,Income,"Household Income 100000 to 124999 by Race, Asian Alone",176.0,229.0,157.0,179.0,138.0,230.0,195.0,253.0,388.0,367.0,342.0,369.0,462.0,423.0
186,Income,"Household Income 100000 to 124999 by Race, Black or African American Alone",63.0,33.0,23.0,26.0,12.0,16.0,8.0,24.0,26.0,17.0,11.0,10.0,0.0,0.0
287,Income,"Household Income 100000 to 124999 by Race, Hispanic or Latino",61.0,19.0,27.0,28.0,128.0,92.0,120.0,141.0,153.0,96.0,60.0,71.0,47.0,139.0
143,Income,"Household Income 100000 to 124999 by Race, Native Hawaiian and Other Pacific Islander Alone",0.0,0.0,0.0,0.0,0.0,0.0,0.0,0.0,0.0,0.0,0.0,0.0,0.0,0.0
231,Income,"Household Income 100000 to 124999 by Race, Some Other Race Alone",38.0,19.0,27.0,28.0,78.0,69.0,81.0,76.0,91.0,70.0,34.0,66.0,47.0,77.0
230,Income,"Household Income 100000 to 124999 by Race, Two or More Races",31.0,0.0,0.0,0.0,7.0,23.0,38.0,43.0,40.0,15.0,9.0,6.0,7.0,0.0
333,Income,"Household Income 100000 to 124999 by Race, White Alone",132.0,191.0,165.0,117.0,84.0,86.0,91.0,116.0,157.0,125.0,101.0,119.0,82.0,194.0
330,Income,"Household Income 100000 to 124999 by Race, White Alone, Not Hispanic or Latino",117.0,191.0,165.0,117.0,41.0,82.0,80.0,94.0,135.0,107.0,75.0,114.0,82.0,132.0
350,Income,Household Income 125000 to 149999,203.0,253.0,313.0,362.0,310.0,396.0,377.0,332.0,392.0,410.0,423.0,496.0,458.0,438.0
156,Income,"Household Income 125000 to 149999 by Race, American Indian and Alaska Native Alone",0.0,0.0,0.0,0.0,0.0,0.0,0.0,0.0,0.0,0.0,0.0,23.0,0.0,0.0
318,Income,"Household Income 125000 to 149999 by Race, Asian Alone",150.0,143.0,187.0,208.0,134.0,227.0,205.0,169.0,262.0,257.0,238.0,280.0,311.0,254.0
195,Income,"Household Income 125000 to 149999 by Race, Black or African American Alone",21.0,0.0,12.0,10.0,32.0,34.0,35.0,32.0,24.0,15.0,7.0,13.0,0.0,21.0
279,Income,"Household Income 125000 to 149999 by Race, Hispanic or Latino",0.0,14.0,0.0,31.0,44.0,51.0,50.0,49.0,21.0,45.0,48.0,87.0,42.0,119.0
129,Income,"Household Income 125000 to 149999 by Race, Native Hawaiian and Other Pacific Islander Alone",0.0,0.0,0.0,0.0,0.0,0.0,0.0,0.0,0.0,0.0,0.0,0.0,0.0,0.0
222,Income,"Household Income 125000 to 149999 by Race, Some Other Race Alone",0.0,0.0,29.0,61.0,62.0,48.0,49.0,27.0,14.0,26.0,43.0,84.0,33.0,60.0
250,Income,"Household Income 125000 to 149999 by Race, Two or More Races",0.0,0.0,0.0,0.0,0.0,5.0,6.0,17.0,19.0,21.0,44.0,24.0,25.0,10.0
329,Income,"Household Income 125000 to 149999 by Race, White Alone",32.0,110.0,85.0,83.0,82.0,82.0,82.0,87.0,73.0,91.0,91.0,72.0,89.0,93.0
326,Income,"Household Income 125000 to 149999 by Race, White Alone, Not Hispanic or Latino",32.0,96.0,85.0,83.0,82.0,70.0,69.0,74.0,73.0,84.0,86.0,69.0,83.0,34.0
323,Income,Household Income 15000 to 19999,107.0,139.0,109.0,108.0,129.0,114.0,107.0,125.0,114.0,131.0,166.0,218.0,211.0,166.0
137,Income,"Household Income 15000 to 19999 by Race, American Indian and Alaska Native Alone",0.0,0.0,0.0,0.0,0.0,0.0,0.0,10.0,11.0,15.0,12.0,11.0,0.0,0.0
271,Income,"Household Income 15000 to 19999 by Race, Asian Alone",28.0,29.0,29.0,22.0,18.0,21.0,12.0,26.0,67.0,88.0,120.0,144.0,105.0,76.0
193,Income,"Household Income 15000 to 19999 by Race, Black or African American Alone",14.0,7.0,12.0,10.0,8.0,4.0,5.0,9.0,4.0,0.0,0.0,0.0,0.0,0.0
214,Income,"Household Income 15000 to 19999 by Race, Hispanic or Latino",33.0,63.0,47.0,12.0,23.0,23.0,13.0,12.0,28.0,34.0,36.0,49.0,48.0,33.0
140,Income,"Household Income 15000 to 19999 by Race, Native Hawaiian and Other Pacific Islander Alone",0.0,0.0,0.0,0.0,0.0,0.0,0.0,0.0,0.0,0.0,0.0,0.0,0.0,0.0
176,Income,"Household Income 15000 to 19999 by Race, Some Other Race Alone",13.0,10.0,0.0,8.0,17.0,14.0,6.0,2.0,9.0,10.0,12.0,14.0,12.0,12.0
192,Income,"Household Income 15000 to 19999 by Race, Two or More Races",0.0,0.0,0.0,0.0,0.0,0.0,0.0,0.0,0.0,0.0,0.0,0.0,33.0,25.0
286,Income,"Household Income 15000 to 19999 by Race, White Alone",52.0,93.0,68.0,68.0,86.0,75.0,84.0,78.0,23.0,18.0,22.0,49.0,61.0,53.0
280,Income,"Household Income 15000 to 19999 by Race, White Alone, Not Hispanic or Latino",32.0,40.0,21.0,64.0,80.0,66.0,77.0,78.0,15.0,9.0,22.0,40.0,49.0,41.0
365,Income,Household Income 150000 to 199999,148.0,337.0,258.0,245.0,249.0,279.0,276.0,352.0,406.0,476.0,464.0,582.0,587.0,427.0
138,Income,"Household Income 150000 to 199999 by Race, American Indian and Alaska Native Alone",0.0,0.0,0.0,0.0,0.0,0.0,0.0,0.0,0.0,0.0,0.0,0.0,0.0,0.0
338,Income,"Household Income 150000 to 199999 by Race, Asian Alone",79.0,198.0,132.0,130.0,149.0,147.0,133.0,170.0,179.0,264.0,242.0,285.0,307.0,245.0
201,Income,"Household Income 150000 to 199999 by Race, Black or African American Alone",8.0,29.0,34.0,40.0,28.0,37.0,17.0,27.0,30.0,12.0,36.0,15.0,27.0,23.0
298,Income,"Household Income 150000 to 199999 by Race, Hispanic or Latino",18.0,22.0,24.0,18.0,6.0,24.0,31.0,42.0,51.0,16.0,0.0,50.0,37.0,61.0
157,Income,"Household Income 150000 to 199999 by Race, Native Hawaiian and Other Pacific Islander Alone",0.0,0.0,0.0,0.0,0.0,0.0,0.0,0.0,0.0,0.0,0.0,0.0,0.0,0.0
245,Income,"Household Income 150000 to 199999 by Race, Some Other Race Alone",11.0,0.0,0.0,0.0,0.0,8.0,8.0,13.0,12.0,0.0,0.0,50.0,37.0,47.0
278,Income,"Household Income 150000 to 199999 by Race, Two or More Races",23.0,0.0,0.0,0.0,0.0,0.0,0.0,0.0,0.0,2.0,0.0,0.0,8.0,23.0
347,Income,"Household Income 150000 to 199999 by Race, White Alone",27.0,110.0,92.0,75.0,72.0,87.0,118.0,142.0,185.0,198.0,186.0,232.0,208.0,89.0
345,Income,"Household Income 150000 to 199999 by Race, White Alone, Not Hispanic or Latino",20.0,88.0,68.0,57.0,66.0,71.0,95.0,113.0,146.0,182.0,186.0,232.0,208.0,89.0
324,Income,Household Income 20000 to 24999,211.0,194.0,188.0,155.0,202.0,160.0,161.0,115.0,116.0,98.0,88.0,91.0,137.0,108.0
160,Income,"Household Income 20000 to 24999 by Race, American Indian and Alaska Native Alone",0.0,0.0,0.0,0.0,0.0,0.0,0.0,0.0,0.0,0.0,0.0,0.0,0.0,0.0
290,Income,"Household Income 20000 to 24999 by Race, Asian Alone",42.0,98.0,99.0,77.0,101.0,51.0,63.0,32.0,20.0,34.0,32.0,35.0,91.0,82.0
185,Income,"Household Income 20000 to 24999 by Race, Black or African American Alone",44.0,18.0,12.0,0.0,0.0,9.0,8.0,17.0,44.0,45.0,25.0,20.0,12.0,0.0
211,Income,"Household Income 20000 to 24999 by Race, Hispanic or Latino",24.0,25.0,18.0,18.0,30.0,23.0,29.0,32.0,19.0,16.0,10.0,21.0,34.0,11.0
130,Income,"Household Income 20000 to 24999 by Race, Native Hawaiian and Other Pacific Islander Alone",0.0,0.0,0.0,0.0,0.0,0.0,0.0,0.0,0.0,0.0,0.0,0.0,0.0,0.0
170,Income,"Household Income 20000 to 24999 by Race, Some Other Race Alone",10.0,0.0,9.0,0.0,0.0,0.0,0.0,0.0,0.0,0.0,0.0,14.0,12.0,0.0
173,Income,"Household Income 20000 to 24999 by Race, Two or More Races",14.0,0.0,0.0,0.0,0.0,5.0,5.0,14.0,16.0,13.0,5.0,4.0,0.0,0.0
285,Income,"Household Income 20000 to 24999 by Race, White Alone",101.0,78.0,68.0,78.0,101.0,95.0,85.0,52.0,36.0,6.0,26.0,18.0,22.0,26.0
277,Income,"Household Income 20000 to 24999 by Race, White Alone, Not Hispanic or Latino",101.0,53.0,59.0,60.0,71.0,77.0,61.0,36.0,36.0,6.0,16.0,11.0,0.0,26.0
321,Income,Household Income 25000 to 29999,135.0,152.0,167.0,171.0,204.0,238.0,267.0,255.0,183.0,153.0,120.0,59.0,37.0,68.0
148,Income,"Household Income 25000 to 29999 by Race, American Indian and Alaska Native Alone",18.0,0.0,0.0,0.0,0.0,0.0,0.0,0.0,8.0,0.0,0.0,0.0,0.0,0.0
272,Income,"Household Income 25000 to 29999 by Race, Asian Alone",44.0,61.0,69.0,57.0,68.0,123.0,125.0,129.0,92.0,88.0,45.0,11.0,18.0,60.0
188,Income,"Household Income 25000 to 29999 by Race, Black or African American Alone",24.0,0.0,0.0,20.0,14.0,18.0,7.0,8.0,0.0,9.0,13.0,17.0,0.0,0.0
225,Income,"Household Income 25000 to 29999 by Race, Hispanic or Latino",18.0,29.0,36.0,44.0,53.0,17.0,24.0,42.0,9.0,6.0,11.0,18.0,0.0,0.0
135,Income,"Household Income 25000 to 29999 by Race, Native Hawaiian and Other Pacific Islander Alone",0.0,0.0,0.0,0.0,0.0,0.0,0.0,0.0,0.0,0.0,0.0,0.0,0.0,0.0
190,Income,"Household Income 25000 to 29999 by Race, Some Other Race Alone",0.0,0.0,0.0,15.0,15.0,10.0,14.0,0.0,0.0,0.0,0.0,0.0,0.0,0.0
183,Income,"Household Income 25000 to 29999 by Race, Two or More Races",6.0,0.0,0.0,0.0,0.0,0.0,0.0,0.0,0.0,0.0,0.0,0.0,0.0,0.0
282,Income,"Household Income 25000 to 29999 by Race, White Alone",43.0,91.0,98.0,79.0,107.0,87.0,121.0,118.0,83.0,56.0,62.0,31.0,19.0,8.0
274,Income,"Household Income 25000 to 29999 by Race, White Alone, Not Hispanic or Latino",36.0,62.0,62.0,50.0,69.0,80.0,111.0,76.0,74.0,50.0,55.0,22.0,19.0,8.0
314,Income,Household Income 30000 to 34999,281.0,236.0,260.0,161.0,181.0,106.0,113.0,130.0,153.0,139.0,96.0,150.0,143.0,63.0
128,Income,"Household Income 30000 to 34999 by Race, American Indian and Alaska Native Alone",0.0,0.0,0.0,0.0,0.0,0.0,0.0,0.0,0.0,7.0,14.0,12.0,6.0,0.0
259,Income,"Household Income 30000 to 34999 by Race, Asian Alone",98.0,128.0,96.0,60.0,67.0,38.0,27.0,27.0,47.0,62.0,51.0,121.0,119.0,44.0
182,Income,"Household Income 30000 to 34999 by Race, Black or African American Alone",8.0,0.0,0.0,9.0,7.0,7.0,7.0,9.0,0.0,0.0,0.0,0.0,9.0,10.0
197,Income,"Household Income 30000 to 34999 by Race, Hispanic or Latino",65.0,58.0,94.0,17.0,34.0,58.0,68.0,73.0,70.0,33.0,11.0,11.0,0.0,0.0
118,Income,"Household Income 30000 to 34999 by Race, Native Hawaiian and Other Pacific Islander Alone",0.0,0.0,0.0,0.0,0.0,0.0,0.0,0.0,0.0,0.0,0.0,0.0,0.0,0.0
175,Income,"Household Income 30000 to 34999 by Race, Some Other Race Alone",24.0,11.0,9.0,9.0,13.0,21.0,15.0,21.0,10.0,9.0,0.0,0.0,0.0,0.0
163,Income,"Household Income 30000 to 34999 by Race, Two or More Races",36.0,9.0,13.0,0.0,0.0,0.0,0.0,0.0,0.0,0.0,0.0,0.0,0.0,0.0
270,Income,"Household Income 30000 to 34999 by Race, White Alone",115.0,88.0,142.0,83.0,94.0,40.0,64.0,73.0,96.0,61.0,31.0,17.0,9.0,9.0
262,Income,"Household Income 30000 to 34999 by Race, White Alone, Not Hispanic or Latino",95.0,50.0,70.0,75.0,73.0,3.0,11.0,21.0,36.0,37.0,20.0,6.0,9.0,9.0
308,Income,Household Income 35000 to 39999,186.0,134.0,121.0,167.0,157.0,165.0,158.0,186.0,200.0,177.0,162.0,126.0,100.0,117.0
136,Income,"Household Income 35000 to 39999 by Race, American Indian and Alaska Native Alone",0.0,0.0,0.0,0.0,0.0,0.0,0.0,0.0,0.0,0.0,0.0,0.0,0.0,0.0
246,Income,"Household Income 35000 to 39999 by Race, Asian Alone",51.0,106.0,99.0,116.0,92.0,114.0,112.0,95.0,71.0,81.0,83.0,70.0,60.0,105.0
166,Income,"Household Income 35000 to 39999 by Race, Black or African American Alone",7.0,9.0,12.0,25.0,25.0,11.0,8.0,8.0,40.0,40.0,0.0,5.0,6.0,0.0
189,Income,"Household Income 35000 to 39999 by Race, Hispanic or Latino",34.0,10.0,0.0,15.0,20.0,19.0,18.0,60.0,70.0,56.0,60.0,19.0,0.0,0.0
122,Income,"Household Income 35000 to 39999 by Race, Native Hawaiian and Other Pacific Islander Alone",0.0,0.0,0.0,0.0,0.0,0.0,0.0,0.0,0.0,0.0,0.0,0.0,,0.0
169,Income,"Household Income 35000 to 39999 by Race, Some Other Race Alone",17.0,0.0,0.0,0.0,2.0,9.0,14.0,60.0,70.0,56.0,60.0,19.0,0.0,0.0
174,Income,"Household Income 35000 to 39999 by Race, Two or More Races",41.0,0.0,0.0,2.0,5.0,6.0,0.0,0.0,0.0,0.0,0.0,0.0,0.0,0.0
258,Income,"Household Income 35000 to 39999 by Race, White Alone",70.0,19.0,10.0,24.0,33.0,25.0,24.0,23.0,19.0,0.0,19.0,32.0,34.0,12.0
247,Income,"Household Income 35000 to 39999 by Race, White Alone, Not Hispanic or Latino",64.0,9.0,10.0,11.0,20.0,21.0,20.0,23.0,19.0,0.0,19.0,32.0,34.0,12.0
315,Income,Household Income 40000 to 44999,280.0,167.0,153.0,180.0,202.0,174.0,139.0,141.0,136.0,138.0,147.0,146.0,147.0,118.0
126,Income,"Household Income 40000 to 44999 by Race, American Indian and Alaska Native Alone",0.0,8.0,0.0,0.0,0.0,8.0,9.0,8.0,6.0,5.0,0.0,0.0,0.0,0.0
266,Income,"Household Income 40000 to 44999 by Race, Asian Alone",78.0,50.0,40.0,52.0,58.0,65.0,51.0,54.0,50.0,51.0,34.0,36.0,45.0,79.0
181,Income,"Household Income 40000 to 44999 by Race, Black or African American Alone",17.0,17.0,27.0,23.0,0.0,0.0,0.0,0.0,5.0,0.0,34.0,26.0,24.0,5.0
191,Income,"Household Income 40000 to 44999 by Race, Hispanic or Latino",63.0,24.0,46.0,67.0,93.0,51.0,51.0,61.0,57.0,58.0,64.0,42.0,35.0,0.0
413,Income,"Household Income 40000 to 44999 by Race, Native Hawaiian and Other Pacific Islander Alone",0.0,0.0,0.0,0.0,0.0,0.0,,,,0.0,0.0,0.0,0.0,
168,Income,"Household Income 40000 to 44999 by Race, Some Other Race Alone",24.0,0.0,0.0,25.0,39.0,0.0,16.0,23.0,27.0,29.0,33.0,6.0,7.0,0.0
165,Income,"Household Income 40000 to 44999 by Race, Two or More Races",31.0,0.0,0.0,0.0,0.0,0.0,0.0,0.0,0.0,0.0,0.0,0.0,0.0,0.0
269,Income,"Household Income 40000 to 44999 by Race, White Alone",130.0,92.0,86.0,80.0,105.0,101.0,63.0,56.0,48.0,53.0,46.0,78.0,71.0,34.0
263,Income,"Household Income 40000 to 44999 by Race, White Alone, Not Hispanic or Latino",112.0,68.0,40.0,38.0,51.0,50.0,28.0,18.0,18.0,24.0,15.0,42.0,43.0,34.0
312,Income,Household Income 45000 to 49999,271.0,155.0,130.0,119.0,160.0,189.0,191.0,161.0,200.0,125.0,119.0,107.0,78.0,71.0
150,Income,"Household Income 45000 to 49999 by Race, American Indian and Alaska Native Alone",0.0,0.0,6.0,7.0,11.0,0.0,0.0,0.0,0.0,0.0,0.0,0.0,0.0,0.0
233,Income,"Household Income 45000 to 49999 by Race, Asian Alone",132.0,63.0,78.0,72.0,73.0,99.0,93.0,57.0,78.0,45.0,47.0,42.0,19.0,12.0
187,Income,"Household Income 45000 to 49999 by Race, Black or African American Alone",31.0,0.0,4.0,5.0,22.0,9.0,12.0,25.0,25.0,11.0,12.0,12.0,6.0,0.0
203,Income,"Household Income 45000 to 49999 by Race, Hispanic or Latino",38.0,80.0,0.0,14.0,8.0,59.0,53.0,47.0,61.0,45.0,34.0,45.0,53.0,34.0
121,Income,"Household Income 45000 to 49999 by Race, Native Hawaiian and Other Pacific Islander Alone",0.0,0.0,0.0,0.0,0.0,0.0,0.0,0.0,0.0,0.0,0.0,,0.0,0.0
180,Income,"Household Income 45000 to 49999 by Race, Some Other Race Alone",17.0,0.0,0.0,0.0,8.0,49.0,40.0,35.0,56.0,45.0,34.0,45.0,36.0,7.0
171,Income,"Household Income 45000 to 49999 by Race, Two or More Races",11.0,0.0,0.0,0.0,0.0,0.0,0.0,0.0,0.0,0.0,0.0,0.0,0.0,0.0
268,Income,"Household Income 45000 to 49999 by Race, White Alone",80.0,92.0,42.0,35.0,46.0,32.0,46.0,44.0,41.0,24.0,26.0,8.0,17.0,52.0
260,Income,"Household Income 45000 to 49999 by Race, White Alone, Not Hispanic or Latino",69.0,12.0,42.0,21.0,46.0,22.0,33.0,32.0,36.0,24.0,26.0,8.0,0.0,25.0
335,Income,Household Income 50000 to 59999,317.0,333.0,329.0,328.0,360.0,324.0,304.0,330.0,235.0,259.0,315.0,247.0,204.0,160.0
154,Income,"Household Income 50000 to 59999 by Race, American Indian and Alaska Native Alone",0.0,0.0,12.0,15.0,10.0,12.0,5.0,0.0,0.0,0.0,0.0,0.0,0.0,0.0
296,Income,"Household Income 50000 to 59999 by Race, Asian Alone",156.0,158.0,115.0,126.0,198.0,152.0,155.0,182.0,165.0,160.0,222.0,160.0,125.0,102.0
202,Income,"Household Income 50000 to 59999 by Race, Black or African American Alone",9.0,18.0,25.0,23.0,28.0,14.0,14.0,12.0,14.0,14.0,16.0,0.0,0.0,0.0
254,Income,"Household Income 50000 to 59999 by Race, Hispanic or Latino",88.0,97.0,102.0,89.0,60.0,71.0,55.0,57.0,8.0,32.0,49.0,61.0,57.0,37.0
120,Income,"Household Income 50000 to 59999 by Race, Native Hawaiian and Other Pacific Islander Alone",0.0,0.0,0.0,0.0,0.0,0.0,0.0,0.0,0.0,0.0,0.0,0.0,0.0,0.0
210,Income,"Household Income 50000 to 59999 by Race, Some Other Race Alone",42.0,34.0,23.0,36.0,11.0,13.0,13.0,14.0,0.0,0.0,29.0,28.0,38.0,15.0
196,Income,"Household Income 50000 to 59999 by Race, Two or More Races",15.0,8.0,0.0,0.0,0.0,0.0,0.0,0.0,0.0,0.0,0.0,0.0,0.0,0.0
300,Income,"Household Income 50000 to 59999 by Race, White Alone",95.0,115.0,154.0,128.0,113.0,133.0,117.0,122.0,56.0,85.0,48.0,59.0,41.0,43.0
292,Income,"Household Income 50000 to 59999 by Race, White Alone, Not Hispanic or Latino",56.0,63.0,75.0,75.0,64.0,75.0,75.0,79.0,48.0,53.0,28.0,26.0,24.0,28.0
342,Income,Household Income 60000 to 74999,523.0,355.0,308.0,375.0,402.0,414.0,493.0,513.0,418.0,435.0,439.0,289.0,236.0,245.0
152,Income,"Household Income 60000 to 74999 by Race, American Indian and Alaska Native Alone",0.0,0.0,0.0,0.0,0.0,0.0,0.0,0.0,0.0,0.0,0.0,0.0,0.0,0.0
306,Income,"Household Income 60000 to 74999 by Race, Asian Alone",189.0,211.0,239.0,226.0,260.0,161.0,272.0,276.0,222.0,217.0,197.0,88.0,98.0,166.0
198,Income,"Household Income 60000 to 74999 by Race, Black or African American Alone",13.0,27.0,15.0,9.0,15.0,26.0,26.0,39.0,33.0,35.0,39.0,36.0,26.0,0.0
276,Income,"Household Income 60000 to 74999 by Race, Hispanic or Latino",146.0,84.0,36.0,67.0,32.0,138.0,100.0,96.0,90.0,90.0,114.0,86.0,50.0,46.0
155,Income,"Household Income 60000 to 74999 by Race, Native Hawaiian and Other Pacific Islander Alone",0.0,0.0,0.0,0.0,0.0,0.0,0.0,0.0,0.0,0.0,0.0,0.0,0.0,0.0
215,Income,"Household Income 60000 to 74999 by Race, Some Other Race Alone",49.0,31.0,17.0,17.0,0.0,82.0,76.0,55.0,66.0,62.0,99.0,70.0,35.0,0.0
217,Income,"Household Income 60000 to 74999 by Race, Two or More Races",17.0,0.0,0.0,0.0,0.0,10.0,13.0,18.0,12.0,15.0,0.0,0.0,0.0,0.0
319,Income,"Household Income 60000 to 74999 by Race, White Alone",255.0,86.0,37.0,123.0,127.0,135.0,106.0,125.0,85.0,106.0,104.0,95.0,77.0,79.0
317,Income,"Household Income 60000 to 74999 by Race, White Alone, Not Hispanic or Latino",170.0,46.0,18.0,73.0,95.0,89.0,95.0,99.0,73.0,93.0,89.0,79.0,62.0,33.0
363,Income,Household Income 75000 to 99999,692.0,679.0,735.0,715.0,653.0,713.0,723.0,755.0,581.0,507.0,575.0,559.0,497.0,504.0
125,Income,"Household Income 75000 to 99999 by Race, American Indian and Alaska Native Alone",0.0,0.0,0.0,0.0,0.0,0.0,5.0,7.0,9.0,8.0,15.0,0.0,0.0,0.0
328,Income,"Household Income 75000 to 99999 by Race, Asian Alone",373.0,315.0,377.0,372.0,346.0,403.0,352.0,331.0,241.0,224.0,257.0,356.0,306.0,279.0
212,Income,"Household Income 75000 to 99999 by Race, Black or African American Alone",79.0,20.0,15.0,26.0,9.0,9.0,4.0,7.0,0.0,0.0,0.0,0.0,0.0,38.0
299,Income,"Household Income 75000 to 99999 by Race, Hispanic or Latino",103.0,117.0,140.0,180.0,182.0,180.0,222.0,255.0,137.0,128.0,156.0,53.0,60.0,52.0
153,Income,"Household Income 75000 to 99999 by Race, Native Hawaiian and Other Pacific Islander Alone",0.0,0.0,0.0,0.0,0.0,0.0,0.0,0.0,0.0,0.0,0.0,0.0,0.0,0.0
273,Income,"Household Income 75000 to 99999 by Race, Some Other Race Alone",63.0,26.0,54.0,67.0,76.0,92.0,147.0,157.0,84.0,87.0,94.0,36.0,55.0,51.0
264,Income,"Household Income 75000 to 99999 by Race, Two or More Races",10.0,12.0,18.0,3.0,4.0,5.0,6.0,10.0,15.0,17.0,21.0,19.0,10.0,11.0
336,Income,"Household Income 75000 to 99999 by Race, White Alone",167.0,306.0,271.0,247.0,218.0,204.0,209.0,243.0,232.0,171.0,188.0,148.0,126.0,125.0
331,Income,"Household Income 75000 to 99999 by Race, White Alone, Not Hispanic or Latino",132.0,215.0,185.0,134.0,112.0,116.0,139.0,152.0,188.0,138.0,141.0,131.0,121.0,124.0
385,Income,Household Income Greater than 200000,39.0,223.0,363.0,410.0,489.0,472.0,532.0,518.0,585.0,764.0,821.0,904.0,1129.0,1336.0
158,Income,"Household Income Greater than 200000 by Race, American Indian and Alaska Native Alone",0.0,0.0,0.0,0.0,0.0,0.0,0.0,0.0,0.0,0.0,0.0,0.0,0.0,0.0
364,Income,"Household Income Greater than 200000 by Race, Asian Alone",26.0,186.0,231.0,231.0,294.0,242.0,331.0,371.0,405.0,427.0,446.0,454.0,530.0,644.0
267,Income,"Household Income Greater than 200000 by Race, Black or African American Alone",0.0,0.0,14.0,14.0,12.0,9.0,5.0,0.0,0.0,34.0,56.0,42.0,36.0,40.0
325,Income,"Household Income Greater than 200000 by Race, Hispanic or Latino",13.0,0.0,32.0,65.0,54.0,72.0,63.0,34.0,52.0,121.0,150.0,228.0,292.0,246.0
162,Income,"Household Income Greater than 200000 by Race, Native Hawaiian and Other Pacific Islander Alone",,0.0,0.0,0.0,0.0,0.0,0.0,0.0,0.0,0.0,0.0,0.0,0.0,0.0
283,Income,"Household Income Greater than 200000 by Race, Some Other Race Alone",8.0,0.0,0.0,5.0,10.0,11.0,22.0,25.0,21.0,19.0,69.0,152.0,211.0,178.0
320,Income,"Household Income Greater than 200000 by Race, Two or More Races",5.0,0.0,0.0,0.0,0.0,20.0,21.0,18.0,15.0,24.0,17.0,66.0,80.0,104.0
376,Income,"Household Income Greater than 200000 by Race, White Alone",0.0,37.0,118.0,160.0,173.0,190.0,153.0,104.0,144.0,260.0,233.0,190.0,272.0,370.0
375,Income,"Household Income Greater than 200000 by Race, White Alone, Not Hispanic or Latino",0.0,37.0,86.0,100.0,129.0,129.0,112.0,95.0,135.0,207.0,219.0,177.0,256.0,356.0
340,Income,Household Income Less than 10000,320.0,218.0,245.0,264.0,271.0,270.0,233.0,264.0,261.0,242.0,254.0,230.0,146.0,219.0
151,Income,"Household Income Less than 10000 by Race, American Indian and Alaska Native Alone",0.0,0.0,0.0,0.0,0.0,0.0,0.0,0.0,0.0,0.0,0.0,0.0,0.0,0.0
309,Income,"Household Income Less than 10000 by Race, Asian Alone",76.0,23.0,23.0,60.0,76.0,110.0,128.0,156.0,113.0,93.0,67.0,79.0,21.0,62.0
235,Income,"Household Income Less than 10000 by Race, Black or African American Alone",43.0,64.0,78.0,87.0,77.0,70.0,30.0,24.0,40.0,17.0,17.0,24.0,22.0,35.0
236,Income,"Household Income Less than 10000 by Race, Hispanic or Latino",41.0,0.0,59.0,59.0,57.0,50.0,60.0,59.0,60.0,60.0,91.0,66.0,60.0,44.0
134,Income,"Household Income Less than 10000 by Race, Native Hawaiian and Other Pacific Islander Alone",0.0,0.0,0.0,0.0,0.0,0.0,0.0,0.0,0.0,0.0,0.0,0.0,0.0,0.0
200,Income,"Household Income Less than 10000 by Race, Some Other Race Alone",29.0,0.0,38.0,38.0,41.0,28.0,38.0,59.0,55.0,46.0,82.0,50.0,19.0,19.0
199,Income,"Household Income Less than 10000 by Race, Two or More Races",5.0,22.0,12.0,13.0,14.0,0.0,0.0,0.0,5.0,14.0,9.0,16.0,41.0,25.0
302,Income,"Household Income Less than 10000 by Race, White Alone",167.0,109.0,94.0,66.0,63.0,62.0,37.0,25.0,48.0,72.0,79.0,61.0,43.0,78.0
297,Income,"Household Income Less than 10000 by Race, White Alone, Not Hispanic or Latino",160.0,109.0,73.0,45.0,47.0,40.0,15.0,25.0,48.0,72.0,79.0,61.0,43.0,78.0
404,Income,Households Total for Income,4350.0,4241.0,4243.0,4239.0,4419.0,4595.0,4669.0,4815.0,4847.0,4794.0,4853.0,4901.0,4870.0,4845.0
221,Income,"Households Total for Income by Race, American Indian and Alaska Native Alone",18.0,8.0,18.0,22.0,21.0,20.0,19.0,25.0,34.0,35.0,41.0,46.0,6.0,0.0
382,Income,"Households Total for Income by Race, Asian Alone",1766.0,1998.0,2002.0,2023.0,2110.0,2224.0,2340.0,2364.0,2460.0,2521.0,2496.0,2588.0,2666.0,2651.0
343,Income,"Households Total for Income by Race, Black or African American Alone",402.0,315.0,342.0,339.0,296.0,306.0,222.0,277.0,325.0,282.0,266.0,220.0,168.0,172.0
366,Income,"Households Total for Income by Race, Hispanic or Latino",814.0,661.0,686.0,742.0,844.0,945.0,972.0,1064.0,891.0,840.0,922.0,925.0,827.0,833.0
205,Income,"Households Total for Income by Race, Native Hawaiian and Other Pacific Islander Alone",0.0,0.0,0.0,0.0,0.0,0.0,0.0,0.0,0.0,0.0,0.0,0.0,0.0,0.0
346,Income,"Households Total for Income by Race, Some Other Race Alone",376.0,131.0,224.0,327.0,392.0,471.0,554.0,567.0,515.0,459.0,602.0,646.0,554.0,477.0
356,Income,"Households Total for Income by Race, Two or More Races",245.0,51.0,43.0,18.0,30.0,74.0,89.0,120.0,122.0,121.0,105.0,135.0,221.0,245.0
396,Income,"Households Total for Income by Race, White Alone",1543.0,1738.0,1614.0,1510.0,1570.0,1500.0,1445.0,1462.0,1391.0,1376.0,1343.0,1266.0,1255.0,1300.0
393,Income,"Households Total for Income by Race, White Alone, Not Hispanic or Latino",1250.0,1260.0,1136.0,1067.0,1112.0,1057.0,1066.0,1065.0,1140.0,1132.0,1142.0,1101.0,1117.0,1064.0
392,Income,Median Family Income,61177.13004484305,77079.56600361664,72833.33333333333,73788.81987577639,67359.81308411215,75391.38943248532,76704.54545454546,82092.92763157895,90427.21518987342,100481.7987152034,99245.47283702213,110598.3772819473,120263.9751552795,126346.1538461538
388,Income,Median Household Income,55899.05362776025,68387.32394366198,71079.54545454546,73500.0,67929.10447761194,74510.86956521739,74589.2494929006,77036.4238410596,85434.59552495697,92455.62130177514,90369.5652173913,104451.7543859649,114088.6287625418,117020.8933717579
372,Income,"Median Household Income by Race, American Indian and Alaska Native Alone",27500.0,42500.0,52500.0,52666.66666666666,49772.72727272727,51666.66666666666,51000.0,41562.5,28750.0,31785.71428571429,33035.71428571428,138043.4782608696,32500.0,0.0
383,Income,"Median Household Income by Race, Asian Alone",68730.15873015873,80714.28571428571,80503.97877984085,82291.66666666667,75433.5260115607,83498.75930521092,78267.04545454546,83459.21450151058,100257.7319587629,103712.5340599455,101461.9883040936,106368.5636856369,114989.1774891775,114213.9479905437
370,Income,"Median Household Income by Race, Black or African American Alone",48709.67741935484,23750.0,39166.66666666666,41413.04347826087,47272.72727272727,45555.55555555555,49166.66666666666,52083.33333333334,39312.5,39625.0,66153.84615384616,62500.0,62884.61538461538,98684.21052631579
378,Income,"Median Household Income by Race, Hispanic or Latino",52500.0,52319.58762886598,51764.70588235294,64029.85074626865,71250.0,69184.78260869565,86261.26126126126,73281.25,69750.0,72666.66666666667,68815.78947368421,87500.0,102393.6170212766,126995.7983193277
379,Income,"Median Household Income by Race, Native Hawaiian and Other Pacific Islander Alone",0.0,0.0,0.0,0.0,0.0,0.0,0.0,0.0,0.0,0.0,0.0,0.0,0.0,0.0
377,Income,"Median Household Income by Race, Some Other Race Alone",55476.19047619047,65080.64516129032,73235.29411764706,72794.11764705883,84868.42105263157,73628.0487804878,80102.04081632654,77308.91719745223,66931.81818181818,68346.7741935484,65757.57575757576,110984.8484848485,128030.303030303,144375.0
387,Income,"Median Household Income by Race, Two or More Races",43306.45161290323,31944.44444444445,33653.84615384616,9999.0,36000.0,111956.5217391304,113486.8421052632,110465.1162790698,108125.0,102500.0,129829.5454545455,148437.5,127500.0,159782.6086956522
394,Income,"Median Household Income by Race, White Alone",46031.25,57478.26086956522,57467.53246753247,66097.56097560975,57433.62831858407,63777.77777777778,65165.09433962264,70320.0,85290.94827586207,97953.216374269,91954.78723404255,96621.62162162163,107164.6341463415,112371.1340206186
395,Income,"Median Household Income by Race, White Alone, Not Hispanic or Latino",43705.35714285714,74021.73913043478,77837.83783783784,66267.12328767123,55156.25,64803.37078651685,69000.0,74318.18181818182,89228.72340425532,103271.0280373832,99113.47517730496,109100.8771929825,121493.9024390244,114962.1212121212
32,Income,Percent in Poverty,0.09250179773811859,0.08066865505999861,0.09718652309829802,0.1025922370045261,0.1063757935971903,0.1167538277361225,0.1268841116876699,0.0899302581671357,0.09042489527229204,0.0837718502389161,0.08390621163761355,0.09129735082941322,0.0911836888804984,0.09100191448627952
72,Income,"Percent in Poverty by Race, American Indian and Alaska Native Alone",0.0,0.0,0.04878048780487805,0.02040816326530612,0.02439024390243903,0.04166666666666666,0.04761904761904762,0.0,0.0,0.0,0.0,0.0,0.0,0.0
31,Income,"Percent in Poverty by Race, Asian Alone",0.076158940397351,0.03324776922136658,0.02982612006599822,0.06222937028331065,0.0798623472172778,0.0894346087949743,0.1112198303979126,0.07967063536218982,0.07231360820337535,0.06800339486526628,0.06311329170383587,0.0695543994571364,0.06841541755888651,0.08358488602060997
63,Income,"Percent in Poverty by Race, Black or African American Alone",0.1805555555555556,0.4509090909090909,0.4120317820658343,0.2705479452054795,0.1878048780487805,0.2453450164293538,0.2401628222523745,0.2106598984771574,0.2424242424242424,0.2259953161592506,0.1168831168831169,0.2202797202797203,0.2309322033898305,0.1680851063829787
37,Income,"Percent in Poverty by Race, Hispanic or Latino",0.09596273291925465,0.0526936688950059,0.09669811320754718,0.09370257966616084,0.1118959107806691,0.1073298429319372,0.09345794392523364,0.08131609870740306,0.08507853403141362,0.08384061981184283,0.1251916198262647,0.1200287494010541,0.1328771029369832,0.08757637474541752
30,Income,"Percent in Poverty by Race, Native Hawaiian and Other Pacific Islander Alone",0.0,0.0,,1.0,1.0,1.0,1.0,0.2068965517241379,0.07575757575757576,0.1875,0.2222222222222222,0.3703703703703703,1.0,1.0
40,Income,"Percent in Poverty by Race, Some Other Race Alone",0.1180195739781232,0.03545051698670606,0.1298865069356873,0.1555555555555556,0.1781659388646288,0.1328671328671329,0.0820446735395189,0.09775051124744376,0.09232613908872901,0.0856760374832664,0.133965844402277,0.1353309186697399,0.1385317295727914,0.1159763313609467
29,Income,"Percent in Poverty by Race, Two or More Races",0.1017369727047146,0.4014251781472684,0.352017937219731,0.3693467336683417,0.1893203883495146,0.0855457227138643,0.07605633802816901,0.07024793388429752,0.04174228675136116,0.07627118644067797,0.02895752895752896,0.04313099041533546,0.1255115961800819,0.1192411924119241
20,Income,"Percent in Poverty by Race, White Alone",0.08655913978494624,0.07607934655775962,0.1237657864523536,0.1068665377176015,0.1203170028818444,0.1422424702606935,0.1788571428571429,0.0870913190529876,0.1117879987816022,0.09216319342530085,0.1028095091077493,0.0963611859838275,0.09266943291839558,0.08093410108765195
18,Income,"Percent in Poverty by Race, White Alone, Not Hispanic or Latino",0.1060377358490566,0.09936732415333085,0.1438953488372093,0.1365030674846626,0.1498516320474778,0.1713395638629283,0.213663457129757,0.1021686746987952,0.125,0.1081632653061225,0.1033781033781034,0.1108637577916296,0.1008968609865471,0.1021798365122616
6,Journey to Work,Journey to Work by Bike,,0.005457853244390539,0.00371415837171297,0.0,0.0,0.005373592630501535,0.007129686539643515,0.006130544536602957,0.005100830367734282,0.009193529617130223,0.007346842042896077,0.004883277751310148,0.007499697592838999,0.01350693599415916
79,Journey to Work,Journey to Work by Car,,0.6776834445118254,0.6857822017530828,0.6927390366642703,0.646907584630767,0.651740020470829,0.6223724646588814,0.612573626637817,0.6086595492289443,0.6210869312230886,0.6113283564403366,0.6341114816579323,0.6288859320188702,0.6420053541007544
16,Journey to Work,Journey to Work by Carpooled,,0.1350818677986659,0.1588174119744466,0.1815959741193386,0.1951149835737752,0.2071392016376663,0.1556238475722188,0.1455703810554153,0.1340450771055753,0.1353427208192715,0.1174309752340325,0.1162458313482611,0.1139470182653925,0.161353127281577
66,Journey to Work,Journey to Work by Drove Alone,,0.5426015767131595,0.5269647897786361,0.5111430625449317,0.4517926010569919,0.4446008188331628,0.4667486170866625,0.4670032455824017,0.4746144721233689,0.485744210403817,0.4938973812063041,0.5178656503096712,0.5149389137534777,0.4806522268191774
8,Journey to Work,Journey to Work by Other Journey Type,,0.01106731352334748,0.01351953647303521,0.01610352264557872,0.01799742893872304,0.01842374616171955,0.01782421634910879,0.01887246063228754,0.01803084223013049,0.01931804957523566,0.01801161275032587,0.01310147689375893,0.01524132091447926,0.01192504258943782
60,Journey to Work,Journey to Work by Transit,,0.23650697392359,0.22968355370673,0.2310567936736161,0.2708184545064991,0.2534544524053224,0.2716656422864167,0.2898184877990143,0.297153024911032,0.2937274525776795,0.323498044792037,0.2898999523582658,0.2617636385629612,0.2215867607690436
33,Journey to Work,Journey to Work by Walk,,0.01061249241964827,0.01292527113356113,0.01020848310567937,0.007713183830881302,0.01138689866939611,0.01745543945912723,0.01346315662940257,0.01862396204033215,0.01955079716047946,0.0130347197535253,0.0196522153406384,0.01971694689730253,0.009369676320272573
58,Journey to Work,Journey to Work by Worked at Home,,0.0586719223771983,0.05437527856187788,0.0498921639108555,0.05656334809312955,0.05962128966223132,0.06355255070682238,0.05914172376487559,0.05243179122182681,0.0371232398463866,0.02678042422087925,0.03835159599809433,0.06689246401354784,0.1016062302263324
408,Journey to Work,Total Workers 16 Years and Older,,6596.0,6731.0,6955.0,7001.0,7816.0,8135.0,8319.0,8430.0,8593.0,8439.0,8396.0,8267.0,8218.0
61,Language Spoken at Home,Asian/Pacific Islander,0.4550333723250533,0.5025203854707191,0.4712533959908951,0.4710416366517793,0.4876871414579544,0.475148975181717,0.4804522805672671,0.467419025758735,0.4788082772375966,0.4889742943548387,0.4710419746737803,0.4642353544417382,0.4971150729335495,0.5167873601053324
102,Language Spoken at Home,English Only,0.2929195623752838,0.3294292068198666,0.3510536750128497,0.3440426451519954,0.303553938715545,0.2972300438740096,0.2834419317746263,0.2953328232593726,0.331276489653453,0.3353704637096774,0.3485890595873241,0.3605947955390335,0.3489141004862237,0.3088215931533904
15,Language Spoken at Home,Other European Languages,0.04156058625197825,0.01830985915492958,0.01894412218224539,0.01685636075493445,0.01832936896599972,0.02534215179097636,0.03200459946339593,0.03200714103545014,0.0330964846671653,0.03269909274193548,0.02134087549013306,0.01910011536982438,0.01815235008103728,0.01711652402896642
1,Language Spoken at Home,Other Languages,0.02201885364343219,0.01267605633802817,0.01174829282619869,0.02081832588964126,0.02084790821323632,0.01833540698055137,0.009646096844257058,0.004781943381790359,0.004238344552480678,0.0003780241935483871,0.0009641961817831201,0.001153698243814895,0.001620745542949757,0.003489137590520079
35,Language Spoken at Home,Spanish Only,0.1884676254042524,0.1370644922164566,0.1470005139878111,0.1472410315516496,0.1695816426472646,0.1839434221727457,0.1944550913504536,0.2004590665646519,0.1525804038893044,0.142578125,0.1580638940669795,0.154916036405589,0.1341977309562399,0.1537853851217907
77,Nativity,Foreign Born,0.5341574495770982,0.4559056746879956,0.4471409804328286,0.4587293988921562,0.4837494112105511,0.5004706029993098,0.5230807056364866,0.5246740587303521,0.4963281389933727,0.4900682243554911,0.4864980711530218,0.4986763528904759,0.4984653930472909,0.4944412680261737
410,Population,Total Population,15370.0,14503.0,14463.0,14623.0,14861.0,15937.0,16269.0,16414.0,16749.0,16563.0,16331.0,16243.0,15965.0,15741.0
401,Race/Ethnicity,Asian,7868.0,8181.0,7888.0,8097.0,8441.0,8787.0,9229.0,9008.0,9382.0,9439.0,8968.0,8842.0,9340.0,9607.0
367,Race/Ethnicity,Black/African American,1197.0,833.0,881.0,876.0,820.0,913.0,737.0,788.0,858.0,855.0,771.0,573.0,473.0,471.0
386,Race/Ethnicity,Latino Population (of Any Race),3232.0,2587.0,2590.0,2646.0,2710.0,3458.0,3893.0,4290.0,3837.0,3629.0,3951.0,4259.0,3579.0,3015.0
295,Race/Ethnicity,Native American Indian,18.0,8.0,41.0,49.0,41.0,48.0,63.0,65.0,88.0,85.0,117.0,84.0,36.0,32.0
284,Race/Ethnicity,Native Hawaiian/Pacific Islander,12.0,20.0,0.0,5.0,3.0,6.0,7.0,29.0,66.0,48.0,45.0,27.0,7.0,7.0
390,Race/Ethnicity,Other/Two or More Races,2555.0,1098.0,1245.0,1437.0,1358.0,2205.0,2693.0,2942.0,3056.0,2715.0,3189.0,3747.0,3215.0,2497.0
402,Race/Ethnicity,"White Alone, Not Hispanic or Latino",2650.0,2721.0,2765.0,2621.0,2710.0,2575.0,2181.0,2075.0,2440.0,2450.0,2457.0,2246.0,2230.0,2202.0
403,Race/Ethnicity,"White, Including Hispanic or Latino",3720.0,4363.0,4408.0,4159.0,4198.0,3978.0,3540.0,3582.0,3299.0,3421.0,3241.0,2970.0,2894.0,3127.0
380,Unit Size,1 Bedroom,674.0,538.0,529.0,446.0,490.0,393.0,358.0,423.0,435.0,432.0,464.0,469.0,453.0,558.0
384,Unit Size,2 Bedrooms,1723.0,1568.0,1602.0,1731.0,1832.0,1962.0,1959.0,1905.0,1931.0,1772.0,1705.0,1899.0,1932.0,1804.0
381,Unit Size,3-4 Bedrooms,1662.0,2369.0,2247.0,2183.0,2115.0,2250.0,2289.0,2475.0,2426.0,2466.0,2445.0,2294.0,2196.0,2098.0
327,Unit Size,5 or More Bedrooms,165.0,179.0,233.0,225.0,257.0,199.0,187.0,141.0,162.0,203.0,214.0,238.0,247.0,332.0
373,Unit Size,No Bedroom,239.0,57.0,72.0,55.0,51.0,56.0,75.0,44.0,51.0,105.0,150.0,152.0,251.0,296.0
67,Vehicles Available,Households with no Vehicle,0.138729649163036,0.1145956142419241,0.1112420457223662,0.1205472988912479,0.1255940257976918,0.1344940152339499,0.1293638894838295,0.142263759086189,0.165050546729936,0.1547768043387568,0.1658767772511848,0.1420118343195266,0.1513347022587269,0.1327141382868937
34,Vehicles Available,Percent of No Vehicle Homeowning Households,0.1135009927200529,0.06123869171885873,0.04424460431654676,0.05945945945945946,0.05388563049853373,0.07010812696198117,0.09182643794147326,0.1087516087516087,0.1164140599806514,0.1,0.1085944771951598,0.08607439286812173,0.09673326990168093,0.08518518518518518
89,Vehicles Available,Percent of No Vehicle Renting Households,0.1956684092606423,0.2267739575713241,0.2385509227614491,0.2363387978142077,0.241277350680071,0.2413194444444444,0.1951650943396226,0.2032806092560047,0.2514318442153494,0.2668360864040661,0.2791411042944785,0.2524271844660194,0.2516016307513104,0.2286604361370717
406,Vehicles Available,Vehicles Available,7224.0,6990.0,7247.0,7197.0,7091.0,7328.0,7862.0,7781.0,7954.0,8116.0,8266.0,8214.0,8037.0,8300.0
101,Vehicles Available,Vehicles Homeowners,0.756921373200443,0.7716738197424893,0.7472057403063337,0.7348895373072113,0.7142857142857143,0.7165665938864629,0.6982955990842025,0.7076211283896672,0.711968820719135,0.7556678166584524,0.7541737236873941,0.7770878987095203,0.7683215130023641,0.7804819277108433
93,Vehicles Available,Vehicles Per Capita,0.4700065061808718,0.4819692477418465,0.5010717002005116,0.4921698693838474,0.4771549693829487,0.4598105038589446,0.4832503534329092,0.4740465456317777,0.4748940235237925,0.4900078488196583,0.5061539403588268,0.5056947608200456,0.5034137175070467,0.5272854329458103
91,Vehicles Available,Vehicles Renters,0.243078626799557,0.2283261802575107,0.2527942596936664,0.2651104626927887,0.2857142857142857,0.2834334061135371,0.3017044009157975,0.2923788716103329,0.288031179280865,0.2443321833415475,0.2458262763126059,0.2229121012904797,0.2316784869976359,0.2195180722891566
